id,lsm_ss_num,mean_ss_num,C1_148601,C1_103654,1-112445,1-992824,C1_578991,C1_1375096,T1G11,C1_1603770,1_2211035,F21M12,1_2696684,1-2844111,1_3941506,C1_3355726,C1_3899681,C1_3868089,C1_4833319,C1_4617576,1_5923549,C1_6315998,C1_5157747,C1_5693045,C1_6109358,1-5628596,1-4395913,1-5206479,1-4142402,C1_6761513,C1_6839609,C1_6572582,C1_7254045,C1_7667369,C1_7928543,C1_8128648,C1_8326355,MSAT1.3,1-8014943,1-9343234,1-9496666,1-9781260,C1_9583475,NGA392,C1_9981308,C1_9999988,C1_11017860,C1_10796568,1-11655171,C1_12173075,C1_12131853,T27K12,C1_12368713,C1_13770945,C1_15969439,C1_16295560,C1_16469234,C1_16734993,C1_16875351,C1_16809188,1-16874305,1-17355484,C1_17497406,C1_17800536,C1_18903091,C1_19169769,C1_19187615,1_18040860,C1_19584168,C1_20532842,NGA128,C1_21416160,C1_21426785,C1_22238945,C1_22569225,C1_22970466,C1_22679925,C1_23423667,C1_24316033,F5I14,C1_25080434,C1_25589166,C1_25500148,C1_26232300,C1_26026938,C1_26047779,C1_26446396,C1_26318713,1_26278413,MSAT1.1,1-26278221,C1_26623284,1-25717715,C1_27879038,C1_28255729,C1_28791009,C1_28844794,C1_29018816,C1_28971592,C1_29789967,MSAT1.5,NGA692,1_27650244,1-28666569,1_30116495,C2_73452,MSAT2.5,2_311554,2_518639,C2_584278,2_948610,C2_1182733,2-1798324,MSAT2.18,MSAT2.38,2_4354761,C2_4158127,C2_4150835,C2_4294074,C2_4066448,C2_3027446,C2_4685148,C2_5281237,C2_2021779,C2_6242269,C2_6311417,C2_6831885,C2_6713259,C2_6997430,C2_7425903,C2_7408993,C2_7911815,C2_8004125,C2_8313596,C2_8746594,C2_8620417,C2_9171125,C2_8995275,C2_9044852,C2_9366688,At2g22200,2_9256494,C2_9721752,C2_10046161,C2_10356638,C2_10394880,C2_10709402,C2_10888438,C2_11200483,C2_11334521,C2_11930850,MSAT2.41,C2_12037234,C2_12509560,C2_12705676,C2_13090523,2-12656716,C2_13341906,C2_13460251,C2_14937406,C2_14770433,C2_14655068,2_13148965,MSAT2.7,2-13265029,C2_15425844,2_14801461,2-14003272,2-15986145,C2_16916847,C2_17106201,C2_18220776,2_17844202,2_16908453,2.Frag50,2.T1024,MSAT2.9,2_18253446,C2_18135222,2_18701082,C2_18611594,C2_18708968,MSAT2.22,C2_19267581,2-18752604,3_166828,3_620734,NGA172,C3_291385,3-2072648,3-2231413,C3_1168987,C3_931430,C3_1646322,C3_2180846,C3_2497708,C3_3623963,C3_4648688,C3_5333186,C3_5364027,C3_5385684,C3_5457918,C3_5631875,C3_6231641,C3_6497728,C3_6342492,C3_6548423,C3_6736628,C3_6822360,C3_7046389,3_7307956,C3_7478226,C3_7514637,3-7391896,C3_7916975,C3_8206469,C3_8440916,MSAT3.5,MSAT3.6,C3_8679453,C3_9399580,C3_9501499,3-9747158,C3_9833012,C3_9623043,C3_9981431,3.GAPABX,C3_10250478,C3_10332905,C3_10808061,MSAT3.32,C3_11119765,C3_11311504,C3_11427757,C3_14093267,C3_12674068,C3_11920382,C3_15194862,C3_12021844,C3_15414721,C3_16001509,C3_16001979,C3_16390427,C3_16860212,C3_16836255,C3_16998392,C3_17263959,C3_17609487,C3_17909819,C3_17942649,C3_18396211,C3_19161491,C3_19825573,C3_19902009,C3_20092575,C3_20197905,C3_23403229,C3_23319286,C3_20876948,C3_21548896,C3_22293827,C3_22081936,3_19930733,MSAT3.28,3_21728447,3_22146587,3-21632379,4.F6N15,4_208623,4.FRI,MSAT4.8,C4_70965,C4_262249,C4_284743,C4_358595,C4_449005,C4_778610,C4_885880,C4_1416972,C4_3312521,C4_2727033,C4_2501103,C4_2283992,C4_2173404,C4_2025256,C4_1752869,C4_5318483,4_2126308,4_4804292,C4_5538105,DET1,ICE7,MSAT4.17,4-7077771,MSAT4.35,C4_7048455,C4_7257361,4_7448542,C4_7846214,C4_7989009,C4_7920219,C4_8184029,4-8297594,4-8078388,C4_8848473,C4_9316828,C4_10569729,4_10482089,C4_11338567,4-11325921,4-11579700,4-11984495,4-12403706,Msat4.19,4_12900428,C4_12642999,C4_13033934,C4_13459120,4_14385343,C4_14061988,C4_14353186,C4_14616423,C4_14773912,4_15087654,C4_15290929,C4_15468948,C4_16257723,C4_15737310,C4_16227364,C4_17223137,C4_17129502,C4_16947346,C4_17272166,C4_17528470,C4_17722374,C4_18038808,C4_18134495,4-17803605,4-17608717,MSAT4.30,MSAT4.37,5_43840,5-625179,5-872097,5-1213621,5_476540,C5_44449,C5_125518,C5_253030,5.MUK11D,C5_791233,C5_896146,C5_2167867,5_2192806,5_2799359,C5_2953003,C5_2755458,C5_3069342,C5_3389662,C5_3620399,C5_3913044,5_4223381,5_4721336,NGA151,5_5318959,5.nga106,C5_4659907,C5_4486243,C5_4285595,C5_5298594,C5_5445545,C5_5931591,C5_5993524,C5_5806039,C5_6688659,MSAT5.14,ICE5,AthCDPK9,C5_6891226,C5_7197383,C5_7423327,C5_8040504,C5_7957606,C5_7896409,5-7278798,C5_8350672,5-7842900,C5_8885932,C5_9076201,C5_11583536,C5_9821626,C5_9941038,C5_9608499,C5_11137211,C5_9991762,C5_9995956,C5_10131040,C5_12209645,C5_10742542,C5_11977761,C5_12639802,C5_13402555,C5_13007508,C5_13126793,C5_13566961,C5_13475381,MSAT5.1,C5_15232940,C5_15276554,C5_15434591,C5_15907702,C5_15907734,C5_16033069,5_16368524,C5_16814354,5_16964745,MSAT5.9,C5_17485719,C5_17136953,C5_17590247,5-17629093,C5_18091244,C5_18325171,NGA129,5-20408706,C5_19731984,C5_19383918,C5_20250252,5-20915132,C5_20730288,C5_21106454,5-22414510,C5_21736606,MSAT5.13,C5_22635947,C5_22788570,C5_23025468,C5_23770825,C5_24200037,C5_24599755,C5_24796521,C5_25214399,C5_25341145,C5_25538680,C5_25708060,5_25301310,5.MBK5,C5_26396744,C5_26758064,5_26121185,MSAT5.18,5-26120843
,,,1,1,1,1,1,1,1,1,1,1,1,1,1,1,1,1,1,1,1,1,1,1,1,1,1,1,1,1,1,1,1,1,1,1,1,1,1,1,1,1,1,1,1,1,1,1,1,1,1,1,1,1,1,1,1,1,1,1,1,1,1,1,1,1,1,1,1,1,1,1,1,1,1,1,1,1,1,1,1,1,1,1,1,1,1,1,1,1,1,1,1,1,1,1,1,1,1,1,1,1,1,1,1,2,2,2,2,2,2,2,2,2,2,2,2,2,2,2,2,2,2,2,2,2,2,2,2,2,2,2,2,2,2,2,2,2,2,2,2,2,2,2,2,2,2,2,2,2,2,2,2,2,2,2,2,2,2,2,2,2,2,2,2,2,2,2,2,2,2,2,2,2,2,2,2,2,2,2,2,2,2,2,2,3,3,3,3,3,3,3,3,3,3,3,3,3,3,3,3,3,3,3,3,3,3,3,3,3,3,3,3,3,3,3,3,3,3,3,3,3,3,3,3,3,3,3,3,3,3,3,3,3,3,3,3,3,3,3,3,3,3,3,3,3,3,3,3,3,3,3,3,3,3,3,3,3,3,3,3,3,3,3,3,3,3,4,4,4,4,4,4,4,4,4,4,4,4,4,4,4,4,4,4,4,4,4,4,4,4,4,4,4,4,4,4,4,4,4,4,4,4,4,4,4,4,4,4,4,4,4,4,4,4,4,4,4,4,4,4,4,4,4,4,4,4,4,4,4,4,4,4,4,4,4,4,4,4,4,4,5,5,5,5,5,5,5,5,5,5,5,5,5,5,5,5,5,5,5,5,5,5,5,5,5,5,5,5,5,5,5,5,5,5,5,5,5,5,5,5,5,5,5,5,5,5,5,5,5,5,5,5,5,5,5,5,5,5,5,5,5,5,5,5,5,5,5,5,5,5,5,5,5,5,5,5,5,5,5,5,5,5,5,5,5,5,5,5,5,5,5,5,5,5,5,5,5,5,5,5,5,5,5,5,5,5,5,5,5,5,5
,,,0,0.186,1.357,3.304,4.465,5.08,5.843,6.238,7.504,8.849,9.351,10.047,11.113,12.008,12.321,12.597,13.675,13.96,14.832,15.548,15.917,16.076,16.199,17.128,17.357,18.109,18.386,19.71,19.967,20.359,21.495,23.849,24.826,25.934,26.543,27.563,28.716,30.153,31.36,31.651,32.531,33.607,34.817,35.319,37.257,38.707,40.938,43.916,44.081,45.678,47.308,49.812,50.754,51.255,52.128,52.546,52.66,52.725,54.397,56.517,57.287,57.856,59.058,61.459,61.867,64.033,65.629,66.396,68.618,71.681,72.097,75.022,75.502,76.164,76.701,78.47,80.81,83.846,86.852,89.442,89.772,92.522,92.951,93.144,94.075,94.571,95.945,96.448,97.71,98.551,98.897,100.754,101.169,102.395,102.663,102.846,103.287,104.631,106.481,106.955,107.429,108.942,111.091,0,3.946,5.404,8.38,12.021,14.551,17.402,18.904,21.955,22.247,22.498,24.462,27.497,27.634,27.644,27.706,27.876,28.373,28.969,30.048,30.808,32.471,32.634,33.796,36.563,36.772,39.528,42.191,42.494,44.072,44.362,45.398,45.843,46.231,46.801,47.7,49.188,49.926,50.248,51.347,51.461,52.359,53.132,53.908,54.771,55.415,56.744,57.664,59.628,60.093,61.188,62.546,63.772,64.346,64.771,65.219,65.632,66.924,67.053,67.984,69.181,70.045,70.808,73.572,75.142,75.588,76.286,77.858,78.487,79.078,79.524,80.05,80.212,80.732,81.378,82.673,82.844,83.647,85.542,86.92,0,1.436,3.905,6.31,8.347,9.566,10.802,11.167,11.84,12.347,13.874,15.611,17.916,18.79,18.982,19.45,19.469,19.718,22.388,22.826,22.959,23.317,23.613,24.685,24.756,26.475,27.199,27.474,29.384,29.815,32.348,33.636,35.012,35.833,36.711,38.337,39.158,40.218,41.093,41.989,42.582,44.183,45.635,46.945,47.502,50.173,52.498,53.411,53.591,54.393,54.711,55.063,55.203,55.666,57.162,58.299,58.473,59.128,59.736,60.102,60.978,61.553,62.2,63.531,64.234,64.783,69.599,73.096,74.461,75.535,75.891,77.635,77.983,79.34,79.784,80.094,80.162,82.432,83.801,85.984,86.743,89.501,0,1.473,2.791,4.408,6.311,7.226,7.838,8.005,9.678,12.754,13.509,19.217,20.035,22.109,24.295,24.474,24.861,25.381,25.721,27.598,28.971,30.299,31.209,36.746,39.251,40.079,41.555,42.395,42.875,43.517,43.97,46.217,46.522,46.768,47.301,48.066,48.828,50.12,51.451,53.333,53.867,56.085,56.443,57.214,58.378,59.264,60.332,62.073,63.534,64.424,65.358,66.314,67.202,67.493,68.578,70.164,70.748,72.315,72.751,73.407,73.509,73.677,76.815,77.126,77.403,77.755,79.234,80.544,81.356,81.92,83.627,84.475,86.59,88.597,0,0.741,2.007,2.763,3.8,4.871,5.079,5.128,6.442,7.191,7.41,8.779,9.606,9.845,10.948,11.575,11.641,11.955,12.797,13.198,14.871,15.25,15.267,15.741,15.913,16.737,17.004,17.017,18.112,18.374,18.948,19.442,19.54,21.081,22.209,22.621,22.752,23.535,23.706,23.923,24.491,24.686,24.913,25.832,26.692,27.135,29.995,31.782,34.514,35.915,36.196,36.6,37.821,38.619,39.028,39.39,39.999,40.167,40.509,40.539,40.691,40.824,41.097,41.503,42.294,44.299,47.197,48.251,49.254,50.316,50.781,50.808,51.565,52.777,53.467,54.163,55.223,55.631,56.958,57.622,59.109,59.51,61.557,62.941,63.974,64.204,64.841,65.72,66.697,67.883,69.82,71.042,71.677,73.754,73.839,74.283,75.373,76.149,77.467,78.297,78.759,78.981,80.364,80.828,82.581,83.529,84.825,85.94,86.442,88.431,90.755
1,1.0895204,1.13143,-,b,a,a,b,b,b,b,b,b,b,a,a,-,-,b,a,a,a,-,a,a,a,a,a,a,a,a,a,-,-,a,a,a,a,a,a,a,a,a,a,-,a,a,a,a,a,a,a,b,a,b,b,a,a,-,a,a,a,a,a,-,-,a,a,a,a,a,a,-,-,a,a,a,a,a,-,a,-,a,a,a,a,a,a,a,a,a,a,a,a,a,a,a,a,a,-,-,a,a,a,a,a,-,b,b,b,b,b,-,a,b,b,b,b,b,b,b,b,b,b,b,-,b,b,-,-,a,a,-,a,a,a,a,-,a,a,a,-,a,a,a,a,a,-,a,a,a,-,a,-,a,-,-,a,a,a,-,a,a,a,a,a,-,a,a,a,-,a,-,a,a,a,a,a,a,a,a,a,a,a,a,a,a,a,a,a,b,b,-,a,a,-,-,a,a,a,a,a,a,a,a,a,a,a,a,a,a,a,a,-,a,b,a,-,-,a,-,a,a,b,a,a,a,a,b,-,b,b,-,b,-,b,-,-,b,-,b,b,b,b,b,b,b,b,b,b,-,-,b,b,b,b,b,b,b,b,b,b,b,b,b,b,b,b,b,b,b,b,-,b,b,b,-,b,b,-,-,b,b,b,b,b,b,-,b,b,b,b,b,-,b,b,b,-,b,b,b,b,b,b,b,b,b,b,b,b,a,a,a,a,b,b,b,b,-,b,-,b,b,-,b,b,b,b,b,b,-,b,b,b,-,-,b,b,a,a,b,b,-,a,a,a,a,b,b,-,-,a,a,a,a,a,a,a,a,a,-,-,a,a,-,a,a,a,a,a,a,-,a,-,a,a,a,a,a,-,-,a,a,a,a,a,a,a,a,a,a,a,a,a,-,a,a,-,-,a,a,-,a,a,-,-,a,a,a,a,a,-,-,a,a,a,a,a,a,a,a,a,a,a,a,a,a,a,a,a,a,-,a,a,-,a,a,a,a,a,a,a,-,a,a,a,a,a,a,a,a,-,a
2,1.300702,1.26167,a,a,a,a,-,a,-,a,a,a,a,a,a,a,a,-,a,a,a,a,-,a,a,a,a,a,a,a,-,a,a,a,a,a,a,a,a,a,a,a,a,a,b,b,b,b,b,b,b,b,b,-,b,b,b,b,-,b,b,b,-,b,b,b,b,b,b,b,b,b,b,-,b,-,b,a,b,b,-,b,b,-,b,b,b,-,b,b,b,b,b,b,b,b,b,b,b,b,b,b,-,b,b,a,a,a,a,a,a,a,a,b,b,b,b,b,b,b,-,b,b,b,b,b,-,b,b,b,b,b,b,b,b,b,b,b,-,b,-,b,b,b,-,b,b,b,b,b,b,-,-,b,b,b,b,b,b,b,-,b,b,b,b,b,b,b,b,-,b,b,b,b,-,b,b,b,b,b,b,b,b,b,b,b,b,b,b,b,b,b,-,-,b,b,b,b,b,b,b,b,b,b,b,b,b,b,b,b,a,a,a,a,a,a,a,-,a,a,-,a,a,b,a,b,a,b,b,-,b,b,-,b,b,b,b,b,b,b,-,b,b,-,b,b,b,b,b,b,b,b,b,b,b,b,b,b,b,b,b,b,b,a,b,b,b,b,b,-,b,b,b,b,b,b,b,b,b,a,b,b,b,-,b,-,b,b,b,b,b,b,-,b,b,b,b,b,b,b,b,b,b,b,b,b,b,b,-,b,b,b,b,b,b,-,-,b,b,b,-,b,b,b,b,b,b,b,b,b,b,b,b,b,-,b,b,b,b,b,b,a,a,a,a,a,a,a,a,-,-,a,a,a,a,a,a,-,a,a,-,a,a,a,a,a,a,a,a,a,a,a,a,a,a,a,a,a,a,a,a,a,a,a,a,a,a,a,a,a,-,a,a,a,-,a,a,a,a,a,a,a,a,a,a,a,a,a,a,-,a,a,a,a,a,a,a,a,-,a,a,a,a,a,a,a,-,a,a,a,a,a,a,a,a,-,a,a,a,a,-,a,a,a,a,a,a,a,a,a,b,a
3,1.3627844,1.38833,a,a,a,a,a,a,a,a,b,b,b,a,b,a,a,a,a,a,b,a,a,a,a,a,a,a,a,-,a,a,a,-,a,a,a,a,a,a,a,a,a,a,a,a,-,a,a,a,a,a,a,a,a,a,a,a,a,a,a,a,-,-,a,a,a,a,a,a,a,-,b,b,b,b,b,b,-,a,b,b,b,b,b,b,a,b,b,b,b,a,b,-,b,b,b,b,b,b,b,b,b,b,b,b,a,b,b,b,b,b,b,b,b,b,b,b,b,b,b,b,b,b,b,b,b,b,b,b,b,b,-,-,a,-,a,a,-,a,a,b,a,a,a,a,b,a,-,a,a,a,a,a,-,b,a,b,b,b,-,b,b,b,b,b,b,b,b,b,-,b,b,b,b,b,b,b,b,b,b,b,b,a,b,b,b,b,a,a,a,-,a,a,a,b,b,a,a,a,a,a,a,a,a,a,a,a,a,a,-,a,a,a,-,a,a,-,a,a,a,a,a,a,a,-,b,a,a,a,b,b,b,b,b,b,b,b,b,b,b,b,b,b,b,b,b,b,b,b,b,b,b,b,b,b,b,b,b,b,b,b,b,b,b,b,b,b,b,a,b,-,-,a,a,a,a,a,a,a,a,a,a,a,a,a,a,b,b,-,b,b,-,a,b,a,a,b,a,a,a,a,a,a,-,a,a,b,b,b,b,b,b,b,b,b,b,-,b,b,b,b,b,b,b,b,b,b,b,b,b,b,b,a,a,a,a,a,a,b,-,a,a,a,a,a,a,a,a,-,a,a,-,a,a,b,b,b,b,b,b,a,a,a,b,b,b,b,b,b,b,-,b,b,b,b,b,b,b,b,-,a,a,a,b,a,-,a,a,a,a,a,a,a,a,a,a,a,a,a,a,a,-,-,a,a,b,-,a,a,a,-,a,b,a,b,b,b,b,b,b,-,a,b,a,a,a,a,a,a,a,a,a,b,-,a,a,-,a,a,a,a,a,a,a,a,a,a,a,a,-,a
4,0.6994426,0.77833,a,-,a,-,a,b,b,-,b,-,b,b,a,b,a,a,-,a,a,a,-,a,a,-,a,-,-,-,a,a,a,-,a,a,a,a,a,a,a,a,-,a,a,a,a,-,-,-,a,a,-,a,-,a,a,a,-,a,a,-,a,-,a,a,a,a,a,a,a,a,a,a,-,a,a,a,a,a,a,a,a,a,a,a,a,-,a,a,a,a,a,a,a,-,a,a,a,-,a,a,a,a,a,b,b,b,b,b,b,b,b,b,b,b,a,b,b,-,-,-,b,b,b,b,b,b,b,b,b,-,b,-,-,b,-,-,b,b,b,b,-,-,-,b,b,b,b,b,b,b,b,b,-,b,b,b,b,b,b,b,-,b,b,b,b,b,b,b,b,b,b,b,b,b,-,b,-,b,b,b,b,-,b,b,b,b,b,b,b,b,b,b,b,b,b,-,b,b,b,b,b,b,-,b,b,-,b,-,b,a,a,-,a,-,a,-,a,a,-,b,b,b,a,b,b,-,a,a,a,a,-,a,-,-,-,a,-,a,a,-,-,a,a,-,a,a,a,a,a,-,-,-,-,a,-,a,a,a,a,a,b,a,a,a,a,b,b,b,b,b,-,-,b,-,b,b,b,a,-,a,a,-,-,a,a,a,a,a,a,a,a,a,a,a,a,a,a,-,-,a,a,a,-,-,a,a,a,a,a,a,a,a,a,-,a,-,a,a,-,a,a,a,a,a,-,-,-,-,-,a,a,-,a,-,-,a,a,a,a,a,a,a,a,a,-,a,a,a,a,-,-,a,a,-,a,-,a,a,-,a,a,a,a,a,a,a,-,a,a,-,a,a,-,a,a,a,a,a,a,a,-,a,a,a,a,a,a,a,a,a,a,-,a,a,a,a,a,-,a,-,-,a,-,a,a,a,a,-,a,a,-,a,a,a,a,a,a,a,a,-,a,a,a,a,a,-,a,a,a,a,a,a,a,a,-,-,a,a,-,a,a,-,a,a,a,a,a,a,b,a
5,0.7742091,0.83333,a,a,a,a,a,a,a,a,a,a,a,a,a,-,a,a,a,a,a,a,-,a,-,a,a,a,a,-,a,-,a,a,-,a,-,a,a,a,a,a,a,a,a,-,-,-,a,b,a,a,a,a,a,-,a,-,a,a,a,a,-,a,a,-,a,b,a,a,a,a,a,a,a,-,-,-,a,a,a,-,-,a,-,a,-,a,a,a,a,a,a,a,-,a,a,a,a,-,a,a,-,a,a,-,b,b,b,b,b,-,b,b,b,b,b,b,b,b,b,-,-,b,b,b,b,b,b,b,b,b,b,b,-,b,b,-,b,b,b,a,-,b,b,b,b,b,b,b,b,b,b,-,-,b,b,b,b,b,b,b,b,b,b,b,b,b,b,-,b,-,b,b,b,b,-,b,b,b,-,b,b,-,b,a,a,b,b,b,b,b,b,b,-,b,b,-,b,b,-,b,-,-,b,-,b,b,-,-,b,-,-,b,a,a,-,a,b,-,-,-,a,a,-,a,a,a,a,a,a,a,-,-,a,a,a,a,a,a,a,a,a,a,-,-,-,a,-,a,a,-,-,-,-,-,b,b,a,-,b,a,a,a,a,b,a,-,a,a,-,a,a,a,-,a,a,a,a,a,a,a,-,a,a,a,-,a,a,a,a,a,a,a,a,-,-,b,-,-,a,a,a,a,a,a,b,b,b,b,b,b,b,b,b,b,b,b,a,b,b,-,-,b,-,-,-,b,b,b,b,b,b,-,-,b,b,b,b,b,b,b,a,a,a,a,-,-,-,a,a,a,a,a,a,a,a,a,-,a,a,a,a,a,a,a,a,a,a,-,a,a,a,a,-,a,a,a,a,a,-,a,a,a,a,a,a,-,a,a,-,a,-,a,a,a,a,a,a,a,a,a,-,a,a,-,a,a,a,-,a,a,a,a,-,a,a,a,a,a,a,a,-,a,a,a,-,-,a,a,-,a,a,a,-,a,a,a,a,-,-,-,a,a,a,a,a,a,-,a,a,a
6,1.8768504,1.91667,a,-,a,a,a,a,a,a,a,a,a,a,a,a,-,-,-,a,a,a,a,a,-,a,a,a,a,a,a,-,a,a,a,a,a,a,a,a,a,a,a,a,a,-,a,-,a,-,a,-,a,-,-,a,a,-,a,-,a,a,a,a,a,a,a,a,a,a,a,a,a,a,a,a,a,a,a,a,-,b,b,b,b,b,b,b,b,b,b,a,b,b,b,b,-,b,b,b,b,b,b,b,b,a,a,a,a,a,a,a,a,a,a,a,a,a,a,a,a,a,a,a,b,b,b,-,b,b,b,b,-,b,-,b,b,-,-,b,b,b,-,b,-,b,b,-,b,b,b,b,-,b,b,b,b,b,a,-,a,a,b,b,b,a,a,a,a,a,a,-,a,a,a,a,a,a,a,a,a,a,a,a,a,b,b,b,b,a,a,b,a,-,a,a,a,a,b,a,a,a,a,-,a,a,a,a,a,a,a,a,a,a,a,a,a,-,a,-,a,b,b,b,-,b,b,a,a,a,a,a,a,-,a,a,-,a,a,a,a,a,a,-,a,a,a,a,-,a,a,-,-,-,a,a,a,a,a,a,a,-,a,a,a,a,a,b,b,b,b,a,b,-,b,b,b,b,b,b,b,-,b,-,b,-,b,b,b,-,b,b,b,b,b,b,b,b,-,-,b,b,b,b,b,a,b,b,-,b,b,b,b,b,b,b,b,b,b,-,-,b,b,b,b,b,b,-,-,b,b,b,b,b,-,b,b,b,b,b,b,a,a,a,a,a,a,-,a,a,-,a,-,a,a,a,a,a,-,a,a,a,a,a,a,a,-,a,a,a,-,a,-,a,-,a,a,a,a,a,a,-,-,a,a,a,a,a,a,a,a,a,a,a,-,a,-,a,a,a,-,a,a,a,-,a,a,-,a,a,a,-,a,a,b,b,b,-,b,b,b,-,b,b,b,b,b,-,b,b,-,b,b,b,b,b,b,-,b,-,b,b,-,-,b,b,b,b,-,b,-,b
7,0.8021087,0.90167,-,b,b,b,b,b,b,b,b,b,b,b,b,b,b,b,b,b,b,b,b,b,-,b,b,b,b,b,-,b,b,b,-,-,b,b,b,b,b,b,b,b,b,b,-,b,b,b,b,b,b,b,b,-,b,-,b,b,b,b,b,-,b,b,b,b,b,b,b,b,b,a,a,a,-,-,a,a,a,a,-,a,-,a,a,a,a,a,a,-,a,a,a,a,-,-,-,a,a,a,a,a,a,b,b,b,b,b,b,b,b,b,b,b,b,-,b,b,b,-,b,b,b,b,b,-,b,b,b,b,b,b,b,b,b,b,b,-,b,b,-,-,b,b,-,b,b,b,b,b,b,-,-,b,b,-,b,b,-,b,-,b,b,b,b,b,b,b,-,-,b,b,b,b,b,b,b,b,b,b,b,b,b,a,a,a,a,a,a,a,a,a,-,a,-,a,b,b,b,-,-,b,b,b,b,-,b,b,b,b,b,b,b,b,b,-,b,b,b,b,b,b,b,b,b,-,b,b,b,b,b,-,b,b,b,-,b,b,b,b,b,b,-,b,b,-,b,b,b,a,a,a,a,a,a,-,a,a,a,a,a,a,a,a,a,b,b,b,b,b,b,-,b,b,a,a,a,a,a,a,-,a,a,a,-,a,a,-,a,a,a,a,a,a,a,a,-,a,-,a,a,a,b,b,a,a,a,a,a,a,a,a,a,a,-,a,a,-,a,a,a,a,a,a,-,a,-,a,a,a,a,a,a,a,-,a,a,a,a,a,a,a,a,a,a,-,a,a,-,a,a,a,a,a,a,a,a,-,a,a,a,a,a,a,a,a,a,-,a,a,a,-,a,a,a,a,a,a,a,-,a,a,a,a,a,a,-,a,a,a,a,a,a,a,-,-,-,-,a,a,a,a,a,a,a,a,-,a,a,-,a,a,a,a,a,a,-,a,a,a,a,a,a,a,a,a,a,a,a,a,a,a,-,a,a,-,a,a,a,-,-,-,a,a,a,a,-,a,-,a
8,1.6510753,1.72333,b,-,b,b,b,b,b,-,a,a,a,a,a,a,a,a,-,-,a,-,a,a,-,a,a,a,a,-,-,-,a,a,-,-,-,a,a,a,a,a,a,a,-,-,-,-,a,a,a,-,a,a,a,a,a,a,a,-,a,a,a,a,a,a,a,a,-,-,a,a,a,a,-,a,a,-,b,b,-,-,b,a,a,a,-,a,a,a,a,a,a,-,a,a,a,a,a,-,a,a,a,a,a,-,a,a,b,-,b,b,b,b,b,b,-,-,-,b,b,-,-,-,b,b,b,-,b,b,b,b,b,b,a,a,b,a,a,a,a,a,a,-,a,a,a,a,a,a,a,a,-,-,a,-,a,b,b,-,-,-,a,a,b,-,b,b,b,b,b,b,b,b,b,b,b,b,b,b,-,b,-,a,b,b,b,b,a,a,a,-,-,b,-,-,a,-,-,b,a,-,a,a,-,-,-,a,-,a,a,-,a,a,a,a,a,-,a,a,-,a,a,a,-,-,a,-,-,a,a,a,a,-,-,a,a,a,b,a,a,a,-,a,-,-,-,a,-,-,a,a,a,a,a,-,a,a,a,-,a,a,a,a,a,a,a,b,b,b,b,b,b,-,b,b,b,b,-,a,b,b,a,-,-,-,b,b,b,b,b,b,b,b,a,-,b,a,-,b,-,b,b,b,b,-,-,b,b,b,a,a,a,a,a,-,a,a,a,-,a,a,a,a,a,a,a,a,a,a,a,a,a,-,a,-,a,a,a,a,-,b,b,b,b,b,b,-,b,b,b,-,-,b,b,-,a,-,-,b,-,b,b,b,b,b,-,-,b,-,-,b,-,b,-,b,b,b,-,-,b,-,-,-,b,b,b,-,b,a,b,b,-,a,-,b,b,b,b,b,-,b,b,-,b,b,b,-,b,-,-,-,-,b,-,b,b,b,-,b,b,b,b,b,b,b,-,b,b,b,-,b,-,b,-,b,-,-,-,b,b,b,-,b,-,b,b,-,-,b,-,b
9,0.7318755,0.70833,-,-,b,b,-,b,b,-,b,b,b,b,b,-,-,-,a,-,a,-,-,-,-,a,b,a,b,-,-,-,a,-,-,-,-,a,a,a,a,a,-,a,-,-,a,-,a,-,-,a,-,a,-,-,-,-,-,-,a,b,-,-,-,-,-,a,-,a,a,a,-,-,-,-,-,-,-,a,-,-,-,-,-,-,-,-,a,a,a,-,a,-,-,-,a,a,a,-,a,a,-,a,a,-,b,b,b,-,b,-,b,-,b,b,-,-,-,-,-,-,-,-,-,-,-,-,-,-,-,-,-,b,-,-,-,-,-,-,b,-,-,-,-,-,-,-,b,-,-,b,-,-,-,-,b,b,-,-,-,-,-,b,b,-,b,b,b,-,-,-,b,b,-,b,b,b,-,b,-,b,b,-,b,-,b,b,b,a,a,a,-,-,-,-,-,-,-,-,-,-,-,-,-,-,-,-,-,-,a,-,-,a,-,-,-,-,a,a,-,-,a,-,-,b,a,-,-,-,b,-,-,-,b,-,-,-,-,-,-,a,-,-,a,-,-,-,-,-,-,-,-,-,-,-,-,-,-,-,-,-,a,a,a,a,a,a,a,a,a,-,-,-,-,-,-,-,-,-,-,-,-,-,-,-,-,a,a,-,a,b,b,b,b,-,-,b,-,b,-,-,b,b,-,-,-,b,-,b,b,b,b,b,b,-,-,-,-,-,b,-,b,b,-,-,-,-,-,-,-,-,-,-,-,-,b,b,b,b,b,b,a,a,a,b,-,-,-,a,a,a,-,a,a,-,-,-,-,-,-,a,a,a,a,a,a,-,-,-,-,-,-,-,-,a,a,-,-,-,a,-,-,-,a,-,-,-,-,-,-,-,-,-,-,-,-,-,-,-,-,-,-,-,-,-,-,b,-,-,-,-,-,b,-,b,b,-,-,-,b,-,b,b,b,b,-,-,b,-,-,b,-,b,-,-,-,-,-,b,-,-,-,-,-,b,b,-,-,b,b,b
10,1.896717,1.88833,b,b,b,b,b,b,b,-,b,b,b,b,b,-,-,b,-,-,a,a,-,a,a,a,b,a,b,-,a,-,-,a,-,-,a,a,a,a,a,a,a,a,-,-,a,-,a,a,-,-,-,b,b,-,b,b,-,b,b,b,-,-,-,-,b,b,-,b,b,-,b,a,-,-,-,-,b,b,b,b,-,-,-,-,-,-,b,b,b,b,b,-,-,b,-,b,-,-,b,b,b,b,b,a,a,a,a,-,a,-,a,a,a,a,-,a,-,a,-,-,-,-,a,-,-,-,-,-,-,a,a,-,-,a,a,-,-,-,b,a,-,a,a,-,a,-,-,a,a,a,a,a,-,-,a,a,a,-,-,-,a,a,a,a,a,a,a,-,b,-,b,b,b,b,b,b,b,b,-,b,b,-,b,b,b,b,-,b,b,-,b,-,b,-,-,b,b,-,-,-,b,-,-,b,b,b,-,-,b,-,b,b,-,-,-,b,b,-,b,-,b,b,-,-,b,-,-,b,b,-,-,-,-,b,-,-,b,-,-,-,b,b,-,b,b,-,-,b,b,a,-,a,b,a,-,-,-,a,a,-,a,a,a,a,a,a,a,a,b,-,-,-,-,-,-,-,b,-,b,-,-,-,-,-,-,b,b,-,b,b,b,b,b,b,b,b,b,b,-,b,b,b,-,-,b,b,-,b,-,a,a,a,a,a,-,-,a,a,-,a,-,a,-,-,b,-,b,b,b,b,-,-,-,b,b,b,b,b,b,b,b,b,b,b,b,-,b,b,-,b,-,b,b,-,b,-,-,b,b,b,b,b,b,b,-,-,b,-,-,b,-,-,b,b,b,b,-,b,-,b,b,-,b,b,b,-,-,b,b,b,-,b,-,-,-,b,-,b,-,b,-,-,b,-,-,-,-,a,a,a,a,a,a,a,a,-,-,a,a,a,-,a,a,-,a,-,a,-,-,a,a,a,-,-,-,-,-,a,-,-,-,-,-,a,a,a,a,a,a,a
11,1.2785972,1.37333,b,b,b,b,-,a,a,-,a,a,a,a,a,-,-,-,-,b,a,-,b,-,-,b,a,b,a,-,a,-,-,-,-,a,-,a,a,a,a,a,-,a,a,-,a,-,a,a,-,a,-,a,a,-,a,-,-,a,a,a,a,a,-,-,-,a,-,-,a,a,-,-,-,a,a,-,a,a,a,-,-,-,-,-,-,-,a,a,a,-,a,a,a,a,-,-,-,-,a,a,a,a,a,b,b,b,b,b,b,-,a,b,b,b,-,-,-,b,-,b,-,a,-,b,b,-,b,-,b,b,-,-,-,-,b,b,b,-,a,a,-,-,-,a,a,-,-,-,-,a,-,-,-,-,a,a,-,-,-,-,a,a,a,a,a,a,a,-,-,-,a,a,a,a,a,a,-,a,-,-,a,-,a,b,b,b,b,b,b,-,b,b,-,-,b,-,-,b,-,b,-,-,-,b,b,b,b,b,b,b,b,b,b,b,-,b,b,-,-,-,b,-,b,b,b,-,-,b,b,-,-,-,-,a,a,a,a,a,a,a,a,a,-,-,-,a,-,a,a,-,-,-,a,a,-,-,-,-,a,a,a,a,a,a,a,b,b,b,b,-,-,-,-,-,-,b,-,a,-,a,-,-,-,a,-,a,a,-,a,a,a,a,a,a,a,a,-,-,-,a,a,a,-,-,-,b,-,a,a,a,a,a,a,-,-,-,a,-,-,a,-,a,a,-,-,-,-,-,-,-,-,a,a,-,-,a,a,a,a,a,a,a,a,a,a,-,-,a,-,a,a,a,a,a,a,-,-,-,-,b,b,b,b,b,b,-,-,b,-,-,-,b,-,b,b,b,-,b,b,b,-,-,b,b,b,b,b,b,-,b,-,a,-,-,b,-,-,b,-,b,-,-,b,-,b,-,b,-,b,b,b,b,-,b,b,-,-,-,b,b,-,-,a,-,-,a,a,a,a,a,-,-,-,a,-,a,-,-,-,-,-,-,-,b,b,-,-,b,b,b
12,1.4709989,1.555,a,-,a,a,-,a,a,a,a,a,a,a,a,-,-,-,-,a,a,-,-,a,-,a,a,a,a,-,-,-,-,-,-,a,-,a,a,a,a,a,-,a,-,-,a,-,a,-,-,a,-,a,-,-,-,-,-,-,a,a,-,-,a,-,-,a,-,-,a,a,-,-,-,-,-,-,-,a,-,-,a,-,-,-,-,a,a,a,a,-,a,-,a,-,-,-,-,-,a,a,a,a,a,-,b,b,b,-,b,-,b,b,b,b,-,-,-,b,b,b,-,-,-,b,-,-,-,-,-,-,-,-,-,-,-,-,-,-,b,b,-,-,-,-,-,-,-,-,-,b,-,-,-,-,b,-,b,-,-,-,b,b,b,-,b,b,b,-,b,-,b,b,b,b,b,b,b,b,b,b,b,-,b,a,b,b,a,a,a,-,-,a,-,a,-,-,-,a,-,-,a,-,-,-,-,-,-,-,a,-,-,a,-,-,-,-,a,a,a,a,a,-,-,a,a,-,a,-,a,-,-,-,-,-,a,-,a,b,a,-,-,a,-,-,-,-,-,-,a,-,-,-,a,a,-,-,-,-,a,-,a,a,a,a,a,a,a,b,b,a,-,-,-,-,-,-,b,-,b,-,-,-,-,-,-,b,b,b,b,b,b,b,b,b,-,b,-,-,b,b,b,b,-,-,b,b,b,b,b,b,b,b,b,-,-,-,b,b,-,b,b,b,-,-,-,b,-,-,-,b,-,b,-,-,-,b,b,b,b,b,b,b,b,b,b,b,-,b,b,-,b,b,b,b,-,-,-,b,-,b,b,b,b,b,-,-,-,-,-,b,-,b,-,b,b,b,b,-,-,-,-,-,b,-,b,-,-,-,-,-,-,b,-,-,-,-,b,b,b,-,-,b,-,-,b,b,b,-,-,-,-,b,b,b,b,-,-,-,b,-,b,a,a,a,-,a,a,a,a,a,a,a,-,-,-,-,-,a,-,-,-,-,a,a,a,-,-,a,a,a
13,1.3682041,1.45833,-,-,b,b,-,-,-,-,a,a,a,b,a,-,a,-,-,-,a,-,-,-,-,b,b,b,b,-,-,-,-,-,-,-,-,a,b,b,b,b,-,a,-,-,-,-,b,-,-,b,-,-,-,-,-,-,-,-,b,b,-,b,b,-,b,b,-,-,b,b,-,-,-,-,-,b,b,b,-,-,-,-,-,-,-,-,b,b,b,-,b,b,-,-,-,-,-,-,b,b,b,b,b,-,b,b,b,-,b,-,a,b,b,b,-,b,-,-,-,b,-,-,-,-,-,-,-,-,-,-,b,-,-,-,-,-,-,b,b,b,a,-,-,-,-,-,a,a,-,-,a,-,-,-,-,-,-,-,a,a,a,a,a,a,a,a,-,-,-,-,b,b,b,b,b,b,b,b,-,b,b,-,b,a,a,a,-,a,a,-,-,-,-,-,a,-,-,a,-,-,-,-,-,-,a,-,a,-,a,-,-,b,-,-,-,-,a,-,-,b,b,b,-,-,b,-,-,-,b,b,-,-,-,-,-,-,b,-,-,-,-,-,-,-,-,-,-,-,-,-,-,-,-,-,-,-,-,-,-,-,b,b,b,b,a,b,b,b,b,b,-,-,-,-,b,-,-,b,-,-,-,-,b,-,a,b,b,-,a,a,a,b,a,-,-,a,-,-,a,-,b,b,-,-,-,a,-,b,b,b,b,a,a,-,-,-,a,-,a,-,-,a,-,-,a,-,a,-,a,-,-,-,-,-,-,b,b,a,a,a,a,a,a,a,a,-,-,a,-,-,a,a,a,-,-,-,a,-,-,a,a,a,a,a,-,-,-,a,-,-,-,-,-,a,a,a,-,-,-,-,-,-,a,-,a,-,a,-,-,-,-,-,-,-,a,-,-,-,a,a,a,-,-,a,a,-,-,-,b,b,-,b,-,b,b,-,-,-,a,-,-,a,a,b,b,-,a,a,-,a,-,a,-,-,-,-,-,-,-,-,-,a,-,a,a,-,a,a,a,a
14,1.9345401,2,b,-,b,b,b,-,b,-,b,b,b,b,b,-,-,-,-,-,b,b,-,b,b,b,b,b,b,-,-,-,-,b,b,-,-,b,b,b,b,b,-,b,-,b,-,b,b,b,-,b,-,b,b,-,b,-,-,-,b,b,b,-,-,-,b,b,-,-,b,-,-,-,-,-,-,-,b,b,-,-,b,-,-,-,-,b,b,b,b,-,b,-,-,-,b,-,-,-,b,b,b,b,b,-,a,a,a,-,a,-,a,a,a,a,-,-,-,a,-,a,a,-,-,-,-,-,-,-,-,-,-,-,-,-,-,-,a,-,a,a,-,-,-,-,a,a,-,-,-,a,-,-,-,a,-,-,a,-,-,a,a,a,a,-,a,a,b,-,-,b,b,b,b,b,b,b,-,b,-,-,b,-,b,-,-,-,-,a,a,-,a,-,a,b,b,b,-,-,b,-,-,-,-,b,-,b,-,-,b,b,-,b,-,b,b,b,b,-,b,-,b,-,b,-,b,-,-,-,b,b,-,-,-,b,-,-,b,-,-,-,b,-,-,-,-,-,b,b,b,-,-,-,a,-,a,a,-,-,-,-,b,a,a,a,a,b,b,b,b,-,b,b,-,b,b,b,-,-,b,-,-,-,-,-,-,b,b,-,b,b,b,b,b,-,-,b,b,-,-,b,b,b,-,b,-,b,-,b,b,b,b,b,b,b,-,-,b,b,b,-,b,b,-,b,b,-,-,-,-,b,-,-,-,-,b,b,b,b,-,a,a,a,a,a,-,-,-,a,-,-,a,a,a,-,-,-,a,-,-,a,a,a,a,a,-,-,-,-,a,-,-,-,b,a,a,a,-,a,-,-,-,-,a,-,-,a,-,-,-,a,-,-,-,a,a,-,-,a,-,-,a,-,-,-,a,-,a,-,a,a,-,a,-,a,a,a,-,-,a,a,-,a,a,-,-,-,a,-,-,a,-,a,a,a,-,-,a,-,-,-,-,-,a,a,a,-,b,a,b,a
15,1.1902611,1.165,b,-,b,b,-,-,b,b,b,b,b,b,b,b,b,-,b,-,b,b,-,-,-,b,b,b,b,-,-,-,b,b,b,b,b,b,b,b,b,b,b,b,b,b,-,b,b,b,-,-,-,b,b,b,-,-,b,-,b,b,-,b,b,-,b,b,-,b,b,b,b,-,a,-,a,a,a,a,a,-,-,-,a,-,a,a,a,a,a,-,a,a,a,a,-,a,-,-,a,a,a,a,a,b,b,b,a,a,a,a,a,a,a,a,-,a,a,a,-,-,a,a,-,-,-,-,a,-,-,-,a,a,a,-,a,a,a,a,a,a,-,a,a,a,b,-,-,b,-,b,b,b,b,-,b,b,-,b,b,-,b,b,b,b,b,b,b,b,b,b,b,b,b,b,b,b,-,b,b,-,b,-,b,a,a,a,a,a,a,-,a,-,a,-,-,-,a,a,-,a,a,a,a,a,-,a,-,a,a,a,-,a,-,-,a,b,a,a,a,-,a,a,a,a,a,-,b,-,b,b,-,-,b,-,b,a,a,b,b,-,b,b,b,b,b,b,-,b,-,-,b,-,b,-,-,-,b,-,-,-,b,b,b,b,b,a,a,a,a,-,-,-,-,-,-,a,a,a,a,a,a,a,-,a,a,a,a,-,a,a,b,a,b,a,b,b,-,b,-,-,b,b,b,-,b,b,b,b,b,b,b,b,b,b,-,b,b,b,-,-,b,b,-,b,-,b,b,b,-,-,b,b,-,-,a,b,b,b,a,a,a,a,a,a,a,a,-,-,-,a,-,a,a,-,-,a,-,a,-,a,a,a,a,a,a,a,-,a,a,a,-,a,a,a,a,a,a,a,a,-,a,a,a,a,a,-,a,a,a,a,a,a,a,-,a,a,a,a,-,a,-,-,-,a,a,a,a,a,a,a,a,a,a,a,a,-,-,a,a,a,a,a,a,-,a,a,a,a,-,a,a,a,-,-,a,-,a,a,-,a,a,-,-,a,a,-,-,a,a,a
16,0.9847548,1.015,-,-,a,a,-,-,a,-,a,a,a,a,a,-,-,-,-,-,a,-,-,-,-,a,a,a,a,-,-,-,-,-,-,-,-,a,a,a,a,a,-,a,-,-,-,-,a,-,-,a,-,-,-,-,-,-,-,-,a,a,-,-,-,-,-,a,-,-,a,-,-,-,-,-,-,-,-,a,-,-,-,-,-,-,-,-,a,a,b,-,b,-,-,-,-,-,-,-,b,b,-,b,b,-,b,b,b,-,b,-,b,b,b,b,-,-,-,-,-,-,-,-,-,-,-,-,-,-,-,-,-,-,-,-,-,-,-,-,b,b,-,-,-,-,-,-,-,-,-,b,-,-,-,-,b,-,-,-,-,-,b,b,b,-,b,b,b,-,-,-,b,b,b,b,b,b,-,b,-,-,b,-,b,a,a,a,-,a,a,-,-,-,-,-,-,-,-,-,-,-,-,-,-,-,-,-,-,-,a,-,-,a,-,-,-,-,a,-,-,-,a,-,-,-,a,-,-,-,a,-,-,-,-,-,-,-,-,-,-,-,-,-,-,-,-,-,-,-,-,-,-,-,-,-,-,-,-,-,-,-,b,b,b,b,b,a,a,a,a,-,-,-,-,-,-,-,-,-,-,-,-,-,-,-,-,a,a,-,a,a,a,a,a,-,-,a,-,-,-,-,a,a,-,-,-,a,-,a,a,a,a,a,a,-,-,-,a,-,-,-,-,a,-,-,-,-,-,-,-,-,-,-,-,-,-,a,a,a,a,a,a,a,a,a,-,-,-,a,-,-,-,a,a,-,-,-,-,-,-,a,a,a,a,a,-,-,-,-,-,-,-,-,-,a,a,a,-,-,-,-,-,-,a,-,-,-,-,-,-,-,-,-,-,-,-,-,-,-,-,-,-,-,-,-,a,-,-,-,-,-,-,a,-,a,a,-,-,-,a,-,-,a,a,-,-,-,a,-,-,a,-,a,-,-,-,-,-,-,-,-,-,-,-,a,a,-,-,a,a,a
17,1.8696411,1.89,-,a,a,b,b,b,b,b,b,b,b,b,a,b,-,-,a,-,a,a,a,a,a,a,a,a,a,a,-,-,-,a,a,-,-,a,a,a,a,a,a,a,a,a,-,a,a,b,-,a,a,-,a,a,a,-,a,a,a,a,-,a,a,a,a,a,-,a,a,a,-,a,a,-,a,-,a,a,a,a,a,a,a,a,a,a,a,a,a,-,a,a,a,b,b,b,b,-,b,b,a,b,b,b,b,b,b,b,b,b,b,a,a,a,a,a,a,a,a,a,a,a,-,a,b,a,b,-,b,-,b,-,b,b,b,b,-,b,b,b,b,b,b,b,-,b,b,b,b,b,-,-,-,a,a,a,-,a,-,a,-,a,a,a,-,a,a,a,a,a,a,a,-,a,a,a,-,a,a,-,a,-,a,a,a,a,a,a,a,-,a,-,a,a,a,a,a,a,a,-,a,a,-,-,a,a,a,-,a,a,a,a,a,a,a,-,a,-,a,a,a,-,-,a,a,a,a,a,a,a,-,a,a,a,-,a,a,a,a,a,-,a,a,a,-,a,a,a,a,-,a,-,a,a,a,a,a,a,a,a,a,a,a,a,a,a,a,a,a,a,a,a,-,a,a,-,a,a,-,-,a,a,-,a,a,-,-,-,a,a,a,a,a,-,a,a,a,a,a,a,a,a,a,a,-,a,a,a,a,a,a,a,a,a,-,a,-,-,a,a,a,a,a,a,a,a,a,b,b,b,b,b,b,b,b,-,b,b,b,b,b,b,b,b,b,b,b,b,b,b,-,b,b,b,-,-,b,b,b,b,b,b,b,b,b,b,-,-,b,b,b,b,b,b,b,b,b,b,-,b,-,-,b,b,b,-,-,b,b,b,b,-,-,b,b,-,-,b,b,b,-,b,b,-,b,-,-,-,b,b,b,b,b,b,b,b,-,b,b,b,b,b,b,b,-,-,b,b,b,b,b,b,b,b,b,-,b,b,-,-,b,b,b,b,b,-,-,b,b,b
18,1.5859228,1.63833,b,b,b,b,b,-,b,b,b,b,b,b,b,b,b,b,b,a,b,b,b,-,b,b,b,b,b,b,-,-,b,-,b,-,b,b,b,b,b,b,b,b,-,b,b,b,b,b,b,b,b,b,b,b,b,-,b,b,b,b,a,a,a,-,a,a,a,a,a,-,-,a,a,a,a,-,a,a,a,a,a,a,a,a,a,a,a,a,a,a,a,b,b,b,b,b,b,b,b,b,b,b,b,b,b,b,b,b,b,b,b,b,b,b,a,b,-,b,b,-,b,b,b,-,-,b,b,b,-,b,b,-,b,b,-,a,a,a,-,a,a,a,a,a,a,a,a,a,a,a,a,-,-,a,a,a,a,a,-,a,a,a,a,a,a,a,a,a,a,a,a,a,a,a,a,a,a,a,a,a,a,a,a,a,-,-,a,a,a,-,-,a,a,a,b,a,a,a,a,a,b,a,a,a,-,a,-,a,a,a,a,a,-,a,a,a,a,a,a,a,a,a,-,-,a,a,a,a,a,a,a,-,a,a,-,b,b,-,-,b,b,-,b,b,-,b,b,b,b,b,b,b,-,b,b,b,b,b,b,b,b,b,b,b,b,b,b,b,b,b,b,b,b,b,b,-,b,b,b,b,b,b,b,b,b,b,b,b,b,b,b,b,b,b,b,b,b,b,b,-,b,b,b,-,-,b,b,b,b,b,b,b,b,b,b,b,b,-,b,b,b,b,b,b,-,b,b,-,-,b,-,b,b,b,b,b,b,b,b,b,b,b,b,b,-,b,-,b,b,b,b,b,b,b,b,b,b,b,-,b,b,b,b,b,b,b,b,b,b,-,b,b,b,b,b,b,-,-,b,b,b,b,b,b,b,-,b,a,a,a,a,a,a,b,a,a,a,a,-,a,-,a,a,-,a,b,-,a,a,-,-,a,b,b,b,b,b,b,b,-,b,b,b,b,b,b,b,b,b,b,b,b,b,b,b,b,b,b,b,b,b,b,b,b,b,b,b,b,b,b
19,1.5035316,1.5,b,b,b,b,b,b,b,-,b,b,b,b,b,-,b,b,b,b,b,-,-,-,b,b,b,b,b,-,-,b,-,-,-,a,a,a,a,b,b,b,b,b,-,-,a,a,a,a,a,a,-,a,a,-,-,a,-,a,a,a,-,a,a,-,-,b,-,-,a,-,-,a,a,a,-,-,-,a,b,b,-,b,b,b,b,b,b,b,b,b,b,b,-,b,-,b,b,b,b,b,a,b,a,-,a,a,a,a,a,a,a,a,a,a,a,a,-,a,-,-,-,-,-,a,-,a,-,-,-,-,-,-,-,a,a,a,a,-,a,a,a,-,a,-,a,-,a,a,-,a,-,a,-,a,a,a,-,a,-,a,a,a,a,a,a,a,a,b,b,-,b,b,b,b,-,b,b,b,b,b,b,b,b,a,a,a,a,a,a,-,-,-,-,-,-,b,b,-,b,-,-,b,b,b,-,b,b,b,b,-,b,b,b,-,b,b,b,-,b,b,b,b,b,-,b,b,-,-,-,a,b,b,-,-,-,-,b,b,b,b,-,b,-,-,b,b,b,-,-,-,b,b,-,b,b,b,b,b,-,b,b,b,b,b,b,a,a,a,a,a,a,a,-,a,-,a,a,a,-,-,-,-,-,a,b,a,a,-,b,b,b,b,b,-,b,b,-,-,-,-,b,b,b,b,b,b,b,b,b,b,b,b,b,-,-,b,a,-,b,b,b,b,-,-,b,b,b,-,b,b,b,b,-,b,-,b,b,b,b,b,a,a,a,a,-,a,-,-,a,-,a,a,a,-,a,a,a,a,-,a,a,a,a,a,a,-,a,a,-,a,a,-,a,b,-,b,-,-,-,b,b,-,b,b,b,-,-,a,b,b,b,b,b,b,-,-,-,b,b,b,-,-,b,-,b,b,b,-,b,b,-,b,-,b,b,-,b,b,b,-,b,b,b,b,b,b,b,b,b,b,b,b,b,b,-,b,b,b,b,b,b,b,-,b,b,b,b,b,b,b
20,1.7890489,1.86167,-,-,a,a,-,-,a,-,a,a,a,a,a,-,a,-,-,-,b,-,-,-,-,b,a,a,a,-,-,b,-,-,-,-,a,a,a,a,a,a,-,a,a,-,a,-,a,-,-,a,-,a,a,-,-,-,-,a,a,a,a,-,-,-,a,-,-,-,a,-,-,a,-,-,-,-,-,a,-,-,-,-,-,-,-,-,b,b,b,-,a,-,-,b,b,-,-,-,b,b,-,b,-,-,a,a,a,a,a,a,b,b,b,b,b,-,-,-,-,b,b,-,-,-,-,-,-,-,a,-,-,-,-,a,-,-,-,a,a,-,-,a,a,a,-,-,a,a,a,a,a,a,-,-,a,-,-,a,-,-,-,a,a,a,a,a,a,-,-,-,-,a,a,a,-,a,-,a,a,-,a,a,a,-,-,a,a,a,a,-,-,a,-,-,-,-,a,a,-,-,-,-,-,-,a,-,-,-,a,-,-,a,-,-,a,a,b,a,-,-,b,b,b,-,b,-,-,-,b,-,-,-,b,-,-,-,-,b,-,-,b,-,-,-,-,-,-,-,b,b,-,b,-,-,-,-,-,-,-,b,b,b,b,-,b,a,b,b,b,-,-,-,-,b,-,b,-,-,b,-,-,-,-,-,-,b,-,-,b,b,b,b,b,-,-,-,a,a,-,a,a,a,-,-,-,a,a,a,a,a,a,a,a,-,a,-,-,-,a,a,-,a,-,a,a,-,-,-,-,a,a,-,-,-,b,b,b,b,b,-,b,b,b,b,-,-,b,b,-,-,b,-,a,-,-,-,a,a,-,a,-,-,-,a,-,-,-,-,-,-,a,-,-,a,a,-,a,a,-,a,-,a,a,a,-,a,a,a,-,-,a,-,-,-,-,-,-,-,-,-,-,-,-,a,-,b,-,-,b,b,-,a,-,a,a,-,-,a,a,-,-,a,a,-,-,-,a,-,b,b,b,b,-,-,b,b,-,-,-,-,-,-,-,b,b,-,-,b,b,b
21,0.7344925,0.805,-,-,b,b,b,a,-,a,a,a,a,a,a,a,a,a,a,a,a,-,-,a,-,a,a,a,a,a,a,a,-,a,a,a,a,a,a,a,a,a,a,a,a,-,a,-,a,b,-,a,a,a,a,-,a,-,a,a,a,a,a,a,a,a,a,b,a,a,a,a,a,-,a,b,a,b,-,b,a,a,a,a,a,-,a,a,a,a,a,a,a,a,a,a,a,a,-,a,a,a,a,a,a,b,b,b,a,a,a,-,a,a,a,a,a,a,a,a,a,a,a,a,a,a,a,a,a,a,a,a,a,-,a,a,a,a,a,a,-,a,-,a,a,a,a,a,a,a,a,a,a,a,a,-,a,a,a,a,a,-,a,a,a,a,a,a,a,a,a,a,b,a,a,a,-,a,-,a,a,a,a,a,a,a,a,a,a,a,a,a,-,a,a,a,a,-,a,a,-,a,a,a,a,a,a,a,a,-,a,-,a,a,a,a,a,a,b,a,a,a,a,a,-,a,a,a,a,b,b,b,b,b,b,-,b,b,b,b,-,-,-,b,-,a,-,a,a,b,-,-,b,b,b,b,b,b,-,b,b,b,b,b,b,b,b,a,b,b,b,b,b,b,b,b,b,-,-,b,b,b,b,b,b,b,b,b,b,b,a,a,a,a,a,a,a,b,a,a,a,a,a,a,a,a,-,a,a,a,a,a,a,a,a,a,a,a,a,-,a,a,a,a,a,-,-,a,a,-,a,a,a,-,-,-,a,a,a,a,a,b,a,a,a,a,-,a,a,-,a,a,a,a,a,a,a,a,a,a,a,a,a,a,a,a,a,a,-,a,-,a,-,-,a,a,a,a,a,a,a,a,a,a,a,a,a,a,a,a,a,a,a,a,-,a,a,a,a,a,a,a,-,a,a,a,a,a,a,-,a,a,a,a,a,a,a,a,a,-,a,a,a,a,a,a,a,a,a,-,a,a,a,a,-,a,a,a,a,a,-,a,a,a,a,a,a,a,a,a,a,a
22,0.6485573,0.73667,-,-,b,b,b,b,b,b,b,b,b,b,b,b,b,b,-,b,b,b,b,-,b,b,b,b,b,b,-,b,-,b,-,b,b,b,b,b,b,b,b,b,b,-,-,b,b,b,b,b,-,b,-,b,-,b,-,-,b,b,b,a,-,-,b,-,a,-,a,a,-,-,a,a,a,-,a,a,a,a,-,a,a,a,a,-,a,a,a,-,a,a,a,a,-,a,-,-,a,a,-,a,-,-,a,a,a,a,a,-,a,a,a,a,a,-,-,a,-,a,a,a,-,a,a,-,a,a,a,a,a,-,a,-,a,-,a,-,a,-,a,a,a,a,-,-,a,a,a,a,-,-,a,a,a,a,a,a,-,a,a,a,a,-,a,a,a,-,-,-,-,a,a,a,a,a,a,a,a,a,a,-,a,a,a,a,a,a,a,a,-,a,a,a,a,a,a,-,a,a,a,-,a,a,-,-,a,a,a,-,a,a,a,a,-,-,a,-,a,a,a,a,-,a,a,a,a,a,b,-,b,-,-,b,b,b,b,b,-,-,b,b,b,b,-,-,-,-,b,-,-,b,b,-,b,-,-,-,-,b,b,b,b,-,b,b,b,b,b,b,-,b,b,-,b,b,b,b,b,b,b,-,-,b,-,b,b,a,a,a,a,a,a,-,-,-,-,-,-,a,a,a,a,a,a,a,a,a,a,a,a,a,a,-,a,a,a,a,-,a,-,a,a,-,a,-,a,-,a,a,a,-,-,-,-,a,-,a,a,-,a,a,a,a,a,a,a,a,-,-,a,a,a,-,a,a,-,a,-,a,a,a,a,a,a,a,a,-,-,a,a,a,a,a,a,a,a,a,a,-,-,a,a,-,a,-,a,-,a,a,-,a,-,-,a,a,-,a,a,-,a,a,a,a,a,a,a,-,-,-,a,a,-,a,a,-,-,-,a,-,a,a,a,-,a,a,a,-,a,a,a,a,-,-,a,a,-,-,a,a,-,a,-,a,a,-,a,a,a,a
23,1.437934,1.485,a,a,a,a,a,-,a,-,a,a,a,a,a,-,a,-,a,a,a,-,a,-,a,a,a,a,a,-,a,a,-,-,a,a,a,a,a,a,a,a,a,a,a,-,-,-,a,a,a,a,-,a,a,a,a,a,-,-,a,a,-,-,b,b,b,b,-,b,b,b,b,-,b,b,b,b,b,b,b,-,-,-,-,b,-,b,b,b,b,b,b,-,-,-,-,-,-,b,b,b,-,b,a,-,a,a,a,a,a,a,a,a,a,a,-,a,-,a,a,-,a,a,-,a,a,-,a,a,a,a,b,-,a,-,-,a,a,a,a,a,-,a,a,-,a,a,a,a,a,a,a,a,a,-,a,-,a,a,a,-,a,a,a,a,a,a,a,a,a,-,b,a,a,a,-,a,a,b,-,b,b,-,b,a,a,b,b,b,b,b,b,b,b,b,-,b,-,-,-,b,-,-,b,b,b,-,b,-,b,b,-,b,b,b,b,b,b,-,-,b,b,b,b,b,b,-,-,-,b,b,-,-,b,b,b,b,-,b,b,b,b,b,-,b,b,-,b,b,-,b,b,-,-,b,b,b,b,b,b,-,b,b,b,b,b,a,b,b,a,-,b,a,a,-,a,a,a,a,a,a,a,a,a,a,-,a,a,-,a,a,a,a,a,-,a,b,a,-,-,a,a,a,a,a,-,a,a,a,a,a,a,a,a,a,-,a,a,a,-,a,-,a,-,a,a,-,a,a,-,a,a,a,-,-,a,a,a,a,a,b,b,b,b,b,b,-,b,a,b,b,a,a,a,-,a,-,a,-,a,a,a,a,a,a,a,a,-,-,-,a,a,a,-,a,a,a,a,a,-,a,-,-,a,a,-,a,b,-,-,-,b,a,b,-,b,a,-,a,a,-,-,a,-,a,a,a,-,a,-,-,a,a,-,a,a,a,-,a,a,-,a,a,a,a,a,a,a,a,a,a,-,a,-,a,-,a,-,a,-,a,-,a,-,a,a,-,a,a,a,a
24,1.8180951,1.88833,-,-,a,a,-,-,-,-,b,b,b,a,b,-,-,-,-,-,b,-,-,-,-,-,a,b,b,-,-,-,-,-,-,-,-,a,b,a,b,b,-,a,-,-,-,-,b,-,-,a,-,-,-,-,-,-,-,-,b,a,-,-,-,-,-,a,-,-,a,-,-,-,-,-,-,-,-,a,-,-,-,-,-,-,-,-,b,b,a,-,b,-,-,-,-,-,-,-,a,a,b,b,a,-,a,b,b,-,b,-,b,b,b,b,-,-,-,-,-,-,-,-,-,-,-,-,-,-,-,-,-,-,-,-,-,-,-,-,b,b,-,-,-,-,-,-,-,-,-,-,-,-,-,-,-,-,-,-,-,-,b,b,b,-,b,a,-,-,-,-,b,b,b,b,b,b,-,b,-,-,b,-,a,b,b,b,-,b,a,-,-,-,-,-,-,-,-,-,-,-,-,-,-,-,-,-,-,-,a,-,-,b,-,-,-,a,a,-,-,-,b,-,-,-,a,-,-,-,a,-,-,-,-,-,-,-,-,-,-,-,-,-,-,-,-,-,-,-,-,-,-,-,-,-,-,-,-,-,-,-,a,a,a,a,a,a,a,a,a,-,-,-,-,-,-,-,-,-,-,-,-,-,-,-,-,a,a,-,a,a,a,a,b,-,-,b,-,-,-,-,a,b,-,-,-,b,-,b,b,b,b,b,b,-,-,-,b,-,-,-,-,b,-,-,-,-,-,-,-,-,-,-,-,-,-,b,a,b,b,a,b,a,b,a,-,-,-,-,-,-,-,a,a,-,-,-,-,-,-,a,a,a,a,a,-,-,-,-,-,-,-,-,-,b,b,b,-,-,-,-,-,-,b,-,a,-,-,-,-,-,-,-,-,-,-,-,-,-,-,-,-,-,-,-,b,-,-,-,-,-,-,b,-,b,b,-,-,-,a,-,-,b,a,-,-,-,b,-,-,b,-,b,-,-,-,-,-,-,-,-,-,-,-,b,b,-,-,b,b,a
25,1.437195,1.47167,-,-,a,a,-,-,a,-,a,a,a,a,a,-,-,-,-,-,a,-,-,-,-,a,a,a,a,-,-,-,-,-,-,a,-,a,a,a,a,a,-,a,-,-,a,a,a,-,-,a,-,-,a,-,-,-,-,b,b,b,b,b,-,-,b,b,b,-,b,-,b,-,-,-,-,-,-,b,-,-,-,-,b,-,b,-,b,b,b,-,b,-,-,-,-,-,-,-,b,b,b,b,b,-,b,b,b,-,b,-,b,b,b,b,-,-,b,-,-,-,-,-,-,-,-,b,-,b,b,-,-,b,-,-,-,-,-,-,b,b,-,b,-,-,-,-,a,-,-,b,-,-,-,-,b,-,-,-,-,-,b,b,b,-,b,b,b,b,b,b,b,b,b,b,b,b,-,b,-,-,b,-,b,a,a,a,-,a,a,-,-,-,-,-,-,-,-,-,-,a,-,-,-,-,-,-,-,-,b,-,-,b,-,-,b,b,b,-,-,-,a,-,-,-,a,-,-,-,a,a,a,a,a,-,-,a,-,-,-,-,-,-,a,a,-,a,a,-,-,-,-,-,-,-,-,b,-,-,-,-,a,a,b,b,b,b,b,b,b,-,-,-,-,-,-,-,a,-,-,-,-,-,-,-,a,a,a,-,a,a,a,a,a,-,-,a,a,-,-,a,-,-,-,-,-,a,-,a,a,a,a,a,a,-,-,a,a,-,-,-,b,a,-,a,-,-,-,a,-,-,-,-,a,-,a,a,a,a,a,a,a,a,a,a,-,-,-,a,a,-,-,a,a,a,a,-,-,-,-,a,a,a,a,a,-,-,-,-,-,-,-,-,-,a,a,a,a,-,-,-,-,-,a,-,-,-,-,-,-,-,-,a,-,-,-,-,-,-,-,b,-,-,-,-,b,-,-,a,-,-,-,a,a,a,a,-,a,a,a,-,a,a,a,a,-,-,a,-,-,a,-,a,-,-,-,-,a,-,-,-,-,-,-,b,b,-,b,b,b,b
26,1.4479247,1.45833,-,b,b,b,b,b,b,-,-,b,-,b,-,b,-,b,b,b,-,b,-,-,b,b,b,b,b,b,b,b,-,a,-,a,a,a,a,a,a,a,a,a,a,a,-,-,a,b,a,a,-,a,a,a,a,a,a,a,a,a,a,a,a,a,a,a,a,a,a,a,b,b,-,b,-,b,b,b,b,-,-,b,b,b,-,-,b,b,b,b,b,b,-,-,-,b,-,b,b,b,b,b,b,b,b,-,b,b,b,b,b,b,b,b,a,b,b,-,-,b,b,b,-,b,-,-,b,b,b,-,-,-,-,b,b,b,b,-,b,b,b,b,b,-,b,b,b,b,-,b,b,b,b,b,b,-,-,-,b,b,b,b,b,-,b,b,b,-,b,b,b,-,b,b,b,-,b,-,-,b,b,b,b,b,b,b,-,b,b,b,-,b,b,b,-,-,-,b,-,b,b,b,b,-,b,b,b,-,-,-,b,b,b,-,b,b,b,b,b,b,b,b,a,-,b,b,b,b,b,b,b,b,b,b,b,b,b,-,b,b,-,-,a,a,-,-,a,a,-,b,-,b,b,-,b,b,-,b,b,b,-,b,-,b,b,a,-,-,a,a,-,-,a,-,a,a,a,a,a,-,-,-,a,-,a,a,a,a,b,b,b,b,b,-,b,b,-,-,b,-,b,b,b,b,b,b,-,b,b,b,b,b,-,-,b,-,b,-,b,b,b,-,b,-,-,b,-,-,-,b,b,b,-,b,-,b,b,b,b,a,a,a,a,-,-,a,-,a,a,a,a,a,a,a,a,-,-,-,-,-,a,a,-,a,-,-,a,a,a,-,a,-,a,a,a,a,-,-,a,a,a,a,a,a,-,-,a,a,a,a,-,a,-,a,-,a,a,a,-,a,a,a,-,a,a,-,a,a,a,-,-,-,-,a,a,-,-,-,a,a,a,a,a,a,-,a,a,a,a,a,-,a,a,a,a,a,-,a,a,-,-,-,a,a,a,-,-,-,a,a
27,1.7346722,1.695,-,-,b,a,-,a,-,-,a,a,a,a,b,a,-,-,-,-,b,-,-,-,-,b,b,b,b,-,b,b,b,-,-,-,b,b,b,b,b,b,b,b,-,b,b,-,b,-,-,b,-,b,b,-,-,-,b,b,b,b,-,-,-,b,b,-,b,-,b,b,b,b,b,-,b,-,-,b,b,-,-,b,-,-,-,b,b,b,b,b,b,-,b,-,-,b,b,-,b,b,-,b,-,-,b,b,b,b,b,-,b,b,b,b,-,-,b,b,-,b,-,b,b,b,b,-,b,b,b,-,-,-,-,-,b,-,b,-,-,-,-,b,b,-,-,-,-,-,b,-,-,a,a,a,a,-,-,a,a,-,a,a,a,-,a,a,a,a,a,b,-,a,a,a,-,b,-,b,b,-,b,-,b,-,-,b,-,b,b,-,b,b,b,-,-,b,b,-,-,-,b,b,b,b,b,b,b,-,b,-,-,b,b,b,a,a,b,a,-,a,a,a,a,-,a,a,a,a,a,-,-,a,a,-,-,-,a,a,-,-,a,a,-,b,-,-,b,b,-,-,-,-,-,-,-,-,-,-,-,-,a,b,b,-,b,a,a,-,a,a,a,a,-,-,a,a,a,-,a,-,-,a,a,-,-,a,a,-,a,a,a,a,a,-,a,-,-,a,a,a,a,a,a,b,-,b,-,b,b,b,b,b,b,-,a,b,-,b,b,b,-,b,b,-,b,-,b,-,b,-,-,b,b,a,-,a,b,a,a,-,a,a,a,a,a,a,-,-,a,a,-,a,a,a,-,a,a,a,a,a,a,a,a,a,a,a,a,-,-,a,-,-,-,a,a,a,a,-,a,-,-,-,a,-,a,-,a,b,-,a,-,-,a,-,-,b,b,b,-,b,-,b,-,-,b,-,-,b,b,b,-,b,-,b,b,-,-,b,b,b,b,b,b,b,-,-,b,-,-,b,-,b,-,b,-,-,-,b,-,-,b,-,-,b,b,b,-,b,b,b
28,1.2014764,1.18,b,b,b,b,-,b,b,-,a,a,a,a,a,a,a,a,-,a,a,a,a,-,a,a,a,a,a,-,-,-,-,a,-,-,a,a,a,a,a,a,a,a,-,-,a,-,a,-,-,a,-,b,a,a,a,-,-,-,a,a,-,a,a,a,-,a,a,-,a,a,a,a,a,-,a,-,a,a,a,-,-,a,-,a,-,a,a,a,a,a,a,a,-,a,-,-,a,a,a,a,a,a,a,-,b,b,b,-,b,b,b,b,b,b,b,b,b,-,-,b,-,b,b,-,b,-,b,-,b,b,-,-,b,-,-,b,b,b,b,b,b,b,b,b,b,b,b,b,b,b,-,-,b,b,-,b,-,-,-,-,b,b,b,-,b,b,-,-,b,b,b,b,b,b,b,b,-,b,b,b,b,-,b,b,b,a,b,a,a,a,-,-,a,-,-,-,a,a,a,a,-,-,a,-,a,-,-,-,a,a,-,a,a,-,a,-,a,-,a,a,a,a,-,a,a,a,a,a,a,a,a,a,a,-,a,a,-,b,-,a,-,a,a,a,-,a,a,a,a,b,a,a,a,a,-,-,-,a,-,a,a,a,a,a,a,a,a,a,a,a,-,-,-,a,a,a,-,-,a,a,a,a,-,a,-,a,a,-,a,a,a,a,a,-,-,a,a,a,a,a,a,a,-,a,a,a,-,a,a,a,a,a,a,a,-,a,a,a,a,a,-,a,-,a,a,a,a,-,a,a,-,a,-,-,a,a,a,a,a,a,a,b,b,a,a,-,-,b,-,-,b,b,a,-,a,a,-,-,-,a,a,a,a,a,-,-,-,-,a,a,a,a,a,a,a,a,a,-,a,-,-,a,a,a,a,-,a,a,a,a,-,a,-,-,-,a,-,-,-,a,-,-,-,a,a,a,a,-,a,a,-,a,a,a,a,-,-,a,a,a,-,a,a,a,-,-,a,-,-,a,a,a,a,-,-,a,-,-,-,-,a,-,-,a,a,a,a,a,a,a
29,1.9250761,1.95833,-,-,a,a,-,-,a,-,b,a,b,a,a,-,a,a,-,a,a,a,a,a,a,a,a,a,a,a,a,a,a,a,-,a,a,a,a,a,a,a,a,a,a,-,a,a,a,a,-,a,-,a,a,a,a,-,a,a,a,a,a,a,b,b,-,a,b,-,-,b,b,b,b,b,-,b,b,b,b,b,-,b,b,-,b,b,b,b,b,b,b,b,b,b,-,-,-,b,b,b,b,b,b,b,a,a,a,b,a,-,b,a,a,a,a,-,b,b,-,b,b,b,a,-,a,-,a,-,-,a,a,a,a,a,a,a,a,-,a,a,a,a,a,a,-,a,a,a,a,a,a,a,a,a,a,-,a,-,a,a,a,a,a,a,a,a,a,-,-,a,a,a,a,a,a,a,-,a,-,-,a,b,b,a,a,a,a,b,b,b,b,b,b,b,-,-,b,b,-,b,b,b,b,b,b,-,b,-,a,-,b,b,-,b,b,b,b,-,-,-,b,-,a,b,b,-,b,-,a,b,b,-,b,b,b,b,b,b,b,b,b,b,-,b,-,-,-,a,a,a,a,a,a,a,-,b,b,-,b,b,b,b,b,b,b,a,a,b,a,b,-,-,-,-,b,b,b,a,b,-,b,b,b,b,-,a,a,b,a,a,a,b,a,b,b,a,-,a,-,b,b,a,b,-,b,a,b,b,b,b,b,a,a,b,b,b,a,-,a,a,a,a,-,a,-,-,a,-,a,-,a,a,-,-,a,a,a,a,a,b,b,b,b,b,-,-,b,-,b,b,b,a,a,-,-,b,b,b,-,a,a,a,a,a,b,-,b,b,b,b,-,b,-,b,b,b,a,-,a,a,a,a,a,a,a,a,a,a,a,a,a,-,a,a,a,a,a,-,a,a,-,a,a,a,b,a,a,-,-,-,a,b,b,b,b,b,b,-,b,b,-,a,a,-,-,a,a,-,a,a,a,a,a,a,a,-,a,a,b,b,b,-,b,a,a,b,b,a,a,b
30,1.779888,1.72333,b,-,b,b,b,b,b,-,a,a,a,a,a,a,-,a,-,-,a,a,-,a,a,a,a,a,a,-,a,-,a,-,-,-,a,a,a,a,a,a,a,-,a,a,a,a,a,a,-,a,-,a,a,a,a,-,-,a,a,a,-,a,a,a,a,b,a,a,a,a,-,a,a,a,a,a,a,a,a,-,a,a,-,a,a,a,a,a,a,a,a,a,-,-,-,-,a,-,a,a,a,a,a,b,b,b,b,-,b,b,b,b,b,b,a,b,b,b,b,-,b,-,b,-,-,b,b,b,b,-,-,b,b,b,b,b,b,-,b,a,b,b,b,b,b,b,b,-,b,b,-,-,b,-,b,-,b,b,b,b,b,b,b,-,b,b,b,b,-,b,b,b,b,b,-,b,b,b,-,-,b,-,b,a,a,-,b,a,a,a,a,a,a,a,a,a,-,-,-,a,-,-,a,a,a,a,a,a,a,-,a,a,a,a,-,a,b,-,a,-,a,a,-,-,a,a,a,a,a,a,a,a,a,a,a,a,a,a,a,-,-,a,a,a,a,-,a,-,a,a,-,a,-,-,a,a,a,a,a,-,a,a,a,b,a,a,a,a,a,a,a,-,-,-,-,-,-,a,-,a,a,a,-,a,a,a,a,a,a,a,a,a,a,a,-,b,a,-,-,a,a,a,a,a,a,a,a,a,a,a,a,a,a,a,a,-,a,-,-,-,-,a,a,a,-,-,a,a,a,a,-,-,a,-,-,a,a,a,a,b,a,b,b,a,-,-,a,b,-,b,b,b,a,-,a,a,-,-,a,a,a,-,a,a,a,-,a,a,-,a,a,-,-,a,a,a,-,a,-,-,-,a,a,a,a,a,a,-,a,-,-,a,a,a,a,a,a,a,a,a,-,a,-,a,a,a,-,a,a,a,a,a,a,a,a,-,-,a,a,a,a,a,a,a,a,a,a,a,a,a,a,-,a,a,a,a,a,a,a,-,a,-,a,a,a,a,-,a,a,a
31,1.7410113,1.71,-,-,a,a,-,-,a,-,a,a,a,a,a,a,a,a,-,-,a,-,a,-,a,a,a,a,a,a,-,-,a,a,a,a,-,a,a,a,a,a,a,a,a,a,-,a,a,-,-,b,-,a,a,a,-,-,-,-,a,a,-,-,a,-,-,a,-,a,a,-,-,-,-,-,b,-,b,b,b,b,-,b,b,b,-,b,b,b,b,b,b,-,-,b,-,b,-,b,b,b,b,b,b,-,a,a,a,-,a,-,a,a,a,a,a,-,-,a,-,-,a,-,-,a,-,-,a,a,a,-,-,-,-,-,a,-,a,-,a,a,-,a,-,a,a,a,-,-,a,a,a,-,-,-,a,a,-,-,-,a,a,a,a,-,a,a,a,-,a,a,a,a,a,a,a,a,-,a,-,a,a,-,a,a,a,a,a,a,a,a,a,a,-,a,-,a,a,a,-,-,-,-,-,-,-,a,-,a,a,-,a,a,-,-,-,-,a,a,a,-,b,-,b,-,b,-,b,b,b,-,-,-,b,-,b,-,b,b,-,-,-,b,-,b,b,b,-,b,-,-,-,a,-,-,a,-,a,a,-,a,a,a,a,a,a,a,a,a,a,-,-,-,-,a,a,-,-,-,-,a,a,-,a,a,-,a,a,a,a,a,a,a,a,a,a,a,-,a,a,a,a,a,-,-,-,a,a,a,a,a,a,a,a,a,a,-,a,-,-,a,a,a,a,-,-,-,a,-,-,-,a,-,-,-,a,a,a,a,a,b,b,b,b,b,b,b,b,b,b,-,-,b,b,-,-,-,-,a,-,a,a,a,a,a,a,-,-,a,a,a,-,a,a,a,a,a,a,a,a,-,a,-,a,a,-,-,-,-,a,a,a,a,a,a,a,a,-,a,a,a,a,-,-,-,a,a,a,-,-,-,-,a,a,a,a,-,-,a,a,a,-,a,a,a,a,a,a,-,a,a,-,a,a,-,-,a,-,a,a,a,a,a,a,a,a,a,-,a,a,a
32,1.6084383,1.63833,-,-,a,a,-,-,a,a,a,a,a,a,a,a,-,-,-,-,a,a,-,-,-,a,a,a,a,-,-,-,-,a,-,-,a,a,a,a,a,a,-,a,-,-,-,-,a,a,a,b,-,-,-,-,b,-,-,b,b,b,b,-,-,-,-,b,a,-,a,-,-,a,-,a,-,-,-,a,b,-,-,-,-,-,-,b,b,b,b,-,b,-,-,-,-,-,-,-,b,b,a,b,a,-,b,b,b,-,b,-,b,b,b,b,-,-,b,-,-,b,-,-,-,-,-,b,-,-,-,-,-,a,a,-,-,-,-,-,b,a,b,-,-,-,-,-,-,a,a,-,-,a,a,-,a,-,-,-,-,-,a,a,a,a,a,a,a,-,-,-,b,a,a,a,a,a,-,a,-,-,b,-,a,a,a,b,b,a,a,-,-,a,-,-,-,-,-,-,-,-,-,a,-,a,-,-,a,a,b,-,-,b,-,-,-,b,b,-,-,-,b,-,a,-,b,b,-,-,b,-,-,-,-,b,-,b,-,-,-,-,-,-,-,-,-,-,-,-,-,-,a,a,-,-,b,b,-,-,b,b,a,a,b,b,b,b,b,b,b,b,-,b,b,b,-,b,-,-,-,-,-,-,-,-,b,b,b,b,b,b,b,b,b,-,-,b,b,-,-,-,b,b,-,b,-,b,-,b,b,b,b,b,b,-,b,b,a,-,b,-,-,b,-,-,-,-,b,-,b,-,-,-,-,-,a,a,b,a,a,b,a,a,a,a,-,-,a,-,-,a,a,a,a,-,a,-,-,a,-,a,a,a,a,a,-,-,-,-,-,a,-,-,-,a,a,a,a,-,a,-,-,-,a,-,a,a,-,-,b,-,-,-,b,-,-,-,-,b,b,b,-,-,b,-,b,-,-,-,-,-,-,b,b,a,a,a,-,-,a,a,a,a,a,a,a,a,a,-,-,a,-,a,a,-,-,-,b,-,-,-,-,b,-,b,b,-,b,b,b,b
33,1.54826,1.57,-,-,a,a,-,-,a,-,a,a,a,a,a,-,-,-,-,-,a,-,-,-,-,a,a,a,a,-,-,-,-,-,-,-,-,a,a,a,a,a,-,a,-,-,-,-,a,-,-,a,-,-,-,-,-,-,-,-,b,b,-,-,-,-,-,b,-,-,b,-,-,-,-,-,-,-,-,b,-,-,-,-,-,-,-,-,b,b,b,-,b,-,-,-,-,-,-,-,b,b,b,b,b,-,b,b,b,-,b,-,b,b,b,b,-,-,-,-,-,-,-,-,-,-,-,-,-,-,-,-,-,-,-,-,-,-,-,-,a,a,-,-,-,-,-,-,-,-,-,a,-,-,-,-,a,-,-,-,-,-,-,a,a,-,a,a,a,-,-,-,a,a,a,a,a,a,-,a,-,-,a,-,a,b,b,b,-,b,b,-,-,-,-,-,-,-,-,-,-,-,-,-,-,-,-,-,-,-,b,-,-,b,-,-,-,b,b,-,-,-,b,-,-,-,b,-,-,-,b,-,-,-,-,-,-,-,-,-,-,-,-,-,-,-,-,-,-,-,-,-,-,-,-,-,-,-,-,-,-,-,b,b,b,b,b,a,a,a,a,-,-,-,-,-,-,-,-,-,-,-,-,-,-,-,-,a,a,-,b,b,b,b,b,-,-,b,-,-,-,-,b,b,-,-,-,b,-,b,b,b,b,b,b,-,-,-,b,-,-,-,-,b,-,-,-,-,-,-,-,-,-,-,-,-,-,b,b,b,b,a,a,a,a,a,-,-,-,-,-,-,-,a,b,-,-,-,-,-,-,b,b,b,b,b,-,-,-,-,-,-,-,-,-,b,b,b,-,-,-,-,-,-,b,-,b,-,-,-,-,-,-,-,-,-,-,-,-,-,-,-,-,-,-,-,b,-,-,-,-,-,-,b,-,b,b,-,-,-,b,-,-,a,a,-,-,-,a,-,-,a,-,a,-,-,-,-,-,-,-,-,-,-,-,a,a,-,-,a,a,-
34,1.8407229,1.835,a,a,a,a,a,a,a,a,a,a,a,a,a,a,a,a,a,a,a,a,a,a,a,a,a,a,a,a,a,a,a,a,a,a,a,a,a,a,a,a,a,a,a,a,-,a,a,a,a,-,a,a,a,a,a,a,a,a,a,a,a,a,a,a,a,a,a,a,a,-,a,a,a,a,a,a,a,a,a,a,a,a,a,a,a,-,a,a,a,a,a,a,a,a,a,a,a,a,a,a,a,a,a,b,b,b,b,b,b,b,a,a,a,a,a,a,a,a,a,a,a,a,a,a,a,a,a,a,a,a,b,a,a,-,b,b,b,b,b,b,b,b,b,b,b,b,-,b,b,b,b,b,b,b,b,b,b,b,-,b,b,b,b,b,b,b,b,b,-,b,b,b,b,b,b,b,b,b,b,b,b,b,b,b,b,b,b,b,b,-,b,b,b,b,b,b,b,b,b,b,b,b,b,b,b,b,b,b,b,b,b,b,b,b,b,b,b,a,a,a,a,a,a,a,a,a,a,a,a,a,a,-,a,a,a,a,a,a,a,a,a,a,a,a,a,a,a,a,a,a,a,a,a,a,a,a,a,a,a,a,a,a,a,a,a,a,a,a,a,b,a,a,a,a,a,a,a,a,a,a,a,a,a,a,a,a,a,-,a,a,a,a,a,a,a,a,a,a,a,a,a,a,a,a,-,a,a,a,b,b,b,b,b,b,b,b,b,b,b,b,b,b,b,b,b,b,b,b,b,b,b,b,b,b,b,b,b,b,b,b,b,b,b,b,b,b,b,b,b,b,b,b,b,b,b,b,b,b,b,b,b,b,b,b,b,b,b,-,b,-,b,b,b,b,b,b,b,b,b,b,b,b,b,b,b,b,b,a,a,a,a,a,a,a,a,a,a,a,a,a,a,a,a,a,a,a,a,b,b,b,b,a,-,a,a,a,a,a,a,a,a,a,a,a,a,a,a,a,a,a,a,a,a,a,a,a,a,a,a,a,a,a,a,a,a,a,a,a,a,a
35,1.5684178,1.555,a,a,a,a,a,a,-,a,a,a,a,a,a,a,a,a,a,a,a,a,a,a,a,a,a,a,a,-,a,a,a,a,a,a,a,a,a,a,a,a,a,a,a,a,b,b,b,b,b,b,b,b,b,b,b,-,a,a,a,a,a,a,a,a,a,a,a,a,a,b,b,b,b,b,b,b,b,b,b,b,b,b,-,b,b,b,b,b,b,b,b,b,b,-,b,b,b,b,b,b,b,b,b,a,a,a,a,-,a,a,a,a,a,a,a,a,a,a,a,-,a,a,a,a,a,a,a,a,a,-,a,a,a,a,a,a,a,a,a,a,a,a,a,a,a,a,a,a,a,-,a,a,a,a,a,a,a,-,a,a,a,a,a,a,a,a,a,b,b,b,b,b,b,b,b,b,b,b,-,b,b,b,b,a,a,a,-,a,a,a,a,a,a,a,a,b,-,b,b,-,b,b,-,b,b,b,b,-,a,a,a,a,a,a,-,a,a,a,a,a,a,a,a,a,a,a,a,a,b,b,b,b,b,b,b,b,b,b,b,b,b,-,b,b,-,b,b,-,b,b,b,-,b,b,b,b,-,b,b,b,b,b,b,b,b,a,a,a,a,a,a,a,a,a,a,a,a,a,a,a,a,a,a,a,a,a,a,b,a,a,a,a,a,a,a,a,a,a,a,a,a,a,-,a,a,a,-,a,a,a,a,a,a,a,a,-,a,a,a,a,a,a,a,a,a,-,a,a,-,a,a,a,a,a,a,a,a,a,a,b,b,b,b,b,b,b,-,b,-,b,-,b,b,b,b,b,b,-,b,b,b,b,b,b,b,b,b,b,b,b,b,-,b,b,b,b,b,b,b,b,b,b,b,b,b,b,a,-,a,a,a,a,a,-,a,a,a,a,a,a,a,a,a,b,a,a,a,a,a,a,a,a,a,a,a,a,a,a,a,a,-,a,a,a,a,a,a,a,a,a,a,a,-,a,a,a,a,a,a,a,a,a,a,a,a,a,a,a,a,a
36,1.7117697,1.765,a,a,a,a,a,a,a,a,a,a,a,a,a,a,a,a,a,a,a,a,a,a,a,a,a,a,a,-,a,a,a,b,b,b,b,b,b,a,a,a,a,a,a,a,a,a,a,a,a,a,a,a,a,a,a,a,a,a,a,a,a,-,a,a,a,a,a,a,a,-,a,a,a,a,a,-,a,a,a,a,a,a,a,a,a,a,a,a,a,-,a,a,a,a,a,a,a,a,a,a,a,a,a,b,b,b,b,-,b,b,b,b,b,b,b,b,b,b,b,b,b,b,b,b,b,b,b,-,b,-,a,a,a,a,a,a,a,-,-,a,a,a,a,b,a,a,a,a,a,a,a,a,a,a,a,a,a,a,-,a,a,a,a,a,a,a,a,b,b,b,b,b,b,b,b,b,b,b,b,b,a,a,b,b,b,b,b,b,b,b,b,b,b,b,b,b,b,b,b,b,b,b,b,b,-,b,b,b,b,b,b,b,b,b,b,b,b,b,b,b,b,b,b,b,b,b,b,b,b,b,b,b,b,b,b,b,b,b,b,b,b,b,b,b,b,-,b,b,b,b,b,b,b,b,b,b,b,b,b,b,b,b,b,b,b,b,b,b,b,b,b,b,b,b,b,b,b,b,b,b,b,b,b,b,b,b,b,b,b,b,b,b,b,b,b,b,b,b,b,b,b,b,b,b,b,b,-,b,b,b,b,b,b,b,b,b,b,b,b,b,b,b,-,b,b,b,b,b,b,b,b,b,b,b,b,b,b,b,b,b,b,b,b,b,b,b,b,b,b,b,b,b,b,b,b,b,b,b,b,b,b,b,b,b,b,b,b,b,-,b,b,b,b,b,b,a,-,b,b,a,a,b,b,a,b,b,b,a,b,-,b,b,b,b,-,b,b,b,b,b,b,b,b,b,b,b,b,b,b,b,b,b,a,b,b,-,b,b,b,b,b,b,b,b,b,b,b,b,b,b,b,b,b,b,b,b,b,b,b,b,b,b,b,b,b,b,b,b,b,b
37,1.1022825,1.16667,a,a,a,a,a,-,a,a,a,a,a,a,a,-,a,a,-,a,a,a,a,a,a,a,a,a,a,a,-,-,-,-,a,a,a,a,a,a,a,a,a,a,a,a,a,a,a,b,a,a,a,b,-,a,a,a,a,a,a,a,-,b,b,b,b,b,-,b,b,-,b,a,a,a,a,a,-,a,a,a,a,a,-,a,a,a,a,a,a,a,a,a,a,a,a,a,a,a,a,a,-,-,a,a,a,a,a,a,a,-,a,a,a,a,a,a,a,a,a,a,a,a,a,a,a,a,a,a,a,-,b,-,b,-,b,b,-,b,b,b,b,b,b,b,b,b,b,b,b,b,b,-,-,-,b,b,b,-,-,-,b,b,b,b,b,b,b,b,b,b,b,b,b,b,b,b,b,b,b,b,b,b,b,a,a,a,a,a,a,-,a,a,a,a,a,a,a,a,a,a,a,a,a,a,a,a,-,a,b,b,b,b,-,b,b,b,b,b,b,b,b,-,b,-,b,b,b,b,b,-,b,-,b,b,-,b,-,b,-,b,b,-,-,b,b,-,b,b,b,b,b,b,b,b,b,b,b,b,b,-,b,b,b,b,b,a,a,a,a,a,a,a,a,-,-,-,a,b,a,b,b,b,b,b,b,b,b,b,b,b,b,b,b,b,b,b,b,b,b,-,b,b,b,-,b,b,b,b,b,b,-,b,b,b,-,b,-,-,b,b,b,b,b,b,-,b,b,-,-,b,b,b,b,b,b,b,b,b,b,b,b,b,b,b,b,b,-,b,b,b,b,b,b,b,b,b,b,b,b,b,b,b,b,b,b,b,b,b,b,-,b,b,b,b,b,b,b,-,b,b,b,-,b,b,b,-,-,a,b,b,b,b,-,b,b,b,b,b,b,b,b,b,b,-,b,b,-,b,b,b,-,b,b,b,b,b,b,b,b,b,b,b,b,b,b,b,b,b,-,-,b,a,a,a,a,a,a,a,a,a,a,a,a,a,a,a,a,a,a,a
38,1.4876097,1.555,-,-,a,a,-,-,a,-,a,a,a,a,a,-,-,-,-,-,a,-,-,-,-,a,a,a,a,-,-,-,-,-,-,-,-,a,a,a,a,a,-,a,-,-,-,-,a,-,-,a,-,-,-,-,-,-,-,-,b,b,-,-,-,-,-,b,-,-,b,-,-,-,-,-,-,-,-,b,-,-,-,-,-,-,-,-,-,b,b,-,b,-,-,-,-,-,-,-,b,b,-,b,b,-,b,b,-,-,-,-,b,b,b,-,-,-,-,-,-,-,-,-,-,-,-,-,-,-,-,-,-,-,-,-,-,-,-,-,b,b,-,-,-,-,-,-,-,-,-,b,-,-,-,-,b,-,-,-,-,-,b,b,b,-,b,b,b,-,-,-,b,b,b,b,b,b,-,b,-,-,b,-,b,a,a,a,-,a,a,-,-,-,-,-,-,-,-,-,-,-,-,-,-,-,-,-,-,-,b,-,-,b,-,-,-,b,b,-,-,-,a,-,-,-,a,-,-,-,b,-,-,-,-,-,-,-,-,-,-,-,-,-,-,-,-,-,-,-,-,-,-,-,-,-,-,-,-,-,-,-,a,a,a,a,a,b,b,b,b,-,-,-,-,-,-,-,-,-,-,-,-,-,-,-,-,a,a,-,a,a,a,a,a,-,-,a,-,-,-,-,a,a,-,-,-,-,-,a,a,a,a,-,-,-,-,-,a,-,-,-,-,a,-,-,-,-,-,-,-,-,-,-,-,-,-,a,a,a,a,a,a,a,a,a,-,-,-,a,-,-,-,-,-,-,-,-,-,-,-,a,-,a,a,a,-,-,-,-,-,-,-,-,-,a,a,a,-,-,-,-,-,-,a,-,a,-,-,-,-,-,-,-,-,-,-,-,-,-,-,-,-,-,-,-,b,-,-,-,-,-,-,a,-,-,a,-,-,-,a,-,-,a,a,-,-,-,a,-,-,a,-,a,-,-,-,-,-,-,-,-,-,-,-,b,b,-,-,b,b,b
39,0.9971195,0.98667,-,-,b,a,-,b,b,-,a,a,-,a,-,-,-,b,-,-,a,-,-,-,-,a,a,a,a,b,b,b,-,-,b,b,-,a,a,b,b,b,a,b,a,a,a,a,b,-,-,b,a,a,a,a,-,a,a,a,b,b,-,a,a,-,b,b,b,b,a,b,b,b,-,b,b,-,-,b,-,-,b,-,b,b,-,-,a,a,a,-,a,-,-,b,-,-,-,b,a,a,-,a,a,a,a,a,a,-,a,b,a,a,a,a,-,-,-,b,b,b,b,-,b,-,b,b,b,b,b,-,b,b,-,b,-,-,b,-,b,a,-,b,-,b,b,-,b,b,b,b,b,b,b,b,b,b,-,-,b,-,-,b,b,a,-,b,b,-,a,a,b,-,-,b,b,b,a,b,a,a,b,-,b,-,a,a,-,a,a,b,b,-,b,b,b,-,-,b,-,b,-,-,b,-,b,-,b,-,a,-,b,a,b,-,-,-,-,-,-,b,a,b,b,b,a,-,-,b,a,b,b,-,-,b,-,b,-,-,b,b,b,b,b,b,b,b,b,-,b,b,-,-,-,b,-,b,-,b,-,b,a,a,-,a,a,a,-,a,a,-,b,b,-,-,a,a,a,a,-,-,a,a,a,a,-,-,-,a,a,a,a,a,a,-,-,a,a,-,a,a,a,a,a,-,-,a,b,a,a,a,a,a,-,b,b,b,-,b,-,-,b,a,b,b,-,b,b,b,b,-,b,-,b,b,-,a,a,a,a,a,a,a,a,a,-,-,b,-,b,b,-,a,a,-,-,-,a,a,a,-,a,a,-,a,a,-,-,-,a,-,a,-,a,a,a,a,a,-,a,a,a,a,a,-,-,-,a,a,-,-,-,a,-,a,-,a,-,a,-,a,a,-,a,a,a,-,a,a,-,-,-,-,-,-,a,a,-,a,a,a,a,a,a,a,-,a,a,-,-,a,b,a,-,b,b,-,b,b,b,b,-,b,b,a,a,b,b,-,a,a
40,1.274322,1.36,-,b,b,b,-,-,-,-,b,b,b,b,b,b,-,b,-,-,b,-,-,-,b,b,b,b,b,b,-,-,-,-,-,-,-,b,b,a,a,a,-,a,a,-,-,-,a,a,-,a,a,a,a,-,a,-,-,a,a,a,-,-,a,b,b,a,-,-,b,b,-,-,-,b,-,-,-,b,b,-,-,b,-,-,b,b,b,b,b,-,b,b,b,b,-,-,-,b,b,b,b,-,b,-,a,a,a,a,b,-,b,b,b,b,a,-,b,b,b,-,-,-,b,b,b,-,b,b,-,-,-,-,-,b,-,-,b,-,b,b,b,-,-,-,b,-,b,b,b,-,-,b,b,b,b,-,b,-,b,-,b,b,b,a,b,b,a,-,-,-,a,a,a,a,a,a,a,a,a,-,a,a,a,b,b,b,b,b,b,b,-,-,-,b,-,b,-,b,b,-,-,b,b,b,-,b,-,-,b,-,b,b,b,-,b,b,b,b,-,-,b,b,-,-,b,-,-,b,b,b,b,-,-,-,-,b,-,b,-,-,-,b,-,b,b,b,b,b,b,b,-,-,-,b,-,-,-,-,-,b,b,b,b,b,b,b,b,b,a,-,-,-,-,a,a,a,a,-,-,-,-,-,-,a,-,a,a,a,a,a,a,a,a,a,-,a,-,-,a,-,a,a,-,a,b,b,-,b,b,b,-,b,b,b,-,b,b,-,-,-,-,b,-,-,b,-,-,b,b,b,-,-,b,-,b,-,b,b,b,b,b,b,b,b,-,-,b,-,-,b,-,a,a,-,a,-,a,a,a,a,a,a,a,a,a,-,-,-,-,a,a,-,-,a,a,a,-,-,a,-,-,a,a,-,a,-,-,a,-,-,-,a,-,a,a,-,a,a,a,a,-,-,-,a,a,a,a,-,b,b,-,a,a,a,a,-,-,-,a,-,-,a,a,a,a,-,b,b,-,-,-,b,b,-,-,b,-,-,-,-,b,b,-,b,b,-,-,b,b,b
41,1.4867513,1.49833,-,-,a,a,-,a,a,-,a,a,a,a,a,a,a,-,-,a,a,-,a,a,-,a,a,a,a,a,a,-,a,a,a,-,a,-,a,a,a,a,a,a,-,-,-,-,b,b,b,-,-,-,b,-,-,-,b,b,b,b,b,b,b,-,b,b,b,-,a,a,-,a,-,a,-,a,-,a,a,a,a,-,-,a,-,-,a,a,a,a,a,-,-,-,a,a,-,a,a,a,a,a,a,a,a,a,a,-,a,a,a,a,a,a,a,-,a,a,-,a,-,-,-,-,-,a,a,a,a,a,-,a,-,a,-,b,-,-,b,b,b,b,b,b,-,-,b,b,-,b,-,-,b,b,b,-,-,b,b,-,b,b,b,-,b,b,b,b,b,b,b,b,b,b,b,b,a,b,b,-,b,-,b,a,a,a,a,a,a,-,-,-,-,a,a,-,-,a,-,a,a,a,-,-,a,a,a,a,a,a,a,a,-,a,-,a,a,-,-,-,a,a,-,a,a,a,-,-,a,-,a,a,a,a,-,a,-,a,a,-,-,a,-,-,-,-,a,-,-,b,-,-,b,b,b,-,b,b,-,b,b,b,b,b,b,a,a,a,a,-,-,-,a,-,-,a,a,b,a,b,-,b,b,-,-,b,b,b,b,b,b,b,b,-,-,b,-,-,b,b,b,b,b,b,b,b,b,b,b,b,b,b,b,b,-,b,b,-,b,-,b,b,b,-,-,b,-,b,b,-,-,-,b,b,b,b,b,b,b,b,b,b,b,b,-,-,b,b,b,-,-,b,b,b,b,-,b,-,-,b,b,b,b,b,b,-,-,-,b,-,b,-,b,b,-,b,-,b,b,-,-,-,b,-,b,b,b,b,-,-,b,b,b,-,-,-,b,b,-,b,-,-,-,-,b,-,b,-,-,-,b,b,b,b,b,-,b,-,b,b,b,b,b,b,-,-,b,-,b,a,b,a,-,a,a,-,-,-,-,a,-,a,-,a,a,a,a,a,a,a
42,0.9702409,0.93,-,a,a,a,a,-,a,-,a,a,a,a,a,-,a,a,-,-,a,a,-,a,-,a,a,a,a,-,a,a,-,-,-,a,a,a,a,a,a,a,-,a,-,-,-,-,a,-,-,a,a,-,-,a,-,-,-,a,a,a,-,-,a,a,-,-,-,-,b,b,b,-,b,-,b,-,-,b,-,-,b,b,-,-,-,-,b,a,b,-,b,-,-,-,a,a,-,a,a,a,-,a,-,-,b,b,b,b,b,-,b,b,b,b,b,-,-,a,-,b,b,-,-,-,-,-,-,a,a,-,a,a,a,a,-,a,-,a,a,-,-,a,a,-,a,a,-,-,-,a,b,-,-,-,b,-,-,b,-,b,b,b,b,b,b,b,b,-,b,-,-,b,b,b,b,b,b,b,b,-,b,b,b,-,-,b,b,b,b,a,b,-,-,-,-,b,-,-,b,b,-,-,-,-,a,-,a,-,a,-,-,a,-,-,-,a,a,-,-,-,a,a,a,-,a,-,-,a,a,a,a,a,-,-,-,-,a,-,a,-,a,-,-,-,a,a,a,-,a,a,-,-,-,b,b,b,-,-,b,b,b,b,b,-,b,a,a,a,a,-,a,-,-,a,-,-,a,a,-,-,a,-,-,a,a,a,a,-,a,a,a,a,a,-,-,-,-,-,-,a,a,a,b,-,-,a,-,a,a,a,a,a,a,-,a,-,-,a,-,a,-,a,-,-,-,-,a,a,a,-,a,-,-,a,a,a,a,a,-,-,a,a,a,a,-,-,a,a,a,-,a,a,a,a,a,-,-,-,-,a,a,a,a,a,-,a,-,a,a,a,-,-,-,a,a,a,a,a,-,-,-,-,a,-,a,-,-,-,-,a,a,a,-,a,-,a,a,a,-,-,b,a,-,-,a,b,b,-,b,-,b,b,b,b,b,-,b,-,b,-,-,b,b,-,-,-,b,b,b,b,b,b,-,-,-,-,-,b,-,-,-,-,-,b,b,b,-,b,b,b
43,1.4713526,1.445,-,a,a,a,-,-,a,-,a,a,a,a,a,-,a,-,-,-,a,a,-,-,-,-,a,-,a,-,-,-,-,-,-,a,a,a,a,-,-,a,a,a,a,a,-,-,b,b,-,a,-,a,-,a,a,-,a,a,-,-,a,a,-,b,b,b,a,a,a,a,-,-,-,-,a,a,-,a,a,a,-,-,-,a,-,-,a,a,a,a,a,-,-,-,a,-,a,-,a,a,a,a,a,b,b,b,b,-,b,b,-,b,b,b,a,-,b,-,b,-,-,b,-,b,b,b,a,a,a,a,a,a,-,b,-,a,-,-,b,-,b,-,b,-,b,-,b,-,b,b,b,-,b,b,b,b,b,b,b,-,b,b,b,b,b,b,b,-,b,-,b,b,b,b,b,b,b,b,b,-,b,b,b,-,-,b,b,b,b,-,b,b,-,-,b,b,b,-,b,b,-,a,-,-,a,a,a,-,a,a,a,a,-,-,-,a,a,a,-,-,a,a,a,-,a,a,a,-,a,a,a,-,a,a,a,-,a,a,a,a,a,a,a,a,a,-,-,a,a,-,-,a,a,-,a,a,a,-,a,a,a,a,a,-,-,a,a,a,a,-,a,-,a,a,a,a,a,a,a,a,-,-,a,a,a,a,a,a,b,b,b,-,b,-,b,b,-,b,-,-,-,-,b,-,-,b,-,b,b,b,b,b,b,-,b,b,a,a,a,-,-,a,-,a,a,-,a,a,a,a,-,a,-,a,b,-,-,a,b,-,-,-,-,a,-,-,a,a,a,a,-,a,a,-,-,-,a,a,a,a,a,a,a,a,-,-,a,a,-,a,-,a,-,a,a,a,-,-,a,a,a,-,-,a,-,-,a,a,a,-,a,-,a,-,-,a,-,a,a,a,-,-,-,-,a,-,a,-,a,a,a,a,a,a,a,b,a,a,-,-,a,a,a,a,-,-,-,a,a,-,a,a,a,-,-,a,-,a,a,a,a,a,-,a,a,a,-,a,a,a
44,0.483779,0.555,b,-,b,a,b,-,a,-,a,a,a,a,a,-,a,-,a,-,a,-,a,-,a,a,a,a,a,-,a,-,a,a,-,-,-,a,a,b,b,b,-,b,b,-,-,b,b,-,-,b,b,b,-,-,-,-,-,-,b,b,-,b,b,b,b,b,-,b,b,b,b,a,-,a,a,-,-,-,a,-,a,a,-,a,a,a,-,-,a,-,a,-,a,-,a,-,-,-,a,a,-,a,a,-,a,a,-,a,-,a,a,a,a,-,a,a,a,a,-,-,a,a,a,a,a,-,-,a,a,-,-,a,a,a,a,-,a,a,a,a,-,-,a,-,a,-,a,a,-,a,-,a,a,a,a,a,a,a,a,-,a,a,a,a,a,a,a,-,a,-,a,a,a,a,a,a,a,a,-,a,a,a,a,b,b,b,b,b,b,b,-,-,b,-,b,b,b,b,b,b,-,-,b,b,b,b,-,-,b,a,-,a,-,a,-,a,a,-,a,a,a,a,-,-,a,a,a,-,a,-,a,a,a,-,a,a,-,-,a,-,-,-,-,b,-,b,-,-,b,-,-,b,-,-,-,b,-,-,b,b,b,b,b,b,b,b,b,b,b,-,-,-,-,-,b,b,a,-,-,a,-,a,a,a,a,-,a,-,a,a,a,a,a,-,-,a,-,-,a,-,a,a,-,-,a,-,a,a,a,a,a,a,a,a,-,-,a,a,a,-,-,a,-,a,a,a,a,a,-,a,a,-,-,a,a,a,a,a,a,a,a,a,a,a,-,-,a,a,-,a,a,-,-,-,a,a,a,a,-,a,-,a,a,a,a,a,a,-,a,a,a,-,-,a,a,a,a,-,a,a,-,a,a,-,a,a,-,a,a,a,a,a,-,a,a,-,a,a,-,-,a,-,-,a,a,-,a,a,a,a,a,a,-,-,a,a,a,a,a,a,a,a,a,a,-,-,a,-,-,a,a,a,-,a,-,-,-,-,-,-,-,a,-,a,a,a,-,a,a,a
45,1.8846909,1.89,-,a,a,a,a,a,-,a,a,a,a,a,a,a,-,a,a,a,a,a,a,a,-,a,a,a,a,a,a,-,-,a,a,a,-,a,a,a,a,a,a,a,-,a,a,-,a,b,a,a,a,a,a,-,-,a,a,a,a,a,a,b,b,b,b,b,-,b,b,b,b,b,-,-,b,-,b,a,a,a,-,-,a,a,-,a,a,a,a,a,a,a,a,a,-,a,a,a,a,a,a,-,a,-,a,a,a,a,a,a,a,a,a,a,a,a,-,a,a,a,a,-,-,a,a,a,b,-,b,b,b,b,-,-,b,-,b,b,-,a,-,b,b,b,b,-,-,b,-,-,-,b,-,-,b,b,b,-,b,b,b,b,b,b,b,b,b,b,-,-,b,b,b,b,b,b,-,b,b,b,b,-,b,a,a,b,-,b,b,b,-,b,b,-,b,-,b,-,b,-,-,-,-,b,b,b,b,-,b,b,b,b,b,b,b,b,b,-,b,-,a,a,a,-,a,a,a,b,b,b,b,b,b,-,b,-,b,b,b,b,b,b,-,-,-,b,-,-,a,b,a,a,-,a,-,b,-,a,a,a,a,a,a,b,a,a,a,a,a,-,a,-,-,a,-,-,-,a,-,-,-,a,a,a,-,a,a,a,a,a,a,a,a,a,a,b,a,b,-,b,b,b,b,-,b,b,b,b,b,b,-,b,b,b,-,b,a,-,b,b,-,b,-,-,-,b,b,b,-,b,b,b,-,-,-,-,b,b,b,b,b,b,b,b,b,b,b,b,b,b,-,b,b,b,b,-,b,b,-,b,b,b,b,b,-,b,-,b,b,b,b,b,-,b,b,b,b,b,b,-,b,-,b,b,b,b,b,a,-,a,-,-,-,a,-,a,-,a,a,a,a,a,-,a,a,a,-,-,a,a,-,a,a,a,a,a,a,a,a,a,-,a,a,-,-,-,a,a,a,-,a,a,a,-,a,a,a,a,-,-,a,a,a,a,a,a,a,a,a,a
46,1.0696446,1.14,b,b,b,b,-,b,b,b,b,-,-,a,-,a,a,a,a,a,-,-,a,-,a,a,a,a,a,-,-,a,-,a,a,a,a,-,a,a,a,a,-,-,a,a,-,-,a,a,a,a,a,-,b,b,-,-,-,b,b,b,-,b,b,b,-,b,-,-,b,b,b,b,-,b,-,-,b,b,b,-,b,b,-,b,b,b,-,b,b,-,b,b,-,a,a,-,a,-,a,a,b,a,a,-,-,-,-,b,-,a,a,a,a,-,a,-,a,-,-,a,-,a,-,-,a,a,a,-,b,b,b,b,-,b,b,b,-,b,b,b,b,-,b,b,b,b,-,-,b,b,b,-,b,b,b,-,-,-,b,b,b,b,b,b,b,b,b,-,b,-,b,b,b,b,b,b,b,b,b,-,b,-,b,a,a,a,-,a,a,a,-,-,a,a,a,-,a,a,-,a,a,-,a,-,-,-,a,a,a,a,-,a,-,a,b,b,b,b,b,-,b,b,a,b,b,-,b,b,b,b,b,-,b,b,b,-,b,b,b,-,-,-,-,b,b,-,-,b,b,-,-,-,a,a,b,b,a,-,b,b,a,a,b,b,b,b,b,b,b,-,b,-,b,b,-,a,a,a,-,a,a,-,a,a,a,a,a,a,a,a,a,a,a,a,a,a,-,-,-,-,a,a,-,-,a,-,a,a,a,a,a,a,a,a,-,a,a,a,a,a,-,a,a,-,-,a,a,a,a,-,a,a,-,-,a,a,a,a,a,a,a,a,a,a,a,-,a,a,-,-,a,-,-,a,a,a,a,-,-,a,-,a,a,a,-,a,a,-,a,a,-,a,a,a,a,a,-,a,-,a,a,a,a,a,-,-,-,a,a,a,-,b,-,a,a,-,b,b,-,b,b,b,a,-,-,-,b,b,-,-,b,b,a,-,a,a,a,-,a,-,a,a,a,a,a,-,a,-,-,a,-,a,-,a,a,a,-,a,a,-,a,-,-,a,a,b,-,a,b,a
47,1.1609207,1.18,-,a,a,a,a,a,-,a,a,a,a,a,a,-,a,a,a,a,a,a,a,-,a,a,a,a,a,a,a,a,-,a,-,-,a,a,a,a,a,a,a,a,-,a,-,a,a,a,-,a,a,b,a,a,a,a,a,a,a,a,a,a,a,-,b,a,b,b,-,-,b,a,a,a,a,-,a,-,a,-,-,a,a,a,-,-,a,a,a,a,a,a,a,-,a,-,a,-,a,a,a,a,a,-,a,a,a,a,a,-,a,a,a,a,-,a,-,a,a,a,a,a,-,-,a,a,a,a,a,a,-,a,a,a,a,a,a,a,-,a,a,a,a,a,a,a,-,a,a,-,a,-,a,a,a,a,-,a,a,a,a,a,a,a,a,a,a,a,a,a,a,a,a,a,a,a,a,a,-,a,a,a,a,b,b,b,b,b,b,b,b,b,b,b,-,b,-,b,b,b,b,-,a,a,-,a,-,a,a,a,a,a,a,-,a,a,a,a,a,a,a,-,-,a,a,-,-,a,b,b,b,b,b,b,b,b,b,b,b,-,-,b,b,b,b,a,-,a,-,-,-,a,-,-,a,a,-,a,-,-,a,a,a,a,a,a,a,a,a,a,a,a,a,-,a,a,a,a,b,b,b,-,b,-,b,b,b,b,b,b,b,b,b,b,b,b,b,b,b,b,b,b,b,-,b,b,b,b,b,b,b,b,b,b,-,-,b,-,b,b,-,b,b,b,b,b,b,b,b,b,b,b,b,b,b,b,b,b,a,a,a,a,a,a,a,a,-,-,a,-,a,a,a,-,-,a,-,-,a,a,a,a,a,a,a,a,-,a,a,-,-,a,-,a,a,a,a,a,a,a,a,a,a,a,a,b,b,b,b,-,b,b,-,-,b,b,-,b,b,b,b,-,b,-,b,b,b,-,b,b,b,b,b,b,b,b,b,b,b,b,b,b,b,b,b,b,b,b,b,b,b,b,-,b,b,b,b,b,b,b,b,b,-,a,-,a,a,a,a,a
48,1.494762,1.5,-,-,b,b,-,-,b,-,b,b,b,b,b,-,-,-,-,-,b,-,-,-,-,b,b,-,b,-,-,-,-,-,-,-,-,b,-,b,b,b,-,b,-,-,-,-,b,-,-,a,-,-,-,-,-,-,-,-,a,b,-,-,-,-,-,-,-,-,b,-,-,-,-,-,-,-,-,b,-,-,-,-,-,-,-,-,b,b,b,-,b,-,-,-,-,-,-,-,b,b,-,b,-,-,b,b,b,-,b,-,b,b,b,b,-,-,-,-,-,-,-,-,-,-,-,-,-,-,-,-,-,-,-,-,-,-,-,-,b,-,-,-,-,-,-,-,-,-,-,b,-,-,-,-,b,-,-,-,-,-,-,b,b,-,b,-,b,-,-,-,-,a,a,a,a,a,-,a,-,-,a,-,a,-,-,b,-,b,b,-,-,-,-,-,-,-,-,-,-,-,-,-,-,-,-,-,-,-,b,-,-,b,-,-,-,b,b,-,-,-,b,-,-,-,b,-,-,-,b,-,-,-,-,-,-,-,-,-,-,-,-,-,-,-,-,-,-,-,-,-,-,-,-,-,-,-,-,-,-,-,b,b,b,-,b,a,a,a,a,-,-,-,-,-,-,-,-,-,-,-,-,-,-,-,-,a,b,-,b,b,b,b,b,-,-,-,-,-,-,-,b,b,-,-,-,b,-,a,a,a,a,a,a,-,-,-,-,-,-,-,-,a,-,-,-,-,-,-,-,-,-,-,-,-,-,b,b,b,b,-,a,a,a,a,-,-,-,a,-,-,-,a,a,-,-,-,-,-,-,a,a,a,a,a,-,-,-,-,-,-,-,-,-,a,a,a,-,-,-,-,-,-,a,-,-,-,-,-,-,-,-,-,-,-,-,-,-,-,-,-,-,-,-,-,a,-,-,-,-,-,-,a,-,a,a,-,-,-,a,-,-,a,a,-,-,-,a,-,-,a,-,a,-,-,-,-,-,-,-,-,-,-,-,a,a,-,-,a,a,a
49,1.9288689,1.945,-,-,a,a,-,-,a,-,a,a,a,a,a,-,-,-,-,-,a,-,-,-,-,a,a,a,a,-,-,-,-,-,-,-,-,a,a,a,a,a,-,a,-,-,-,a,a,-,-,a,-,-,-,-,-,-,a,-,a,a,-,-,-,-,a,a,a,-,a,-,-,-,-,-,-,-,-,b,-,-,-,-,b,-,b,-,b,b,b,-,b,b,-,-,-,-,-,-,b,b,-,b,b,b,b,b,b,-,b,b,b,b,b,b,-,b,-,-,-,-,-,-,-,-,-,-,-,-,-,b,-,-,-,-,-,-,-,-,b,-,b,-,-,-,-,-,b,-,-,b,-,b,-,-,b,-,-,-,-,b,b,b,b,b,b,b,b,-,-,-,b,b,b,b,b,b,-,b,-,-,b,-,b,a,a,a,a,a,a,a,-,-,-,a,-,-,a,-,-,a,-,-,-,-,-,-,a,-,a,-,-,a,-,-,b,b,b,-,-,-,b,-,a,b,b,-,-,-,b,-,-,-,-,-,-,b,b,-,-,-,b,-,-,-,-,-,-,-,-,-,-,-,b,-,-,-,-,-,-,-,b,b,b,b,b,b,a,a,a,b,-,-,-,-,-,b,-,-,-,-,-,-,-,b,-,b,b,-,b,b,b,b,b,-,-,b,-,-,b,-,b,b,b,-,-,b,b,b,b,b,b,b,b,-,-,-,b,-,-,-,-,b,-,-,-,-,-,-,-,b,-,-,-,b,-,b,b,b,b,b,b,b,b,b,-,-,-,b,-,-,b,b,b,-,-,-,-,-,-,b,b,b,b,b,-,-,-,-,-,-,b,-,-,b,b,b,-,b,b,-,-,-,b,-,b,-,-,-,-,-,-,-,-,-,-,-,-,-,-,b,-,-,b,-,b,-,-,-,-,-,-,b,-,b,b,-,-,-,b,-,-,b,b,b,-,-,b,-,-,b,b,b,-,-,-,-,-,-,b,-,-,-,-,b,b,-,-,b,b,b
50,1.9414768,1.83333,a,-,a,a,-,-,a,a,a,a,a,a,a,a,-,-,a,-,a,-,-,-,-,a,a,a,a,a,a,-,a,a,a,a,a,a,a,a,a,a,a,a,-,a,a,a,a,a,-,a,-,-,a,-,-,a,a,a,a,a,a,a,a,a,-,-,-,-,a,b,b,b,b,-,b,b,b,b,b,b,b,-,-,b,b,b,-,b,b,b,b,-,b,b,-,b,-,b,b,b,-,b,-,b,b,b,-,b,-,-,a,a,a,-,a,a,a,a,a,a,a,a,-,a,a,a,-,a,a,a,a,-,a,a,a,a,-,a,a,-,-,a,a,a,-,a,a,a,-,a,-,-,-,a,a,a,-,a,-,a,-,a,a,-,-,a,a,-,a,-,-,a,a,a,a,a,a,a,-,a,a,-,a,-,-,b,b,b,b,b,-,b,-,b,b,b,-,-,b,b,b,b,b,b,-,-,b,b,b,b,b,b,b,b,-,a,b,-,a,a,a,a,a,a,a,a,-,-,a,-,-,a,a,-,a,a,a,a,-,a,a,-,-,a,a,a,a,a,a,b,-,-,-,b,-,b,b,-,b,b,b,b,b,-,b,a,a,a,a,-,a,a,a,-,-,-,a,-,-,a,a,a,a,a,a,-,-,-,a,a,a,a,a,a,a,-,a,a,a,a,a,a,a,a,-,-,a,a,a,a,a,a,a,a,a,a,-,a,a,a,-,a,a,a,-,-,a,-,-,a,a,-,-,-,a,a,a,a,a,-,b,b,b,b,b,b,b,-,-,b,b,-,-,b,b,b,-,-,-,b,-,b,b,-,-,b,-,b,-,b,b,b,b,b,b,b,b,b,-,-,-,-,b,b,b,b,b,b,-,b,b,-,-,b,-,-,b,-,b,-,b,b,b,-,b,-,-,-,-,-,b,b,b,-,b,b,b,-,b,b,b,b,b,b,b,b,b,b,b,b,b,b,b,b,b,b,b,-,-,-,b,b,b,b,b,b,-,b,b,b
51,1.901598,1.835,b,b,b,b,-,b,b,-,a,a,a,a,a,a,-,-,a,-,a,-,-,-,a,a,a,-,a,a,-,a,a,-,a,-,-,a,a,-,a,a,a,b,-,-,a,a,a,-,a,b,a,-,-,a,-,-,-,a,a,a,-,-,a,a,a,b,a,a,b,-,-,a,a,-,-,a,-,b,-,a,a,-,a,-,a,-,b,b,a,a,a,-,a,a,-,-,a,a,b,b,-,a,b,b,a,a,a,-,a,b,b,a,a,a,b,b,-,-,-,b,b,b,-,b,b,b,b,b,-,b,b,-,b,b,b,b,-,-,b,a,b,b,-,b,b,b,b,-,-,b,b,-,b,b,-,b,-,-,-,-,a,a,b,b,a,b,-,-,b,-,a,a,a,a,a,a,b,a,b,b,a,b,b,a,a,a,-,a,a,-,a,-,a,a,a,a,a,-,-,a,a,a,-,a,-,a,a,a,a,a,a,a,a,a,a,-,a,a,a,a,a,a,a,-,a,a,a,a,b,-,a,a,a,-,a,-,-,a,a,a,-,-,-,a,-,a,-,a,a,-,a,a,-,-,-,a,a,-,a,-,b,b,b,b,a,a,a,a,-,-,a,-,-,a,a,a,a,-,-,a,-,a,a,a,-,b,b,-,b,b,b,a,b,a,-,b,a,a,-,-,a,a,-,-,-,b,a,a,-,a,a,b,b,a,-,-,b,-,-,a,-,b,a,a,a,a,-,-,a,a,-,-,-,a,a,a,a,b,b,a,a,b,b,a,a,a,a,b,-,-,b,a,a,-,a,a,-,a,-,a,a,a,a,a,-,a,a,a,-,a,a,a,-,a,a,a,a,-,a,a,-,a,a,a,-,-,a,-,a,a,a,-,-,a,a,-,a,-,a,-,-,a,-,a,b,a,a,a,-,-,a,b,-,b,b,a,-,-,a,-,-,b,a,a,-,a,a,-,-,a,-,a,a,-,a,-,a,a,-,a,a,-,a,a,a,-,-,a,a,a
52,1.591868,1.61167,b,-,b,b,b,-,b,b,b,b,-,b,-,b,-,b,b,b,b,b,b,b,b,b,b,b,b,b,b,-,b,-,b,b,b,b,b,b,b,b,-,b,b,b,-,-,b,b,-,b,b,b,-,b,b,b,b,b,b,b,b,b,b,b,b,-,-,b,b,-,b,b,b,b,b,b,b,b,b,b,b,b,b,b,-,a,a,a,a,a,b,a,a,a,a,a,a,a,a,a,-,a,-,b,b,b,b,b,b,-,b,b,b,b,-,b,-,b,b,-,b,b,b,b,-,b,-,b,b,-,b,-,b,-,b,-,b,-,b,-,b,b,b,b,b,-,-,b,b,b,-,-,-,b,b,b,-,b,b,-,-,b,b,b,-,b,b,b,b,-,-,-,b,b,b,b,b,b,b,b,a,a,b,-,-,a,-,a,a,-,a,a,a,a,b,b,b,b,b,b,b,b,a,a,a,a,-,a,a,a,a,a,a,a,-,a,b,a,a,-,a,a,-,-,a,a,a,a,a,-,a,-,a,a,-,-,a,-,-,a,a,-,a,a,b,b,b,b,b,-,b,-,b,-,b,b,b,b,b,b,-,b,-,-,b,a,-,a,a,a,a,a,a,-,-,-,b,a,-,a,-,a,a,a,a,-,-,a,a,a,a,a,a,-,a,-,a,a,-,-,a,a,b,b,b,b,b,b,b,b,b,b,-,b,b,b,-,b,b,b,-,-,b,-,-,b,b,-,-,b,-,b,b,b,-,b,b,b,b,-,b,b,b,b,b,b,-,b,b,b,b,-,b,b,-,b,b,b,b,-,b,b,b,b,b,b,b,b,b,-,b,b,b,b,b,b,b,-,b,b,b,b,b,-,b,b,-,a,b,-,-,-,b,b,b,b,b,b,-,b,b,-,b,-,b,b,-,-,b,-,-,-,-,b,b,-,a,b,b,b,b,b,b,-,b,b,b,-,b,a,a,a,a,-,a,a,a,a,a,a,a,a,a,a,a,a,a,-,a,a
53,0.6388909,0.72167,a,a,a,a,a,a,a,a,a,a,-,a,a,a,a,a,a,a,a,a,a,a,a,a,a,a,a,a,-,a,a,a,a,a,a,a,a,a,a,a,-,a,a,a,a,a,a,a,a,a,a,a,a,-,a,a,a,a,a,a,a,a,a,a,-,a,a,a,a,-,-,-,b,b,b,b,b,-,b,b,b,b,-,b,b,-,b,b,b,b,b,a,a,a,-,a,a,-,a,a,-,a,a,-,b,b,b,b,b,b,b,b,b,b,b,-,-,a,b,-,b,b,b,b,b,-,b,b,b,-,a,-,a,a,-,a,a,a,a,a,a,a,a,a,a,a,-,a,a,a,-,a,-,a,a,a,a,-,a,-,-,a,a,a,-,a,a,a,a,a,a,-,-,a,a,a,-,a,a,a,a,-,a,-,b,b,b,b,b,-,b,b,b,b,b,b,b,b,b,-,-,b,-,b,b,b,b,b,b,b,b,b,b,b,b,-,b,b,b,b,b,-,b,b,b,b,b,-,b,b,b,b,b,-,b,b,b,b,-,b,b,b,b,b,b,b,b,-,b,-,b,b,b,b,b,b,b,b,b,b,-,b,-,b,b,b,-,b,b,b,b,b,b,b,b,b,b,b,b,b,b,b,b,b,b,-,-,b,b,a,a,a,a,a,a,-,a,a,-,a,a,a,a,-,-,b,b,b,b,b,b,b,-,b,b,b,-,b,b,b,-,b,b,-,b,b,-,b,b,b,b,-,-,a,a,a,b,a,a,b,b,a,a,b,b,b,b,a,-,a,-,a,a,a,a,a,-,a,a,-,a,a,a,a,a,a,a,a,a,a,-,a,-,a,a,a,a,-,a,a,a,a,a,a,-,a,b,b,b,b,-,b,b,-,b,b,b,b,b,-,b,-,b,b,b,b,b,b,b,b,b,b,b,b,b,b,b,b,b,-,-,b,b,a,b,b,b,b,b,b,-,b,-,b,-,b,b,b,b,-,b,b,-,b,b,b,b,b,b,b
54,1.7145588,1.77833,-,-,a,a,a,-,a,-,a,a,-,a,-,a,-,a,-,-,b,b,b,b,b,b,a,b,a,-,-,-,-,-,-,-,b,b,b,b,b,b,b,b,b,b,-,b,b,-,b,b,-,-,b,-,-,b,-,b,b,b,-,b,b,b,-,b,-,-,b,-,b,b,-,-,b,b,b,b,-,-,-,-,b,-,b,b,b,b,b,-,b,-,b,b,-,b,b,-,b,b,-,-,b,a,a,a,a,-,a,a,a,a,a,a,a,-,-,a,-,a,-,a,-,-,-,b,-,-,-,a,-,-,a,-,-,-,-,a,a,a,-,-,-,a,-,a,-,-,-,a,a,a,-,-,a,-,-,a,a,a,-,a,a,a,-,a,a,a,a,-,a,-,-,a,b,b,-,b,-,a,a,-,a,-,b,b,-,a,a,-,-,-,-,a,a,a,-,-,-,-,a,-,-,a,-,-,-,a,a,a,-,a,-,a,-,-,a,a,-,-,a,-,-,a,a,-,a,-,a,a,-,-,a,-,-,-,-,a,-,-,-,-,a,-,a,-,-,-,a,a,a,a,-,a,-,-,-,a,a,a,a,a,-,a,a,b,-,b,b,-,-,-,b,b,-,-,-,-,-,-,b,-,-,-,a,-,-,-,b,b,b,b,b,-,b,b,-,b,-,b,b,b,b,b,-,b,b,b,b,b,-,b,-,b,-,-,-,b,b,b,b,-,-,-,b,-,b,-,-,b,b,-,-,b,-,b,b,b,b,b,b,a,a,b,-,-,-,a,-,-,-,a,a,-,-,-,-,b,b,-,b,b,b,b,-,b,-,-,-,-,b,-,b,b,b,b,b,-,b,b,-,b,b,b,b,b,-,-,-,b,-,b,-,-,-,-,-,-,b,-,b,-,-,-,b,a,a,-,a,-,-,-,-,a,a,-,a,a,a,-,-,a,a,-,-,-,a,-,-,a,a,a,a,-,-,-,a,-,-,-,a,-,-,a,a,a,-,-,a,a
55,1.7351302,1.765,a,a,a,a,-,-,-,a,a,a,a,a,a,a,-,a,a,a,a,-,a,a,a,a,a,a,a,-,-,-,a,-,-,-,a,a,a,a,a,a,a,a,a,a,-,a,a,a,a,a,a,b,-,-,a,-,a,a,a,a,a,a,a,a,a,a,a,a,a,-,-,a,a,a,a,a,-,a,-,-,a,a,-,a,a,a,a,a,a,a,a,a,a,a,-,-,a,a,a,a,a,a,a,a,a,a,a,-,a,-,a,a,a,b,-,-,-,b,b,-,b,a,-,-,-,b,b,b,-,-,-,-,-,-,-,-,b,-,b,b,b,b,b,b,b,-,b,b,-,-,-,-,-,b,b,b,b,-,-,-,-,b,b,b,b,b,b,b,b,-,b,b,b,a,a,a,-,a,a,a,a,a,a,a,a,a,a,a,a,-,a,a,a,a,b,b,b,-,-,-,-,b,b,b,-,b,-,-,b,b,b,b,-,b,-,b,b,b,b,b,b,-,-,-,b,b,b,b,b,-,-,-,b,b,-,-,b,-,-,b,-,-,-,a,a,a,a,a,a,a,a,-,-,-,-,a,-,a,a,a,a,a,a,a,a,a,a,a,a,-,a,a,a,-,-,-,a,b,a,b,-,-,b,-,b,b,b,b,b,b,b,b,b,b,b,b,-,b,b,-,b,b,b,b,b,b,b,b,b,b,b,b,b,b,b,-,b,-,b,b,b,b,b,-,-,-,b,-,b,-,-,-,b,-,-,b,b,b,b,b,b,b,b,b,b,b,-,-,b,-,b,b,b,-,b,-,b,b,-,b,b,b,b,b,b,-,b,b,b,-,b,b,b,b,b,b,b,-,b,-,-,-,b,b,b,-,-,b,b,b,-,b,b,b,-,b,b,b,-,a,a,a,a,-,-,a,-,-,-,-,-,-,a,b,-,-,a,a,-,a,a,-,b,a,a,b,b,-,-,b,b,-,b,b,b,b,-,a,a,a,a,a,a,a,a,a,-,a,a,a
56,1.9428994,2,a,a,a,a,a,a,a,-,a,a,a,a,a,-,a,-,-,-,b,-,-,-,-,b,a,b,a,b,b,-,-,-,b,b,-,b,b,b,b,b,-,b,b,b,b,-,b,-,-,b,-,b,-,b,-,-,-,b,b,b,b,b,-,-,b,b,b,-,b,-,b,-,b,-,-,b,-,b,-,b,-,b,-,-,-,-,b,b,b,b,b,b,-,-,-,-,-,-,b,b,b,b,b,-,a,a,a,-,a,-,a,a,a,a,a,-,-,a,-,-,a,-,-,-,a,-,-,-,a,-,-,a,-,a,a,-,-,a,a,a,a,-,-,-,-,b,-,-,-,b,b,-,b,b,b,-,b,b,-,-,b,b,b,b,b,b,b,-,b,-,b,b,b,b,b,b,-,b,-,-,b,-,b,a,a,a,a,a,a,a,-,-,-,-,-,-,a,a,-,a,-,a,-,a,a,-,-,-,a,-,a,a,-,-,-,-,a,a,-,-,a,-,-,-,a,-,-,-,a,a,-,-,-,a,-,-,a,-,-,-,a,-,-,b,b,-,-,b,b,b,-,b,b,-,b,-,-,-,-,-,b,b,b,b,b,a,a,-,a,-,-,-,a,-,-,-,a,-,a,-,-,-,a,-,a,a,a,a,a,a,a,a,a,-,a,a,-,a,-,a,a,a,-,a,-,b,-,b,b,b,b,b,b,-,-,b,b,-,-,b,-,b,-,-,b,-,-,-,-,-,-,-,b,-,-,b,b,b,b,b,b,b,b,b,b,-,b,b,b,-,-,b,b,-,-,-,b,-,-,b,b,b,b,b,-,-,-,b,-,b,-,-,b,b,b,b,-,b,b,-,-,-,b,b,b,-,b,-,-,-,-,-,-,-,-,-,-,-,-,b,-,-,-,b,b,b,-,-,b,-,-,b,-,b,b,b,-,b,b,b,-,b,b,-,-,-,b,b,b,b,-,b,b,a,-,a,-,-,-,-,-,-,a,a,a,a,-,a,a,a
57,1.9384142,2,-,b,b,b,-,b,b,-,b,b,b,b,b,-,b,b,-,b,b,-,b,-,b,b,b,b,b,b,b,b,b,b,b,b,b,b,b,b,b,b,b,b,b,b,b,b,b,b,-,b,b,b,b,-,b,b,b,b,b,b,b,b,b,-,b,b,a,a,a,a,a,a,a,a,a,a,-,a,a,a,a,-,a,a,a,a,a,a,a,a,a,a,-,a,a,a,a,b,b,b,b,-,b,a,a,a,a,a,a,b,b,b,b,b,b,b,-,-,b,b,b,b,-,b,b,b,b,b,b,b,b,b,b,b,-,b,b,-,b,b,b,b,b,b,b,b,b,b,b,a,b,b,-,b,b,-,b,b,b,b,b,b,b,b,b,b,b,b,b,-,b,b,b,b,b,b,b,b,b,b,b,b,b,b,b,b,b,b,b,b,b,b,b,-,b,-,b,b,b,-,-,b,-,b,b,b,b,-,b,b,b,b,b,b,b,b,b,b,b,b,b,-,a,b,b,b,b,b,b,b,b,b,b,b,b,b,b,b,b,-,-,b,b,b,b,b,b,b,-,b,b,a,a,a,-,-,a,a,a,a,a,a,a,a,a,b,b,b,b,b,-,b,b,b,b,b,-,b,b,b,b,-,b,b,-,b,b,b,b,b,b,b,b,b,-,b,b,b,b,-,b,b,b,-,b,b,-,b,b,b,-,b,b,b,b,b,b,b,-,b,b,b,-,b,b,-,b,b,b,b,b,-,b,b,b,b,b,b,b,b,b,b,b,b,b,b,b,b,b,-,b,b,b,b,b,b,-,b,-,a,a,a,a,a,-,-,a,a,-,a,a,-,a,a,a,a,-,a,-,a,a,a,a,a,a,a,a,a,a,a,a,a,a,-,a,a,a,a,-,a,a,-,a,-,a,a,a,-,a,a,a,a,a,a,a,a,a,a,a,a,a,a,a,a,a,a,a,-,a,a,a,a,-,a,a,a,a,-,a,-,b,-,-,a,b,b,-,b,b,b
58,1.918504,2,a,-,a,a,-,a,a,-,a,a,a,a,a,-,-,-,-,-,a,-,a,-,-,a,a,a,a,-,-,-,-,a,-,-,a,a,a,a,a,a,-,a,-,-,-,-,a,b,-,a,a,-,-,-,-,-,-,a,a,a,b,-,b,-,-,-,-,-,a,a,-,a,-,-,-,-,b,b,-,-,b,-,-,-,-,b,b,b,b,-,b,-,b,-,-,-,b,-,b,b,-,-,-,-,b,b,b,b,b,-,a,a,a,a,-,-,-,a,-,a,a,a,-,a,a,-,-,-,-,a,-,-,-,a,-,-,-,-,a,-,-,-,-,-,a,-,-,a,-,a,-,-,-,a,a,-,a,-,a,a,a,a,a,a,a,a,a,-,-,-,-,a,a,a,a,a,-,a,-,-,a,-,a,-,-,a,a,a,a,-,-,-,-,a,-,-,-,b,-,-,b,-,b,-,-,b,-,-,b,-,-,b,-,-,b,b,b,-,-,b,b,-,-,-,b,-,-,-,b,-,-,-,-,b,-,b,-,b,-,b,-,b,-,-,-,b,-,-,-,a,-,-,-,-,-,a,-,-,-,-,b,b,-,-,-,b,b,b,b,-,-,-,-,-,-,b,-,-,b,-,-,-,-,-,-,b,b,-,a,a,a,a,a,-,-,-,-,-,-,-,a,a,-,-,a,a,a,a,a,a,-,a,a,-,-,b,-,-,-,-,-,a,-,a,-,-,-,-,b,b,-,-,b,-,-,b,b,b,b,-,a,a,b,a,-,-,-,b,-,-,b,b,b,-,-,-,b,-,-,b,b,b,b,-,-,-,-,b,-,-,-,-,-,b,b,b,-,-,-,-,-,-,b,-,b,-,b,-,b,-,-,-,-,b,-,-,b,-,b,-,-,-,b,b,b,b,-,-,-,-,b,b,-,b,b,-,b,b,b,-,b,b,b,b,-,b,b,b,-,-,b,b,-,-,-,b,-,-,b,-,-,-,b,b,b,-,-,b,b,b
59,1.7679564,1.84833,b,-,b,b,-,b,b,b,b,b,b,b,b,-,-,b,-,-,b,-,b,-,b,b,b,b,b,b,b,-,-,a,a,a,a,a,a,a,a,a,-,a,a,a,-,-,a,a,a,a,a,-,-,-,-,-,-,-,a,a,-,b,-,-,b,b,-,-,b,b,b,b,-,-,b,b,-,b,b,b,b,-,-,-,-,b,b,b,b,b,b,-,-,-,b,-,-,-,b,b,b,-,b,-,a,a,a,-,a,a,b,b,b,b,b,b,b,b,-,b,b,-,b,-,b,-,b,-,-,b,b,b,b,-,b,b,-,b,b,b,b,b,-,-,-,a,-,-,a,a,-,a,-,-,a,a,a,a,a,-,a,a,a,a,a,a,a,a,-,-,a,a,a,a,a,a,-,a,a,a,a,a,a,a,a,a,a,a,a,-,-,-,-,-,-,-,-,-,-,a,a,a,a,-,-,a,-,-,a,-,a,a,-,a,a,-,a,a,-,a,a,a,a,a,a,-,a,-,a,a,a,-,a,a,a,a,-,a,-,a,a,-,-,-,-,-,-,a,-,-,a,-,-,-,a,a,a,a,-,a,a,a,a,a,a,b,b,b,b,-,-,b,b,b,-,b,-,-,b,-,-,-,b,b,-,b,b,-,b,a,a,a,a,-,-,a,-,-,-,-,a,a,a,-,-,a,-,a,a,a,-,a,a,a,-,a,a,-,a,-,-,a,-,-,-,-,-,a,-,a,a,a,-,-,-,-,a,a,a,b,b,b,b,b,-,b,-,b,-,-,b,b,b,-,b,b,b,-,-,b,b,b,b,b,-,b,-,-,b,b,-,b,-,b,b,b,-,b,-,b,-,-,b,b,b,b,-,a,b,-,-,b,-,b,b,b,-,b,b,a,b,b,-,-,b,-,-,b,b,b,-,b,-,b,b,-,-,-,b,b,-,b,b,-,b,b,b,-,-,-,b,b,-,b,b,b,-,b,-,b,b,b,-,b,b,-,-,b,b,b
60,1.4962964,1.47167,a,a,a,a,a,-,a,-,a,a,a,a,a,-,-,-,-,a,a,-,-,-,-,a,a,a,a,-,-,-,-,-,-,a,-,a,a,a,a,a,-,a,-,-,-,-,b,-,b,b,-,b,-,-,-,b,-,b,b,b,-,-,-,-,-,-,b,-,b,-,-,-,-,-,-,-,b,b,-,-,-,-,-,-,-,a,a,a,a,a,a,-,a,-,-,-,-,-,a,a,-,-,-,-,b,b,b,-,b,-,b,b,b,b,-,-,-,-,b,-,-,b,-,b,b,-,-,-,b,-,-,-,-,-,-,-,-,-,-,-,-,-,-,-,-,-,a,-,-,a,-,a,-,-,a,-,-,-,-,a,a,a,a,a,a,a,b,b,-,-,-,b,b,b,b,b,b,b,-,b,b,-,b,-,-,a,-,a,a,-,-,a,-,-,-,-,-,-,a,-,-,-,-,-,-,-,b,-,b,-,b,b,-,-,-,b,b,b,-,-,b,b,-,-,b,b,-,-,b,b,b,-,-,-,-,-,-,b,-,-,b,-,-,-,b,-,-,-,b,-,-,-,-,-,-,-,-,-,b,-,b,b,b,-,b,b,-,a,-,-,-,-,a,-,-,-,a,-,a,-,a,-,-,-,a,-,b,-,b,a,a,a,a,-,-,-,-,a,-,a,a,a,-,-,-,a,-,a,a,a,-,a,-,-,-,a,-,-,-,-,-,a,-,-,-,-,a,a,-,-,-,a,-,-,-,a,a,a,a,-,b,b,b,b,-,b,-,-,-,-,-,b,b,-,-,-,-,-,-,b,b,b,b,-,-,-,-,-,-,b,-,-,b,a,a,a,-,-,a,-,a,-,a,a,a,-,-,-,a,a,-,-,a,-,-,-,-,-,-,a,-,-,-,a,a,a,-,-,-,-,-,a,b,b,b,b,-,-,b,-,-,b,b,b,-,-,b,-,b,b,-,a,-,-,b,-,-,-,a,-,-,a,-,a,a,-,a,a,a,a
61,1.7744204,1.86167,-,-,a,a,-,a,a,a,a,a,a,a,a,a,-,-,a,-,a,-,-,a,a,a,a,a,a,a,-,-,a,a,a,a,a,a,a,a,a,a,a,a,-,-,a,-,a,-,-,a,-,-,-,a,-,-,a,-,a,a,b,-,-,-,a,a,-,-,a,-,-,-,-,-,-,-,-,a,-,b,b,b,b,b,b,-,b,b,b,b,b,b,b,-,b,-,-,b,b,b,b,b,b,-,a,a,a,a,a,-,a,a,a,a,a,-,-,-,-,a,-,-,-,-,a,a,-,b,-,-,a,-,-,a,-,a,a,-,b,a,b,b,b,-,b,-,b,b,-,b,-,b,b,b,b,-,-,b,-,b,b,b,b,b,b,b,b,b,-,-,b,b,b,b,b,b,b,b,-,-,b,-,b,b,b,b,b,b,b,-,-,b,-,b,b,-,-,b,b,b,b,-,b,b,b,-,b,b,b,-,-,b,-,b,-,b,b,b,b,-,b,b,b,b,b,-,b,b,a,-,-,-,-,a,a,a,-,-,a,a,a,a,a,b,a,-,-,-,-,-,a,a,-,-,-,-,a,-,-,a,a,a,a,a,a,b,b,b,b,-,-,-,-,b,b,-,b,b,-,b,b,-,-,b,-,b,b,-,b,b,b,b,b,-,-,b,b,b,-,b,b,b,b,b,-,b,-,b,b,b,b,b,b,b,b,b,b,b,-,b,-,b,b,b,-,b,-,-,b,b,b,b,-,-,-,b,b,b,b,a,a,a,a,a,-,-,a,a,a,-,a,a,a,-,-,a,a,-,a,a,a,a,a,a,a,-,-,-,a,a,-,-,b,b,b,b,-,-,b,b,-,-,b,b,b,-,b,b,-,b,-,a,b,-,b,b,b,b,b,b,b,b,-,-,b,-,-,a,-,-,-,a,-,a,a,a,a,-,a,-,-,b,b,b,b,b,b,-,-,b,b,b,-,b,-,-,-,-,b,-,-,b,-,b,b,b,-,b,b,b
62,1.8824883,1.945,-,-,a,-,-,-,-,-,a,a,a,a,a,-,-,-,-,-,b,-,-,-,-,a,a,b,b,-,-,-,-,-,-,-,-,b,b,a,b,b,-,b,-,-,-,-,b,-,-,b,-,-,-,-,-,-,-,-,b,a,-,-,-,-,-,b,-,-,b,-,-,-,-,-,-,-,-,b,-,-,-,-,-,-,-,-,b,b,a,-,-,-,-,-,-,-,-,-,b,b,b,b,b,-,a,a,a,-,a,-,-,b,b,b,-,-,-,-,-,-,-,-,-,-,-,-,-,-,-,-,-,-,-,-,-,-,-,-,-,b,-,-,-,-,-,-,-,-,-,-,-,-,-,-,b,-,-,-,-,-,b,b,b,-,b,a,b,-,-,-,b,b,b,b,b,b,-,b,-,-,b,-,a,b,b,b,-,b,a,-,-,-,-,-,-,-,-,-,-,-,-,-,-,-,-,-,-,-,b,-,-,b,-,-,-,b,b,-,-,-,b,-,-,-,a,-,-,-,a,-,-,-,-,-,-,-,-,-,-,-,-,-,-,-,-,-,-,-,-,-,-,-,-,-,-,-,-,-,-,-,a,a,a,a,a,b,b,-,b,-,-,-,-,-,-,-,-,-,-,-,-,-,-,-,-,b,b,-,b,b,b,-,b,-,-,b,-,-,-,-,a,b,-,-,-,a,-,b,b,b,b,a,a,-,-,-,a,-,-,-,-,a,-,-,-,-,-,-,-,-,-,-,-,-,-,b,a,a,a,a,-,a,-,a,-,-,-,-,-,-,-,a,a,-,-,-,-,-,-,a,a,a,a,a,-,-,-,-,-,-,-,-,-,a,a,a,-,-,-,-,-,-,b,-,a,-,-,-,-,-,-,-,-,-,-,-,-,-,-,-,-,-,-,-,a,-,-,-,-,-,-,a,-,a,a,-,-,-,a,-,-,a,a,-,-,-,b,-,-,b,-,a,-,-,-,-,-,-,-,-,-,-,-,a,a,-,-,a,a,-
63,1.4893474,1.48667,a,a,a,a,a,a,a,-,a,a,a,a,a,a,a,a,a,-,a,-,-,-,-,a,a,a,a,a,a,a,a,a,a,a,a,a,a,a,a,a,-,a,a,-,-,-,a,b,a,a,a,a,a,a,a,a,a,a,a,a,-,a,a,a,a,a,a,-,a,a,-,a,a,a,a,-,-,b,b,b,-,b,-,b,b,-,b,b,b,b,b,b,b,-,b,b,b,-,b,b,b,b,b,b,b,b,b,-,b,b,b,b,b,b,b,-,b,-,b,b,b,b,b,b,b,-,b,-,b,b,b,-,b,b,b,b,b,b,b,b,b,b,b,b,b,b,-,b,-,b,b,b,-,b,b,b,b,b,-,b,-,-,b,b,-,b,b,b,b,b,-,-,-,-,-,-,-,-,b,b,a,a,b,a,a,a,a,b,b,a,-,-,-,a,a,a,-,b,b,b,b,-,b,b,b,b,b,-,b,-,b,b,-,b,b,b,b,b,-,b,b,b,b,b,b,b,b,b,b,b,-,b,b,b,b,b,b,b,b,b,-,b,b,-,b,-,b,-,-,b,b,b,b,b,b,a,-,b,b,b,b,b,b,b,b,b,b,b,b,b,-,-,-,b,-,b,-,b,-,b,b,-,b,b,b,b,b,-,b,b,b,b,b,b,b,b,b,b,b,-,b,b,b,b,b,b,-,b,b,b,b,b,b,b,b,b,b,-,-,-,b,b,-,b,b,b,b,b,-,b,b,b,b,b,b,b,b,b,b,a,a,a,a,a,a,-,a,a,-,a,-,a,a,a,a,a,a,a,a,a,a,a,a,a,a,a,-,a,-,-,a,-,a,a,a,a,a,-,a,a,a,a,a,a,-,-,-,-,-,-,b,-,b,b,-,b,b,b,-,b,b,-,b,b,b,b,b,-,b,b,b,b,b,b,b,b,b,-,b,b,b,b,b,b,-,b,a,-,a,a,a,a,a,a,a,a,-,-,a,-,-,a,a,a,a,a,-,a,a,a
64,1.4369679,1.52833,b,b,b,b,-,-,b,b,b,b,b,b,b,-,b,b,b,b,b,-,-,b,a,b,b,b,b,a,a,-,a,a,-,a,a,a,a,a,a,a,-,a,-,a,b,a,b,b,b,a,b,b,-,b,b,b,b,b,b,b,-,b,b,b,b,b,b,-,b,b,b,b,b,b,b,-,b,b,b,b,-,-,b,-,b,b,b,b,b,b,b,-,-,-,a,-,a,-,a,a,b,-,a,a,a,a,a,-,a,a,a,a,a,a,a,-,-,a,-,a,a,-,-,a,a,a,a,-,b,-,b,b,b,b,-,b,b,b,b,b,b,b,b,-,-,-,b,-,b,b,b,b,b,b,b,-,-,-,-,b,b,b,b,-,b,b,b,b,b,-,b,b,b,b,b,b,b,b,b,b,b,-,b,b,b,b,b,b,b,b,b,b,-,-,b,b,b,b,b,b,b,-,-,a,a,a,a,a,a,-,a,a,-,a,b,b,b,-,-,a,a,a,-,a,a,a,a,a,a,-,a,-,a,a,-,a,-,a,-,b,-,b,b,b,-,-,-,b,b,b,b,-,b,b,b,b,b,b,b,b,b,b,b,b,b,b,b,b,b,b,b,b,-,-,b,b,b,b,-,-,b,b,b,b,b,b,b,b,b,b,b,b,b,b,b,b,-,b,-,-,b,b,-,-,-,b,b,b,b,a,-,a,a,-,-,a,a,-,a,a,a,a,a,-,a,a,a,a,a,a,a,-,a,a,-,a,a,a,a,a,a,a,a,a,a,-,-,a,-,a,-,a,a,a,a,a,-,-,a,a,a,a,a,a,-,-,a,-,-,a,a,-,a,a,a,a,-,-,a,-,a,a,a,-,a,-,a,a,a,a,a,a,a,a,-,a,-,a,a,-,a,a,-,a,a,-,a,a,-,-,-,a,a,a,a,a,a,-,a,-,-,a,a,a,a,a,a,a,a,-,a,a,a,a,-,a,-,-,a,-,-,a,-,a,a,-,a,a,a,a
65,1.9522813,1.945,-,b,b,b,b,b,b,b,b,b,b,b,b,b,-,b,-,b,b,b,-,b,b,b,b,b,b,-,-,b,-,b,b,b,b,b,b,b,b,b,-,b,b,-,b,-,b,-,b,b,b,b,-,-,-,-,b,b,b,b,-,b,b,-,b,-,-,b,b,b,b,-,-,-,-,b,-,b,b,-,b,b,b,b,b,-,b,b,b,b,b,-,b,-,-,-,-,-,b,b,-,b,-,-,b,b,b,b,b,-,b,b,b,b,-,-,-,b,b,-,-,b,a,a,-,-,a,a,-,a,a,a,a,a,a,a,a,a,a,-,-,a,-,-,-,a,a,a,a,a,-,a,a,a,a,-,-,-,a,a,a,a,a,-,a,a,-,a,a,a,-,a,a,a,a,a,a,a,-,a,a,a,a,-,-,a,-,a,a,-,-,a,-,a,-,a,a,-,-,-,-,a,a,a,-,a,-,a,a,-,a,a,-,a,a,b,b,b,-,b,b,a,b,a,b,a,-,a,a,a,a,-,a,a,-,a,a,b,a,a,-,-,a,a,-,a,-,a,a,-,a,-,a,a,a,-,a,-,-,-,a,a,a,-,a,a,a,a,a,a,a,a,a,-,-,a,a,a,a,a,-,a,-,a,a,a,a,a,a,a,a,a,a,-,-,-,a,-,-,-,a,a,a,-,-,a,-,a,a,a,a,a,a,-,-,a,-,-,b,-,b,b,b,-,-,-,-,b,b,-,b,b,-,-,b,-,b,b,b,-,b,b,b,b,-,-,-,b,-,-,-,a,a,a,a,-,-,a,a,a,a,a,a,a,-,-,a,-,-,a,-,-,a,a,a,a,a,-,-,-,-,a,a,a,a,a,a,a,a,a,-,a,-,-,-,-,a,-,a,a,-,-,-,a,a,a,-,-,-,-,-,a,-,a,a,a,-,-,a,-,-,a,a,-,a,-,b,-,-,b,b,b,-,b,-,b,b,-,-,b,-,b,b,b,b,-,-,b,b,b
66,1.8716989,1.945,b,-,b,b,-,b,b,-,b,b,b,b,b,-,b,b,-,-,b,-,-,b,-,b,b,b,b,b,-,b,b,-,b,b,b,b,b,b,b,b,-,b,b,-,b,-,b,b,b,b,-,-,b,-,b,-,b,b,b,b,-,b,b,-,-,b,b,-,b,b,-,b,b,b,-,b,-,b,-,-,-,-,-,b,-,b,b,b,b,-,b,-,-,b,b,b,-,b,b,b,b,b,b,-,a,-,-,-,b,-,b,b,b,b,b,b,-,b,-,-,-,-,b,-,-,-,b,-,b,-,b,-,-,-,-,-,b,-,b,b,-,-,-,-,b,-,b,b,-,b,-,b,b,-,b,-,b,-,a,a,b,b,b,-,a,b,a,-,-,a,a,a,a,a,a,a,a,a,-,a,a,a,a,b,b,b,b,b,b,b,-,-,-,-,-,-,-,b,-,-,-,-,-,-,-,-,-,-,b,-,b,b,-,-,-,b,b,-,b,-,b,b,-,b,b,-,-,b,b,b,b,b,b,-,-,-,b,-,-,-,-,-,b,b,-,b,b,b,-,a,-,-,-,-,-,-,a,a,a,a,a,a,a,a,a,b,b,b,b,-,-,-,-,-,-,b,-,-,a,-,b,-,-,-,b,b,b,b,a,a,a,a,a,-,-,a,a,-,a,-,a,a,-,a,-,a,-,a,a,a,a,a,a,-,a,a,a,-,-,-,-,a,-,-,a,a,a,a,-,-,a,a,a,-,-,a,-,a,a,b,b,b,b,b,-,b,-,b,-,-,-,b,b,-,b,b,b,-,-,b,b,b,b,b,b,-,b,b,-,b,-,b,b,b,b,b,b,-,b,-,-,-,b,b,b,-,b,b,-,-,b,-,-,-,-,-,-,-,b,-,b,-,b,b,b,-,b,-,b,b,b,b,a,a,a,-,a,a,a,-,a,b,b,b,-,b,b,b,-,b,b,b,b,b,-,-,-,b,-,b,-,a,a,-,-,a,-,-,b,a
67,1.2855068,1.36167,-,a,a,a,a,a,a,-,a,a,a,a,a,a,a,-,a,-,a,-,a,a,a,a,a,a,a,-,-,a,-,a,-,-,a,a,a,a,a,a,-,a,-,a,-,-,a,-,b,b,-,b,b,-,b,b,b,b,b,b,b,b,a,b,a,b,a,-,a,-,-,-,-,-,a,-,a,a,a,a,a,-,a,a,-,a,a,a,a,a,a,b,b,-,b,b,-,a,b,b,b,b,a,-,b,b,b,b,b,-,b,b,b,b,b,-,b,-,-,-,b,b,b,-,b,b,b,-,b,b,-,b,a,a,a,-,a,a,a,a,a,a,a,a,a,a,a,a,-,a,-,-,-,-,a,a,a,a,a,-,a,a,a,-,a,a,b,b,b,b,b,b,b,b,b,b,b,b,b,-,b,b,b,a,a,a,a,a,a,a,-,-,-,a,-,a,-,a,-,-,-,-,a,-,a,a,a,a,a,-,a,a,a,a,a,a,a,a,a,-,a,a,-,a,a,-,a,-,a,a,a,a,a,a,a,-,a,a,-,-,-,a,a,-,a,a,a,-,-,a,a,-,-,-,a,a,a,a,a,a,a,a,a,a,a,b,b,b,b,b,b,-,b,-,b,b,b,b,b,b,b,b,b,b,b,b,b,b,b,b,b,b,b,b,-,b,-,b,b,b,b,b,b,b,-,b,-,b,b,b,b,b,b,b,-,b,b,-,b,b,-,b,b,b,b,-,b,b,b,b,b,b,b,b,b,b,b,b,b,a,a,a,a,a,-,-,a,a,a,a,a,a,a,-,a,a,a,a,a,a,a,a,a,a,a,a,a,a,-,-,-,a,a,a,a,a,a,a,a,a,-,a,a,a,a,a,a,a,a,-,-,-,a,-,a,-,a,a,a,a,a,a,a,a,a,a,a,-,a,a,-,a,a,a,a,-,a,-,a,a,a,a,a,-,a,a,a,a,a,a,a,a,-,a,a,a,-,a,a,a,-,a,a,a,a,-,a,a,a,a
68,1.83341,1.89,a,a,a,a,a,-,a,a,a,a,a,a,a,-,a,a,a,a,a,a,a,-,-,a,a,a,a,-,a,a,-,-,a,a,a,a,a,a,a,a,-,a,a,a,a,a,a,a,a,a,a,a,a,a,a,a,a,a,a,a,a,a,a,a,a,a,a,a,a,-,-,a,a,a,a,a,a,a,a,a,-,b,b,b,b,b,b,b,b,b,b,b,b,b,b,-,b,b,-,-,b,-,-,b,b,b,b,b,b,b,b,b,b,b,b,b,b,b,b,b,b,b,b,b,-,b,b,b,b,b,b,-,b,b,b,b,-,-,b,b,b,b,b,b,b,b,-,b,b,b,b,b,b,-,b,b,b,b,-,-,b,b,b,b,b,b,b,b,b,b,b,b,b,b,b,b,b,b,b,b,b,-,b,-,-,a,-,a,a,-,a,a,a,a,a,a,a,a,a,-,a,a,a,a,a,a,a,a,a,a,-,a,a,a,a,-,b,a,a,-,a,-,a,-,a,-,a,a,a,a,a,a,-,a,-,a,a,a,-,a,a,a,a,a,a,a,a,a,-,b,b,-,b,b,b,b,b,b,b,b,b,b,b,b,b,b,b,b,b,b,b,b,b,b,b,b,b,-,b,b,b,b,b,b,b,b,b,b,b,b,b,b,b,-,-,b,b,-,-,b,b,b,b,b,-,b,b,b,b,b,b,b,b,-,-,-,b,b,b,b,b,b,b,b,b,b,b,b,b,-,-,b,b,b,b,b,b,b,b,b,b,b,b,b,-,b,b,b,b,b,b,b,b,b,b,b,a,a,-,a,a,a,a,a,a,a,a,a,b,-,b,b,b,b,b,b,b,b,b,b,b,-,b,-,b,b,-,b,b,b,b,-,b,-,b,b,b,b,b,-,b,-,b,-,b,b,b,b,b,b,b,b,b,b,b,b,b,b,b,b,b,b,b,b,b,b,b,b,b,b,b,b,b,b,b,-,-,-,-,a,-,a,a,a,a,a,-,a,a,a
69,1.3555733,1.36,b,b,b,b,b,b,b,b,b,b,b,b,b,b,b,b,b,b,b,-,b,-,b,b,b,b,b,b,b,-,b,b,b,b,b,b,b,b,b,b,b,b,b,b,b,b,b,-,b,a,a,a,a,-,a,a,a,a,a,a,-,a,a,a,a,a,a,-,a,a,a,a,a,a,a,a,a,a,a,a,a,a,-,a,a,a,a,a,a,-,a,a,a,a,a,a,a,a,a,a,-,a,a,b,b,b,b,-,b,b,b,b,b,b,b,b,b,b,b,b,b,b,b,b,b,b,b,-,b,-,b,b,b,b,b,-,-,-,b,b,-,b,-,b,b,-,b,b,b,b,b,b,b,-,b,b,b,b,-,-,b,b,b,b,b,b,b,b,a,b,a,b,a,a,a,a,-,a,b,a,b,b,a,b,b,b,b,b,b,b,b,b,b,b,b,b,b,b,b,-,b,b,b,-,b,b,b,b,b,b,b,b,b,b,b,-,b,b,b,b,b,b,b,b,b,b,b,b,b,-,b,b,b,-,-,b,b,b,-,b,b,b,b,b,-,b,b,b,b,b,b,b,b,b,b,b,b,b,b,-,b,b,b,b,b,a,a,a,a,a,a,a,-,a,a,a,a,a,a,-,a,a,a,a,a,a,a,a,a,a,a,a,a,-,a,a,a,a,-,a,a,a,a,a,a,a,-,a,a,a,a,a,a,a,-,-,a,a,a,a,-,b,b,-,b,-,b,b,b,b,b,b,-,b,b,b,b,b,b,b,b,b,b,b,-,b,b,b,-,b,-,b,b,b,b,b,b,b,b,b,b,b,b,b,b,b,-,b,-,b,b,b,-,b,b,b,b,b,-,b,b,b,b,b,b,b,b,a,a,-,a,a,-,-,a,a,a,a,a,a,-,a,a,a,a,a,a,a,a,a,a,a,a,a,a,a,-,-,a,a,-,a,a,a,-,a,a,a,a,a,a,a,a,a,-,a,a,a,a,a,a,a,a,a,a,a,-,a,a,a
70,1.2440354,1.30667,b,b,a,a,b,b,b,b,b,b,b,a,a,b,a,b,a,a,a,a,a,a,a,a,a,a,a,a,a,a,a,a,a,a,a,a,a,a,a,a,a,a,a,a,-,a,a,a,a,a,a,a,a,a,a,a,a,a,a,a,a,a,-,a,a,b,a,a,a,-,a,a,a,a,a,a,a,a,b,b,b,b,b,b,b,b,b,b,b,b,b,-,b,b,b,b,b,b,b,b,a,b,a,b,b,b,b,b,a,a,b,a,a,a,a,a,a,a,a,a,a,a,a,a,a,a,a,-,a,a,a,a,a,a,a,a,a,a,a,a,a,a,a,a,a,a,-,a,a,a,a,a,-,a,a,a,a,-,a,a,a,a,b,a,a,b,b,a,-,a,b,a,a,a,a,a,a,a,a,a,a,a,b,a,a,a,a,a,a,-,a,a,a,b,b,b,b,b,b,b,b,b,b,b,b,b,b,b,b,b,b,a,b,b,b,b,b,b,b,b,b,b,b,b,b,b,b,b,b,b,b,b,b,b,b,b,b,b,b,b,b,b,b,b,b,b,b,b,b,b,b,b,b,b,b,-,b,b,b,b,b,b,b,b,b,b,b,b,b,b,b,b,b,b,b,b,b,b,b,b,b,b,b,b,b,b,b,-,b,b,b,a,b,b,b,b,b,b,b,b,a,a,b,b,-,b,b,a,a,a,a,b,b,b,b,b,a,b,b,b,b,b,b,b,b,b,b,a,a,a,-,a,a,a,a,a,a,a,a,b,b,b,b,a,a,a,a,a,a,a,a,a,a,a,a,a,a,a,-,a,a,a,a,a,a,a,a,-,a,a,a,a,a,a,a,a,a,-,a,a,a,a,b,a,b,a,a,a,a,a,a,a,a,a,a,a,a,a,a,a,a,a,a,a,a,a,a,a,a,-,a,a,a,a,a,a,a,a,b,a,-,a,b,a,a,a,b,-,a,b,a,a,a,a,a,a,a,a,a,a,a,a,a,a,a,a,-,a,a,b
71,1.8139638,1.868,b,b,b,b,b,b,b,b,b,b,b,b,b,-,b,-,b,b,b,b,b,-,b,b,b,b,b,-,b,-,-,a,-,-,-,a,a,a,a,a,a,a,a,-,-,a,a,-,b,b,-,-,-,b,b,-,-,-,b,b,-,-,-,b,-,b,-,-,b,b,b,-,b,-,b,b,-,b,b,b,-,b,b,b,b,-,b,b,b,-,b,-,-,-,b,-,-,b,b,b,b,b,b,-,b,b,b,-,b,b,b,b,b,b,-,b,-,-,b,b,-,-,b,-,-,-,-,-,-,a,-,-,a,a,a,a,a,a,a,a,a,-,a,-,a,a,a,b,-,a,a,a,-,a,a,-,-,a,a,a,a,a,a,-,a,a,b,b,b,-,b,b,b,b,b,b,b,b,b,b,b,-,b,b,b,b,-,b,b,-,-,-,b,-,-,-,b,b,b,-,-,-,-,-,-,b,b,-,b,b,b,b,-,b,-,b,b,b,b,b,b,b,a,-,b,b,-,-,b,b,-,b,-,-,-,-,b,b,b,b,-,b,-,-,b,b,-,-,-,-,b,-,-,b,-,-,-,-,-,b,b,b,b,b,b,b,b,b,b,b,-,b,-,b,-,b,b,a,-,a,a,-,-,a,a,a,a,-,a,a,a,a,a,a,a,a,-,a,-,a,a,a,a,a,-,a,-,a,a,a,a,a,a,a,-,a,a,-,a,a,a,a,a,a,-,-,a,-,a,-,-,-,-,-,-,a,a,a,b,a,a,a,a,a,-,a,a,a,a,-,a,a,a,-,-,-,a,a,-,a,a,a,a,a,a,a,a,-,a,a,-,a,-,a,a,a,-,-,a,a,a,-,a,a,-,-,-,-,-,a,a,-,a,a,a,-,a,a,-,-,-,a,-,-,a,a,-,-,-,-,-,a,-,a,a,-,-,a,a,a,a,a,b,-,-,b,b,-,b,b,-,b,b,b,-,-,-,-,-,-,-,-,b,b,b,-,b,b,b,b
72,1.3040553,1.39,a,a,a,a,-,a,a,a,a,a,a,a,a,a,a,a,a,a,a,a,a,a,a,a,a,a,a,a,a,a,a,a,a,a,a,a,a,a,a,a,a,a,a,a,a,a,a,a,a,a,a,b,a,a,a,a,a,a,a,a,a,a,a,a,a,a,a,a,a,-,a,a,a,b,a,b,b,b,b,b,b,a,a,a,a,a,a,a,a,a,a,b,b,b,b,b,b,b,b,b,b,b,b,a,a,a,a,a,a,a,a,a,a,a,a,a,a,a,a,a,a,a,-,a,a,a,a,a,a,a,a,a,a,a,a,a,a,a,a,a,a,a,a,a,a,a,a,a,a,a,a,a,a,a,a,a,a,a,a,a,a,a,a,a,a,a,a,a,a,a,a,a,a,a,a,a,a,a,a,a,a,a,a,a,a,a,a,b,b,b,a,b,b,b,b,b,b,b,b,b,b,b,b,b,b,b,b,b,b,b,b,b,b,b,b,b,b,b,b,b,b,b,b,b,b,b,b,b,b,b,b,b,b,b,b,b,b,b,b,b,b,b,b,b,b,b,b,b,b,b,b,b,b,b,b,b,b,b,b,b,b,b,b,b,b,b,b,b,b,b,b,b,b,b,b,b,b,b,b,b,b,b,b,b,b,b,b,b,b,b,b,b,b,b,b,b,b,b,b,b,b,b,b,b,b,b,-,b,b,b,b,b,b,b,b,b,b,b,b,b,b,b,b,b,b,b,b,b,b,b,b,b,b,b,b,b,b,b,b,a,a,a,a,a,a,a,a,a,a,a,a,a,a,a,a,a,a,a,a,a,a,a,a,a,a,a,a,a,a,a,a,a,a,a,a,a,a,a,a,a,a,a,a,b,a,b,b,b,b,b,b,b,b,b,b,b,b,b,b,b,b,b,b,b,b,b,b,b,b,b,b,b,b,b,b,b,b,b,b,b,b,b,b,b,b,b,b,b,b,b,b,b,b,b,b,b,b,b,b,b,b,b,b,b,b,b,b,b,b,b
73,1.8916574,1.89,a,a,a,b,b,-,-,b,b,b,b,b,b,b,b,b,b,b,b,b,b,b,b,b,b,b,b,-,-,-,b,-,b,-,b,b,b,b,b,b,b,b,-,b,b,b,b,b,b,b,a,b,b,b,b,-,b,b,b,b,b,-,b,b,b,b,-,b,b,b,b,b,b,b,b,b,b,b,b,b,b,b,-,b,-,b,b,b,b,b,b,b,b,b,b,b,b,b,b,b,b,b,b,b,b,b,b,b,b,b,b,b,b,b,b,b,-,b,b,-,b,-,b,b,-,b,b,b,-,-,b,-,a,-,-,a,a,a,a,a,-,b,b,b,b,-,b,b,b,-,-,-,-,-,b,b,b,-,-,-,b,b,b,b,b,b,b,b,b,-,b,b,b,b,b,b,b,b,b,b,b,b,b,a,a,a,a,a,a,-,a,a,a,a,a,a,a,a,a,a,a,a,a,a,a,a,-,a,a,a,a,a,a,a,a,a,a,a,a,a,a,a,-,-,a,a,a,a,a,a,a,-,a,a,a,a,a,-,-,a,a,-,a,a,a,a,a,a,a,-,b,b,b,b,b,b,b,b,b,b,b,b,b,b,b,a,a,a,a,a,a,a,a,-,b,-,b,b,b,b,b,b,b,b,b,b,b,b,b,b,b,b,b,b,b,b,b,b,b,-,b,b,b,b,b,b,b,b,b,b,b,b,b,b,b,b,b,-,b,b,b,b,b,b,-,b,b,-,-,b,-,b,b,b,b,-,b,b,b,a,a,a,a,a,a,a,-,-,a,a,-,a,a,a,a,a,a,a,-,a,a,a,a,a,a,a,a,a,-,-,a,a,a,a,a,a,a,-,a,a,a,-,a,-,a,a,a,a,a,a,a,b,a,-,-,b,b,b,b,b,b,b,-,-,b,a,-,a,a,-,-,a,a,a,a,-,-,a,a,a,a,a,a,a,a,a,a,-,a,a,a,a,a,a,a,a,a,a,a,a,a,a,a,a,a,a,a,a,a,a
74,1.1691438,1.25,b,-,b,b,b,b,b,b,b,b,b,b,b,b,b,b,b,b,b,b,b,b,b,b,b,b,b,b,b,-,b,-,b,b,-,b,b,b,b,a,b,a,a,a,a,a,a,a,a,a,-,a,a,a,a,a,-,a,a,a,a,-,a,a,a,a,a,a,a,a,a,a,a,a,-,a,a,a,b,b,b,-,b,b,b,b,b,b,b,-,b,b,b,b,b,b,b,b,b,b,b,b,b,b,b,b,b,b,b,b,b,a,a,a,a,a,a,a,a,a,-,a,a,-,a,a,a,a,a,a,a,a,a,a,a,-,a,a,a,a,a,-,a,a,a,a,a,a,a,a,-,a,a,a,a,a,-,a,a,a,a,a,a,a,a,a,a,a,a,a,a,a,a,a,a,a,a,a,a,a,a,a,a,a,a,a,a,a,a,a,a,a,-,a,a,a,a,a,a,a,a,a,a,a,a,-,a,a,a,-,a,a,a,a,a,-,a,a,a,a,a,a,a,a,a,a,a,a,a,-,a,a,a,a,a,a,a,a,a,a,b,b,b,b,b,b,b,b,b,b,b,-,b,-,b,b,b,b,b,b,b,b,b,b,b,b,b,b,b,b,b,b,b,b,b,b,b,b,b,b,b,b,b,b,b,b,b,b,b,b,b,b,b,b,-,b,a,a,a,-,a,a,a,a,a,a,a,a,a,a,a,a,a,a,a,a,a,a,a,a,a,a,a,a,-,-,a,a,b,b,a,a,b,b,b,b,a,b,b,a,a,a,a,a,a,a,a,a,a,a,a,a,a,a,-,a,a,a,a,a,a,a,a,a,a,-,a,a,-,a,a,a,a,a,a,a,a,a,a,a,a,a,a,-,-,-,a,a,a,a,-,a,-,a,a,a,a,a,a,a,a,a,a,a,b,b,b,b,b,b,a,b,a,a,a,a,a,a,a,a,a,a,a,a,a,a,a,a,a,a,a,a,a,-,a,a,a,a,a,a,a,a,a,a,a,-,a,a,a,a
75,1.4223268,1.41667,-,-,a,b,-,-,b,b,b,b,b,b,b,-,b,-,-,-,b,-,-,-,-,b,b,b,b,-,b,b,-,-,a,a,-,a,a,a,a,a,-,b,b,b,-,-,b,-,-,b,b,b,b,b,b,-,b,b,b,b,-,-,b,-,b,b,b,b,b,b,b,b,-,b,-,b,a,a,a,a,-,a,a,-,-,a,a,a,a,-,a,a,-,-,a,a,a,a,a,a,a,a,a,b,b,b,b,b,b,-,b,b,b,b,-,b,b,b,-,b,-,-,b,b,b,-,b,b,-,-,a,a,a,a,a,-,a,-,a,a,a,a,a,a,-,a,a,a,-,a,a,-,-,a,a,-,a,-,a,a,a,a,a,a,a,a,a,a,-,-,a,a,a,a,a,a,a,a,a,a,a,-,a,a,a,a,-,b,b,a,a,b,b,b,b,-,b,b,-,-,b,b,b,-,-,-,b,b,b,b,b,b,b,b,-,b,b,b,b,-,b,b,-,b,b,-,b,b,b,-,b,b,b,b,b,b,b,b,b,-,b,b,b,b,-,-,b,-,b,-,-,-,b,b,-,-,-,-,-,b,b,b,b,b,b,a,a,a,a,-,-,-,a,-,a,-,-,a,-,-,-,-,a,a,a,a,a,a,a,a,a,a,a,-,a,a,-,a,a,a,a,a,a,-,a,a,-,a,a,a,b,a,b,b,b,-,b,-,b,-,-,b,-,b,-,-,-,-,b,b,b,-,-,b,-,b,b,b,b,b,b,b,b,b,-,-,b,b,b,-,b,b,b,-,b,b,b,-,b,b,b,b,b,b,b,b,b,-,-,b,-,-,b,b,b,b,b,b,b,b,b,b,b,b,b,-,b,b,-,b,b,b,b,b,b,-,b,-,b,b,-,-,-,b,b,b,-,-,b,b,b,b,b,b,b,b,b,b,b,-,b,b,b,b,b,b,b,b,b,a,-,a,-,a,a,-,-,a,a,-,a,a,a,a,a,a,-,a,a,a
76,2.0054688,1.945,-,-,b,a,-,b,a,-,a,a,a,a,a,-,-,b,-,-,a,b,b,b,-,a,a,a,a,-,-,b,-,b,b,b,-,a,a,a,a,a,-,a,a,a,a,a,a,-,-,a,a,a,-,-,a,-,a,a,b,b,-,a,a,-,-,b,a,a,b,a,-,a,-,a,-,a,a,b,a,a,-,a,-,-,-,a,b,b,b,-,b,a,-,a,a,-,-,a,b,b,b,b,b,-,-,b,b,b,b,b,b,b,b,b,b,b,b,b,b,b,b,b,b,b,-,-,b,b,-,-,-,a,-,a,a,-,a,-,b,b,a,a,a,a,a,-,a,-,a,b,a,-,a,-,b,-,a,a,-,a,b,b,b,-,b,b,b,a,-,a,b,b,b,b,b,b,-,b,a,a,-,a,b,a,a,a,a,a,a,a,a,a,-,a,-,a,a,a,a,a,a,-,-,-,a,a,a,-,b,-,a,b,-,-,a,b,b,-,a,a,b,-,-,a,b,-,a,-,b,-,a,a,a,a,-,a,-,a,a,a,b,-,-,-,b,b,-,-,b,-,b,-,b,b,-,-,b,b,-,b,a,a,a,a,a,a,a,a,-,b,-,-,-,-,b,-,-,-,b,b,-,b,-,b,b,a,a,b,a,a,a,a,a,b,b,a,-,-,a,a,a,a,a,a,a,a,a,a,a,a,a,a,a,a,a,a,a,-,-,a,-,a,a,a,-,-,a,b,-,b,b,b,b,-,b,a,a,a,a,b,b,b,b,b,a,-,a,-,a,a,a,b,b,a,a,a,a,a,-,b,b,b,b,b,a,a,a,a,a,a,a,-,-,b,b,b,a,a,a,a,a,-,b,a,b,a,a,a,a,-,a,a,-,-,-,a,a,a,-,a,a,a,-,-,b,-,b,-,a,a,-,b,-,b,b,-,a,a,b,-,-,a,a,a,-,a,a,-,a,a,a,a,a,a,-,a,a,-,a,a,a,a,a,a,a,-,a,a,a,a
77,0.8067507,0.90167,-,-,b,b,-,b,-,b,b,b,b,b,b,b,b,-,b,-,b,b,-,b,b,b,b,b,b,b,b,-,b,-,b,b,-,b,b,b,b,a,-,a,a,a,-,a,a,a,a,a,-,a,a,-,a,-,a,-,a,a,a,a,a,-,a,a,a,-,a,a,a,a,a,a,a,-,-,a,a,-,-,a,a,a,-,-,a,a,a,a,a,a,a,a,-,-,a,a,a,a,a,a,a,b,b,b,b,b,b,b,b,b,b,b,b,-,b,-,b,b,b,b,b,b,-,b,-,b,b,-,-,a,-,a,a,-,-,-,a,a,a,a,-,-,a,a,a,-,a,-,-,a,-,a,a,-,a,a,a,a,a,a,a,a,a,a,a,a,a,a,a,a,a,a,a,a,-,a,-,-,a,a,a,a,a,a,a,a,a,a,-,-,-,a,a,a,a,-,-,a,a,-,a,-,a,a,a,a,a,a,-,a,-,a,a,-,a,a,-,-,a,a,a,a,a,-,-,-,a,a,-,a,a,a,-,a,a,a,-,-,b,-,b,b,-,-,-,b,b,b,-,-,b,b,b,-,b,-,b,b,b,b,b,b,b,b,b,b,b,-,-,-,-,b,-,b,b,-,b,-,-,b,-,-,b,b,b,b,b,b,b,b,b,-,-,b,-,-,-,-,a,a,a,-,a,a,-,a,a,a,a,a,a,-,a,-,a,-,a,-,-,a,a,-,a,a,-,b,-,b,b,b,-,b,-,b,b,b,b,a,a,a,a,a,-,-,a,-,a,-,a,a,a,-,a,-,a,a,a,a,a,a,a,a,-,-,a,a,-,a,-,-,-,a,a,a,a,-,-,-,a,-,a,a,a,-,-,-,-,a,-,-,-,a,a,a,-,a,-,-,-,-,-,a,b,b,-,b,-,-,a,a,-,a,a,a,-,-,a,-,a,a,a,-,-,a,a,a,-,a,a,a,a,a,a,a,-,a,-,a,-,-,-,a,a,-,a,a,a,a
78,1.2027675,1.25,-,-,a,a,a,-,a,a,a,a,a,a,a,-,-,a,-,-,a,a,-,a,-,a,a,a,a,a,a,-,-,-,-,a,-,a,a,a,a,a,a,a,-,-,-,a,a,a,-,a,-,-,a,-,a,-,a,-,a,a,-,a,-,a,a,-,-,-,a,a,-,-,a,-,-,a,-,a,a,-,-,-,a,a,-,-,a,a,a,a,a,a,a,-,-,-,-,-,a,a,-,a,-,a,a,a,a,a,a,-,a,a,a,a,-,a,-,-,a,a,-,a,a,-,a,-,a,a,a,-,a,-,-,a,-,a,-,a,a,-,-,-,a,-,-,a,a,a,-,a,-,a,a,a,a,-,a,-,a,-,a,a,a,b,a,a,b,b,b,-,-,b,b,b,b,b,-,b,-,b,b,-,b,-,-,b,-,b,b,b,-,b,-,-,-,b,-,-,-,b,b,-,b,b,b,-,-,b,b,b,b,b,-,-,a,a,a,a,-,a,a,a,a,a,a,-,-,-,a,-,a,-,a,-,a,a,a,a,a,-,a,a,a,a,a,-,a,-,-,-,-,-,-,b,-,-,a,a,a,-,a,a,a,-,a,b,b,b,b,-,b,-,b,-,b,-,-,a,-,b,-,-,b,-,-,b,b,-,b,b,b,b,b,-,-,-,-,b,b,b,b,b,b,-,-,b,b,b,b,b,b,b,b,b,-,b,-,-,-,-,-,b,-,-,b,b,-,b,-,-,b,-,a,-,a,a,a,a,a,-,a,a,a,a,-,-,-,a,a,a,a,a,a,-,a,a,a,a,-,a,a,a,a,a,-,-,a,a,-,a,-,-,-,a,a,a,a,-,-,a,a,-,a,a,a,-,-,-,-,a,a,a,-,a,-,-,a,-,a,a,a,-,a,a,a,a,a,-,a,a,a,a,a,a,a,-,-,a,a,-,-,a,a,-,a,a,a,-,-,a,a,a,-,a,-,-,-,a,a,a,-,a,-,a,a,-,-,b,b,b
79,1.7112458,1.73667,b,b,b,b,b,-,-,-,a,a,a,b,a,b,b,-,-,-,a,-,-,b,-,b,b,b,b,-,-,-,-,b,-,-,-,a,b,b,b,b,b,a,b,-,-,-,b,-,-,a,-,-,-,-,-,-,-,b,b,b,-,-,-,-,-,a,a,-,a,-,-,a,-,-,-,-,a,a,-,-,-,-,-,-,-,-,a,a,a,-,a,-,-,-,-,a,-,-,a,a,a,a,a,-,b,b,b,-,b,-,a,b,b,b,-,-,-,a,-,-,-,a,-,-,-,-,-,a,-,-,-,a,-,a,-,a,a,-,b,b,-,-,-,-,-,-,a,-,-,-,-,-,b,-,b,b,-,-,-,-,b,b,b,-,a,a,b,-,b,-,b,b,b,b,b,b,b,b,-,-,b,-,b,a,a,a,-,b,b,b,-,-,-,-,-,-,-,-,-,-,b,-,-,-,-,b,-,a,b,-,-,a,-,-,-,b,b,a,-,-,a,-,-,a,b,-,-,-,a,-,a,a,-,-,-,-,-,b,a,-,-,a,-,a,a,-,-,-,-,b,b,-,b,-,-,a,-,-,-,-,a,a,a,a,a,a,a,-,a,-,-,b,-,-,-,b,-,-,-,-,b,-,-,-,-,b,b,-,b,b,b,b,b,-,-,b,-,-,-,b,b,b,-,b,-,b,-,b,b,a,a,b,b,-,a,-,b,-,-,-,-,b,-,-,-,-,-,-,-,-,-,a,-,-,-,a,-,b,b,a,b,b,b,b,-,-,-,-,-,-,-,b,b,-,b,-,b,-,-,b,b,b,b,b,-,-,b,-,-,-,b,-,-,b,b,b,-,-,-,-,b,-,b,-,b,-,-,a,-,-,-,-,-,-,-,-,-,b,-,-,b,-,-,-,b,-,-,a,-,-,a,a,-,a,a,a,a,-,a,-,-,a,a,a,-,a,a,-,-,a,-,a,-,-,-,a,-,-,-,-,-,-,a,a,a,b,-,a,a,b
80,1.1227097,1.20833,b,b,b,b,-,b,a,-,a,a,a,-,a,-,-,-,-,-,a,-,b,-,-,-,-,-,-,-,b,b,-,-,-,-,-,a,a,a,a,a,-,a,-,-,-,-,a,-,-,a,b,-,-,-,-,a,-,-,-,-,-,a,-,a,a,a,a,-,a,a,-,-,-,a,a,-,-,b,a,-,a,a,-,-,a,a,b,b,b,a,b,a,-,-,a,-,-,-,b,b,-,b,b,-,a,a,a,-,a,-,b,b,b,b,-,-,a,-,a,-,-,-,-,a,a,-,a,-,-,-,-,a,-,a,-,-,-,-,-,-,-,a,a,-,a,-,-,-,-,b,-,-,a,a,-,-,b,-,-,-,-,b,-,-,-,-,-,b,b,-,b,b,-,b,b,b,-,a,b,-,a,-,a,-,b,b,-,-,-,-,-,a,-,a,a,-,-,-,a,a,-,-,-,-,a,-,a,-,b,-,-,-,-,-,a,-,b,-,a,-,-,-,a,-,b,-,a,-,b,-,-,a,a,-,-,a,-,a,-,-,a,-,-,a,-,-,-,a,-,-,-,-,a,-,-,-,-,-,-,a,b,b,b,b,b,b,-,b,b,-,-,-,-,-,-,-,-,-,-,-,-,-,-,-,-,-,-,-,b,b,b,b,a,-,b,-,-,b,b,-,-,-,b,b,-,a,-,-,-,-,-,a,a,-,-,b,-,b,-,-,-,b,-,-,-,-,b,-,b,-,-,-,-,b,-,b,b,b,b,a,-,-,-,a,-,-,-,a,-,a,a,a,a,-,-,b,b,-,-,a,a,a,a,a,-,a,a,-,-,-,-,a,a,a,a,a,-,-,a,a,-,a,-,-,a,a,-,-,a,-,-,a,-,-,-,-,-,-,-,-,-,a,-,-,a,-,b,-,-,-,-,a,-,a,a,a,-,-,a,-,-,a,a,-,-,a,a,-,-,a,-,a,a,-,-,-,-,-,a,-,-,-,-,a,a,-,a,a,a,a
81,1.1982448,1.16833,-,b,a,a,-,a,-,-,a,a,a,a,a,a,-,a,a,a,a,-,a,-,-,a,a,a,a,a,-,-,-,a,a,a,-,a,a,a,a,a,-,a,-,-,a,a,a,-,a,-,-,-,-,a,a,a,-,a,b,b,-,-,a,a,a,b,a,a,b,a,a,a,-,a,-,-,-,b,-,-,b,b,b,b,b,b,b,b,b,b,b,b,-,-,b,b,b,b,b,a,a,a,b,-,b,b,b,-,b,-,b,a,a,a,-,-,b,b,-,b,b,-,b,b,b,-,-,b,-,-,-,b,-,a,a,a,a,a,b,b,-,b,b,b,b,-,-,b,b,-,b,b,b,b,b,-,b,b,b,-,b,b,b,-,b,b,b,b,b,b,b,b,b,b,b,b,b,b,a,-,b,-,b,b,b,b,b,b,b,b,b,b,-,b,b,-,-,b,-,-,-,b,-,b,-,-,-,-,b,-,-,b,-,-,-,b,b,-,b,b,b,b,b,b,b,-,b,-,b,b,b,b,b,b,b,-,b,b,-,-,b,b,b,-,-,b,b,b,-,-,b,-,-,b,-,b,-,b,b,-,b,b,b,b,b,a,a,a,a,b,b,-,b,b,-,-,-,-,-,-,b,-,b,-,-,a,a,b,a,a,a,a,a,-,-,a,a,a,-,-,a,a,a,-,-,a,a,a,a,a,a,a,a,-,a,a,a,-,b,b,-,a,-,b,b,b,b,-,b,b,b,-,b,b,-,a,a,a,a,a,a,a,a,a,-,a,a,a,-,a,-,a,a,-,a,-,a,a,a,a,a,a,a,a,a,a,-,-,-,a,-,a,-,b,b,b,a,-,a,-,-,a,b,a,b,-,a,a,a,-,-,a,-,-,-,a,-,-,a,a,-,-,a,a,a,-,a,-,-,-,-,a,-,a,a,a,-,a,a,-,-,a,a,-,a,a,a,-,-,a,a,a,a,a,-,a,a,-,a,-,a,-,-,a,a,a,a,a,a,-
82,1.4425745,1.33333,a,a,-,-,-,a,a,-,a,a,a,-,a,-,-,-,a,-,a,a,-,a,a,-,-,-,-,a,a,a,a,-,-,-,a,a,a,a,a,a,a,a,-,a,a,-,a,-,a,a,a,b,b,b,b,b,b,b,a,a,-,b,-,-,b,a,b,b,a,b,b,-,-,b,b,-,b,a,b,-,b,-,b,b,b,b,b,b,-,a,-,-,-,-,a,-,-,b,b,b,b,-,b,-,a,a,a,b,a,-,-,b,b,b,-,a,-,a,-,-,-,-,a,a,-,a,a,-,a,-,a,a,a,a,-,-,b,-,a,a,b,b,-,-,-,b,b,b,b,a,b,b,-,b,-,-,-,b,b,-,a,a,-,-,a,-,-,b,b,b,a,a,a,a,a,a,-,a,-,b,a,b,-,b,b,b,-,b,b,b,b,b,b,-,b,-,-,-,-,-,b,b,b,b,b,b,-,-,b,b,b,b,b,b,-,b,b,-,-,-,b,-,a,b,b,b,-,b,b,-,b,-,b,-,b,b,-,a,b,-,b,b,b,b,b,b,b,b,b,-,b,-,-,b,b,-,-,b,-,b,a,a,a,a,a,a,a,a,a,-,a,a,a,a,a,a,a,a,-,-,-,-,-,a,-,a,a,a,a,a,a,a,a,a,a,a,a,a,a,a,a,a,-,a,a,a,a,a,a,a,a,a,a,a,a,a,a,-,-,a,a,a,a,a,a,-,-,a,a,-,a,-,-,a,a,a,a,a,a,a,-,-,-,a,a,a,a,a,a,a,a,a,a,-,-,-,a,a,a,a,a,a,a,a,a,-,a,a,-,a,a,a,-,a,a,a,-,b,b,-,b,b,a,b,-,-,a,a,-,a,a,a,-,a,a,-,a,-,a,a,a,a,a,a,a,-,a,-,-,-,-,b,a,b,b,-,a,a,-,a,-,b,b,a,a,a,b,a,-,b,-,b,a,a,a,-,a,-,a,a,a,-,a,a,a,a,a,a,a,-
83,1.9208207,2,-,-,a,a,-,-,-,-,b,b,b,a,a,-,a,a,a,a,b,a,a,-,-,a,a,a,a,-,-,-,a,-,-,a,-,a,a,-,b,b,-,b,a,-,-,-,b,-,a,a,-,-,-,a,-,a,a,-,b,b,-,-,-,-,-,a,-,-,a,a,a,-,-,a,-,a,-,b,b,b,-,-,b,-,b,b,-,b,a,-,a,b,b,b,-,-,-,-,b,b,-,a,b,-,b,b,-,-,-,-,b,b,b,-,-,b,b,-,-,-,-,-,b,-,b,-,b,b,-,-,-,b,-,-,-,a,a,-,-,b,a,-,a,-,a,-,-,a,-,-,-,-,-,-,b,-,-,-,a,a,b,b,b,a,a,-,b,-,-,-,a,a,a,a,a,a,-,a,-,-,a,a,b,a,b,b,-,b,b,b,b,-,-,-,-,-,-,b,-,-,-,-,-,-,-,b,-,-,b,-,-,b,-,b,-,b,b,b,b,-,b,b,b,b,b,-,-,b,b,-,-,-,b,b,-,-,-,-,-,-,b,b,-,b,-,b,b,b,-,-,-,-,a,-,-,-,a,-,a,-,a,a,a,a,a,b,b,b,b,-,-,-,a,-,a,-,-,-,a,-,-,a,a,a,a,-,b,a,b,b,b,a,b,-,-,b,-,-,a,-,a,a,-,a,-,-,-,a,-,b,b,b,b,-,-,-,b,-,-,-,a,b,a,-,-,a,a,-,-,b,a,a,-,a,-,a,b,a,a,b,b,b,b,b,a,-,-,-,a,-,-,-,-,-,a,-,a,-,a,b,-,b,b,b,-,-,-,a,-,-,-,-,a,b,b,b,a,a,-,-,-,a,a,-,-,-,a,-,-,-,-,a,-,a,-,-,-,-,-,-,a,-,a,a,a,b,b,b,-,-,-,a,-,-,a,-,-,-,b,-,b,a,b,b,-,-,b,b,b,b,b,b,b,b,-,-,b,b,b,-,-,-,-,b,b,-,a,b,b,a
84,.,.,-,-,-,-,-,-,a,b,b,b,b,-,b,-,b,-,-,a,b,b,a,b,-,-,a,a,a,b,-,-,-,b,-,-,-,a,a,a,a,a,-,a,-,b,-,-,a,-,-,b,a,a,-,-,-,-,-,-,a,a,-,-,-,-,-,b,-,-,b,a,-,-,-,-,b,-,-,b,-,-,-,-,-,-,-,-,b,b,b,b,b,-,-,b,-,b,-,-,b,b,-,b,b,b,b,b,b,-,b,b,b,b,b,b,-,b,-,-,-,b,b,-,-,-,b,-,b,-,b,-,b,-,-,-,b,b,b,-,b,a,-,b,-,b,b,b,b,-,-,b,b,-,-,-,b,b,-,-,-,-,a,a,b,-,b,b,-,-,-,a,a,a,a,a,a,a,-,a,-,a,a,-,-,b,b,b,-,-,-,b,-,b,-,-,-,b,b,-,b,-,-,-,-,-,b,b,-,-,a,b,-,-,-,-,b,b,a,b,-,-,-,-,b,-,a,b,-,-,b,-,-,b,b,-,-,-,b,b,-,-,-,-,-,-,-,-,b,-,-,-,-,-,-,-,-,a,-,-,-,a,b,b,b,b,a,b,b,a,b,b,-,-,b,-,-,-,-,-,-,-,-,-,-,-,b,b,b,b,b,b,b,-,b,b,-,b,-,-,-,-,a,-,-,-,-,b,-,-,-,-,-,b,b,b,-,-,b,b,-,b,-,b,-,-,-,-,-,-,b,-,-,-,-,-,a,a,a,a,a,b,-,-,-,b,-,b,b,-,-,b,-,b,b,-,-,-,-,-,-,b,b,b,b,b,-,-,-,b,-,-,-,-,b,b,b,b,b,-,-,b,b,-,-,b,-,-,b,-,-,-,-,-,-,-,a,-,a,-,-,-,-,-,-,-,b,-,a,a,-,-,-,a,a,a,a,-,-,-,a,-,-,b,a,a,a,-,a,-,-,-,-,b,b,-,-,-,-,b,b,b,-,-,b,b,b,-,b,b,b,b
85,1.8794726,1.91667,a,a,a,a,a,a,-,a,b,b,b,a,b,a,a,a,a,a,a,a,a,a,a,a,a,b,b,a,a,a,a,a,a,a,a,a,b,a,b,b,a,a,a,a,a,a,b,a,a,b,a,a,a,a,a,a,a,a,b,a,a,a,a,a,a,a,a,a,a,-,a,a,a,b,b,b,b,a,b,b,b,b,b,b,b,b,a,a,a,b,b,-,b,-,b,b,b,b,a,a,a,b,a,b,a,a,a,-,a,b,b,a,a,a,b,b,b,b,b,b,b,b,b,b,b,b,b,-,b,-,b,b,b,b,b,a,-,b,b,a,b,b,b,b,b,b,-,b,b,-,b,b,b,b,b,b,b,b,b,b,a,a,b,b,a,a,b,b,-,b,a,a,a,a,a,a,b,a,b,b,a,b,a,a,a,a,a,b,a,a,a,a,a,a,a,a,a,a,a,a,a,a,a,a,a,a,a,a,a,a,a,b,a,a,a,a,a,a,a,a,b,a,a,a,a,a,a,a,a,a,a,a,a,a,a,a,a,a,a,a,a,a,a,a,a,a,a,a,a,b,a,a,a,a,a,a,a,a,a,a,a,a,a,a,a,a,a,a,a,a,a,a,a,b,a,a,a,a,a,a,a,a,a,a,a,a,a,a,b,b,b,a,b,a,a,b,a,a,a,a,a,b,a,a,a,b,-,b,b,b,b,b,b,a,a,a,b,a,a,a,-,b,a,a,a,a,a,a,a,a,a,a,a,a,a,b,a,b,b,a,b,a,b,a,a,a,a,-,a,a,a,a,a,a,a,a,a,a,a,a,a,a,a,a,a,a,a,-,a,a,a,a,a,a,a,a,a,a,a,a,a,-,b,a,a,a,a,a,a,a,a,a,a,a,a,a,a,a,a,a,a,a,a,a,a,a,a,a,a,a,a,a,a,a,a,a,-,a,a,a,a,a,a,a,a,a,b,a,a,b,a,a,-,a,a,a,b,b,b,b,b,b,b,b,b,b,b,b,b,a
86,1.9215777,2,-,b,b,b,b,-,b,-,b,a,a,a,a,-,-,-,-,-,a,-,a,-,-,a,a,a,a,-,-,a,a,a,-,-,a,a,a,a,a,a,a,b,-,-,-,-,b,-,-,b,-,-,b,b,b,-,b,b,b,b,b,-,b,-,b,b,-,-,b,b,-,-,b,b,-,-,-,b,-,b,-,-,b,-,-,-,b,b,b,-,b,-,-,-,-,-,b,-,b,b,b,b,b,b,b,b,b,b,b,b,b,b,b,b,-,b,-,b,-,-,-,-,-,b,b,b,-,-,b,b,-,-,b,-,b,-,-,-,b,b,-,-,-,-,-,b,-,b,-,b,-,-,-,-,b,-,-,-,-,b,b,b,b,b,b,b,b,-,-,b,b,b,b,b,b,b,-,b,-,-,-,-,b,a,a,a,a,a,a,-,a,-,a,a,-,-,a,-,-,-,-,-,-,a,-,a,a,-,a,-,a,a,a,-,-,a,a,-,a,-,a,a,a,a,a,a,-,-,b,-,-,-,-,b,-,a,b,a,-,-,-,b,b,-,-,-,b,-,-,-,-,-,-,b,-,b,-,-,b,-,b,b,b,b,b,b,b,b,b,b,-,-,-,b,-,b,-,b,-,b,-,-,-,b,-,b,b,b,b,b,b,b,b,-,-,b,b,-,-,-,b,b,-,-,-,b,-,b,b,b,b,b,b,-,-,-,b,-,-,b,b,b,-,-,-,-,-,-,b,-,b,-,-,b,-,b,b,b,b,b,b,b,b,b,b,b,-,b,b,-,-,b,b,-,b,-,-,-,-,b,b,b,b,b,-,-,-,b,-,-,b,-,b,b,b,b,b,-,-,b,-,-,b,-,b,b,-,-,b,-,-,-,b,-,-,-,-,b,b,-,-,-,b,-,b,b,b,-,b,b,-,b,-,b,b,b,-,-,b,-,-,b,b,b,-,-,b,b,b,b,-,b,b,b,b,-,-,-,-,-,-,-,-,b,b,-,-,b,b,b
87,1.3600787,1.27833,b,b,-,b,-,b,b,-,b,b,b,-,b,b,b,b,-,-,b,b,b,b,b,-,-,-,-,-,b,-,b,b,a,a,-,a,a,a,a,a,a,a,a,-,a,a,a,a,a,a,-,b,a,a,a,a,a,a,a,a,-,a,a,a,a,a,a,-,a,-,-,-,a,a,a,a,a,a,-,a,a,-,a,-,a,-,-,a,-,a,-,-,a,a,a,-,a,-,a,a,a,-,a,a,a,a,-,a,-,a,-,a,a,-,a,a,a,a,a,a,-,-,a,a,-,b,-,a,-,a,-,-,-,b,b,-,-,-,b,b,b,-,-,b,b,b,-,b,b,b,b,-,b,b,-,b,-,-,b,b,b,b,-,b,b,-,-,-,-,b,b,b,b,b,b,b,b,b,b,b,b,-,-,b,b,b,b,b,b,b,b,-,b,b,b,b,b,b,b,-,b,b,b,b,b,-,b,b,b,b,b,b,-,-,b,b,b,b,a,a,-,a,a,a,a,a,a,-,a,a,-,-,-,a,a,-,a,a,a,a,a,-,-,a,a,a,a,a,a,-,a,-,a,a,a,a,-,a,a,a,a,a,a,a,a,a,a,a,a,a,a,a,a,a,a,a,-,-,a,a,a,-,a,-,a,a,a,-,a,a,a,a,a,-,a,a,a,a,a,a,a,a,a,-,-,-,-,a,a,a,a,a,a,a,a,a,a,-,a,a,-,a,a,a,-,-,-,-,a,a,a,-,a,-,-,a,a,a,a,b,-,-,-,b,b,b,b,-,b,-,-,-,-,b,b,-,b,b,b,b,-,b,b,b,-,-,-,b,b,b,b,-,a,a,a,a,a,a,-,a,-,-,a,a,a,a,a,-,a,-,a,-,-,a,a,a,a,-,a,-,-,-,a,-,a,-,a,a,a,-,-,a,a,-,a,a,-,a,-,b,-,b,b,b,b,b,b,-,b,b,-,b,-,b,b,-,b,b,b,b,b,b,-,b,b,-,-,b,a,-
88,1.1867118,1.22167,a,a,a,a,a,a,a,a,a,a,a,a,a,a,a,a,a,a,a,a,a,a,a,a,a,a,a,a,a,-,a,a,b,b,b,b,b,a,a,a,a,a,a,a,a,a,a,a,a,a,a,b,a,a,a,-,a,a,a,a,a,a,a,a,a,a,a,a,a,-,a,a,a,a,a,a,a,a,b,b,b,b,b,b,-,b,b,b,b,b,b,b,-,b,-,-,b,-,b,b,b,b,b,a,a,a,b,b,b,b,b,b,b,b,b,b,b,b,b,b,-,b,-,b,a,a,a,a,a,a,a,a,a,a,-,a,a,a,a,a,a,a,-,a,a,a,a,a,a,a,a,a,a,a,a,a,a,a,a,a,a,a,a,a,a,a,a,a,a,a,a,a,a,a,a,a,a,a,a,a,a,a,a,-,-,-,b,a,b,b,b,a,b,b,b,-,b,b,-,b,-,b,b,b,-,b,b,b,b,b,b,b,b,b,b,b,b,b,b,b,b,b,b,b,b,b,b,b,b,b,b,b,b,b,b,b,b,-,b,b,b,b,b,b,b,b,b,b,-,b,b,-,b,b,b,b,-,b,b,b,b,b,b,b,b,a,a,a,a,a,a,-,a,a,a,a,a,a,a,a,a,a,a,a,a,a,a,a,a,a,a,a,a,a,-,a,a,a,a,a,a,a,a,a,-,b,b,b,b,b,b,b,b,b,-,b,b,b,b,b,b,b,b,b,b,b,b,b,b,b,b,b,b,b,b,-,b,b,b,a,a,a,a,a,a,a,a,-,a,a,a,a,a,a,a,a,a,a,a,a,a,a,a,a,a,a,-,a,a,a,a,a,a,a,a,a,a,a,a,a,a,a,a,a,a,a,a,-,a,a,a,b,a,b,b,b,b,b,b,b,b,b,b,b,b,b,b,b,b,b,b,b,b,b,a,-,b,a,a,a,a,a,a,a,a,a,a,a,a,a,-,a,a,a,-,a,a,a,a,a,a,a,a,a,a,a,a,a,a,a
89,1.0945198,1.16667,-,-,b,b,a,-,a,a,a,a,a,b,a,-,-,-,-,a,a,a,-,a,a,b,b,b,b,-,a,-,a,-,a,-,a,a,b,b,b,-,-,a,a,a,-,-,b,a,-,a,-,b,-,a,a,a,a,a,b,b,a,a,-,a,a,a,-,a,a,-,-,a,a,-,a,a,a,a,b,b,-,b,-,b,b,b,b,b,-,b,b,b,-,b,b,b,b,-,b,b,b,b,b,a,a,a,a,a,a,-,a,a,a,a,-,a,-,a,a,-,a,a,b,a,a,a,a,-,a,-,a,-,a,-,-,b,b,-,b,b,b,b,b,-,b,-,a,a,a,a,a,-,-,b,b,b,-,b,-,-,b,b,b,b,b,b,b,b,b,-,b,b,b,b,b,b,b,b,b,b,b,b,b,a,a,a,a,-,a,-,a,a,a,a,a,b,b,b,b,-,b,b,b,b,-,-,-,b,-,b,b,a,b,-,-,b,b,b,-,-,a,-,b,-,b,b,b,-,b,-,b,-,b,b,-,b,b,-,-,b,b,-,b,b,b,b,-,b,b,-,b,b,b,-,b,b,b,b,b,b,b,b,b,b,-,b,b,b,b,b,b,b,b,b,b,-,b,b,-,b,b,-,b,b,b,b,b,b,b,b,b,-,b,b,b,b,-,b,b,-,b,-,b,b,-,a,a,-,-,a,a,a,a,-,a,a,a,a,a,-,a,a,a,-,-,a,-,-,-,-,-,-,a,a,-,a,a,a,a,a,b,b,b,a,a,a,-,-,a,-,a,a,a,a,a,a,a,-,-,a,a,a,a,a,-,a,a,a,-,-,a,a,a,a,a,a,a,-,a,a,-,a,b,-,-,a,a,a,a,-,-,a,a,a,-,a,a,a,-,a,a,-,a,-,a,a,-,-,a,-,-,a,b,b,b,-,-,b,a,a,a,a,a,-,-,a,a,-,-,a,a,a,-,-,-,a,a,a,a,a,-,a,-,a,a,a,-,a,a,a
90,1.3667152,1.41667,a,-,a,b,a,-,b,b,b,b,b,b,b,b,b,b,b,b,b,b,b,b,b,b,b,b,b,b,b,-,b,-,b,b,b,b,b,b,b,b,-,a,a,a,a,a,a,a,-,a,a,a,-,a,a,a,a,a,a,a,a,a,a,a,a,a,-,a,a,-,a,a,a,-,a,a,a,a,a,a,-,a,a,a,a,a,a,a,a,a,a,a,a,a,a,a,a,-,a,a,-,a,a,a,a,a,a,a,a,-,a,a,a,a,-,a,a,a,a,-,a,a,a,a,a,a,a,a,a,-,a,-,a,-,-,a,a,a,a,a,a,a,-,a,a,-,a,a,a,a,a,-,-,a,a,a,a,a,-,-,a,a,a,a,a,a,a,a,a,-,a,a,a,a,a,a,a,a,a,-,a,a,a,b,b,b,b,b,b,-,b,-,b,b,b,b,b,b,b,b,b,b,-,b,-,b,-,b,b,b,b,b,b,-,b,b,b,b,b,-,b,-,b,-,b,b,b,b,a,-,a,-,a,a,-,-,a,-,-,a,a,-,a,a,a,a,a,a,a,-,a,a,-,-,a,a,a,a,a,a,a,a,a,a,a,a,a,a,a,a,a,a,a,-,-,-,a,a,-,a,-,a,a,a,a,a,a,a,a,a,a,a,a,-,a,a,a,a,-,-,a,a,a,a,a,a,a,a,a,a,a,a,a,a,a,a,a,a,a,a,a,a,a,-,-,a,a,-,-,-,-,a,a,a,-,a,a,a,b,b,b,b,b,b,b,b,-,b,b,b,b,b,b,b,-,b,b,b,b,b,b,b,b,b,b,b,b,b,b,-,b,b,a,a,a,a,a,-,a,a,-,a,a,-,a,a,a,a,a,-,-,-,b,b,b,b,b,b,b,b,b,b,b,-,b,b,-,-,a,-,-,a,a,a,a,-,a,a,a,a,a,a,a,-,a,a,a,-,a,a,a,a,a,a,a,a,a,a,a,a,a,a,a,a,a,a,b,a,a,a
91,1.3624892,1.42857,a,a,a,a,a,a,a,b,b,b,b,b,b,b,b,-,b,b,b,b,b,b,b,b,b,b,b,b,-,b,b,b,b,b,b,b,b,b,b,b,b,b,b,b,b,b,b,b,b,b,-,b,b,-,-,b,b,b,b,b,b,b,b,b,b,b,b,b,b,b,b,b,-,b,b,b,-,b,b,b,b,-,-,b,-,b,b,b,b,b,b,b,-,b,-,b,b,-,b,b,b,b,b,b,b,b,b,b,b,-,b,b,b,b,b,b,b,b,b,b,a,b,-,a,-,a,a,a,-,b,b,b,-,b,-,b,b,-,b,b,b,b,-,b,-,-,b,a,b,b,b,a,a,a,a,a,a,a,-,a,a,a,a,a,a,a,a,a,a,a,a,a,a,a,a,a,a,a,-,a,a,a,a,b,b,b,b,b,b,b,b,-,b,b,-,-,-,b,-,-,-,b,b,b,-,b,b,b,b,b,b,b,b,b,b,b,b,b,b,b,b,b,a,b,b,b,b,b,b,b,b,b,b,b,b,b,b,-,-,b,b,-,b,b,b,b,b,b,b,b,b,-,b,b,b,b,b,b,b,b,b,b,b,b,b,b,b,b,b,b,b,-,b,b,b,b,b,a,b,b,b,b,b,b,b,b,b,b,b,b,a,a,a,b,-,a,a,a,a,a,a,a,a,a,-,b,b,b,b,a,a,a,b,a,-,b,b,b,b,-,b,b,-,b,b,b,-,b,b,b,b,b,b,b,b,b,b,b,b,a,a,a,a,a,-,a,a,-,a,a,a,a,a,a,a,a,a,a,a,a,a,a,a,a,a,a,a,a,a,a,-,-,a,a,a,a,a,a,-,-,a,a,a,a,-,b,b,-,b,b,b,b,b,b,b,b,b,b,b,-,b,b,-,b,b,b,b,b,b,b,b,b,b,b,b,b,b,b,b,b,-,b,b,b,b,-,b,b,b,b,-,b,b,b,b,-,b,-,-,b,b,b,b,b,b,b,b,b,b,b
92,1.3136059,1.39,a,a,a,a,a,a,a,a,b,a,b,b,a,a,a,a,a,a,a,a,a,a,a,a,a,a,a,a,a,a,a,a,a,a,-,a,a,a,a,a,a,a,a,a,a,a,a,-,a,a,a,a,a,a,a,a,a,a,a,a,a,a,-,a,a,a,a,a,a,-,a,a,a,a,a,a,a,a,a,a,a,a,a,a,a,-,a,a,a,a,a,-,a,a,a,a,a,a,a,a,-,a,a,b,b,b,b,b,b,-,b,a,a,a,a,a,a,a,a,a,a,b,a,a,a,a,a,a,a,a,a,-,a,-,a,a,a,a,a,a,a,a,a,a,a,a,-,a,a,a,a,-,-,a,a,a,a,a,a,a,-,a,a,a,a,a,a,a,-,a,a,a,-,a,a,a,a,a,a,a,a,a,a,b,b,b,-,b,b,b,b,b,b,b,b,b,b,b,b,b,b,b,b,b,-,b,b,b,b,b,b,b,b,b,b,-,b,b,b,b,b,-,b,b,b,b,-,b,b,-,b,b,b,b,b,b,b,b,b,-,b,b,b,b,b,b,-,b,b,a,a,-,-,a,a,-,a,a,a,a,a,a,a,a,a,b,b,b,b,b,b,b,b,b,-,b,b,b,b,b,b,b,b,b,b,b,b,-,b,b,b,b,b,b,b,b,b,b,b,b,b,b,b,b,b,b,b,b,b,b,b,b,b,b,b,-,-,b,b,b,b,b,b,b,b,b,b,b,b,b,b,b,b,b,-,b,b,b,b,a,a,a,a,a,a,a,a,a,a,a,a,a,a,a,a,a,a,a,a,a,a,a,a,a,a,a,a,a,a,a,a,a,a,a,a,-,a,a,a,a,a,a,a,a,a,a,a,a,a,a,a,a,a,a,a,a,a,a,a,a,-,a,-,a,-,a,a,a,a,a,a,a,-,b,b,b,b,b,b,b,b,a,a,b,b,b,a,a,a,a,a,a,a,a,a,a,a,a,a,a,a,a,a,a,a,b,b,b,b,b
93,1.5767726,1.68167,b,-,b,b,-,-,b,-,b,b,b,b,b,b,b,b,b,b,b,-,-,b,b,b,b,b,b,b,b,-,b,b,-,b,-,b,b,b,b,b,-,b,b,-,-,-,b,-,-,b,-,-,-,b,-,-,-,-,b,b,b,-,b,b,a,b,-,-,a,-,-,a,a,a,a,a,-,a,a,-,a,a,a,a,-,-,a,a,a,a,a,-,a,-,-,-,a,-,a,a,a,a,a,-,b,b,b,b,b,-,b,b,b,b,b,b,b,-,b,b,-,b,b,b,b,b,-,-,-,b,-,b,b,b,a,-,b,-,a,a,-,a,a,a,-,a,-,-,a,a,-,a,-,a,a,a,-,a,-,a,a,a,a,-,a,a,a,-,-,a,a,a,a,a,a,a,-,a,-,b,b,-,b,a,a,a,a,a,a,-,a,a,a,a,a,-,a,a,a,a,-,a,-,-,-,a,-,a,a,a,a,a,b,-,-,b,b,b,-,b,b,-,b,b,b,b,b,b,b,-,-,b,b,-,b,-,-,-,b,-,b,-,b,b,-,-,-,-,-,-,-,b,b,-,-,b,b,b,b,b,b,b,b,b,b,b,b,b,b,b,-,b,b,-,-,b,-,a,-,b,-,-,b,b,b,b,b,b,b,b,b,b,b,b,b,b,-,-,b,b,b,b,b,b,-,b,b,b,b,-,-,b,b,a,b,b,a,a,a,-,a,b,b,-,-,b,b,a,-,a,a,-,a,a,-,a,a,a,a,b,b,b,b,b,b,-,b,b,b,-,b,b,b,b,-,b,-,b,-,b,b,b,b,b,b,b,-,-,b,b,b,-,a,b,b,b,b,b,b,b,b,b,b,-,b,b,-,b,b,b,b,-,b,b,b,b,b,b,b,-,-,-,-,b,b,b,b,b,b,-,b,b,-,b,b,b,b,-,a,-,a,a,a,a,a,a,a,a,a,a,a,a,-,a,a,-,b,b,-,-,-,a,a,a,a,-,-,a,a,a
94,1.8430535,1.83333,b,b,b,b,b,b,-,b,b,b,b,b,b,b,b,b,b,b,b,b,b,b,b,b,b,b,b,b,a,b,a,a,a,a,a,a,a,a,a,a,a,a,a,-,a,a,b,b,b,b,b,b,b,b,b,b,b,b,b,b,b,b,b,b,b,b,b,-,b,b,b,b,b,b,b,b,b,b,b,b,b,b,b,b,b,b,b,b,b,b,b,-,b,b,b,b,b,-,b,b,b,-,b,b,b,b,b,b,b,b,b,b,b,b,b,b,b,b,b,b,-,b,-,b,b,b,b,b,b,a,-,a,a,-,a,a,a,a,a,a,a,a,-,a,a,a,a,a,a,a,a,a,a,a,a,a,b,a,a,a,a,a,a,a,a,a,a,a,-,a,a,a,a,a,a,a,a,a,a,a,a,a,a,b,b,b,b,b,b,b,b,b,b,b,b,b,b,b,b,b,-,b,b,b,a,a,a,a,a,a,a,a,a,a,b,a,a,a,a,a,a,a,a,a,a,a,b,b,b,b,b,b,b,b,b,b,b,-,b,b,b,b,b,b,b,b,b,b,b,b,b,b,b,b,b,b,b,b,b,b,b,b,b,b,b,b,b,b,b,b,b,b,b,b,-,b,b,b,b,b,b,b,b,b,b,b,b,b,b,b,b,b,b,b,-,b,b,b,b,b,b,b,b,b,b,b,b,b,b,b,-,b,b,b,b,b,b,b,b,b,b,b,b,b,b,b,b,b,b,b,a,a,a,a,a,a,a,a,a,b,b,b,b,b,b,b,b,b,b,b,b,b,b,b,b,b,b,b,b,b,b,b,b,b,b,b,b,b,b,b,b,b,b,b,b,b,b,b,b,b,b,b,b,b,b,b,b,-,b,b,b,b,b,b,b,b,b,b,b,b,b,b,b,b,b,b,b,b,b,b,b,a,a,a,a,a,-,a,a,a,a,b,b,b,-,b,b,b,b,b,-,b,b,b,b,b,b,b,b,b,b,b,b,b,b,b,b,b,b,b
95,0.3700576,0.36167,b,b,b,b,b,b,b,b,b,b,b,b,a,b,a,a,a,a,a,a,a,a,a,a,a,a,a,a,-,a,a,a,a,a,a,a,a,a,a,a,a,a,a,a,a,a,a,a,a,a,a,a,a,a,-,a,a,a,a,a,a,a,a,a,a,a,a,a,a,-,-,a,a,a,a,a,a,a,a,a,a,a,a,a,a,-,a,a,a,a,a,a,a,a,a,a,a,a,a,a,a,a,a,a,a,a,a,a,b,b,b,b,b,b,b,b,b,b,b,b,b,b,b,b,b,b,b,b,b,b,b,b,a,-,a,a,a,a,a,a,a,a,b,b,b,b,-,b,b,b,b,b,b,b,b,b,b,-,b,b,b,b,b,b,b,b,b,b,-,b,b,b,b,b,b,b,b,b,b,b,b,b,b,b,a,a,b,a,a,a,a,a,a,b,b,a,a,a,a,-,a,a,a,a,a,a,a,a,a,a,a,a,a,a,a,a,a,a,a,a,a,a,a,a,a,a,a,a,a,a,a,a,b,b,b,b,b,b,b,b,b,b,b,b,b,b,b,b,b,b,b,b,b,b,b,b,b,b,b,b,b,b,b,b,b,a,a,a,a,a,a,a,a,a,a,a,a,b,-,a,a,a,a,-,b,a,b,b,b,b,b,b,b,b,b,b,b,b,b,b,b,b,b,b,b,b,-,b,b,b,b,b,b,b,b,b,b,b,b,b,b,b,b,b,b,b,b,b,b,b,b,b,b,b,b,b,b,b,b,b,b,b,b,b,b,b,b,b,b,b,a,a,a,a,a,a,a,a,a,a,a,a,a,a,a,a,a,a,a,a,a,a,a,a,a,a,a,a,a,a,a,a,a,a,a,a,a,a,a,a,a,a,a,a,a,a,a,a,a,a,a,a,a,b,a,a,a,a,a,a,a,a,a,a,a,-,a,a,a,a,a,a,a,a,a,a,a,a,a,a,a,a,a,a,a,a,a,a,a,a,a,a,a,a,a,a,a,a,a,a
96,0.9885434,1,b,b,b,b,b,b,b,b,-,b,-,b,-,-,b,-,b,b,-,b,b,b,b,a,a,a,a,-,b,b,b,b,b,b,b,a,a,a,a,a,b,a,b,-,-,b,a,b,b,a,b,b,b,b,b,b,b,b,a,a,b,-,b,b,-,-,a,a,a,-,-,a,a,a,a,a,a,a,-,a,a,a,a,a,a,-,-,a,a,a,a,a,a,-,-,a,a,a,a,a,-,a,-,a,b,-,-,a,-,a,b,b,b,-,a,a,a,a,a,a,a,a,a,a,a,-,-,a,a,a,a,a,a,-,a,a,a,a,b,-,a,a,a,a,a,-,-,a,a,b,a,a,a,a,b,a,a,a,a,a,-,b,b,a,-,b,b,a,-,a,-,-,-,b,b,-,-,-,a,a,b,a,b,-,-,b,a,b,b,-,a,a,a,a,a,a,a,a,a,a,a,a,a,a,a,a,a,a,-,a,a,b,a,a,a,-,b,a,a,a,a,a,a,a,a,a,-,a,a,b,b,b,b,b,b,b,b,b,b,b,b,b,-,b,b,b,b,b,b,b,b,b,-,-,b,b,b,-,b,b,-,a,-,-,a,a,-,a,a,b,b,b,b,b,-,b,b,b,-,b,b,-,b,b,b,-,-,-,b,b,b,b,b,-,a,-,a,a,a,a,b,b,a,a,a,b,a,b,b,b,-,b,-,a,a,a,-,a,a,a,-,-,a,a,a,a,a,a,a,a,a,a,a,a,a,b,b,b,b,-,a,a,a,-,a,a,a,-,a,a,a,a,-,a,a,a,a,a,a,-,-,a,-,a,a,a,a,-,a,a,a,a,a,a,a,a,a,a,a,a,a,-,a,a,a,a,a,a,a,a,a,a,a,a,a,a,a,a,-,a,a,a,a,a,b,a,a,a,a,a,a,-,a,-,b,-,a,a,b,a,a,b,b,a,a,a,b,a,a,b,a,-,a,a,a,-,a,a,-,a,a,a,a,-,b,a,-,-,b,b
97,1.6319759,1.625,-,a,a,a,-,a,a,a,-,a,-,a,-,a,a,-,a,-,-,a,a,a,a,a,a,a,a,-,-,-,a,a,-,a,-,a,a,a,a,a,-,a,a,-,a,a,a,-,-,a,a,-,a,a,a,a,-,a,-,-,-,a,-,a,a,-,a,b,-,b,-,-,b,b,b,b,b,-,a,-,a,-,a,a,a,a,a,a,a,-,a,a,a,a,-,-,-,-,a,a,-,-,-,b,b,-,b,b,b,b,a,a,a,-,-,a,-,a,a,-,a,a,-,a,-,a,a,a,a,a,a,a,a,-,-,a,a,a,a,-,a,a,-,-,a,a,a,a,a,a,-,a,a,-,a,a,-,a,a,-,-,a,a,a,-,a,a,a,a,a,-,-,-,a,a,-,-,-,-,a,a,a,a,-,-,a,-,a,a,a,a,-,a,a,a,-,a,a,a,-,a,a,a,-,a,a,a,a,-,a,-,a,b,-,-,-,b,b,-,b,b,b,b,b,b,b,b,-,b,b,b,b,b,-,b,b,b,-,b,b,b,b,b,b,-,b,-,b,b,b,b,-,-,b,b,b,b,b,b,b,-,b,-,-,b,a,-,a,a,a,a,a,-,a,-,a,a,a,-,a,-,a,-,a,a,-,-,a,a,a,a,a,a,a,-,-,a,a,-,a,a,a,a,a,-,a,a,a,a,a,-,a,-,-,-,a,-,a,a,-,-,-,a,-,a,-,-,-,a,-,a,a,-,a,a,a,a,a,a,-,b,b,b,-,-,b,-,b,b,-,b,-,b,-,-,-,b,b,-,-,b,b,-,b,b,-,-,b,-,b,b,b,b,b,b,b,-,b,b,b,b,b,b,-,b,-,-,-,b,-,-,-,-,b,b,b,b,b,b,b,b,b,-,-,b,b,-,-,b,b,b,-,b,b,b,b,-,b,b,b,-,b,b,b,-,b,b,-,b,b,b,-,b,b,b,b,a,a,a,-,a,a,a,a,a,-,-,-,a,a
98,1.2747974,1.34667,a,a,a,a,a,a,a,a,a,a,a,a,a,a,a,a,a,a,a,a,a,a,a,a,a,a,a,a,a,a,a,a,a,a,a,a,a,a,a,a,a,a,a,a,a,a,a,a,a,a,a,a,a,a,a,a,a,a,a,a,a,a,a,a,a,-,a,a,a,a,-,a,a,a,a,a,a,a,a,b,b,b,b,b,b,b,b,b,b,b,b,-,b,-,b,b,b,b,b,b,-,-,-,b,b,b,b,b,b,b,b,b,b,b,b,b,b,b,b,b,b,b,b,b,b,b,-,b,b,b,b,b,b,b,b,b,-,b,-,-,b,b,b,b,b,b,-,b,b,b,b,b,b,b,b,b,b,b,b,b,b,b,b,b,b,b,b,b,-,b,-,b,b,b,b,b,b,b,b,b,b,b,b,b,b,b,b,b,b,b,b,b,b,b,b,b,b,b,b,b,b,b,b,b,b,b,b,b,b,b,b,b,b,b,b,b,b,b,b,-,b,b,b,b,b,b,b,b,b,b,b,b,b,b,b,b,b,b,b,b,b,-,b,b,b,b,b,b,b,b,b,b,b,b,b,b,b,b,b,b,b,b,b,-,b,b,b,b,b,b,b,b,b,b,-,b,b,a,b,a,a,a,a,a,a,a,a,-,a,a,a,a,a,a,a,-,a,a,a,a,a,a,a,a,a,a,a,a,a,a,-,a,a,a,a,-,a,a,a,a,a,a,a,a,a,a,a,a,a,a,a,a,a,a,a,a,a,a,a,-,b,b,b,b,b,b,b,-,b,b,b,b,b,b,b,b,b,b,b,b,b,b,b,b,b,b,b,b,b,b,b,b,b,b,b,b,b,b,b,b,b,b,b,b,b,b,b,a,b,b,b,b,b,b,b,b,b,b,b,b,b,b,b,b,b,b,b,-,b,b,b,b,-,b,b,b,b,b,b,b,b,a,a,a,b,a,a,a,a,-,-,a,a,a,a,a,a,a,a,a,a,a,a,a,a,a,-,a,a,a
99,1.9617604,2,a,a,b,b,a,a,a,a,a,a,a,b,a,a,-,a,a,a,a,a,-,-,a,b,b,b,b,-,a,-,a,a,a,-,a,a,b,b,b,b,a,a,a,-,a,a,b,a,a,a,a,a,a,a,-,a,a,a,b,b,a,a,a,a,a,a,a,a,a,-,-,a,b,b,b,b,b,b,b,b,b,b,b,b,b,b,b,b,b,-,b,-,b,-,b,b,b,a,b,b,b,-,a,b,b,b,b,b,b,b,a,b,b,b,b,b,b,-,b,b,b,b,b,-,-,b,-,b,b,-,-,b,b,b,b,-,-,b,b,b,-,b,b,b,b,b,-,b,b,b,b,a,a,a,a,a,a,a,a,a,a,a,a,a,a,a,a,a,-,a,a,a,a,a,a,a,a,a,a,-,a,a,a,b,b,b,b,a,a,b,b,b,-,b,b,b,b,b,b,-,b,b,b,-,-,b,b,b,b,b,b,a,b,b,-,b,b,b,b,b,b,b,b,b,b,b,b,b,b,b,b,b,b,b,b,b,b,b,b,b,b,-,b,b,b,b,b,b,b,b,b,-,a,a,a,a,a,a,a,a,b,a,a,a,a,b,b,b,a,b,b,b,b,a,a,a,-,a,a,a,a,a,a,a,a,-,a,-,b,b,b,b,b,b,-,b,b,b,b,b,b,b,b,-,b,b,a,b,b,b,-,a,a,a,a,b,b,-,-,-,b,b,b,b,b,-,b,b,b,b,b,b,b,b,b,a,a,b,b,b,b,b,b,b,b,b,-,b,b,b,b,b,b,b,b,b,-,-,b,b,b,b,b,b,b,b,b,-,b,b,b,b,b,b,b,a,b,b,b,b,b,b,a,-,-,b,b,a,-,a,a,a,a,a,a,a,-,a,a,a,a,-,a,b,a,a,a,-,a,a,a,a,a,a,a,-,a,a,a,a,a,a,a,a,a,a,a,a,a,a,-,b,b,b,b,-,-,b,b,b,b,b,b,b,b,b,b,b,b,a
100,1.2649216,1.27667,b,b,b,b,b,b,b,b,b,b,b,b,b,b,-,-,b,b,b,b,b,b,b,b,b,b,b,b,b,-,a,a,a,a,a,a,a,a,a,a,-,a,a,a,a,a,a,a,a,a,-,a,a,a,a,a,a,a,a,a,a,a,a,a,a,a,a,a,a,-,a,a,a,a,a,a,a,a,a,a,a,b,a,a,b,b,b,b,b,b,a,b,b,b,b,b,b,-,b,b,b,b,b,b,b,b,b,b,b,b,b,b,b,b,b,b,b,b,b,b,b,b,b,b,-,b,b,a,-,a,a,a,a,a,a,a,a,a,a,a,a,a,a,a,a,a,a,a,a,a,a,a,a,a,a,a,-,a,a,a,a,a,a,a,a,a,a,a,a,-,a,a,a,a,a,a,a,a,-,a,a,a,a,a,a,a,a,a,a,a,a,-,a,a,a,-,a,a,a,-,a,a,a,a,-,a,a,a,a,-,a,a,a,a,a,a,a,b,b,b,b,b,b,b,b,b,b,b,b,-,b,b,b,b,b,b,b,b,-,b,b,b,b,b,b,b,b,b,b,b,b,b,b,b,b,b,b,b,b,b,b,b,b,b,b,a,a,a,a,a,a,a,-,a,a,a,a,a,a,a,a,a,a,a,a,a,a,-,a,b,b,b,b,-,b,b,b,b,b,b,b,b,b,b,b,b,-,b,b,b,b,b,b,b,b,-,b,b,-,b,b,b,b,b,-,-,b,b,b,b,b,b,b,b,b,b,b,b,b,a,a,a,a,a,a,a,a,a,-,a,a,a,a,-,a,a,a,a,a,a,a,a,a,a,-,a,-,a,a,a,a,a,a,a,a,a,a,a,a,a,a,-,a,-,-,a,a,a,a,a,-,a,a,a,a,a,a,-,a,a,b,a,a,a,a,a,a,a,a,-,a,a,a,a,a,-,a,a,a,a,a,a,a,a,a,a,a,a,a,a,a,a,a,a,a,-,a,a,a,a,a,a,a,a,a,-,b,-,b,a
101,1.5782716,1.61167,b,b,b,b,b,b,b,-,b,b,b,b,b,b,b,b,b,b,b,b,b,b,b,b,b,b,b,b,b,-,a,a,a,a,-,a,a,a,a,a,a,a,a,a,a,a,a,-,a,a,a,-,a,a,a,a,-,a,a,a,a,a,a,a,a,a,a,a,a,-,a,a,a,b,a,-,a,a,a,a,-,-,a,-,b,b,b,b,b,-,a,-,b,-,-,b,b,b,b,b,b,b,b,b,b,b,b,-,b,-,b,b,b,b,a,b,b,b,b,b,-,b,b,b,b,b,-,a,b,a,a,a,a,-,a,a,a,a,a,a,a,a,a,a,a,a,-,a,a,a,a,a,a,a,-,a,a,-,a,a,a,a,a,a,a,a,-,a,-,a,a,a,a,a,a,a,a,a,a,-,a,-,a,a,a,a,a,a,a,a,a,a,a,a,a,a,a,a,a,-,-,-,a,a,a,a,a,a,a,a,a,a,a,a,-,a,a,b,b,b,b,-,b,b,b,b,-,b,b,b,b,b,b,b,-,b,b,b,b,b,b,b,b,b,b,b,b,b,b,b,b,b,b,b,b,-,b,b,b,-,b,b,b,b,b,a,a,a,a,a,a,a,a,a,-,a,a,a,a,a,-,a,a,a,a,a,a,-,a,b,b,b,b,b,b,b,b,b,b,b,b,b,b,b,-,b,b,b,b,b,b,b,b,b,b,b,b,b,b,-,b,b,b,b,b,-,b,b,b,b,b,b,b,b,b,-,b,b,b,a,a,a,a,a,a,a,a,a,a,a,a,a,a,-,a,a,a,a,a,a,a,a,a,a,a,-,a,a,a,a,a,a,a,a,a,a,a,a,a,a,a,a,a,a,-,a,a,a,a,a,a,-,a,a,a,a,a,a,a,-,a,a,a,a,a,a,a,a,a,a,a,a,a,a,a,a,a,a,a,a,a,a,a,a,a,b,a,a,a,a,-,a,a,a,a,a,a,a,a,a,a,b,b,a,a,b,b,b,b,b
102,1.0093767,1.055,b,b,b,b,b,-,b,b,b,b,b,b,b,b,b,b,b,b,b,b,b,b,b,b,b,b,b,b,-,-,b,-,b,-,b,b,b,b,b,b,-,b,b,b,b,b,b,a,a,a,a,a,-,a,a,a,a,a,a,a,a,a,a,a,a,a,-,b,b,b,b,b,b,b,b,b,b,-,b,b,b,a,a,a,a,a,a,a,a,a,b,a,a,a,a,a,a,a,a,a,a,a,a,b,b,b,b,b,b,b,b,b,b,b,a,b,b,b,b,b,b,b,b,b,-,b,b,b,-,b,b,-,b,-,b,-,b,b,b,b,b,b,b,b,b,b,b,b,b,b,-,-,b,b,b,b,b,b,-,-,b,b,b,b,b,b,b,b,b,b,b,b,b,b,b,b,b,b,b,b,b,b,b,b,b,b,b,b,b,-,b,b,b,b,b,b,b,b,b,b,b,b,b,b,-,b,b,b,b,b,b,b,b,b,b,b,b,b,b,b,b,-,b,b,b,b,b,b,b,-,b,b,b,b,-,b,b,a,-,a,a,-,b,b,b,b,b,b,b,b,a,a,a,-,a,-,a,a,a,a,a,a,a,a,a,b,b,b,b,b,b,b,b,b,b,-,b,b,b,b,b,b,b,b,b,b,b,b,b,b,b,b,b,b,b,b,b,b,b,-,b,b,-,b,b,b,b,b,b,b,b,b,b,b,b,b,a,a,a,a,a,a,a,a,-,a,a,-,-,a,-,a,a,a,a,a,a,a,a,a,a,a,a,a,a,a,-,a,a,a,a,a,a,a,a,a,a,a,-,a,a,a,a,a,a,a,a,a,a,-,b,b,b,a,a,a,a,-,a,a,a,a,a,-,a,a,a,a,a,a,a,a,a,a,a,a,a,a,a,a,a,a,a,a,a,a,-,a,a,-,-,a,a,a,a,-,a,a,a,a,b,b,b,b,b,b,b,b,b,b,b,b,b,b,b,b,b,b,b,b,b,b,b,b,b,b,a,b,b,b
103,1.2268714,1.29333,-,-,a,a,-,-,a,-,a,a,a,a,a,-,-,-,-,-,a,-,-,-,-,a,a,a,a,-,-,-,-,-,-,-,-,a,a,a,a,a,-,a,-,-,-,-,a,-,-,b,-,-,-,-,-,-,-,-,a,a,-,-,-,-,-,b,-,-,b,-,-,-,-,-,-,-,-,b,-,-,-,-,-,-,-,-,a,a,b,-,b,-,-,-,-,-,-,-,a,b,b,-,a,-,b,b,b,-,b,-,b,b,b,b,-,-,-,-,-,-,-,-,-,-,-,-,-,-,-,-,-,-,-,-,-,-,-,-,b,b,-,-,-,-,-,-,-,-,-,b,-,-,-,-,a,-,-,-,-,-,b,b,a,-,b,a,a,-,-,-,b,b,b,b,b,b,-,b,-,-,b,-,a,a,a,a,-,b,b,-,-,-,-,-,-,-,-,-,-,-,-,-,-,-,-,-,-,-,a,-,-,b,-,-,-,b,a,-,-,-,b,-,-,-,a,-,-,-,a,-,-,-,-,-,-,-,-,-,-,-,-,-,-,-,-,-,-,-,-,-,-,-,-,-,-,-,-,-,-,-,b,a,b,b,a,a,b,b,b,-,-,-,-,-,-,-,-,-,-,-,-,-,-,-,-,b,b,-,b,b,b,b,b,-,-,b,-,-,-,-,b,b,-,-,-,b,-,a,a,a,-,b,b,-,-,-,b,-,-,-,-,b,-,-,-,-,-,-,-,-,-,-,-,-,-,b,b,a,a,a,b,b,b,a,-,-,-,-,-,-,-,a,a,-,-,-,-,-,-,a,a,a,a,a,-,-,-,-,-,-,-,-,-,a,a,a,-,-,-,-,-,-,b,-,b,-,-,-,-,-,-,-,-,-,-,-,-,-,-,-,-,-,-,-,a,-,-,-,-,-,-,a,-,a,a,-,-,-,a,-,-,a,a,-,-,-,a,-,-,b,-,b,-,-,-,-,-,-,-,-,-,-,-,-,a,-,-,a,a,b
104,1.886761,1.95833,b,b,a,a,b,b,b,b,b,b,b,a,b,b,b,b,b,-,b,-,b,-,b,a,a,a,a,b,b,-,-,b,-,b,b,b,a,a,a,a,b,b,-,b,b,b,b,-,-,b,-,b,b,b,b,b,b,b,b,b,b,b,b,b,b,b,-,b,b,b,-,-,b,b,b,-,b,b,-,b,b,b,b,b,b,-,b,b,a,b,a,b,-,-,b,b,b,b,b,b,b,b,b,a,a,a,a,a,-,-,b,a,a,-,-,-,-,a,a,a,-,-,-,a,a,a,-,-,a,a,a,a,a,a,a,-,a,-,a,a,a,a,-,-,a,-,a,a,a,a,a,-,-,a,b,-,a,a,-,a,a,a,b,a,a,b,b,a,-,a,a,a,a,a,a,a,-,a,-,-,a,a,b,a,a,a,-,a,a,-,-,a,a,-,-,-,a,-,a,-,a,-,a,-,a,a,-,a,a,-,-,a,a,a,a,-,a,a,a,b,a,b,b,-,b,b,-,b,b,-,b,b,b,b,b,b,-,-,-,-,b,-,b,-,a,-,-,a,a,-,-,a,a,-,a,-,a,a,a,a,a,a,a,a,b,b,b,b,b,-,b,b,b,-,-,b,b,b,b,b,b,b,-,b,b,b,b,b,b,b,-,b,b,b,-,b,b,b,b,b,b,b,b,-,b,b,-,b,b,b,-,b,b,-,b,b,b,b,-,b,b,b,b,-,a,-,a,a,-,a,-,a,-,a,-,a,a,a,a,b,a,a,a,b,-,b,b,b,-,b,b,b,b,-,-,b,b,-,-,-,a,-,a,-,b,b,b,-,a,-,a,a,-,a,a,a,a,a,a,a,a,-,a,a,a,a,a,-,a,a,a,a,a,a,a,a,a,a,a,-,a,a,a,-,a,a,a,-,a,-,-,a,a,a,a,-,a,a,a,a,a,a,a,a,a,a,a,a,a,b,-,a,a,a,a,a,-,a,a,a,a,a,a,a,a,a,-,a,-,a
105,1.364682,1.43167,b,b,a,a,b,b,a,b,a,a,a,a,a,b,b,b,b,b,a,b,b,b,b,a,a,a,a,b,b,b,b,b,b,b,b,a,a,a,a,a,b,a,b,b,b,b,a,a,b,a,b,b,b,b,b,b,b,b,a,a,b,b,b,b,b,a,b,b,a,b,b,b,b,b,b,a,a,a,a,a,a,a,a,a,a,a,a,a,b,a,b,a,a,a,a,a,a,a,-,-,-,b,-,a,a,a,a,a,a,a,a,a,a,a,a,a,a,a,a,a,a,a,-,a,a,a,a,b,b,b,b,b,b,b,b,b,-,b,a,a,b,b,-,b,b,b,b,b,b,b,b,b,b,b,a,b,b,b,b,-,-,-,a,b,-,a,a,b,b,b,-,-,-,-,-,-,b,-,a,a,-,a,a,b,b,b,a,b,b,a,a,a,a,a,a,a,a,a,a,a,a,a,b,b,b,b,b,b,b,b,b,b,b,b,b,-,b,b,b,b,b,b,b,b,b,b,b,b,b,b,b,a,a,a,a,a,a,a,a,a,a,a,a,a,a,a,a,a,a,a,a,a,a,a,b,b,b,b,b,b,b,b,a,a,a,b,b,b,b,a,b,b,b,b,b,b,b,b,b,b,b,b,b,b,b,a,a,b,a,a,b,a,a,b,b,a,b,b,b,b,a,a,b,b,b,a,-,a,a,a,a,a,a,b,b,b,a,b,b,b,b,a,b,b,b,b,b,a,a,a,a,a,a,a,a,a,a,a,a,a,a,a,a,a,b,b,b,-,b,b,b,a,a,b,b,b,b,b,b,a,a,a,a,a,a,a,a,a,a,a,a,a,a,a,a,a,a,a,a,a,a,a,a,a,a,a,a,b,a,b,a,b,b,b,b,b,b,b,b,b,b,b,b,b,a,b,b,b,b,b,b,a,b,a,a,b,b,b,a,b,b,a,a,b,b,b,a,b,b,b,b,-,b,b,b,b,b,a,a,a,a,a,a,b,b,a,a,b,a,b
106,0.9735142,1.05333,a,a,b,b,a,a,b,a,b,b,b,b,b,a,a,a,a,a,b,a,a,a,a,b,b,b,b,a,a,a,a,a,a,a,a,b,b,b,b,b,a,b,a,a,a,a,b,a,a,b,a,a,a,a,a,a,a,a,b,b,a,a,a,a,a,b,a,a,b,a,a,a,a,a,a,a,a,a,a,a,a,a,a,a,a,a,a,a,a,a,a,a,a,a,a,a,a,a,a,a,a,a,a,b,a,a,a,b,a,b,a,a,a,a,a,b,b,b,b,b,b,b,b,b,b,b,b,b,b,b,b,-,b,b,b,b,-,b,b,b,b,b,b,b,b,b,b,b,b,b,b,b,b,b,b,b,b,b,b,b,b,b,b,b,b,b,b,b,b,b,b,b,b,b,b,b,b,a,b,b,a,b,a,a,a,a,a,a,a,-,a,a,b,b,a,a,a,a,a,a,a,a,a,a,a,a,a,a,b,a,a,b,a,a,a,-,b,a,a,a,b,a,a,a,b,a,a,a,b,a,a,a,a,a,a,a,a,a,a,a,a,a,a,a,a,a,a,a,a,a,a,a,a,a,a,a,a,a,a,a,a,a,b,b,b,-,b,b,b,b,b,b,b,b,b,b,b,b,b,b,b,b,b,b,b,b,b,b,b,b,a,b,b,b,b,b,b,b,b,b,b,b,b,a,b,b,b,b,b,b,b,b,b,b,b,b,b,b,b,b,b,b,b,b,b,b,b,b,b,b,b,b,b,b,b,a,a,a,a,b,b,b,b,b,b,b,b,b,b,b,b,a,a,b,b,b,b,b,b,a,a,a,a,a,b,b,b,b,b,b,b,b,a,a,a,a,b,b,b,a,b,b,a,a,a,a,a,a,a,a,a,a,a,a,a,a,a,a,a,a,a,a,a,a,b,a,a,a,b,b,b,b,b,b,b,b,b,a,b,a,a,b,b,a,a,a,b,a,a,b,a,b,a,a,a,a,a,a,a,a,a,a,a,a,a,a,a,a,b,a
107,1.7033648,1.77667,b,b,a,a,b,a,a,a,a,a,a,a,a,a,a,a,a,a,a,a,a,a,a,a,a,a,a,a,a,-,a,a,a,a,a,a,a,a,a,a,b,a,b,b,b,b,a,a,a,a,a,b,a,a,a,a,a,a,a,a,a,a,a,a,a,a,a,a,a,-,a,a,a,a,b,a,a,a,a,a,a,a,a,a,a,a,a,a,a,a,a,a,a,a,a,a,a,a,a,a,a,a,a,b,b,b,b,b,b,b,b,b,b,b,b,b,b,b,b,b,b,b,a,a,a,a,a,a,a,b,b,-,b,b,b,b,-,b,b,b,b,b,b,b,b,a,a,a,a,b,a,a,-,a,b,a,a,a,a,a,b,b,b,a,b,b,b,a,a,a,b,b,b,b,b,b,a,b,a,a,b,a,b,a,a,a,b,b,b,b,b,b,b,b,b,b,b,b,b,b,b,b,b,b,b,b,b,b,a,b,b,a,b,b,b,-,a,b,b,b,a,b,b,b,a,b,b,b,a,b,b,b,b,b,b,b,b,b,b,b,b,b,b,b,b,b,b,b,b,b,b,b,b,b,a,a,b,a,a,a,a,a,a,a,a,b,b,b,b,b,b,b,b,b,b,b,b,b,b,b,b,b,b,b,b,b,b,b,b,b,-,b,b,b,b,b,a,a,a,a,b,b,a,a,a,b,a,b,b,b,b,b,b,a,a,a,b,a,a,a,a,b,a,a,a,a,a,a,a,a,-,a,a,a,a,b,b,b,b,b,b,b,b,b,a,a,a,b,a,a,a,b,b,a,a,a,a,a,-,b,b,b,b,b,a,a,a,-,a,a,a,a,a,b,b,b,a,a,a,a,a,a,b,a,b,a,a,a,a,a,a,a,a,a,a,a,a,a,a,a,a,a,-,a,a,a,a,a,a,-,a,b,a,b,b,a,a,a,a,a,a,a,a,a,a,a,a,a,a,a,a,a,a,a,a,a,a,a,a,a,a,a,a,a,a,a,a,a,-,a
108,0.8029252,0.89,a,a,b,b,a,a,a,a,a,a,a,a,a,-,-,a,a,a,a,a,a,a,a,a,a,a,a,a,a,a,-,a,a,a,a,-,b,b,b,b,b,b,b,-,b,b,b,b,b,a,b,b,b,b,b,b,b,b,a,a,b,b,b,b,b,a,b,b,a,b,b,b,b,b,b,b,b,a,-,b,-,-,b,b,b,b,a,a,a,b,a,b,b,-,b,b,b,b,a,a,a,a,a,b,b,b,b,-,b,a,b,b,b,b,a,a,a,a,a,a,a,a,b,b,b,b,b,b,b,a,a,-,a,a,a,a,a,a,b,b,a,-,a,a,a,a,a,a,a,a,a,a,a,a,a,a,a,a,-,a,a,a,a,-,a,a,a,a,a,a,a,a,a,a,a,a,a,a,-,a,a,-,a,b,b,b,-,b,b,b,b,b,b,b,b,b,b,-,b,b,b,b,b,b,b,b,b,b,b,b,b,b,b,b,-,-,b,b,b,b,b,b,b,b,b,b,b,b,b,b,b,b,-,b,b,b,-,a,b,b,b,b,b,b,b,-,a,a,b,b,b,b,b,b,-,b,b,b,b,b,b,b,a,a,a,b,b,b,b,b,b,b,-,b,b,b,b,b,b,b,b,b,b,b,b,b,b,b,b,b,b,b,a,b,b,b,b,b,b,b,a,a,b,b,b,a,-,a,a,a,a,a,a,b,b,b,a,b,b,b,b,a,-,b,b,b,b,b,b,b,b,b,b,b,b,a,a,a,a,a,a,a,a,a,-,a,a,-,-,a,a,a,a,a,a,a,a,a,a,a,a,a,a,a,a,a,a,a,a,a,a,a,a,a,a,a,a,a,a,-,a,a,a,a,-,a,a,a,a,a,a,a,a,a,a,a,a,a,a,a,a,a,a,a,a,a,a,a,a,a,a,a,a,a,a,a,a,a,a,a,-,a,a,a,a,a,a,a,a,a,a,a,a,a,a,-,a,a,a,a,a,a,-,a,a,b,b,a,-,a
109,1.6929439,1.77833,a,a,a,a,a,a,a,a,a,a,a,a,a,a,-,a,a,a,a,a,a,a,a,a,a,a,a,a,-,a,a,a,a,a,a,a,a,a,b,b,a,b,a,a,-,a,b,a,a,b,a,a,a,a,a,a,a,a,b,b,a,a,-,b,b,b,-,b,b,b,b,b,b,b,b,b,b,b,b,b,b,b,b,b,b,b,b,b,b,b,b,-,b,b,b,b,b,b,b,b,-,b,b,a,b,b,b,b,b,-,a,a,a,a,b,b,b,b,b,b,b,b,b,b,b,b,b,b,b,a,a,a,a,-,a,a,a,a,a,a,a,a,a,a,a,a,-,a,a,a,a,a,-,a,a,b,-,b,b,b,a,a,a,b,a,a,a,b,-,b,a,a,a,a,a,a,b,a,b,b,a,b,a,b,b,b,a,b,b,-,a,a,a,a,a,a,a,a,a,a,a,b,b,b,b,b,b,b,b,b,b,b,b,b,b,-,b,b,b,b,b,b,b,b,b,b,b,b,b,b,b,b,b,b,b,b,b,b,b,b,b,b,b,b,b,b,b,b,-,b,a,a,a,a,a,a,a,a,a,a,b,b,b,b,b,b,b,b,b,b,b,b,b,b,-,-,-,a,b,b,b,a,a,a,a,b,b,-,b,b,a,b,b,a,a,b,a,a,a,a,-,b,a,b,-,b,a,b,b,b,b,b,b,b,b,b,b,b,b,b,b,b,b,-,b,b,b,b,b,b,b,b,b,b,b,b,b,b,b,a,a,a,a,a,a,a,a,a,a,a,-,a,a,a,-,a,a,a,-,a,a,a,a,a,a,a,a,-,a,-,a,a,a,a,a,a,a,a,a,a,a,a,a,a,a,a,a,a,a,a,a,a,a,a,a,a,a,a,a,a,a,a,a,a,a,a,a,a,-,-,a,a,-,a,a,b,b,b,a,-,b,a,a,b,b,b,a,b,b,a,-,a,b,b,b,b,b,b,b,-,b,b,b,a,a,b,b,b,a,b
110,1.5933296,1.62333,a,a,a,a,a,a,a,a,a,a,a,a,a,a,a,a,a,a,a,a,a,a,a,a,a,a,a,a,a,a,a,a,a,a,a,a,a,a,a,a,a,a,b,b,-,b,a,-,b,a,b,-,-,-,b,b,b,b,a,a,b,b,a,a,-,a,b,b,b,b,b,b,b,b,b,b,b,b,b,-,b,-,b,b,b,-,b,b,b,b,b,-,b,-,b,b,b,b,b,b,b,b,b,b,a,b,b,b,b,b,b,b,b,b,a,b,-,b,-,-,b,-,b,b,b,b,b,-,b,b,b,-,b,-,b,b,-,b,-,a,b,a,a,-,a,a,-,a,a,a,a,a,a,a,a,a,-,a,a,a,b,b,b,a,b,b,b,-,-,a,b,b,b,b,b,b,a,b,a,a,b,a,b,a,a,a,a,a,a,a,a,b,a,-,a,a,a,a,-,a,a,-,a,b,a,a,b,a,b,a,a,b,a,a,b,-,b,b,b,b,b,-,b,b,b,b,b,-,b,b,b,-,b,-,b,b,b,b,b,b,b,b,b,-,-,b,b,b,-,b,b,b,b,b,b,b,b,b,b,b,a,a,a,a,a,b,b,b,b,b,b,b,b,b,-,b,-,b,b,b,b,b,b,-,b,a,a,b,a,a,-,a,a,b,b,a,b,b,b,b,a,a,b,b,a,a,a,a,a,a,b,b,b,b,b,b,b,b,b,-,b,b,b,b,b,-,b,b,b,b,b,b,b,b,b,b,b,b,b,a,a,a,a,a,a,a,a,a,-,-,a,a,-,a,-,a,a,a,a,-,a,a,a,a,a,a,a,a,a,a,a,a,a,a,a,a,a,a,a,a,a,a,a,a,a,a,a,a,a,a,a,a,a,a,a,a,a,a,a,a,-,a,a,b,a,a,-,a,-,a,a,b,a,b,b,a,a,a,b,a,a,b,b,a,a,a,b,-,a,b,-,b,a,a,a,a,-,-,a,a,a,a,a,b,b,a,a,b,b,b
111,0.9458265,1.015,a,a,a,a,a,a,a,-,-,-,-,a,-,-,a,a,a,a,a,a,a,a,a,a,a,a,a,a,a,a,-,a,a,a,-,-,a,b,b,b,b,b,b,b,a,a,a,a,a,a,-,a,a,a,a,a,-,-,a,a,a,-,a,-,a,-,a,-,-,-,-,a,a,a,a,-,a,a,-,a,a,a,a,a,a,-,a,a,a,a,a,a,a,a,a,a,a,a,a,a,a,a,a,b,b,b,b,-,b,b,b,-,-,b,b,b,b,b,b,b,-,b,-,b,-,b,b,b,-,-,-,b,b,b,b,-,-,b,b,-,-,b,-,a,-,b,-,b,-,b,-,-,b,b,b,b,b,b,b,b,-,-,b,b,-,b,b,b,-,b,-,-,-,-,-,-,b,-,-,b,-,-,b,-,-,-,a,a,a,a,a,a,a,a,a,b,b,b,b,-,-,b,b,b,-,b,b,b,b,b,b,b,-,-,-,-,b,b,b,b,b,b,b,b,b,b,-,b,b,b,-,b,b,-,b,b,b,-,b,-,-,b,b,b,b,b,-,-,-,b,b,b,-,b,b,b,-,b,b,b,b,b,b,b,b,b,-,b,-,-,-,b,-,b,-,b,-,b,b,b,-,b,b,-,b,b,b,b,-,-,b,b,-,b,-,-,-,b,-,b,b,b,b,b,b,b,b,b,b,b,b,-,-,b,b,a,-,a,-,a,-,a,a,-,-,a,-,a,-,a,a,-,a,a,a,a,a,-,-,-,a,a,a,-,a,a,a,a,a,-,a,a,a,a,a,a,a,a,a,-,a,-,-,-,a,-,a,a,a,a,a,a,a,a,a,a,a,-,a,a,-,-,a,a,-,a,a,-,-,a,-,a,-,a,a,a,a,a,a,-,a,-,-,a,a,a,a,-,a,a,-,a,a,a,a,a,-,a,a,a,-,-,b,a,a,b,b,b,b,b,-,-,b,b,b,-,b,-,b,b,b,-,b,b,-,b,b,-,-,b
112,1.7231357,1.78,a,a,a,a,a,a,-,a,-,-,-,a,-,a,a,a,a,a,-,a,a,a,a,a,a,a,a,a,a,-,a,a,a,a,a,a,a,a,a,a,a,a,a,a,a,a,a,b,a,b,b,b,b,b,b,b,b,b,b,b,b,b,b,b,b,b,b,b,b,b,b,b,b,b,b,b,b,b,b,b,b,b,b,b,b,b,b,b,b,b,b,-,b,-,b,b,b,b,b,b,b,b,b,b,b,b,b,-,b,b,b,a,a,a,a,a,a,a,a,a,a,b,a,a,a,a,a,a,a,a,a,a,a,-,b,b,-,b,b,b,b,b,b,b,b,b,-,b,b,b,b,b,b,b,b,b,b,b,b,b,b,b,b,b,b,b,b,b,-,b,b,b,b,b,b,b,b,a,b,a,a,a,a,b,-,b,b,b,b,b,b,b,b,b,b,b,b,b,b,-,b,b,-,b,b,b,b,b,b,b,b,b,b,b,b,b,b,b,b,b,b,b,b,b,b,b,-,b,b,-,b,b,b,b,b,b,b,b,a,a,a,a,a,a,a,a,a,a,a,a,a,a,a,a,a,a,a,a,a,a,a,a,a,a,a,b,b,b,b,b,b,b,b,b,a,a,a,a,a,a,a,a,a,a,a,a,a,a,a,a,a,a,a,a,a,a,a,a,a,a,a,a,a,a,a,a,-,a,a,a,a,a,a,a,a,a,a,a,a,a,a,a,a,-,b,b,b,b,b,b,b,b,b,b,b,b,b,b,b,a,a,a,a,a,a,a,a,-,a,a,a,a,a,a,a,a,a,a,a,a,a,a,a,a,a,a,a,a,a,a,a,a,a,a,a,a,a,a,a,a,a,a,a,a,-,a,a,a,a,a,a,a,a,a,a,a,a,-,a,a,a,a,a,b,a,b,b,b,b,b,b,b,b,b,b,b,b,b,b,b,b,b,b,b,b,b,b,b,b,b,-,b,b,b,b,b,b,b,b,b,b,b,b,b,b,b,b,b,b,b
113,1.6303507,1.66833,a,a,a,a,a,-,-,a,b,b,b,b,b,b,b,b,b,b,b,b,b,b,b,b,b,b,b,b,-,-,b,-,b,a,a,a,b,a,a,a,a,a,a,a,a,a,a,a,a,a,a,a,-,a,a,a,a,a,-,a,a,a,a,a,a,a,a,b,b,b,b,a,b,b,b,-,b,b,b,b,b,b,b,b,b,b,b,b,b,b,b,b,b,b,b,b,b,b,b,b,b,b,b,b,b,b,b,a,a,-,a,a,a,a,a,a,a,a,a,a,a,a,a,a,a,a,a,a,a,-,a,-,a,a,-,a,a,a,a,a,a,a,a,a,a,-,a,a,a,-,a,-,-,a,a,a,a,a,-,a,a,a,a,a,a,a,a,a,a,a,a,a,a,a,a,a,a,a,a,a,a,a,a,b,b,b,b,b,b,-,b,b,b,b,b,b,b,b,b,b,b,b,b,b,-,b,b,b,b,b,b,b,b,b,b,-,b,b,b,b,b,-,b,-,b,b,b,b,b,-,b,-,b,b,-,-,b,-,b,b,b,-,b,b,b,b,a,a,a,a,a,a,b,b,b,b,b,b,b,b,a,b,b,b,b,b,b,b,b,b,b,b,b,b,b,-,b,b,b,b,b,b,b,b,b,b,b,-,a,a,a,a,a,a,a,a,a,a,a,a,a,a,a,a,a,a,a,a,a,a,a,a,a,a,a,-,b,a,a,b,b,b,b,b,b,b,b,-,-,b,-,b,b,b,b,b,b,b,b,a,a,a,a,a,a,a,-,a,a,a,a,a,a,a,a,a,a,a,-,a,a,a,a,a,a,a,a,a,a,-,a,a,a,a,a,a,a,-,a,a,a,a,a,-,-,a,a,a,a,a,a,a,a,a,a,a,a,a,a,a,a,-,a,-,a,a,-,a,a,-,-,a,a,a,a,-,a,a,a,a,a,a,a,a,a,a,a,-,a,b,b,b,b,b,b,b,b,b,b,b,b,b,b,b,b,b,b,b,b,b
114,1.8861033,1.83333,-,-,a,a,-,-,a,a,a,a,a,a,a,-,-,-,-,-,a,-,-,-,-,a,a,a,a,-,-,b,-,-,-,-,-,b,b,b,b,b,-,b,-,-,-,-,b,-,-,b,-,-,-,-,-,b,-,b,b,b,-,-,-,-,-,b,-,b,b,-,b,-,-,-,-,-,-,b,-,-,-,-,-,-,b,-,b,b,b,-,b,b,-,-,-,-,-,-,a,a,b,a,a,-,a,a,b,-,b,-,b,b,b,b,b,-,-,-,-,-,-,-,-,-,-,-,-,-,b,-,b,-,-,b,-,-,-,-,b,b,-,-,-,b,-,-,-,-,-,b,-,-,-,-,b,-,-,-,-,-,b,b,b,-,a,a,a,-,-,-,a,a,a,a,a,a,-,a,-,-,a,-,a,b,b,b,-,b,b,-,-,-,-,-,b,-,-,-,-,-,-,-,-,-,-,-,-,-,b,-,b,b,b,-,-,-,b,-,-,-,b,-,-,-,b,-,-,-,b,b,-,b,-,-,-,-,-,-,-,-,-,-,-,b,-,-,-,-,-,b,-,-,-,b,-,a,-,-,-,-,b,b,a,a,a,a,a,a,a,-,-,-,-,-,-,a,-,-,-,-,a,-,-,-,-,a,a,-,a,a,a,a,a,-,-,a,-,-,-,-,a,a,-,-,-,b,-,b,b,b,b,b,b,-,-,b,b,-,-,-,-,b,-,b,-,-,-,a,-,-,-,-,a,a,-,a,a,a,a,a,a,a,a,a,-,-,-,-,-,-,-,a,b,-,-,-,-,-,-,b,b,b,b,b,-,-,-,-,-,-,b,-,-,b,b,b,-,-,-,-,-,-,b,-,b,b,-,b,-,-,-,b,-,-,b,-,-,b,-,-,-,-,-,-,b,-,-,-,-,-,-,b,-,b,b,-,-,b,b,-,-,b,b,a,-,-,b,-,-,b,-,b,-,-,-,-,-,b,-,-,-,b,-,b,b,-,-,b,b,b
115,0.8536197,0.875,-,-,-,b,-,-,b,-,b,b,b,-,b,-,-,-,-,-,b,-,-,-,-,-,-,-,-,-,-,-,-,-,-,-,-,b,-,-,-,-,-,b,-,-,-,-,-,-,-,b,-,-,-,-,-,-,-,-,-,-,-,-,-,-,-,-,-,-,a,-,-,-,-,-,-,-,-,a,-,-,-,-,-,-,-,-,a,a,a,-,a,-,-,-,-,-,-,-,a,a,-,a,-,-,a,a,b,-,b,-,b,b,b,b,-,-,-,-,-,-,-,-,-,-,-,-,-,-,-,-,-,-,-,-,-,-,-,-,b,-,-,-,-,-,-,-,-,-,-,b,-,-,-,-,-,-,-,-,-,-,b,b,-,-,b,-,-,-,-,-,-,b,b,b,b,b,-,b,-,-,b,-,b,-,-,b,-,b,b,-,-,-,-,-,-,-,-,-,-,-,-,-,-,-,-,-,-,-,b,-,-,-,-,-,-,b,b,-,-,-,b,-,-,-,b,-,-,-,b,-,-,-,-,-,-,-,-,-,-,-,-,-,-,-,-,-,-,-,-,-,-,-,-,-,-,-,-,-,-,-,b,b,b,-,-,a,a,a,a,-,-,-,-,-,-,-,-,-,-,-,-,-,-,-,-,b,b,-,b,b,b,b,b,-,-,-,-,-,-,-,b,b,-,-,-,b,-,b,b,b,b,b,b,-,-,-,-,-,-,-,-,b,-,-,-,-,-,-,-,-,-,-,-,-,-,a,-,a,a,-,-,-,-,a,-,-,-,a,-,-,-,a,a,-,-,-,-,-,-,a,a,a,a,a,-,-,-,-,-,-,-,-,-,a,a,a,-,-,-,-,-,-,a,-,a,-,-,-,-,-,-,-,-,-,-,-,-,-,-,-,-,-,-,-,a,-,-,-,-,-,-,a,-,a,a,-,-,-,a,-,-,a,a,-,-,-,a,-,-,-,-,a,-,-,-,-,-,-,-,-,-,-,-,b,b,-,-,b,b,-
116,1.7473183,1.77667,a,-,a,a,a,-,a,a,a,a,a,a,a,a,-,a,a,a,a,a,a,a,a,-,a,a,a,-,a,-,a,-,a,a,a,a,a,a,a,-,-,a,a,a,a,a,b,b,b,b,b,b,-,b,b,b,b,b,b,b,b,-,b,b,b,b,-,b,b,-,b,a,a,-,a,a,a,a,a,a,-,a,a,a,a,a,a,a,-,a,a,a,a,a,a,a,a,-,a,a,a,-,a,b,b,b,-,b,b,-,b,b,b,b,a,b,-,b,b,-,b,b,b,b,-,b,-,b,b,-,b,-,b,-,-,-,b,-,b,b,b,b,b,b,b,-,-,b,b,b,-,-,-,b,-,b,-,b,-,-,b,b,b,b,b,b,-,b,b,-,b,b,b,b,b,b,b,b,b,b,b,b,b,b,b,b,b,b,b,-,b,-,b,b,b,b,b,b,b,b,-,b,b,b,-,b,-,b,b,b,b,b,b,b,b,b,b,b,b,-,b,-,b,-,b,b,b,b,b,-,b,-,b,b,-,b,b,-,-,b,b,-,b,b,b,b,b,b,b,-,a,a,-,-,a,a,a,a,a,a,a,a,a,a,-,a,a,a,a,-,a,a,a,-,-,-,a,a,a,a,-,a,a,a,a,a,a,a,a,a,a,a,a,-,a,a,a,a,-,-,a,a,a,a,a,a,a,a,a,a,-,a,a,a,a,-,a,a,a,a,a,a,a,-,-,a,a,-,-,-,-,a,a,a,-,a,-,a,a,b,b,b,b,b,b,b,-,b,b,b,b,b,b,b,-,b,b,b,b,b,b,b,b,b,b,b,b,b,b,-,b,b,b,b,b,b,b,-,b,b,b,b,-,b,b,b,-,a,a,-,-,a,a,a,a,a,-,a,a,a,a,a,a,-,a,a,-,-,a,-,-,a,a,a,a,-,a,a,a,a,a,b,b,-,b,b,-,-,b,a,b,b,b,-,b,b,b,b,b,a,a,a,a,a,a,a,a,a,a,a
117,0.8044648,0.875,a,a,a,b,-,b,b,b,b,b,b,b,b,b,b,b,b,b,-,b,b,b,b,b,b,b,b,b,b,b,b,b,b,-,b,b,b,b,b,b,b,b,b,b,b,b,a,a,a,a,a,b,a,a,-,a,a,a,a,a,a,a,a,a,a,a,a,a,a,a,a,a,-,a,a,a,a,a,a,-,a,a,a,a,a,a,a,a,a,a,a,a,a,a,a,a,a,a,a,a,a,a,a,a,a,a,a,a,a,a,a,a,a,a,a,a,-,a,a,a,a,a,a,a,a,a,a,a,a,a,a,a,a,a,a,-,a,a,a,a,a,a,a,a,a,b,b,b,b,b,b,b,b,b,b,b,-,b,b,b,b,b,b,b,b,b,b,-,b,b,b,b,b,b,b,b,b,b,b,b,b,b,b,b,b,b,b,b,b,b,b,b,b,b,b,b,b,b,b,b,b,b,b,b,-,b,a,a,a,a,a,a,a,a,a,-,a,a,-,b,b,b,b,b,b,b,b,b,b,b,b,b,b,b,b,b,b,b,b,b,b,b,b,b,b,b,b,b,b,b,b,b,b,b,b,b,b,b,b,b,b,b,-,b,b,b,b,b,b,b,b,b,b,b,b,b,b,b,b,b,b,b,b,b,b,b,b,b,b,b,b,b,b,b,b,b,b,b,b,b,b,b,b,b,b,b,a,a,a,a,a,a,a,a,a,a,a,a,a,a,a,b,b,b,b,b,b,b,b,b,b,b,a,b,b,a,a,b,b,a,a,a,a,a,a,a,a,a,a,a,a,a,a,a,a,a,a,a,-,-,a,a,b,b,a,a,a,b,b,-,b,b,b,b,b,b,b,b,b,b,b,b,b,b,b,b,b,b,b,b,b,b,b,b,b,b,b,b,b,b,b,b,b,-,b,b,b,b,b,b,b,b,b,b,b,b,-,b,b,b,b,b,b,b,b,b,b,b,b,b,b,b,b,b,b,b,b,b,b,b,b,b,b,b,b,b,b,b,b,b
118,0.4406193,0.445,b,b,b,b,b,b,b,b,b,b,b,b,b,b,b,b,b,b,b,b,b,b,b,b,b,b,b,b,b,b,b,b,a,a,a,a,a,a,a,a,a,a,a,a,a,a,a,a,a,a,a,b,a,a,a,a,a,a,a,a,a,a,a,a,a,a,a,a,a,-,a,a,a,a,a,a,a,a,a,a,a,a,a,a,a,a,a,a,a,a,a,a,a,a,a,a,a,b,a,a,a,a,b,b,b,b,b,b,b,b,b,b,b,b,b,b,b,b,b,b,b,b,b,b,b,b,-,b,-,b,b,b,b,b,-,b,-,-,b,b,a,a,-,b,b,b,b,a,-,b,a,a,a,a,a,a,a,a,a,a,a,a,a,a,a,a,a,a,a,a,a,a,a,a,a,a,-,a,a,a,a,a,a,b,b,b,b,b,b,b,b,b,b,a,a,a,a,a,a,a,-,a,a,a,a,a,a,a,a,a,a,a,a,a,a,-,a,a,a,a,a,a,a,-,a,a,a,a,a,a,a,a,a,a,a,a,a,a,b,b,b,-,b,b,b,b,b,b,-,b,a,a,b,b,a,a,a,a,a,a,-,b,a,a,a,a,a,a,a,a,a,a,a,a,a,a,a,-,a,a,a,a,a,a,a,a,a,-,b,b,b,b,b,b,b,b,b,b,b,b,b,b,b,-,b,b,b,b,b,b,b,b,b,b,-,b,b,b,b,b,b,b,b,-,b,b,b,b,b,b,b,b,-,b,b,b,b,b,b,a,a,a,a,a,a,a,a,a,-,a,a,a,a,a,a,a,a,a,a,a,-,a,a,a,a,-,a,a,a,a,a,a,b,b,b,b,b,b,b,b,b,b,b,-,b,b,b,a,b,b,b,a,b,b,b,a,a,a,a,-,a,a,a,a,a,a,a,a,-,a,a,a,a,-,a,a,a,a,a,a,a,a,a,a,a,a,a,a,a,a,a,a,a,a,a,a,a,a,a,a,a,a,a,a,a,a,a,a,a,a
119,1.3582433,1.44333,a,a,-,-,a,a,a,-,a,a,a,-,a,-,a,a,a,a,a,a,a,-,a,b,-,-,-,-,a,a,a,-,a,-,a,a,a,a,a,a,a,a,a,a,a,a,a,a,-,a,a,a,a,-,a,a,a,a,a,a,a,a,-,a,a,-,a,a,a,-,-,-,-,a,a,a,a,a,a,a,a,a,a,a,a,a,a,a,a,a,a,a,-,-,a,b,b,-,b,a,-,a,-,-,a,a,a,a,a,-,-,a,a,a,a,a,a,a,a,a,a,-,a,a,a,a,a,a,a,-,a,a,-,a,a,-,a,a,a,-,a,-,-,a,a,a,a,a,a,a,-,a,-,a,a,a,a,a,a,a,a,a,a,b,a,a,a,b,b,b,-,b,b,b,b,b,b,b,b,-,b,b,-,-,-,a,a,-,-,-,-,a,a,a,a,a,a,-,a,-,a,a,a,a,a,a,a,-,a,a,a,a,a,b,-,b,b,b,b,b,-,b,b,-,b,b,b,b,b,b,b,b,-,b,-,-,b,b,b,-,b,b,b,b,b,b,b,-,b,b,-,b,b,b,-,b,b,b,b,b,b,b,b,-,-,b,b,b,b,b,b,b,b,b,b,-,b,a,b,b,b,b,b,-,b,b,b,-,a,b,b,b,b,b,b,-,b,b,-,b,b,b,b,-,b,b,b,b,b,b,b,b,b,b,b,b,-,b,b,b,-,b,b,b,b,b,b,b,b,b,b,b,b,b,b,b,b,b,b,-,-,-,-,b,-,b,b,b,b,a,b,b,b,b,b,b,-,b,b,b,b,b,b,-,b,b,b,b,b,-,-,b,b,b,b,b,b,-,b,b,b,b,b,b,b,b,b,b,b,b,b,b,b,b,b,b,b,-,b,b,-,b,b,-,b,b,b,b,b,b,b,b,b,b,b,b,-,-,-,b,b,b,-,-,b,b,-,b,a,a,-,a,a,a,-,a,a,a,a,a,b,-,b,b,b,a,-,a,a,a
120,1.4631274,1.49833,-,b,-,-,-,-,b,-,b,b,b,a,b,-,-,b,-,-,a,a,-,-,a,-,-,-,-,-,-,-,b,-,b,-,b,b,-,-,-,-,-,b,-,-,-,-,-,b,-,b,-,b,b,-,b,b,b,b,-,-,-,-,b,-,b,b,-,-,b,-,-,-,-,-,a,a,-,a,-,-,a,a,-,-,-,-,a,a,a,-,a,-,-,-,-,-,a,-,a,a,a,a,a,-,b,b,b,-,b,b,a,a,a,a,-,-,a,-,-,-,-,a,-,a,-,-,-,-,-,-,a,a,a,-,a,-,-,-,a,a,-,a,a,-,-,a,a,a,-,a,a,-,-,-,a,-,a,-,-,-,a,a,a,a,a,a,a,-,-,a,a,a,a,a,a,a,-,a,a,-,a,-,-,b,b,b,-,-,-,-,-,b,-,-,-,-,-,b,b,-,-,b,-,-,-,-,b,-,b,b,b,-,b,b,-,b,b,-,-,b,b,b,b,b,b,-,-,-,b,b,b,-,b,b,-,-,-,-,-,-,-,b,b,b,b,-,b,-,b,-,-,-,-,b,-,-,-,-,b,-,b,b,b,b,b,a,a,a,a,-,-,-,-,a,-,a,-,-,-,-,a,a,-,a,-,a,a,-,a,a,a,-,a,a,-,a,a,-,-,a,-,-,-,-,-,a,-,-,-,-,-,a,a,-,-,-,b,-,-,-,b,b,-,-,-,b,-,-,b,-,-,-,b,-,-,b,-,b,b,b,b,b,b,b,-,-,b,-,-,-,-,b,b,b,-,-,-,b,-,b,b,b,b,b,b,-,b,-,-,-,b,-,a,a,a,a,a,-,-,-,-,-,-,-,b,a,-,-,-,a,-,-,a,-,a,-,a,-,a,a,-,-,a,-,a,-,-,-,-,-,-,a,-,a,a,-,a,a,-,-,-,a,-,a,-,-,-,a,-,a,-,a,a,a,a,a,a,a,-,-,-,-,a,a,a,a,-,a,a,a
121,0.7079441,0.75,a,a,-,-,a,a,a,a,a,a,a,-,a,a,a,a,a,a,a,a,a,-,a,-,-,-,-,a,a,a,a,a,a,a,a,a,-,-,-,-,a,a,a,a,a,a,-,a,a,a,a,a,a,a,a,a,a,a,-,-,a,a,a,a,a,-,a,a,a,-,-,a,a,b,a,a,a,a,a,a,a,a,a,a,a,a,a,a,a,a,a,a,a,a,a,a,a,a,a,a,-,a,-,a,a,a,a,a,a,a,a,a,-,a,a,a,a,a,-,a,a,a,a,-,a,a,-,a,a,a,a,a,a,a,a,a,a,a,a,-,a,a,a,a,a,a,a,a,a,a,a,a,-,a,a,a,a,a,a,a,-,a,a,a,a,a,a,a,a,a,-,a,a,a,-,a,a,a,a,-,a,a,a,-,-,b,b,b,b,b,b,-,b,b,b,b,b,b,b,b,b,b,b,b,b,b,b,b,b,b,b,b,b,b,b,b,b,b,a,b,-,-,b,a,a,a,a,a,a,a,a,a,a,a,a,a,a,a,b,b,b,b,b,b,b,b,a,a,a,a,a,a,a,a,b,b,a,b,b,b,a,a,b,-,b,a,a,a,a,a,-,a,a,-,a,a,a,a,a,a,a,a,a,a,a,a,a,-,a,a,a,a,a,a,a,-,a,a,a,a,a,a,a,a,a,a,a,a,a,a,a,a,a,a,a,-,-,a,a,a,a,a,a,a,a,a,a,a,a,a,-,a,a,a,a,-,-,a,a,-,-,-,-,a,a,a,a,a,a,a,a,a,a,a,a,a,b,b,b,b,b,b,b,b,b,b,b,b,a,a,a,a,a,a,a,a,a,-,a,a,a,-,a,a,a,a,a,a,a,a,a,a,a,a,a,a,a,a,a,a,a,a,a,a,a,a,b,a,a,a,a,a,a,a,a,a,a,a,a,a,a,a,a,a,a,a,a,a,a,a,a,a,a,a,b,a,a,-,b,b,b,b,b,b,b,b,b,b,b,-
122,0.7353376,0.72333,a,a,a,a,a,-,a,-,a,a,a,a,a,a,a,a,a,a,a,a,a,-,a,a,a,a,a,a,-,-,a,-,-,-,a,a,a,a,a,a,a,a,a,a,a,a,a,a,-,a,a,a,-,a,a,a,a,a,a,a,-,a,-,a,a,a,a,a,a,-,-,a,-,a,a,a,a,a,a,a,-,a,a,a,-,a,a,a,a,-,a,a,a,-,a,a,a,a,a,a,a,a,a,b,b,b,b,b,b,b,b,b,b,b,a,b,-,b,-,b,b,b,b,b,-,b,b,b,-,b,b,-,b,-,b,b,-,b,b,b,b,b,b,b,a,-,a,-,a,a,a,-,-,a,a,a,-,a,-,a,a,a,a,a,a,a,a,a,-,-,a,a,a,b,b,b,b,b,b,b,b,b,b,a,a,a,-,a,a,-,a,a,a,a,a,a,a,a,a,a,a,a,a,a,a,a,-,a,a,a,a,a,a,b,-,b,b,b,b,b,b,-,b,-,b,b,b,b,b,-,b,b,-,-,b,b,b,-,-,-,b,-,b,b,b,b,-,b,b,b,b,b,b,b,b,-,b,b,b,b,b,b,b,b,b,a,a,a,a,a,a,a,-,-,-,-,a,a,a,a,a,a,a,a,a,a,a,-,a,a,b,-,b,b,b,b,-,b,b,-,b,b,b,-,-,b,b,b,b,b,b,b,b,b,b,b,b,b,b,b,b,b,-,b,-,b,b,-,-,-,-,b,b,b,b,b,b,b,b,a,a,a,a,a,-,a,-,a,a,a,a,a,a,a,a,a,a,a,-,a,a,a,a,a,a,a,a,a,a,-,a,a,-,a,a,a,-,-,a,a,a,a,a,-,a,a,a,a,a,a,a,a,a,-,a,a,a,-,a,a,a,a,a,-,a,a,-,a,-,-,-,a,a,a,a,-,a,a,a,a,b,b,b,b,-,b,b,b,b,b,b,b,a,a,a,a,a,a,-,a,a,a,a,a,a,a,-,a,a,a
123,1.6327754,1.61,-,-,b,b,b,-,b,-,-,b,-,b,-,-,-,-,b,-,-,-,-,-,b,b,b,b,b,-,-,-,b,b,-,-,-,b,b,b,b,b,b,b,-,-,-,-,b,-,b,a,b,a,a,a,-,-,-,-,a,b,-,-,-,-,b,-,-,-,b,-,-,b,-,b,-,-,-,b,-,b,b,-,b,-,b,-,b,b,b,-,b,b,b,-,b,-,-,b,b,b,-,b,-,b,b,-,b,b,b,-,b,b,b,b,b,b,-,b,-,b,b,-,-,-,-,-,-,-,-,b,-,-,-,b,-,-,-,-,b,-,-,-,-,-,-,-,-,-,-,b,-,b,-,b,b,b,-,-,-,-,-,b,b,-,b,b,b,-,-,-,-,-,a,a,a,-,-,-,a,-,a,-,a,-,-,b,-,b,b,-,b,-,-,-,b,-,b,-,b,-,-,b,-,-,b,b,-,-,-,-,-,b,-,b,-,b,b,-,-,-,b,-,b,-,b,b,-,-,b,-,-,b,b,-,-,-,-,b,-,-,b,-,-,-,b,b,-,-,b,-,-,-,-,-,b,-,-,-,b,-,-,b,-,-,b,a,-,a,a,a,a,a,-,-,-,-,-,-,-,-,-,a,a,-,b,-,b,b,b,b,b,b,b,b,-,-,b,-,-,-,b,b,-,-,b,b,-,a,a,a,a,a,-,-,a,-,-,a,-,-,-,-,-,-,-,-,-,-,-,a,-,-,-,a,a,a,a,a,a,-,a,a,a,-,a,-,-,a,-,a,-,a,a,-,-,-,-,-,-,-,a,a,-,a,-,-,-,a,a,a,-,-,a,a,a,a,-,-,a,-,a,-,a,-,-,a,-,-,-,-,-,-,-,-,a,-,-,a,-,-,-,-,-,-,a,-,-,-,-,-,a,-,-,a,a,-,a,-,a,a,-,a,a,-,-,-,a,-,-,a,a,a,-,-,-,-,a,-,-,-,-,-,-,a,a,-,-,-,a,a
124,1.7367417,1.77667,b,b,-,-,b,b,b,b,b,b,b,-,b,b,b,b,b,b,b,b,b,b,b,-,b,-,b,b,b,b,b,b,b,b,b,b,b,-,a,-,a,a,a,a,a,a,a,a,a,a,a,a,a,a,a,a,a,a,a,-,a,a,a,a,a,-,a,a,a,-,-,a,a,a,a,a,b,b,b,b,b,b,b,b,b,b,b,b,-,b,b,-,b,b,b,b,b,b,b,b,-,-,-,a,a,b,b,b,b,a,-,a,a,a,a,a,a,a,a,a,a,a,a,a,a,a,a,a,a,a,a,a,a,-,-,a,a,a,a,-,a,a,a,a,a,a,-,a,a,a,a,a,a,a,-,a,a,a,a,a,a,a,-,a,a,-,-,b,-,b,-,b,b,b,b,b,b,b,b,b,b,b,-,-,-,a,a,-,-,a,a,a,a,a,a,a,a,a,a,a,a,a,a,a,a,a,a,a,a,a,a,-,a,a,a,a,a,a,a,a,-,a,a,a,a,a,a,a,a,a,a,a,a,a,a,a,a,a,a,a,a,a,a,a,a,a,a,a,a,a,a,a,a,a,a,a,a,a,a,a,a,a,a,-,-,b,b,b,b,b,b,b,b,b,-,b,b,b,b,b,b,b,b,b,b,b,b,b,b,b,b,b,b,b,b,-,b,b,b,b,b,-,b,b,b,b,-,b,-,-,-,b,b,b,b,b,-,b,b,b,b,b,b,-,b,b,b,b,b,b,b,b,b,b,b,b,-,b,b,-,-,a,a,a,a,a,a,-,a,a,a,a,a,a,a,a,a,a,a,a,a,a,a,a,a,a,a,a,a,a,a,a,a,a,a,a,a,a,a,a,a,a,-,a,-,a,a,b,a,a,b,b,b,b,b,b,b,b,b,b,b,b,b,b,b,b,b,b,b,b,b,b,b,b,b,b,b,b,b,b,b,b,b,b,b,b,-,b,b,b,-,b,b,b,b,b,b,b,b,b,b,b,b,b,b,b,b,b,b,b
125,0.1857038,0.22167,a,a,a,a,a,a,a,a,a,a,a,a,a,a,a,a,a,a,a,a,a,a,a,a,a,a,a,-,a,-,a,a,a,a,a,a,a,a,a,a,a,a,a,a,a,a,a,a,a,a,a,a,a,a,a,a,a,a,a,a,-,a,a,a,-,-,a,a,a,-,-,a,a,a,a,-,a,a,a,a,a,a,-,-,a,a,a,a,a,a,a,a,a,a,a,a,a,a,a,a,-,a,-,a,a,a,a,a,a,a,b,b,b,b,b,b,b,b,-,b,-,b,b,b,-,b,b,b,b,b,b,b,-,b,-,b,-,b,b,-,b,b,-,b,b,b,b,b,b,b,-,b,b,b,b,b,b,b,b,b,b,b,b,b,b,b,a,-,a,a,-,a,a,a,-,a,-,a,a,a,a,a,a,-,-,b,-,b,b,-,b,b,b,b,b,b,b,b,b,-,b,b,b,b,b,b,b,b,b,b,b,b,b,b,b,b,b,b,b,b,b,b,b,b,b,-,b,b,b,b,b,b,b,b,b,b,-,b,a,a,a,a,a,a,-,a,-,a,a,a,a,-,a,a,-,a,a,a,a,a,a,a,a,-,a,a,a,a,a,a,a,b,-,a,-,-,a,a,a,a,a,a,a,-,a,b,a,-,a,a,a,a,a,-,a,-,a,a,-,-,a,a,a,a,a,a,-,a,a,a,a,a,a,a,a,a,-,a,a,a,b,b,b,b,b,b,b,b,b,b,b,b,b,b,b,b,b,b,b,-,a,a,a,a,a,a,a,-,a,-,a,a,a,a,a,-,a,b,b,b,b,b,b,-,b,b,-,b,b,-,b,-,a,b,b,b,-,b,b,b,b,b,b,b,b,b,b,-,b,b,b,b,b,b,b,b,b,b,-,b,b,b,-,b,b,-,b,-,b,b,-,b,b,b,b,b,-,b,b,b,b,b,b,b,b,b,b,b,-,b,b,b,-,b,b,b,b,b,-,a,-,a,a,a,a,a,-,a,a,a
126,1.6844984,1.72333,a,a,a,a,a,a,-,a,a,a,-,a,a,a,a,a,a,a,a,a,a,a,a,a,a,a,a,a,a,a,b,b,b,b,b,b,b,b,b,b,b,b,b,b,b,b,b,b,b,b,b,b,b,b,b,b,b,b,b,b,b,b,b,b,b,b,b,b,b,b,b,b,b,b,b,b,b,b,b,b,b,b,b,b,a,b,b,b,b,a,b,a,a,-,a,a,a,a,a,a,a,a,a,b,b,b,b,-,b,b,b,b,b,b,b,b,b,b,b,b,b,b,b,b,b,b,b,b,b,b,b,b,b,b,b,-,-,b,b,b,b,b,b,b,b,-,b,b,b,-,b,b,b,b,b,b,b,b,b,b,b,b,b,b,b,b,b,b,b,b,b,b,b,b,b,b,b,b,b,b,b,b,b,b,b,b,-,b,b,b,b,b,b,b,b,b,b,b,b,b,b,b,b,b,b,b,b,b,b,b,b,b,b,b,-,b,b,b,b,b,a,a,b,a,a,a,a,a,a,a,a,a,a,a,a,a,a,a,a,a,a,a,a,a,a,a,a,a,a,a,a,a,a,a,a,a,a,a,a,a,a,a,a,a,a,a,-,a,a,a,a,a,a,a,a,a,a,a,a,a,a,a,a,a,a,a,a,-,a,a,a,a,a,a,a,a,a,a,a,a,a,a,a,a,a,a,b,a,b,b,b,b,b,b,b,b,b,b,b,b,b,b,b,b,b,b,b,b,b,b,b,b,b,b,b,b,b,b,b,a,a,a,a,a,a,a,a,a,a,a,a,a,a,a,-,a,a,a,a,a,a,a,b,b,a,a,a,b,b,b,b,b,b,b,b,b,b,b,b,b,b,b,b,b,b,b,b,a,b,b,b,b,b,b,b,b,b,b,b,b,b,b,b,b,b,b,b,b,b,b,b,b,b,b,b,b,b,b,b,b,b,b,b,b,b,b,b,b,b,b,b,b,b,b,b,b,b,b,b,b,b,b,-,b,b,b,b,b,b,b
127,1.3794193,1.38833,a,a,-,-,a,a,a,a,a,a,a,-,a,a,a,a,a,a,a,a,a,a,a,-,-,-,-,a,a,a,a,a,a,a,a,a,-,-,-,-,a,a,a,a,-,a,-,a,a,a,a,a,a,a,a,a,a,a,-,-,b,b,a,a,a,-,a,a,a,-,a,a,a,a,a,a,a,a,a,a,a,a,a,a,a,-,a,a,-,a,-,a,a,a,a,a,a,a,a,a,-,-,-,b,a,a,a,b,a,b,-,b,b,b,b,b,b,b,b,b,b,b,b,b,b,b,b,b,b,b,b,-,b,b,b,b,b,b,b,-,b,b,b,b,b,b,-,a,b,b,b,b,b,b,-,b,b,b,b,b,b,b,-,b,b,-,-,b,-,b,-,a,a,a,a,a,b,a,b,b,a,b,-,-,-,b,a,-,-,-,a,a,a,a,a,a,a,a,a,a,a,a,a,a,a,a,a,a,b,a,a,-,a,b,b,b,b,b,b,b,-,b,b,b,b,b,b,b,b,b,b,b,b,b,b,b,b,b,b,b,b,b,b,b,b,b,b,b,b,a,a,a,a,a,a,a,a,a,a,a,a,a,a,-,-,a,a,a,a,a,a,b,b,b,-,b,b,b,b,b,b,b,b,b,b,a,a,-,a,a,a,-,a,b,b,-,b,b,b,b,-,-,b,b,b,a,b,-,-,-,-,a,a,b,b,b,-,b,b,b,b,b,b,b,b,b,b,a,a,a,-,a,a,a,a,-,-,b,b,-,-,-,-,a,b,b,b,-,b,b,b,a,a,b,b,b,b,b,b,b,b,b,b,-,b,b,b,-,b,-,b,b,a,b,b,b,a,a,a,a,a,a,-,a,-,a,a,a,a,a,a,a,a,a,a,a,a,a,a,a,a,a,a,a,b,a,a,a,a,a,a,b,a,b,b,a,a,a,-,a,a,b,-,a,a,a,-,a,a,-,a,b,a,a,a,a,a,a,a,a,a,a,a,a,a,a,a,a,a,-
128,1.651182,1.655,a,a,a,a,a,a,a,a,a,a,a,a,a,a,a,a,a,a,a,a,a,a,a,a,a,a,a,a,a,-,a,a,a,a,a,a,a,a,a,a,a,a,a,a,a,a,a,b,b,a,b,b,a,a,a,a,-,a,a,b,a,a,a,a,a,a,a,a,a,-,a,b,b,b,b,b,b,a,b,b,b,b,b,b,b,b,a,a,a,b,a,b,b,-,b,b,b,b,a,a,a,a,a,a,b,b,b,-,b,-,b,b,b,b,a,a,a,a,a,a,a,a,a,a,a,a,a,a,a,a,a,a,a,a,a,a,a,a,b,b,a,a,a,a,a,a,a,a,a,b,a,b,b,b,b,b,-,a,a,b,b,b,b,b,b,b,b,b,b,b,b,b,b,b,b,b,b,b,b,b,b,b,b,a,a,a,-,a,a,a,a,a,a,a,a,a,a,a,a,a,a,a,a,a,a,a,a,a,a,a,a,a,a,a,-,b,b,a,a,a,b,a,a,a,b,a,a,a,b,a,a,a,a,a,a,a,a,a,a,a,a,a,a,a,a,a,a,a,a,a,a,a,a,a,a,a,a,a,a,a,a,a,a,a,a,a,a,a,b,b,b,b,-,b,b,b,a,-,a,a,a,a,a,a,a,b,b,a,b,b,b,b,b,a,a,b,a,a,a,a,b,b,a,a,a,b,-,b,b,b,b,b,b,a,a,a,b,a,a,a,a,b,a,a,a,a,a,b,b,b,b,b,b,b,b,a,a,a,a,b,b,b,b,b,a,a,a,b,a,a,a,b,b,a,a,a,a,a,b,b,b,b,b,b,b,b,b,b,b,b,b,b,a,a,a,a,b,b,b,b,b,b,a,b,-,b,b,a,b,b,b,b,b,b,b,b,b,b,b,b,b,b,b,b,a,b,b,b,b,b,b,a,b,a,a,b,b,b,a,b,-,a,a,b,b,b,a,b,b,a,b,a,b,b,b,-,b,b,b,b,b,b,b,a,a,b,b,a,a,a
129,1.5302303,1.55667,a,a,a,a,a,a,a,a,a,a,a,a,a,a,a,a,a,a,a,a,a,a,a,a,a,a,a,a,a,a,a,a,a,a,a,a,a,a,a,a,a,a,a,a,a,a,b,b,b,a,b,a,a,a,a,a,a,a,a,a,a,a,a,a,a,a,a,a,a,a,-,b,b,b,b,b,b,b,b,b,b,b,b,b,b,b,b,b,b,b,b,b,b,-,b,b,b,b,b,b,b,b,b,a,a,a,a,a,a,a,a,a,a,a,a,a,a,a,a,a,a,a,a,a,a,a,a,a,a,a,a,a,a,a,a,a,a,a,-,a,a,a,a,-,a,a,a,a,a,a,a,-,b,b,b,b,b,a,a,b,b,b,b,b,a,b,b,-,b,b,b,b,-,b,b,b,b,b,b,b,b,b,b,a,a,a,a,a,a,-,a,a,a,a,a,a,a,a,a,a,a,a,a,a,a,a,a,a,a,a,a,a,a,a,a,-,a,a,a,a,a,a,a,a,a,a,a,a,a,a,a,a,a,a,a,a,a,a,a,a,a,a,a,a,a,a,a,a,a,a,a,a,a,a,a,a,a,a,a,a,a,a,-,a,a,b,b,b,b,b,b,-,b,b,b,b,a,a,a,a,a,a,a,a,a,a,a,-,a,a,a,a,a,-,a,a,a,a,-,a,a,a,a,a,a,a,a,a,a,a,a,a,a,a,a,a,a,a,a,a,a,a,a,a,a,a,a,b,b,b,b,b,b,b,b,b,b,b,b,a,a,a,a,a,a,a,a,-,a,a,a,a,a,a,a,a,a,a,b,b,b,b,b,b,b,b,b,b,b,-,b,b,b,b,b,b,b,b,b,b,b,b,b,b,b,b,-,b,b,b,b,b,b,b,b,b,b,b,b,b,b,b,b,-,b,b,b,b,b,b,b,b,b,b,b,-,-,b,b,-,b,b,b,b,b,b,b,b,b,b,b,b,b,b,b,b,b,b,b,b,b,b,b,b,b,b,b,b,b,b
130,1.2791969,1.27833,-,-,a,a,-,-,a,-,a,a,a,a,a,-,-,-,-,-,a,-,-,-,-,a,a,a,a,-,-,-,-,-,-,-,-,a,a,a,a,a,-,a,-,-,-,-,a,-,-,a,-,-,-,-,-,-,-,-,a,a,-,-,-,-,-,a,-,-,a,-,-,-,-,-,-,-,-,a,-,-,-,-,-,-,-,-,a,a,a,-,a,-,-,-,-,-,-,-,a,a,a,a,a,-,b,b,b,-,b,-,b,b,b,b,-,-,-,-,-,-,-,-,-,-,-,-,-,-,-,-,-,-,-,-,-,-,-,-,a,a,-,-,-,-,-,-,-,-,-,a,-,-,-,-,a,-,-,-,-,-,a,a,a,-,a,a,a,-,-,-,a,-,a,a,a,a,-,a,-,-,a,-,a,b,b,b,-,b,b,-,-,-,-,-,-,-,-,-,-,-,-,-,-,-,-,-,-,-,b,-,-,b,-,-,-,b,b,-,-,-,b,-,-,-,-,-,-,-,a,-,-,-,-,-,-,-,-,-,-,-,-,-,-,-,-,-,-,-,-,-,-,-,-,-,-,-,-,-,-,-,a,a,a,a,a,a,-,a,a,-,-,-,-,-,-,-,-,-,-,-,-,-,-,-,-,a,a,-,a,a,a,a,a,-,-,a,-,-,-,-,a,a,-,-,-,a,-,a,a,b,b,b,b,-,-,-,b,-,-,-,-,b,-,-,-,-,-,-,-,-,-,-,-,-,-,b,b,b,b,b,b,b,b,b,-,-,-,b,-,-,-,b,b,-,-,-,-,-,-,b,b,b,b,b,-,-,-,-,-,-,-,-,-,b,b,b,-,-,-,-,-,-,b,-,b,-,-,-,-,-,-,-,-,-,-,-,-,-,-,-,-,-,-,-,a,-,-,-,-,-,-,a,-,a,a,-,-,-,a,-,-,a,a,-,-,-,a,-,-,a,-,a,-,-,-,-,-,-,-,-,-,-,-,a,a,-,-,-,a,a
131,1.748565,1.835,-,-,a,a,-,-,-,-,b,a,a,a,a,-,-,-,-,-,a,-,-,-,-,a,a,b,b,-,-,-,-,-,-,-,-,a,b,a,b,b,-,a,-,-,-,-,b,-,-,a,-,-,-,-,-,-,-,-,b,a,-,-,-,-,-,b,-,-,b,-,-,-,-,-,-,-,-,b,-,-,-,-,-,-,-,-,b,b,a,-,b,-,-,-,-,-,-,-,b,b,a,b,a,-,b,b,b,-,b,-,b,b,b,b,-,-,-,-,-,-,-,-,-,-,-,-,-,-,-,-,-,-,-,-,-,-,-,-,b,a,-,-,-,-,-,-,-,-,-,-,-,-,-,-,b,-,-,-,-,-,a,a,b,-,a,a,b,-,-,-,b,a,a,a,a,a,-,a,-,-,a,-,a,a,a,a,-,b,a,-,-,-,-,-,-,-,-,-,-,-,-,-,-,-,-,-,-,-,b,-,-,b,-,-,-,b,b,-,-,-,b,-,-,-,b,-,-,-,b,-,-,-,-,-,-,-,-,-,-,-,-,-,-,-,-,-,-,-,-,-,-,-,-,-,-,-,-,-,-,-,b,b,b,b,a,a,a,a,a,-,-,-,-,-,-,-,-,-,-,-,-,-,-,-,-,b,b,-,b,b,b,a,b,-,-,b,-,-,-,-,a,b,-,-,-,b,-,b,b,b,b,b,b,-,-,-,a,-,-,-,-,b,-,-,-,-,-,-,-,-,-,-,-,-,-,-,a,b,b,b,b,a,b,b,-,-,-,-,-,-,-,b,b,-,-,-,-,-,-,b,b,b,b,-,-,-,-,-,-,-,-,-,-,b,b,b,-,-,-,-,-,-,b,-,a,-,-,-,-,-,-,-,-,-,-,-,-,-,-,-,-,-,-,-,b,-,-,-,-,-,-,b,-,b,b,-,-,-,a,-,-,a,a,-,-,-,b,-,-,b,-,a,-,-,-,-,-,-,-,-,-,-,-,a,a,-,-,a,a,a
132,1.9102426,1.89,a,a,a,a,a,a,a,a,-,a,-,a,-,a,a,a,a,a,-,a,a,a,a,a,a,a,a,a,a,a,a,a,a,-,a,a,a,b,b,b,b,b,b,b,b,b,b,b,b,b,b,b,b,b,b,b,b,b,b,b,b,b,b,b,b,b,b,b,b,b,b,-,b,b,b,b,b,b,b,b,b,b,b,b,b,b,b,b,b,b,b,a,a,-,a,a,a,a,a,a,b,a,a,a,a,-,a,a,-,-,a,a,a,-,a,a,a,a,a,a,a,-,a,b,b,b,b,b,b,b,b,b,b,b,b,b,-,b,b,b,b,b,b,b,b,b,-,b,b,b,b,b,b,b,b,b,b,b,b,b,b,b,b,b,b,b,b,b,-,b,b,b,b,b,b,-,b,b,b,b,b,b,b,b,b,b,b,b,b,b,b,b,b,-,b,b,b,b,b,b,b,b,b,b,-,b,b,b,-,b,b,b,b,b,b,b,b,b,b,b,b,b,b,b,b,b,b,b,b,b,b,b,b,b,b,b,b,b,-,b,b,b,b,b,a,a,a,a,-,a,a,a,a,a,a,-,a,a,a,a,a,a,a,a,a,a,b,a,a,a,a,a,a,a,a,a,a,b,b,b,b,b,b,b,b,b,b,b,b,b,b,-,b,b,b,b,b,b,b,b,b,b,b,b,b,b,b,b,b,b,b,b,b,a,b,b,b,b,b,b,b,-,a,a,a,a,a,a,a,a,a,a,a,a,-,a,a,a,a,b,b,b,b,b,b,b,b,-,b,b,b,b,b,b,b,b,b,b,b,b,b,b,b,b,b,b,b,b,b,b,b,b,b,b,b,b,b,b,b,b,b,b,b,b,b,b,b,b,b,b,b,b,a,b,b,b,b,b,b,-,b,b,b,b,b,b,b,b,b,b,b,-,-,b,b,b,b,b,b,b,b,b,b,b,b,b,b,b,b,a,a,a,a,a,a,a,a,a,a,a,a,a,a,a,a,a,a,-,a,a
133,1.3648132,1.44333,a,a,a,a,a,a,a,a,a,a,a,a,a,-,a,-,-,a,a,a,a,-,a,a,a,a,a,-,-,a,a,a,a,a,-,a,a,a,a,a,a,a,a,-,a,-,b,-,b,b,b,b,b,b,b,-,b,b,b,b,-,-,b,b,-,b,-,b,b,b,b,-,b,b,b,-,a,a,a,-,a,a,a,a,-,a,a,a,a,a,a,a,a,-,a,-,a,-,a,a,a,a,a,b,b,b,b,-,b,-,b,b,b,b,-,b,-,b,b,b,b,-,b,-,b,b,-,-,-,b,b,b,b,b,-,b,-,b,b,b,b,b,-,b,b,b,b,b,b,b,b,b,b,b,b,b,-,b,-,b,b,b,b,b,b,b,b,b,b,-,b,b,b,b,b,b,b,b,b,b,b,b,b,b,b,b,b,b,b,b,-,b,b,b,b,-,b,-,b,b,b,b,-,b,b,b,-,b,b,b,b,b,-,-,a,-,a,-,a,a,a,a,a,-,a,a,a,a,a,-,-,a,-,a,a,a,a,a,-,-,-,-,-,-,-,b,-,b,-,b,b,a,-,a,a,a,a,a,-,a,a,a,a,a,a,b,b,b,b,-,-,b,b,b,-,a,a,a,a,a,a,a,a,a,a,a,a,-,a,a,a,a,a,-,-,a,-,-,-,a,a,a,-,a,a,a,-,a,a,a,a,a,a,a,-,a,a,a,-,-,a,a,a,a,a,-,-,a,-,-,a,-,-,a,a,a,a,a,a,b,b,b,b,b,b,b,b,b,b,b,b,b,b,-,-,-,b,b,b,b,b,b,b,b,-,b,b,b,b,b,b,b,b,b,a,a,-,b,-,a,-,a,b,a,-,a,a,a,a,a,a,-,-,-,-,a,a,-,a,-,a,a,a,a,a,-,-,a,-,-,-,a,a,a,a,a,-,a,a,-,a,a,a,a,-,-,b,b,b,b,b,b,b,b,b,-,a,a,b,b,b,b,b,b,b,-,b,b,b,b
134,1.7726354,1.77833,a,a,a,a,a,a,-,-,-,-,-,a,a,a,a,a,-,a,a,a,a,-,a,a,a,a,a,a,a,a,a,a,-,a,b,b,a,b,b,b,b,b,b,b,a,a,b,b,b,-,-,b,b,b,b,b,b,b,b,b,b,b,-,b,b,b,b,b,b,-,b,b,b,b,b,b,b,b,-,a,a,-,-,-,-,-,a,a,a,-,a,a,a,a,a,a,a,a,a,a,a,a,a,b,b,b,b,b,b,-,a,b,b,b,b,b,b,b,b,b,-,b,b,-,b,b,-,b,-,b,b,b,b,b,-,b,-,b,b,b,b,b,b,b,b,b,-,b,b,-,-,b,b,b,a,b,b,b,b,b,b,b,a,b,b,a,b,-,-,b,b,b,b,b,b,b,b,b,b,b,b,b,b,b,b,b,-,b,b,b,b,b,-,-,b,b,b,b,b,-,-,b,-,-,b,b,b,b,b,b,b,b,b,b,b,b,b,-,-,b,b,b,b,b,b,b,b,b,b,-,b,b,-,b,b,b,b,b,b,b,b,b,b,b,b,b,b,-,b,-,-,-,a,a,b,-,a,a,a,a,a,a,a,a,b,a,a,a,a,a,a,a,a,a,a,a,a,a,b,b,b,b,-,-,b,b,b,b,b,a,a,a,a,a,-,a,a,a,a,a,a,a,-,a,a,a,-,a,a,a,a,b,b,b,b,b,b,b,b,-,b,b,-,b,b,b,b,b,b,b,b,b,a,-,-,a,a,a,a,b,b,b,b,b,-,b,b,b,b,b,a,a,a,a,a,a,a,a,a,a,-,-,a,a,b,-,a,a,a,a,-,a,a,a,a,a,a,a,-,a,a,a,b,-,b,a,a,a,a,a,a,a,a,a,-,a,a,-,a,-,a,a,a,a,a,-,a,a,a,a,-,a,a,a,b,b,b,b,b,-,b,b,a,b,b,b,a,b,-,a,-,b,b,b,b,-,b,b,-,-,b,a,a,b,a,a,-,a,a,a
135,0.9604664,0.985,a,a,a,a,a,a,a,a,a,a,a,a,a,a,a,a,a,a,a,a,a,a,a,a,a,a,a,a,a,a,a,a,a,a,a,a,a,a,a,a,a,a,a,a,-,a,a,a,a,a,a,a,a,a,a,a,a,a,a,a,a,a,a,a,a,a,a,a,a,-,a,a,a,a,a,a,a,a,a,a,a,a,a,a,a,-,a,a,a,b,a,-,b,b,b,b,b,b,b,b,b,b,b,b,-,-,-,b,b,b,-,b,b,b,b,b,b,b,b,b,b,b,b,b,b,b,b,b,b,b,b,-,b,b,b,b,-,b,b,b,b,b,b,b,b,b,-,b,b,b,b,b,b,b,b,b,b,b,b,b,b,b,b,b,b,b,b,b,-,b,b,b,b,b,b,b,b,b,b,b,b,b,b,b,b,b,b,b,b,-,b,b,b,b,b,b,b,b,b,b,b,b,b,b,b,b,b,b,b,b,b,b,b,b,b,b,b,b,b,b,b,b,b,b,b,b,b,b,b,b,b,b,b,b,b,b,b,b,b,b,b,b,b,b,b,b,b,b,b,b,b,b,b,b,b,b,b,b,b,b,b,b,b,b,b,a,a,a,a,a,a,a,a,a,-,b,b,b,b,b,b,b,b,b,b,-,-,-,-,-,-,-,-,b,b,-,b,b,b,b,-,-,a,b,b,b,b,b,b,b,b,b,b,b,b,b,b,b,b,b,b,b,b,b,b,b,b,b,b,b,b,b,b,b,b,b,b,b,b,a,a,a,a,a,a,a,a,a,a,a,a,a,a,a,a,a,a,a,a,a,a,a,a,a,a,a,a,-,a,a,a,a,b,b,b,b,b,b,b,b,b,b,b,b,b,b,b,a,b,b,b,b,b,b,b,b,-,b,b,b,b,b,b,-,b,b,b,b,b,b,b,b,-,b,b,b,b,b,b,b,b,-,a,a,a,a,a,a,a,a,a,a,a,a,a,a,a,a,a,a,a,a,a,a,a,a,-,a,a,a
136,1.8076708,1.83333,b,b,b,b,b,b,a,b,-,-,-,b,a,b,b,b,b,b,-,-,b,b,b,b,a,a,a,-,b,b,a,a,a,a,a,b,a,a,a,a,a,b,a,a,a,a,a,a,a,b,a,b,a,a,a,a,a,a,a,a,a,a,a,a,a,b,-,b,b,b,b,b,b,b,b,b,b,b,b,b,b,b,b,b,b,b,a,a,b,b,b,b,b,-,b,b,b,b,a,a,a,b,a,b,b,b,b,a,b,a,b,b,b,b,b,b,b,b,b,b,b,b,b,b,b,b,b,b,b,b,b,-,b,b,b,b,-,b,b,b,b,b,b,b,a,a,a,a,a,b,a,a,b,a,b,b,b,b,b,a,b,b,b,b,b,b,a,b,b,b,b,b,b,b,b,b,b,b,b,b,b,b,a,b,b,b,b,b,b,-,b,b,b,b,b,b,b,b,b,b,b,b,b,b,b,b,b,b,b,b,b,b,b,b,b,b,b,b,b,b,b,b,b,b,b,b,b,b,b,b,b,b,b,b,-,b,b,b,b,b,b,b,-,b,b,b,b,b,b,-,b,b,b,b,b,b,-,-,b,b,a,a,a,a,a,a,a,a,a,b,b,b,b,-,b,b,a,a,a,a,a,a,-,a,a,b,b,a,b,a,a,b,a,-,a,a,a,a,a,b,b,b,b,b,b,a,-,b,b,b,b,b,b,a,a,a,b,a,a,a,a,b,a,a,a,a,a,a,a,a,-,a,a,a,a,a,a,a,a,b,b,b,b,b,-,a,a,b,b,b,a,a,a,a,a,a,a,a,-,a,-,-,-,-,a,a,a,-,a,a,a,a,a,a,a,a,-,-,a,a,a,-,b,a,b,a,a,a,a,a,a,a,a,a,a,a,a,-,a,a,a,a,a,a,a,b,b,-,b,b,b,a,b,a,b,b,b,b,a,b,b,b,a,b,b,b,a,b,b,b,b,b,b,b,b,b,b,b,-,b,-,-,b,b,a,b,a,a,a,b
137,1.7520584,1.73667,b,b,b,b,b,b,b,b,b,b,b,b,b,b,b,b,b,b,b,b,b,b,b,b,b,b,b,b,b,b,b,b,b,b,b,b,b,b,b,b,b,b,b,b,b,b,b,b,b,b,b,b,b,b,b,b,b,b,b,a,a,a,a,a,a,-,a,a,a,a,-,a,a,a,a,a,a,a,a,a,a,a,a,a,a,a,a,a,a,a,a,a,a,a,a,a,a,a,a,a,a,a,a,b,b,b,b,b,b,b,b,b,b,b,b,b,b,b,b,b,b,-,b,b,b,b,b,b,b,b,b,-,b,b,b,b,-,b,b,-,b,b,b,b,b,b,b,b,b,b,b,b,b,b,b,b,b,a,b,b,-,b,b,a,b,b,a,a,a,a,-,a,a,a,-,a,a,a,a,-,a,a,a,-,-,b,b,b,b,-,b,-,b,b,b,b,b,b,b,b,b,b,b,b,-,b,b,b,b,b,b,b,b,b,b,b,b,b,b,b,b,b,b,-,b,b,b,b,a,a,a,a,a,a,a,a,a,b,a,a,a,a,a,a,a,a,a,a,a,-,a,-,a,-,a,a,a,a,a,a,a,a,a,-,a,a,a,a,a,a,a,a,a,a,b,b,b,b,b,b,b,b,b,b,b,b,b,b,b,b,b,b,b,b,b,b,b,b,b,b,b,b,b,b,b,b,b,b,b,b,b,b,a,b,a,a,a,a,a,a,a,a,a,-,a,a,a,b,b,b,b,b,b,b,-,b,b,b,b,b,b,b,b,b,b,b,-,b,b,b,b,b,b,b,b,b,b,a,-,a,a,a,a,a,a,a,a,-,a,a,a,a,a,a,a,a,a,-,a,a,a,a,a,a,-,a,a,a,a,a,a,a,a,a,a,a,a,a,a,a,a,a,a,a,a,a,a,a,a,-,a,a,a,a,a,a,a,a,a,a,a,a,a,a,a,a,a,-,a,a,a,a,a,a,a,a,-,a,a,a,a,a,a,a,a,a,-,a,a,a
138,1.9442241,1.945,-,-,a,a,-,-,a,-,a,a,a,a,a,-,-,-,-,-,a,-,-,-,-,a,a,a,a,-,-,-,-,-,-,-,-,a,a,a,a,a,-,a,-,-,-,-,a,-,-,a,-,-,-,-,-,-,-,-,a,a,-,-,-,-,-,a,-,-,a,-,-,-,-,-,-,-,-,b,-,-,-,-,-,-,-,-,b,b,b,-,b,-,-,-,-,-,-,-,b,b,b,-,b,-,a,a,a,-,a,-,a,a,a,a,-,-,-,-,-,-,-,-,-,-,-,-,-,-,-,-,-,-,-,-,-,-,-,-,a,a,-,-,-,-,-,-,-,-,-,a,-,-,-,-,b,-,-,-,-,-,b,b,b,-,a,b,b,-,-,-,b,b,b,b,b,b,-,b,-,-,b,-,b,b,b,b,-,b,b,-,-,-,-,-,-,-,-,-,-,-,-,-,-,-,-,-,-,-,b,-,-,b,-,-,-,b,b,-,-,-,a,-,-,-,a,-,-,-,a,-,-,-,-,-,-,-,-,-,-,-,-,-,-,-,-,-,-,-,-,-,-,-,-,-,-,-,-,-,-,-,b,b,b,b,b,a,a,a,a,-,-,-,-,-,-,-,-,-,-,-,-,-,-,-,-,a,a,-,a,a,a,a,a,-,-,a,-,-,-,-,b,b,-,-,-,b,-,b,b,b,-,b,b,-,-,-,b,-,-,-,-,b,-,-,-,-,-,-,-,-,-,-,-,-,-,a,a,a,a,b,b,b,b,b,-,-,-,b,-,-,-,b,b,-,-,-,-,-,-,b,b,b,b,b,-,-,-,-,-,-,-,-,-,b,b,b,-,-,-,-,-,-,b,-,b,-,-,-,-,-,-,-,-,-,-,-,-,-,-,-,-,-,-,-,b,-,-,-,-,-,-,b,-,b,b,-,-,-,b,-,-,b,b,-,-,-,b,-,-,-,-,a,-,-,-,-,-,-,-,-,-,-,-,a,a,-,-,a,a,a
139,1.6813569,1.66667,-,-,a,a,-,-,a,-,a,a,a,-,a,-,-,-,-,-,a,-,-,-,-,a,a,a,a,-,-,-,-,-,-,-,-,a,a,b,b,b,-,b,-,-,-,-,b,-,-,b,-,-,-,-,-,-,-,-,b,b,-,-,-,-,-,b,-,-,b,-,-,-,-,-,-,-,-,b,-,-,-,-,-,-,-,-,a,a,a,-,a,-,-,-,-,-,-,-,a,a,a,a,a,-,b,b,b,-,a,-,b,a,a,-,-,-,-,-,-,-,-,-,-,-,-,-,-,-,-,-,-,-,-,-,-,-,-,-,a,a,-,-,-,-,-,-,-,-,-,a,-,-,-,-,b,-,-,-,-,-,a,a,b,-,a,b,b,-,-,-,b,b,b,b,b,b,-,b,-,-,b,-,b,b,b,b,-,b,b,-,-,-,-,-,-,-,-,-,-,-,-,-,-,-,-,-,-,-,b,-,-,b,-,-,-,b,-,-,-,-,b,-,-,-,b,-,-,-,b,-,-,-,-,-,-,-,-,-,-,-,-,-,-,-,-,-,-,-,-,-,-,-,-,-,-,-,-,-,-,-,b,b,b,b,a,a,a,a,a,-,-,-,-,-,-,-,-,-,-,-,-,-,-,-,-,a,a,-,a,a,a,a,a,-,-,a,-,-,-,-,a,a,-,-,-,a,-,a,a,b,b,a,a,-,-,-,a,-,-,-,-,a,-,-,-,-,-,-,-,-,-,-,-,-,-,a,b,a,a,b,b,b,b,b,-,-,-,b,-,-,-,b,b,-,-,-,-,-,-,b,b,b,b,b,-,-,-,-,-,-,-,-,-,b,b,b,-,-,-,-,-,-,a,-,-,-,-,-,-,-,-,-,-,-,-,-,-,-,-,-,-,-,-,-,b,-,-,-,-,-,-,b,-,b,b,-,-,-,b,-,-,a,b,-,-,-,b,-,-,b,-,a,-,-,-,-,-,-,-,-,-,-,-,a,a,-,-,a,a,a
140,1.8523277,1.89,b,b,b,a,b,b,-,b,b,b,b,a,-,b,b,b,b,b,b,b,b,b,b,a,a,a,a,b,b,b,b,b,b,b,b,b,a,b,b,b,b,b,b,b,b,b,b,b,b,b,b,b,b,b,b,b,b,b,b,b,b,b,b,b,b,-,b,-,b,b,b,b,b,b,b,b,b,b,b,b,b,b,b,b,b,b,b,b,a,b,a,-,b,-,b,b,b,b,b,b,-,a,-,a,a,a,a,a,a,a,a,a,a,a,a,a,a,a,a,a,b,a,a,a,a,a,-,a,a,a,a,a,a,-,a,a,a,a,a,-,a,a,a,a,a,a,-,a,a,-,a,a,a,a,a,a,a,a,a,a,a,a,a,a,-,a,a,a,-,a,-,-,a,a,a,a,a,a,a,a,a,a,a,-,-,b,b,b,b,b,b,b,b,b,b,b,b,b,b,b,b,b,b,b,b,b,b,b,b,b,b,a,b,b,b,b,b,b,b,b,a,b,b,b,b,b,b,b,b,b,b,b,b,b,b,b,b,b,b,b,b,b,b,b,b,-,b,b,b,a,b,b,b,b,b,b,b,b,b,b,-,b,-,-,b,-,-,b,b,b,b,b,b,b,-,b,b,b,b,b,b,b,b,b,b,b,b,b,b,a,a,a,a,a,a,-,a,a,a,a,a,a,a,a,a,a,-,a,a,a,a,a,-,a,a,a,-,a,a,a,a,a,a,a,a,a,a,a,a,a,a,a,a,a,a,a,a,a,a,-,a,a,a,b,b,b,b,b,b,b,b,-,b,b,b,b,b,b,a,-,a,a,a,a,a,a,a,a,a,a,a,a,a,a,a,a,a,a,a,a,a,a,a,a,-,b,b,a,b,b,b,b,b,b,b,b,b,b,b,b,b,b,b,b,b,b,b,b,b,b,b,-,-,b,b,b,b,b,a,b,b,b,a,b,b,b,a,b,b,a,-,b,b,b,b,b,b,b,b,b,b,b,b,b,b,b,b,-,b,a
141,1.8059552,1.84833,b,b,b,b,b,b,b,b,b,b,b,b,b,b,b,b,b,b,b,b,b,b,b,b,b,b,b,a,a,a,a,-,a,a,a,a,a,a,a,a,a,a,-,a,a,a,a,a,a,a,a,-,a,a,a,a,a,a,a,a,a,a,a,a,a,a,a,a,a,-,-,a,a,a,a,a,a,a,b,b,b,b,b,b,b,b,b,b,b,b,b,b,b,b,b,b,b,b,b,b,b,b,b,a,a,a,a,a,a,-,a,a,a,a,a,a,a,a,a,a,a,a,-,a,a,a,-,a,-,a,a,a,a,a,-,a,a,-,a,a,a,a,a,a,a,a,a,a,a,a,a,a,a,b,a,b,b,b,b,b,b,b,b,b,b,b,b,b,b,b,b,b,-,b,b,b,b,b,b,b,b,b,b,b,b,b,b,b,b,b,b,b,b,b,b,b,b,b,b,b,b,b,b,b,-,b,b,b,b,b,b,b,b,b,b,-,b,b,b,b,b,b,b,b,b,b,b,a,a,a,a,a,a,a,a,a,a,a,a,a,a,a,-,a,a,a,a,a,a,a,a,a,a,a,a,a,a,a,a,a,a,a,a,a,a,b,b,b,b,b,b,b,b,b,b,b,b,b,b,b,b,b,b,b,b,b,b,b,b,b,b,b,b,b,b,b,b,b,b,b,b,b,b,b,b,b,b,b,b,b,b,b,b,b,b,b,b,b,b,b,b,b,b,b,b,b,b,b,b,b,b,b,b,b,b,b,b,b,b,b,a,a,b,a,b,b,b,b,a,a,b,b,b,b,-,a,a,a,a,a,a,a,a,a,a,a,a,a,a,a,a,a,-,a,a,a,a,a,a,a,a,a,a,a,a,a,a,b,b,b,b,b,b,b,b,b,b,b,b,b,-,b,b,b,b,b,b,b,b,b,b,b,b,b,b,b,b,b,b,b,b,b,b,b,b,b,a,a,a,a,a,a,a,a,a,a,a,b,b,b,b,b,b,b,b,b,b,b,b,b
142,0.4128081,0.5,a,a,a,a,a,a,a,a,a,a,a,a,a,a,a,a,-,-,-,a,a,a,a,a,a,a,a,a,a,-,-,a,a,a,a,a,a,a,a,a,a,a,a,a,a,a,a,b,a,a,a,b,-,a,-,a,-,a,a,b,b,b,a,a,-,b,a,a,a,-,-,a,a,a,a,a,a,a,a,a,a,a,a,a,a,a,a,a,a,a,a,a,a,-,a,a,a,-,a,a,a,a,a,b,b,b,b,-,b,b,b,b,b,b,b,-,-,b,b,b,b,b,b,b,-,b,b,b,b,-,b,-,b,b,-,a,-,b,b,b,b,b,b,b,b,-,b,b,-,b,b,b,b,b,b,b,-,b,b,b,b,b,b,-,b,b,b,-,-,b,b,b,b,b,b,b,b,b,b,b,b,b,b,-,-,-,-,a,a,-,a,a,a,a,b,b,a,a,b,b,a,b,b,b,b,b,b,b,b,b,b,b,-,b,-,b,b,b,b,b,b,b,b,b,b,b,b,b,b,b,b,b,b,b,b,b,b,b,b,b,b,b,b,b,b,-,b,b,b,-,b,b,b,b,b,b,b,b,b,-,b,b,-,b,b,a,-,b,b,a,b,b,b,b,b,b,b,a,b,b,b,b,a,-,a,a,a,a,a,a,a,a,a,a,a,a,a,a,a,a,a,a,a,-,a,a,a,a,a,a,a,a,a,a,a,a,a,a,a,a,a,a,a,-,a,a,a,a,a,a,-,-,a,a,-,-,a,a,a,a,a,a,a,a,a,-,a,a,-,-,-,a,a,a,a,a,a,-,b,a,a,a,a,a,a,a,a,-,a,a,a,a,a,a,-,a,a,a,a,a,a,a,a,a,-,-,b,b,b,b,b,b,b,b,b,b,b,b,-,b,b,-,b,-,b,b,b,-,b,b,b,b,b,b,b,-,b,b,b,-,-,b,b,b,b,b,b,b,b,b,b,b,b,b,b,b,b,b,b,b,-,b,b,b,b,b,b,b,b,b
143,1.9715561,2,b,b,b,b,b,b,b,-,-,-,-,b,-,b,b,b,b,b,-,b,b,b,b,b,b,b,b,b,b,-,b,b,b,b,b,-,b,b,b,b,-,-,b,b,b,b,b,b,b,a,b,a,-,a,a,a,a,a,a,a,a,a,-,a,a,a,a,a,a,-,-,b,b,b,b,b,b,-,b,b,b,-,b,b,b,-,-,-,b,b,b,-,b,-,b,b,b,b,-,-,-,b,-,a,a,a,a,-,a,a,a,a,a,a,a,a,a,a,a,a,a,-,a,a,a,a,a,a,-,-,b,b,b,b,b,b,-,b,b,-,b,b,b,b,b,-,b,b,b,b,a,a,a,a,a,a,-,a,a,a,a,a,a,a,a,a,a,a,a,a,a,a,a,a,a,a,a,a,-,-,a,a,a,-,-,-,-,b,b,b,b,b,b,-,-,a,a,a,a,a,-,a,a,a,a,a,a,a,-,a,a,a,a,a,-,b,b,a,a,a,a,a,a,a,-,a,a,a,a,-,a,a,a,a,a,a,a,a,a,a,a,a,a,a,a,a,a,a,a,b,a,a,a,a,a,a,a,a,a,a,a,a,a,a,a,-,b,b,-,-,b,b,b,b,b,b,b,b,b,b,b,b,b,b,b,-,b,b,-,-,-,b,-,b,b,-,b,b,b,b,b,b,b,b,b,b,b,b,b,b,b,b,b,b,b,b,b,b,b,b,b,b,b,b,b,b,b,b,b,b,b,b,b,b,b,b,b,b,b,-,b,b,b,-,b,b,b,b,b,b,b,a,a,a,a,a,a,a,-,-,-,-,-,-,a,a,a,a,a,a,a,a,a,a,a,-,a,a,a,a,a,a,a,a,a,a,a,a,a,a,a,a,a,a,a,a,a,a,a,a,a,a,a,a,-,-,a,a,a,a,-,-,a,-,-,b,a,b,b,b,-,b,b,b,b,b,b,a,b,b,b,b,b,b,b,b,b,b,b,b,b,b,b,b,b,b,b,b,b,b
144,0.8159612,0.805,-,-,a,a,-,-,a,-,a,a,a,a,a,-,-,-,-,-,a,-,-,-,-,a,a,a,a,-,-,-,-,-,-,-,-,a,a,a,a,a,-,a,-,-,-,-,a,-,-,-,-,-,-,-,-,-,-,-,a,a,-,-,-,-,-,-,-,-,a,-,-,-,-,-,-,-,-,a,-,-,-,-,-,-,-,-,a,a,a,-,a,-,-,-,-,-,-,-,a,a,-,a,-,-,a,a,a,-,a,-,a,a,a,a,-,-,-,-,-,-,-,-,-,-,-,-,-,-,-,-,-,-,-,-,-,-,-,-,a,-,-,-,-,-,-,-,-,-,-,a,-,-,-,-,a,-,-,-,-,-,a,a,a,-,a,a,a,-,-,-,-,a,a,a,a,a,-,a,-,-,a,-,a,-,-,a,-,b,b,-,-,-,-,-,-,-,-,-,-,-,-,-,-,-,-,-,-,-,b,-,-,b,-,-,-,b,b,-,-,-,b,-,-,-,b,-,-,-,b,-,-,-,-,-,-,-,-,-,-,-,-,-,-,-,-,-,-,-,-,-,-,-,-,-,-,-,-,-,-,-,a,a,a,-,a,a,a,a,a,-,-,-,-,-,-,-,-,-,-,-,-,-,-,-,-,a,a,-,a,a,a,a,a,-,-,-,-,-,-,-,a,a,-,-,-,b,-,b,b,b,b,b,b,-,-,-,-,-,-,-,-,b,-,-,-,-,-,-,-,-,-,-,-,-,-,b,b,b,b,-,a,a,a,a,-,-,-,-,-,-,-,a,a,-,-,-,-,-,-,b,b,b,b,b,-,-,-,-,-,-,-,-,-,b,b,b,-,-,-,-,-,-,b,-,b,-,-,-,-,-,-,-,-,-,-,-,-,-,-,-,-,-,-,-,b,-,-,-,-,-,-,b,-,b,b,-,-,-,b,-,-,b,b,-,-,-,b,-,-,b,-,b,-,-,-,-,-,-,-,-,-,-,-,b,b,-,-,b,b,b
145,1.8096253,1.84833,a,a,a,a,a,a,a,a,a,a,a,a,a,a,a,a,a,-,a,a,a,-,a,a,a,a,a,-,a,-,a,a,-,a,-,a,a,a,a,a,-,a,-,a,a,-,a,-,a,a,a,-,a,-,a,-,-,a,a,a,-,a,-,a,-,-,a,b,b,-,b,b,-,b,-,b,-,b,-,b,b,b,-,-,-,b,b,b,b,b,b,-,b,-,b,b,b,-,b,b,-,b,-,b,b,b,b,-,b,-,b,b,b,b,-,b,b,-,-,-,-,-,-,-,b,b,-,b,b,-,-,-,b,b,-,-,-,-,b,-,b,b,-,-,b,b,-,b,a,b,a,-,-,a,a,a,a,a,a,-,-,a,a,a,a,a,a,-,a,a,-,a,a,a,a,a,a,a,a,-,a,a,a,-,-,b,-,b,b,-,-,b,b,-,b,b,-,b,b,-,b,-,b,b,b,b,-,-,b,b,b,b,b,-,-,b,b,-,b,b,b,b,-,b,b,b,-,-,b,b,-,b,-,-,-,b,b,b,b,b,b,b,b,b,b,b,b,b,-,-,b,b,-,b,-,b,b,b,b,b,b,b,b,-,b,b,b,b,b,-,b,-,b,-,-,b,a,-,-,a,-,a,-,a,a,b,-,-,a,a,a,a,b,-,-,-,b,b,b,b,b,b,b,b,a,a,-,a,a,a,a,a,a,-,a,a,-,a,-,-,-,a,a,-,a,-,a,a,-,a,-,a,a,a,-,a,a,a,a,-,b,b,b,b,-,b,-,b,-,b,b,-,b,b,-,b,b,-,-,b,b,b,b,-,b,b,b,-,b,-,b,b,b,b,b,b,b,b,-,-,b,-,b,-,b,b,-,-,a,a,a,a,a,a,a,a,a,a,a,a,-,-,-,a,a,a,b,-,b,b,b,b,-,b,b,-,b,b,b,-,b,b,b,b,b,-,b,b,b,b,-,b,b,b,b,b,-,b,b,-,b,b,a,b,b,-,-,a,a,a
146,1.338574,1.41667,-,a,a,a,-,a,a,a,a,a,a,a,a,a,-,a,-,-,a,a,a,a,a,a,a,a,a,a,a,a,a,a,-,a,a,a,a,a,a,a,a,a,a,a,a,a,b,b,b,b,b,b,b,b,-,b,b,b,b,b,-,b,b,b,b,b,-,b,b,b,b,b,b,b,b,b,-,b,b,-,b,b,b,b,b,b,b,b,b,b,a,a,a,a,a,a,a,a,a,a,a,-,a,-,a,-,a,a,a,a,a,b,a,a,-,a,-,a,a,a,a,-,-,a,a,a,a,-,a,a,a,a,a,a,a,a,a,a,-,a,a,a,a,a,a,a,a,a,a,a,a,a,a,a,a,a,a,a,a,a,a,a,a,a,a,a,a,a,a,a,a,a,a,a,a,a,-,a,a,a,a,a,a,a,a,a,a,a,a,a,-,a,a,a,a,-,a,a,a,-,a,a,a,a,a,a,a,a,a,-,a,a,a,a,a,a,a,-,a,a,a,a,a,a,a,b,b,b,b,-,b,b,b,b,-,b,b,b,-,b,b,b,b,b,b,b,b,b,b,b,-,b,b,b,-,b,-,b,b,b,b,b,b,b,b,b,b,b,b,b,b,b,b,b,b,b,b,a,b,-,b,b,b,b,b,b,b,b,b,b,b,b,b,b,b,b,b,b,b,b,b,b,b,b,b,b,b,b,b,b,-,b,b,b,b,b,b,b,-,b,b,a,a,a,a,a,-,a,-,a,a,a,a,a,a,a,a,a,a,b,b,b,b,b,b,b,b,-,b,b,b,b,b,b,b,b,b,b,b,b,b,b,b,b,b,-,b,b,b,b,b,b,b,b,b,a,b,b,b,b,-,b,b,b,b,-,b,b,-,b,b,b,b,b,b,b,b,b,b,b,b,b,b,b,b,b,b,b,b,b,b,b,b,b,b,-,b,b,b,b,b,b,b,b,b,-,b,b,b,b,b,b,a,a,a,a,a,-,a,a,-,a,a,a,a,a,a,a,a,a
147,1.2359398,1.29167,-,-,a,a,-,-,a,-,a,a,a,a,a,-,-,-,-,-,a,-,-,-,-,-,a,a,a,-,-,-,-,-,-,-,-,a,a,a,a,-,-,-,-,-,-,-,a,-,-,a,-,-,-,-,-,-,-,-,a,a,-,-,-,-,-,a,-,-,a,-,-,-,-,-,-,-,-,a,-,-,-,-,-,-,-,-,a,a,a,-,a,-,-,-,-,-,-,-,a,a,a,a,a,-,b,b,b,-,a,-,a,a,a,a,-,-,-,-,-,-,-,-,-,-,-,-,-,-,-,-,-,-,-,-,-,-,-,-,a,a,-,-,-,-,-,-,-,-,-,a,-,-,-,-,-,-,-,-,-,-,a,a,a,-,a,a,-,-,-,-,-,-,-,a,-,-,-,-,-,-,-,-,a,a,a,a,-,a,a,-,-,-,-,-,-,-,-,-,-,-,-,-,-,-,-,-,-,-,a,-,-,b,-,-,-,-,a,-,-,-,b,-,-,-,a,-,-,-,a,-,-,-,-,-,-,-,-,-,-,-,-,-,-,-,-,-,-,-,-,-,-,-,-,-,-,-,-,-,-,-,a,a,a,a,-,b,b,b,b,-,-,-,-,-,-,-,-,-,-,-,-,-,-,-,-,b,b,-,b,b,b,b,b,-,-,b,-,-,-,-,b,b,-,-,-,a,-,a,a,a,-,a,a,-,-,-,a,-,-,-,-,a,-,-,-,-,-,-,-,-,-,-,-,-,-,a,-,a,a,b,b,b,b,b,-,-,-,-,-,-,-,b,b,-,-,-,-,-,-,b,b,b,b,b,-,-,-,-,-,-,-,-,-,b,b,b,-,-,-,-,-,-,b,-,b,-,-,-,-,-,-,-,-,-,-,-,-,-,-,-,-,-,-,-,b,-,-,-,-,-,-,b,-,b,b,-,-,-,b,-,-,b,b,-,-,-,b,-,-,a,-,b,-,-,-,-,-,-,-,-,-,-,-,a,a,-,-,a,a,a
148,1.2921383,1.39,-,-,a,a,-,a,a,-,a,a,a,a,a,-,-,a,-,-,a,-,-,-,-,a,a,a,a,-,-,-,-,-,-,-,-,a,a,a,a,a,-,-,-,-,-,-,a,-,-,-,-,-,b,-,-,-,-,-,a,a,-,-,-,a,-,a,-,-,a,-,-,a,-,-,a,-,-,a,-,-,-,-,-,-,a,-,a,a,a,a,a,-,-,-,-,-,-,b,a,a,a,a,a,-,b,b,b,-,b,-,b,b,b,b,-,-,-,-,-,-,-,-,-,-,-,-,-,-,-,-,-,-,b,-,-,-,-,-,b,b,-,-,-,-,-,-,-,-,-,b,-,-,a,-,b,a,-,-,-,-,b,b,b,-,b,b,b,-,a,-,b,b,b,b,b,b,-,b,-,a,b,-,b,a,a,a,-,b,b,b,-,-,-,b,-,-,-,-,-,-,-,-,-,-,-,-,-,-,a,-,-,a,-,-,-,-,a,-,-,-,a,-,-,-,a,-,-,-,a,-,b,-,-,-,-,b,-,b,b,-,-,-,-,-,-,-,-,-,-,-,-,-,-,-,-,-,-,-,-,-,a,a,-,-,b,b,b,b,b,-,-,-,-,a,-,-,-,b,-,-,-,-,-,-,-,b,b,-,b,b,b,b,b,a,-,b,-,-,-,-,b,b,-,-,-,b,-,b,b,b,b,b,b,-,-,-,b,-,a,-,-,b,-,-,-,-,-,-,a,-,-,-,-,-,-,b,b,b,-,b,b,b,b,b,-,-,-,b,-,-,-,b,b,-,-,-,-,-,-,b,b,b,b,b,-,-,-,-,-,-,-,-,-,b,b,b,-,-,-,-,-,-,b,-,b,-,-,-,-,-,-,-,-,-,-,-,-,-,-,-,-,-,-,-,b,-,a,-,a,a,-,b,-,b,b,a,-,-,b,-,-,b,b,-,-,-,b,-,-,b,-,-,-,-,-,-,-,-,-,-,-,-,-,a,a,-,-,a,a,-
149,1.8390954,1.88833,-,b,b,b,b,b,b,b,b,b,b,b,-,b,b,b,a,a,-,-,a,a,a,a,-,a,-,a,a,a,a,a,a,a,a,a,a,a,a,a,-,a,a,a,a,-,a,a,a,b,a,b,b,b,b,b,b,b,b,b,b,b,b,b,b,-,b,b,b,b,b,b,b,b,b,b,b,b,b,a,b,-,a,a,a,a,a,a,a,a,a,a,a,a,a,a,a,a,a,a,a,a,a,b,b,b,b,b,b,b,b,b,b,-,a,b,b,b,-,b,b,b,b,b,b,b,b,a,a,a,a,a,a,a,-,a,a,a,a,a,a,a,a,a,-,a,a,a,a,a,a,a,a,-,a,a,-,a,a,a,a,a,a,a,a,a,a,a,a,a,a,a,a,a,a,-,a,a,a,-,a,a,a,b,b,b,b,a,a,b,b,a,a,a,a,a,b,b,-,-,b,b,b,b,b,b,b,b,b,b,b,b,b,b,b,b,b,-,b,b,b,b,b,b,b,b,b,b,b,-,b,b,b,b,-,b,b,b,b,b,b,b,-,b,-,b,b,-,b,-,b,b,b,-,-,b,b,b,-,-,b,b,-,b,b,b,b,b,b,b,b,b,b,b,b,b,-,b,b,b,-,b,b,b,b,b,b,b,b,b,b,b,b,b,b,b,b,b,b,b,b,b,b,-,b,b,b,b,a,a,a,a,a,a,a,a,a,a,a,a,-,a,a,-,-,-,a,a,a,a,a,a,a,a,a,a,a,a,a,b,b,b,b,b,b,b,b,b,b,b,b,b,b,b,b,b,b,-,b,b,b,b,b,b,b,b,b,b,b,b,b,a,b,b,b,b,b,b,b,b,b,b,b,-,b,-,b,-,-,a,a,a,a,a,a,a,a,a,a,-,-,a,-,a,a,b,b,b,b,b,b,b,b,b,b,b,b,b,b,b,b,b,b,b,b,b,b,b,b,b,b,b,b,-,b,b,b,b,b,b,b,b,-,b,b,b,b,b,b,b
150,1.6038466,1.61167,b,b,b,a,a,a,a,a,a,a,a,a,a,a,a,-,a,a,a,-,a,a,a,a,a,a,a,a,a,a,a,a,a,a,a,a,a,a,a,a,a,a,a,a,a,-,a,a,a,b,-,b,b,-,b,b,b,b,b,b,b,b,b,b,b,b,b,b,b,b,-,b,b,b,b,-,b,b,-,b,-,b,b,b,-,-,b,b,b,b,b,b,b,b,b,b,b,b,b,b,b,b,b,-,b,b,b,b,b,b,b,b,b,b,a,b,b,-,b,b,b,b,b,b,b,b,-,a,a,a,-,-,-,-,a,a,a,a,a,a,-,a,a,-,a,a,a,a,-,a,-,a,a,b,a,-,b,b,b,b,b,b,b,b,b,b,b,-,b,b,b,b,b,b,b,b,-,b,b,b,b,b,b,b,b,b,b,b,b,b,b,-,-,b,-,a,a,a,a,a,a,a,-,a,-,a,a,-,a,a,a,a,a,-,-,-,a,-,-,a,a,-,a,a,a,-,a,a,a,a,a,a,a,a,-,a,a,b,a,-,-,a,-,a,-,a,b,b,b,a,-,a,a,a,a,-,a,-,a,a,a,a,a,a,a,b,b,b,b,b,b,b,-,-,b,b,b,-,b,b,b,b,b,b,b,b,b,b,b,b,b,b,b,b,b,b,b,b,-,-,b,b,b,-,b,b,b,b,b,b,b,-,a,b,a,a,a,a,a,a,-,a,-,a,-,-,-,a,a,a,a,a,a,a,a,a,-,a,a,a,a,a,a,a,a,a,a,-,a,a,-,a,a,-,a,a,a,a,a,a,a,a,a,a,a,a,a,a,a,a,a,a,a,a,a,a,-,a,a,a,a,a,a,a,a,a,a,a,a,-,a,a,a,a,a,a,a,a,-,a,a,a,a,a,a,a,-,a,a,-,a,a,a,a,a,-,a,a,a,a,a,a,a,a,a,a,a,a,a,a,-,a,-,a,a,a,a,a,a,a,a,a,a,a,a,a,-,a,a,a
151,1.8339453,1.91667,-,-,a,a,-,-,a,-,a,a,a,a,a,-,-,-,-,-,a,-,-,-,-,a,a,a,a,-,-,-,-,-,-,-,-,a,a,a,a,a,-,a,-,-,-,-,a,-,-,a,-,-,-,-,-,-,-,-,a,a,-,-,-,-,-,b,-,-,b,-,-,-,-,-,-,-,-,b,-,-,-,-,-,-,-,-,b,b,b,-,b,-,-,-,-,-,-,-,b,b,b,b,b,-,a,a,a,-,a,-,a,a,a,a,-,-,-,-,-,-,-,-,-,-,-,-,-,-,-,-,-,-,-,-,-,-,-,-,a,a,-,-,-,-,-,-,-,-,-,a,-,-,-,-,b,-,-,-,-,-,a,a,b,-,a,a,a,-,-,-,a,a,a,a,a,a,-,a,-,-,a,-,a,b,b,b,-,a,a,-,-,-,-,-,-,-,-,-,-,-,-,-,-,-,-,-,-,-,b,-,-,a,-,-,-,-,b,-,-,-,b,-,-,-,b,-,-,-,b,-,-,-,-,-,-,-,-,-,-,-,-,-,-,-,-,-,-,-,-,-,-,-,-,-,-,-,-,-,-,-,b,b,b,b,a,b,b,b,b,-,-,-,-,-,-,-,-,-,-,-,-,-,-,-,-,b,b,-,b,b,b,b,b,-,-,b,-,-,-,-,b,b,-,-,-,b,-,b,b,b,b,b,b,-,-,-,b,-,-,-,-,b,-,-,-,-,-,-,-,-,-,-,-,-,-,-,b,b,b,a,a,a,a,a,-,-,-,a,-,-,-,a,a,-,-,-,-,-,-,a,a,a,a,a,-,-,-,-,-,-,-,-,-,a,a,a,-,-,-,-,-,-,a,-,-,-,-,-,-,-,-,-,-,-,-,-,-,-,-,-,-,-,-,-,a,-,-,-,-,-,-,a,-,a,a,-,-,-,b,-,-,a,b,-,-,-,b,-,-,b,-,a,-,-,-,-,-,-,-,-,-,-,-,a,a,-,-,a,b,b
152,1.9697839,2,-,-,b,b,-,b,b,b,b,b,b,-,b,-,b,-,b,-,b,b,-,-,b,-,b,b,b,-,-,b,-,-,-,b,-,b,b,b,b,-,-,b,-,-,-,b,b,-,-,b,b,b,b,-,-,b,b,-,b,b,-,-,-,b,b,b,-,-,b,b,-,-,-,b,b,b,b,b,-,-,-,b,b,b,b,b,b,b,-,-,b,-,b,-,-,b,-,-,b,b,b,b,b,-,a,a,a,a,a,a,b,b,b,b,-,b,-,-,-,b,-,-,-,-,-,-,-,-,b,-,b,-,-,-,-,b,-,a,a,a,-,-,-,a,a,a,a,-,a,a,-,-,a,a,-,-,-,-,-,-,a,a,a,b,b,b,-,b,b,b,b,b,b,b,b,b,-,b,-,-,a,-,b,a,a,a,-,a,a,-,-,a,a,-,-,-,a,a,-,-,a,-,-,a,-,-,-,-,b,-,b,b,-,-,-,b,b,b,-,-,b,b,-,-,b,-,-,a,a,-,a,-,-,a,-,-,a,-,-,-,-,-,-,a,-,-,-,-,-,a,-,-,-,-,-,a,-,-,a,a,a,a,a,a,-,b,b,b,b,-,-,-,-,-,b,-,-,b,-,-,b,-,b,b,-,b,b,b,b,b,b,b,b,-,-,b,-,-,b,-,b,b,b,-,b,b,b,b,b,b,b,b,b,b,-,-,b,-,-,-,-,b,-,-,-,-,-,b,-,-,-,-,-,b,b,b,-,b,b,b,b,b,b,b,-,b,-,b,b,-,-,b,b,-,-,-,b,-,-,b,b,b,b,b,-,-,-,b,-,b,-,-,b,b,b,b,-,-,b,b,-,-,b,-,b,-,-,-,-,a,-,-,-,-,-,-,a,-,-,a,-,-,a,-,a,-,a,-,-,-,-,a,a,a,a,-,a,b,a,-,-,a,a,-,a,-,a,-,-,a,-,a,a,-,-,-,-,-,-,-,a,-,-,a,a,-,-,a,a,a
153,1.7278387,1.80667,-,-,-,b,-,-,a,-,a,a,a,-,a,-,-,-,-,-,a,-,-,-,-,b,-,b,-,-,-,-,-,-,-,-,-,a,b,b,-,b,-,a,-,-,-,-,-,-,-,a,-,-,-,-,-,-,-,-,-,-,-,-,-,-,-,-,-,-,a,-,-,-,-,-,-,-,-,a,-,-,-,-,-,-,-,-,a,a,-,-,-,-,-,-,-,-,-,-,a,a,a,-,a,-,b,b,b,-,b,-,b,b,b,b,-,-,-,-,-,-,-,-,-,-,-,-,-,-,-,-,-,-,-,-,-,-,-,-,a,a,-,-,-,-,-,-,-,-,-,a,-,-,-,-,a,-,-,-,-,-,-,a,a,-,a,a,-,-,-,-,-,a,a,a,a,a,-,a,-,-,a,-,-,-,-,b,-,b,-,-,-,-,-,-,-,-,-,-,-,-,-,-,-,-,-,-,-,-,b,-,-,b,-,-,-,b,b,-,-,-,-,-,-,-,b,-,-,-,b,-,-,-,-,-,-,-,-,-,-,-,-,-,-,-,-,-,-,-,-,-,-,-,-,-,-,-,-,-,-,-,b,b,a,b,a,b,b,b,b,-,-,-,-,-,-,-,-,-,-,-,-,-,-,-,-,b,-,-,b,b,b,b,b,-,-,b,-,-,-,-,-,b,-,-,-,b,-,-,-,-,-,b,b,-,-,-,-,-,-,-,-,b,-,-,-,-,-,-,-,-,-,-,-,-,-,-,-,b,b,b,-,b,-,b,-,-,-,-,-,-,-,a,a,-,-,-,-,-,-,a,a,a,a,a,-,-,-,-,-,-,-,-,-,a,a,a,-,-,-,-,-,-,-,-,-,-,-,-,-,-,-,-,-,-,-,-,-,-,-,-,-,-,-,-,a,-,-,-,-,-,-,a,-,a,a,-,-,-,a,-,-,a,-,-,-,-,-,-,-,-,-,a,-,-,-,-,-,-,-,-,-,-,-,a,a,-,-,a,a,b
154,1.9183978,2,-,a,a,a,a,-,a,a,a,a,a,a,a,-,a,-,-,a,-,a,-,a,a,a,a,a,a,-,-,b,a,a,a,a,a,a,a,a,a,a,-,a,a,-,-,a,b,-,b,b,b,b,-,b,b,b,b,b,b,b,b,b,b,b,b,b,-,-,b,b,b,b,-,b,b,b,-,b,-,b,b,b,b,-,b,b,b,b,b,-,b,-,b,a,a,a,a,-,b,a,b,a,b,b,b,b,b,-,b,b,b,b,b,-,b,b,b,b,b,b,b,b,b,-,b,b,b,b,b,b,-,b,b,b,b,b,b,b,b,b,-,b,b,-,b,b,b,-,b,b,-,b,-,b,b,b,b,b,b,-,b,b,b,-,b,b,b,-,b,b,b,b,b,b,b,-,-,b,b,b,a,b,b,b,b,b,b,b,b,b,b,b,b,b,b,-,b,b,b,-,b,b,b,b,-,-,-,b,b,b,b,b,-,b,b,b,b,b,b,b,b,-,b,-,b,-,b,b,b,-,b,-,-,b,b,b,b,b,-,b,-,b,b,b,-,b,b,b,-,a,a,a,-,a,b,b,a,-,a,a,-,a,-,a,a,b,b,b,b,b,b,b,b,-,b,b,b,a,-,b,b,b,b,b,b,b,b,b,b,b,b,b,b,b,b,b,a,a,a,a,a,a,-,b,-,b,b,b,b,b,b,b,b,b,b,b,b,b,b,-,-,b,b,b,b,-,b,b,b,b,b,b,b,-,b,b,b,b,b,b,b,b,b,b,b,b,b,b,b,-,b,b,b,-,b,b,b,b,b,-,-,-,-,-,b,-,b,b,-,b,b,b,b,a,b,b,-,b,b,b,b,b,-,-,b,-,-,a,a,a,a,-,-,a,a,a,a,a,a,-,a,a,-,a,a,a,a,a,a,a,a,a,a,-,a,-,-,a,a,a,-,a,a,a,a,a,a,a,a,a,-,a,a,a,a,a,a,a,a,a,a,a,a,-,a,-,a,-,a,a
155,1.8890773,2,-,-,a,a,-,-,a,-,a,a,-,a,a,-,-,-,-,-,a,-,-,-,-,a,a,a,a,-,-,-,-,-,-,-,-,a,a,a,a,a,-,a,-,-,-,-,b,-,-,b,-,-,-,-,-,-,-,-,b,b,-,-,-,-,-,b,-,-,b,-,-,-,-,-,-,-,-,b,-,-,-,-,-,-,-,-,b,b,b,-,b,-,-,-,-,-,-,-,-,a,b,a,a,-,b,b,b,-,b,-,b,-,b,b,-,-,-,-,-,-,-,-,-,-,-,-,-,-,-,-,-,-,-,-,-,-,-,-,b,b,-,-,-,-,-,-,-,-,-,b,-,-,-,-,b,-,-,-,-,-,b,b,b,-,b,b,b,-,-,-,b,b,-,-,b,b,-,b,-,-,a,-,b,b,b,b,-,b,b,-,-,-,-,-,-,-,-,-,-,-,-,-,-,-,-,-,-,-,b,-,-,b,-,-,-,-,b,-,-,-,b,-,-,-,b,-,-,-,b,-,-,-,-,-,-,-,-,-,-,-,-,-,-,-,-,-,-,-,-,-,-,-,-,-,-,-,-,-,-,-,a,a,-,a,a,b,b,b,b,-,-,-,-,-,-,-,-,-,-,-,-,-,-,-,-,b,b,-,b,b,b,b,b,-,-,b,-,-,-,-,a,a,-,-,-,b,-,b,b,b,b,b,b,-,-,-,b,-,-,-,-,b,-,-,-,-,-,-,-,-,-,-,-,-,-,b,b,b,b,b,b,b,b,b,-,-,-,b,-,-,-,-,b,-,-,-,-,-,-,b,b,b,b,-,-,-,-,-,-,-,-,-,-,a,a,-,-,-,-,-,-,-,a,-,a,-,-,-,-,-,-,-,-,-,-,-,-,-,-,-,-,-,-,-,a,-,-,-,-,-,-,a,-,a,a,-,-,-,a,-,-,a,a,-,-,-,a,-,-,a,-,a,-,-,-,-,-,-,-,-,-,-,-,a,a,-,-,-,a,a
156,1.2864934,1.375,a,a,b,b,b,b,b,b,b,b,b,b,b,b,b,b,-,-,b,-,b,b,b,b,b,b,b,b,-,b,-,b,-,b,b,b,b,b,b,b,b,b,b,b,-,-,b,b,-,-,b,a,a,-,b,b,b,-,b,a,a,a,a,a,-,a,a,a,a,a,-,-,b,b,b,-,-,b,b,-,b,b,b,b,-,-,b,b,b,-,b,b,-,-,b,b,-,b,b,b,b,b,b,b,b,b,a,b,b,-,a,a,a,a,a,a,-,a,a,a,-,-,a,-,-,a,a,-,a,-,-,-,-,a,a,a,a,a,b,a,b,b,b,b,b,b,b,-,b,b,b,b,a,-,a,-,a,-,a,a,a,a,a,a,a,a,a,a,a,a,a,a,a,a,a,a,a,a,a,-,a,-,a,a,a,a,a,a,a,a,-,a,a,a,-,a,a,a,-,a,-,-,a,a,a,-,a,a,a,a,a,a,a,a,-,-,a,a,a,a,a,a,-,a,a,a,-,-,a,a,-,a,a,-,a,a,a,a,-,-,b,b,b,b,-,b,b,b,-,b,-,b,-,b,b,-,-,b,b,b,b,b,b,b,b,b,b,-,b,-,-,-,-,-,a,b,b,b,b,b,b,b,-,-,b,b,b,b,b,b,b,b,b,b,b,b,-,b,b,b,b,b,b,-,b,b,b,b,b,b,b,b,b,b,b,-,b,-,b,b,b,b,b,b,b,b,b,-,b,-,b,-,-,b,b,b,b,b,b,a,a,a,a,a,-,a,a,-,a,-,a,a,a,a,a,a,a,a,-,a,a,a,a,a,a,a,a,-,-,a,-,a,-,a,a,a,a,a,a,a,-,a,a,a,a,-,a,-,a,a,a,a,a,a,a,a,-,a,-,a,a,-,-,a,a,a,-,a,a,a,a,a,a,a,a,a,a,a,a,-,-,a,a,a,a,a,a,a,a,a,a,-,a,a,a,a,a,a,a,a,-,a,-,a,a,a,a,a,a,a
157,1.9243628,2,-,-,b,b,-,-,b,-,-,a,-,a,-,-,-,-,-,-,-,-,-,-,-,a,a,a,a,-,-,-,-,-,-,-,-,a,a,a,a,a,-,a,-,-,-,-,a,-,-,a,-,-,-,-,-,-,-,-,a,a,-,-,-,-,-,b,-,-,b,-,-,-,-,-,-,-,-,b,-,-,-,-,-,-,-,-,b,b,b,-,b,-,-,-,-,-,-,-,b,b,b,-,b,-,b,-,b,-,b,-,b,b,b,b,-,-,-,-,-,-,-,-,-,-,-,-,-,-,-,-,-,-,-,-,-,-,-,-,b,-,-,-,-,-,-,-,-,-,-,b,-,-,-,-,a,-,-,-,-,-,-,a,a,-,-,a,a,-,-,-,a,-,-,a,a,-,-,-,-,-,a,-,a,-,-,a,-,a,a,-,-,-,-,-,-,-,-,-,-,-,-,-,-,-,-,-,-,-,-,-,-,b,-,-,-,-,b,-,-,-,a,-,-,-,a,-,-,-,a,-,-,-,-,-,-,-,-,-,-,-,-,-,-,-,-,-,-,-,-,-,-,-,-,-,-,-,-,-,-,-,-,a,-,a,a,b,-,b,b,-,-,-,-,-,-,-,-,-,-,-,-,-,-,-,-,-,-,-,b,b,b,b,b,-,-,b,-,-,-,-,b,b,-,-,-,b,-,b,b,b,-,b,-,-,-,-,-,-,-,-,-,-,-,-,-,-,-,-,-,-,-,-,-,-,-,b,b,b,b,b,b,b,b,-,-,-,-,b,-,-,-,-,b,-,-,-,-,-,-,-,b,b,-,b,-,-,-,-,-,-,-,-,-,b,-,b,-,-,-,-,-,-,b,-,b,-,-,-,-,-,-,-,-,-,-,-,-,-,-,-,-,-,-,-,b,-,-,-,-,-,-,-,-,b,b,-,-,-,b,-,-,b,b,-,-,-,b,-,-,b,-,-,-,-,-,-,-,-,-,-,-,-,-,b,b,-,-,-,b,b
158,1.5635123,1.66667,a,-,a,a,a,-,a,-,a,a,a,a,a,a,a,-,-,a,a,a,a,a,a,a,a,a,a,-,a,a,a,a,a,-,a,a,a,a,a,a,a,a,-,-,-,a,a,b,-,a,-,-,a,a,a,a,a,-,a,a,a,-,-,-,-,-,a,a,a,-,-,-,-,a,a,a,a,a,a,-,a,-,-,a,a,-,a,a,a,a,a,a,a,a,a,a,-,a,a,a,a,a,a,b,a,a,-,-,b,-,b,b,b,b,b,-,b,b,b,b,-,-,b,b,b,-,-,b,b,b,b,-,-,b,-,-,-,b,b,-,b,b,-,-,b,-,-,-,-,b,-,-,b,b,b,-,-,b,-,b,b,b,b,b,b,b,b,b,-,-,b,b,b,b,b,b,b,b,b,b,b,b,b,a,a,a,b,b,b,-,b,b,b,-,b,a,-,-,a,-,-,-,-,-,a,a,a,-,b,-,-,a,-,a,-,b,b,-,a,a,a,-,a,-,b,-,-,-,a,-,a,-,-,-,-,-,a,a,a,a,a,a,-,-,-,-,a,-,-,a,-,-,-,a,a,a,a,a,a,-,a,a,a,b,a,b,b,b,b,b,b,b,b,b,b,b,-,b,b,b,b,b,b,b,b,b,b,-,b,b,b,b,b,-,b,b,-,b,b,-,b,b,b,b,-,b,b,b,b,b,b,b,b,b,b,-,-,-,b,b,b,b,-,-,b,-,b,b,-,b,-,b,b,b,-,b,b,b,b,-,b,b,b,a,b,-,-,b,b,b,-,a,a,-,-,b,-,-,-,a,a,a,a,a,b,-,b,-,b,-,-,-,b,a,a,a,b,b,b,b,-,-,b,-,b,-,-,b,-,-,b,-,b,-,-,b,-,b,b,-,-,b,b,-,a,b,-,-,b,b,b,a,-,a,a,b,-,b,b,-,b,a,b,b,-,b,b,b,-,b,-,a,b,b,b,a,a,a,-,-,a,a,a,a,a,a,-,a,a,a
159,1.8275247,1.90333,-,-,a,a,-,-,-,-,a,a,a,a,a,-,-,-,-,-,a,-,-,-,-,a,a,b,b,-,-,-,-,-,-,-,-,a,b,a,b,b,-,a,-,-,-,-,b,-,-,a,-,-,-,-,-,-,-,-,b,a,-,-,-,-,-,b,-,-,b,-,-,-,-,-,-,-,-,b,-,-,-,-,-,-,-,-,b,b,a,-,b,-,-,-,-,-,-,-,b,b,b,-,b,-,a,a,a,-,a,-,b,a,a,a,-,-,-,-,-,-,-,-,-,-,-,-,-,-,-,-,-,-,-,-,-,-,-,-,-,a,-,-,-,-,-,-,-,-,-,-,-,-,-,-,b,-,-,-,-,-,a,a,b,-,a,a,b,-,-,-,a,a,a,a,a,a,-,a,-,-,a,-,a,a,a,b,-,b,a,-,-,-,-,-,-,-,-,-,-,-,-,-,-,-,-,-,-,-,b,-,-,b,-,-,-,b,b,-,-,-,b,-,-,-,b,-,-,-,b,-,-,-,-,-,-,-,-,-,-,-,-,-,-,-,-,-,-,-,-,-,-,-,-,-,-,-,-,-,-,-,b,b,b,b,a,b,b,a,b,-,-,-,-,-,-,-,-,-,-,-,-,-,-,-,-,b,b,-,b,b,b,a,b,-,-,b,-,-,-,-,a,b,-,-,-,b,-,b,b,b,-,b,b,-,-,-,b,-,-,-,-,b,-,-,-,-,-,-,-,-,-,-,-,-,-,-,a,b,b,a,b,a,b,a,-,-,-,-,-,-,-,a,a,-,-,-,-,-,-,a,a,a,a,a,-,-,-,-,-,-,-,-,-,b,b,b,-,-,-,-,-,-,b,-,a,-,-,-,-,-,-,-,-,-,-,-,-,-,-,-,-,-,-,-,b,-,-,-,-,-,-,a,-,a,a,-,-,-,a,-,-,a,a,-,-,-,b,-,-,-,-,a,-,-,-,-,-,-,-,-,-,-,-,a,a,-,-,a,a,a
160,1.7938127,1.89,b,b,b,b,-,b,-,b,b,b,b,b,b,b,b,b,-,-,b,b,b,-,b,b,b,b,b,b,b,-,b,b,b,b,-,b,b,b,b,b,b,b,b,b,-,-,a,a,a,a,-,-,-,a,-,a,a,a,a,a,a,-,a,a,-,a,a,a,a,-,-,-,a,-,a,-,a,b,b,-,b,-,-,b,-,-,b,b,b,-,b,-,a,-,a,a,b,b,b,-,b,-,-,b,b,b,b,-,b,-,b,b,b,b,-,a,-,-,-,-,-,-,-,-,-,-,b,-,b,b,b,-,b,-,b,b,-,a,a,a,a,a,a,-,-,a,-,a,a,-,a,a,a,a,a,a,-,a,a,-,-,a,a,a,a,a,a,-,-,a,a,a,a,a,a,a,a,a,a,a,a,a,a,a,a,a,a,a,a,a,a,a,a,-,a,a,a,a,-,a,a,-,a,a,a,a,a,a,a,a,-,a,a,-,a,-,a,b,b,b,b,-,b,b,b,b,b,-,b,-,-,-,-,a,a,a,a,a,a,a,-,-,a,-,a,a,a,a,-,-,a,-,-,b,b,-,b,b,b,b,a,-,-,-,b,b,b,b,b,b,b,b,-,b,-,-,-,-,b,b,b,b,b,-,b,b,b,-,b,b,b,b,b,b,b,b,b,b,-,b,b,b,b,b,b,b,b,b,b,b,b,b,b,b,b,b,b,b,b,-,b,b,b,-,b,-,b,b,b,b,b,b,-,b,b,b,b,b,b,b,b,b,b,b,b,b,b,b,-,b,b,b,b,-,-,-,b,b,b,b,b,b,b,b,b,-,-,b,b,b,b,b,-,b,b,b,b,-,b,b,-,b,b,-,b,b,-,b,b,-,b,b,b,-,b,b,b,b,b,b,-,b,b,b,b,-,b,b,b,b,-,b,-,b,b,b,-,b,b,b,b,b,b,b,b,b,b,-,b,b,-,b,b,b,b,b,-,b,b,-,-,-,b,b,b,b,b,b,b,b
161,0.6728728,0.73667,-,a,a,a,-,a,a,a,a,a,a,a,a,-,a,a,-,a,a,-,a,-,a,a,a,a,a,-,-,-,-,-,-,b,b,b,b,b,b,b,b,b,b,b,b,b,b,b,-,b,b,-,-,-,-,-,b,-,b,b,b,-,-,b,b,b,b,b,b,-,b,b,-,b,-,b,b,b,-,-,-,-,b,-,-,b,b,b,b,-,b,a,-,-,a,-,-,b,a,a,a,a,a,b,b,b,b,b,b,-,b,b,b,b,-,-,b,b,-,-,b,b,b,b,b,b,-,-,-,-,-,-,b,b,-,-,-,-,b,a,-,b,-,-,-,b,-,a,a,b,-,-,-,-,a,a,-,-,-,-,-,a,a,a,a,a,a,a,a,a,b,a,a,a,a,a,-,a,-,a,a,-,a,a,a,b,-,b,b,b,b,b,b,-,-,-,b,-,-,-,-,-,-,b,-,-,-,-,b,-,b,b,-,-,b,b,b,-,-,-,a,-,-,-,-,b,b,-,-,-,-,b,-,b,b,b,-,b,-,-,-,-,-,-,b,b,b,-,-,-,b,b,-,b,b,b,-,-,b,-,b,b,b,b,b,b,b,b,b,-,-,-,-,b,b,b,b,-,-,-,-,-,b,-,b,b,-,b,b,b,b,b,b,b,-,b,b,b,-,b,b,b,b,b,b,b,-,b,b,b,b,b,-,-,a,-,a,a,-,-,a,a,a,-,-,-,a,-,a,-,a,-,-,a,-,a,a,a,a,b,b,b,a,b,-,b,-,a,b,-,a,a,a,-,-,-,a,a,a,a,a,a,a,a,a,a,-,a,-,a,-,-,-,a,a,a,a,-,a,-,a,-,a,a,a,a,-,-,-,a,-,-,-,a,a,a,a,a,a,a,a,a,-,-,a,a,-,a,-,-,-,a,a,-,a,-,-,-,a,a,a,a,a,-,a,-,a,-,-,a,-,a,-,-,-,a,-,-,-,-,-,-,-,a,a,a,-,a,a,a
162,0.5284443,0.61167,a,a,a,a,a,a,a,a,a,a,a,a,a,a,a,a,a,a,a,a,a,a,a,a,a,a,a,a,a,a,a,a,a,a,-,a,a,a,a,a,a,a,a,-,a,a,a,a,a,b,-,b,b,b,b,b,b,b,a,a,-,-,a,a,a,b,-,a,a,b,a,a,a,a,a,a,a,a,a,a,-,a,a,a,a,-,a,a,a,b,a,-,b,-,-,b,b,b,b,b,b,a,b,a,a,a,a,a,a,a,a,a,a,a,a,-,a,a,a,a,a,a,a,a,a,-,b,-,a,a,-,a,a,-,a,a,a,a,a,a,a,a,a,a,a,a,-,a,a,a,a,a,a,a,a,a,a,a,-,a,a,a,b,a,a,b,a,b,b,b,b,b,b,b,b,b,b,b,b,-,a,b,a,a,a,a,a,a,a,a,a,a,a,a,a,a,a,a,a,a,a,a,a,a,a,-,a,a,a,a,a,a,-,a,a,a,a,a,-,a,b,a,a,a,a,a,a,a,a,a,-,a,a,a,a,a,a,a,a,a,a,a,a,a,a,a,a,a,a,a,a,a,a,a,b,b,a,a,a,a,a,a,a,a,a,b,b,b,b,b,b,b,b,b,-,b,b,a,b,b,b,a,a,a,a,a,a,a,a,a,a,a,a,a,a,a,a,a,a,a,a,a,a,a,-,a,-,a,a,a,a,a,a,a,a,a,a,a,a,a,a,a,a,a,a,a,-,a,-,a,a,a,a,b,b,a,a,b,b,b,a,a,a,b,b,b,b,a,a,a,a,a,a,a,a,a,a,a,a,-,-,-,-,-,a,a,a,-,a,a,-,a,a,a,a,-,a,a,a,a,-,a,b,a,b,a,a,a,a,-,a,-,a,a,a,a,a,a,a,a,-,a,-,a,a,a,a,a,a,a,a,a,a,a,a,a,a,a,b,a,a,a,b,a,a,a,b,a,a,b,a,a,a,a,a,a,a,-,a,a,a,a,a,a,a,a,a,a,a,b
163,1.3773957,1.46,-,-,a,a,-,-,a,a,a,a,a,a,a,a,-,-,-,-,a,-,-,-,a,a,a,a,a,a,-,-,-,a,-,a,-,a,a,a,a,a,-,a,-,a,a,-,a,-,-,a,-,-,a,-,a,-,-,-,a,a,-,-,-,-,-,a,a,-,a,-,-,-,-,-,a,a,-,a,a,a,-,-,-,-,-,-,a,b,a,-,a,-,a,-,-,a,a,-,a,a,a,a,a,b,b,b,b,-,b,-,b,b,b,b,-,-,b,-,b,-,-,-,-,-,a,-,-,-,-,-,-,-,-,-,-,-,a,-,a,a,-,-,-,b,b,b,-,-,-,b,-,-,b,b,b,-,-,-,-,a,b,b,b,-,a,a,a,-,-,a,a,a,a,a,a,a,-,a,-,-,a,-,a,a,a,a,a,a,a,-,-,-,a,-,a,a,a,-,a,-,-,a,a,a,-,-,-,-,a,a,a,a,-,-,-,-,a,-,-,a,b,b,b,-,b,b,-,-,b,-,-,b,-,-,b,b,-,b,-,-,-,-,-,-,b,-,-,-,-,-,a,-,-,a,a,-,a,-,-,a,a,a,a,a,a,b,b,b,b,b,b,-,-,-,b,b,-,-,b,-,b,b,-,-,-,b,b,-,b,b,b,b,b,-,b,b,-,b,b,b,b,b,-,-,b,b,-,b,b,b,b,b,b,b,-,-,b,b,b,-,-,b,b,b,-,b,-,b,-,-,b,b,-,b,-,b,b,b,b,a,a,a,a,a,-,-,-,-,-,-,a,a,a,a,-,a,a,-,a,a,a,a,a,a,-,a,a,a,-,-,-,-,a,a,a,a,-,-,-,a,-,-,a,-,a,a,a,-,-,a,-,a,a,-,a,-,-,-,-,-,a,-,-,-,a,b,-,-,a,-,-,a,-,a,a,-,-,a,a,-,a,a,a,-,a,-,a,-,a,b,-,b,b,-,b,-,-,b,-,-,-,-,-,b,b,-,b,b,b,b
164,1.7189556,1.77833,b,b,b,b,-,b,-,b,b,b,b,b,b,b,b,b,b,b,b,b,b,b,b,b,b,b,b,b,b,b,-,b,b,b,b,b,b,b,b,b,b,b,b,b,b,b,b,-,b,b,b,b,-,b,b,b,b,b,b,b,-,b,b,b,b,b,b,b,b,b,b,b,b,b,b,b,b,b,b,b,b,b,b,-,a,a,b,a,b,a,b,a,a,a,a,a,a,a,a,a,a,a,a,a,a,a,a,a,a,a,a,a,a,a,a,a,a,-,a,a,a,a,a,a,-,a,-,a,a,a,a,a,a,a,a,a,a,a,a,a,a,a,a,a,a,-,a,a,a,-,a,a,a,a,a,-,a,-,a,a,a,a,a,a,a,a,a,-,a,a,a,a,a,a,a,a,a,a,a,a,a,a,a,a,a,a,a,a,a,a,-,a,a,-,a,a,a,a,a,a,a,-,a,a,a,a,a,-,a,-,a,a,a,a,a,-,a,a,a,a,a,-,a,a,a,a,a,a,b,b,b,b,b,b,b,b,b,b,b,-,b,b,b,b,a,a,a,a,-,-,a,a,a,a,a,-,a,a,a,a,a,a,a,a,a,a,b,b,b,a,b,b,b,b,b,b,b,a,b,b,b,b,b,b,b,b,b,b,b,b,b,b,b,b,b,b,b,b,b,b,b,b,b,b,b,b,b,b,b,b,b,b,b,b,b,b,b,b,b,b,b,b,b,b,-,b,b,b,b,-,b,b,b,b,b,b,b,b,b,a,a,a,a,a,a,a,a,a,a,a,a,a,a,a,a,a,a,a,a,a,a,a,a,a,a,a,a,a,-,a,a,a,a,a,a,a,a,a,a,a,a,-,a,a,a,a,a,a,a,a,a,-,a,a,a,a,a,-,a,-,-,-,a,a,a,a,a,a,a,a,-,a,a,a,a,a,a,b,b,b,-,b,b,b,b,b,b,b,b,b,b,b,b,b,b,-,b,b,b,b,b,b,b,b,b,b,b,b,b,b
165,1.0037671,1.08167,a,b,b,b,b,b,b,b,b,b,b,b,b,b,b,b,b,b,b,b,b,b,-,b,b,b,b,b,b,b,b,b,b,b,b,b,b,b,b,b,b,b,b,-,b,b,b,-,b,a,b,a,a,a,a,a,a,a,a,a,a,a,a,a,a,a,a,a,a,a,-,b,b,b,b,b,b,b,b,b,b,b,b,b,b,b,b,b,b,b,b,b,b,b,b,b,b,b,b,b,b,-,b,b,b,b,b,a,-,b,a,a,-,a,a,a,a,a,a,a,a,a,a,a,a,a,a,a,a,a,a,a,a,a,a,a,a,a,a,a,a,a,a,a,a,a,a,-,a,a,a,a,a,a,a,a,a,a,a,a,a,a,a,a,a,a,a,a,a,a,a,a,a,a,a,a,a,a,a,a,a,a,a,a,a,a,a,a,a,a,a,a,a,a,a,a,a,a,a,a,a,a,a,a,a,a,a,a,a,a,a,a,a,a,-,-,a,a,-,a,a,a,a,a,a,a,a,a,a,-,a,a,a,a,a,a,a,a,b,b,b,b,b,b,b,b,b,b,b,b,b,-,b,b,b,-,b,b,b,b,b,b,b,b,b,b,b,b,b,b,b,b,b,b,a,b,b,a,-,b,b,b,b,b,b,b,b,b,b,b,b,b,b,b,b,b,b,b,b,b,b,b,b,b,b,b,b,b,b,b,-,b,b,b,b,b,b,b,b,-,b,b,b,b,b,b,b,b,b,b,b,b,b,b,b,b,b,b,b,a,a,a,a,a,a,a,a,-,a,a,a,a,-,a,a,a,a,a,a,a,a,a,a,a,a,a,a,a,a,a,a,a,a,a,a,a,a,a,a,a,a,a,a,a,a,a,a,a,a,a,a,a,a,a,a,a,a,a,a,a,a,-,a,a,a,a,a,a,a,a,a,a,a,a,a,a,a,a,a,a,a,a,a,a,-,a,a,a,a,a,a,a,a,a,a,a,a,a,a,a,a,a,a,a,a,-,a,a,a,a
166,1.4680212,1.47167,-,-,b,b,-,b,b,b,b,b,b,b,a,-,-,-,-,-,a,-,-,-,a,a,a,a,a,-,a,-,-,-,-,-,-,a,a,-,a,a,a,a,-,-,-,-,a,-,a,b,-,b,-,b,-,b,-,b,b,-,-,b,-,b,-,b,-,-,b,b,-,-,-,-,-,-,-,b,-,-,-,-,b,b,-,b,b,b,b,-,b,-,b,b,-,-,-,-,b,b,b,b,b,b,b,b,b,-,b,-,b,b,b,b,-,b,-,b,-,b,-,b,b,-,b,-,b,b,-,a,-,-,-,a,-,a,-,-,a,a,-,a,a,a,a,a,-,-,-,a,-,-,a,a,-,a,a,-,a,-,a,a,a,-,a,-,a,-,-,-,a,-,a,a,a,a,-,a,-,-,a,-,-,b,b,b,b,b,b,-,-,-,-,-,b,b,-,-,-,b,-,-,-,b,-,-,-,-,b,-,-,b,-,-,-,b,b,-,-,-,b,-,-,-,b,-,-,b,b,-,b,-,b,-,b,b,-,-,-,-,-,-,-,-,-,b,-,b,-,b,-,-,-,-,-,-,-,-,-,-,b,b,b,b,b,b,b,b,b,b,b,-,-,-,b,b,-,a,-,-,b,-,b,b,-,b,b,b,b,b,b,b,b,-,-,b,-,b,-,-,b,b,-,-,-,b,-,b,-,b,b,b,-,b,b,-,b,-,b,b,-,b,b,-,-,-,-,b,-,-,-,-,b,-,-,b,b,b,b,a,a,a,a,a,-,-,-,a,-,a,-,a,a,-,a,a,-,a,-,a,a,a,-,a,-,a,-,a,-,-,-,a,-,a,a,a,-,-,a,-,-,-,a,a,-,a,-,-,-,-,a,-,-,a,-,-,a,a,-,-,-,-,-,-,a,-,a,-,-,-,-,a,-,a,a,-,a,a,-,a,-,a,a,a,a,-,a,-,-,a,-,a,a,-,a,-,-,a,-,-,-,a,-,a,a,-,-,-,b,a
167,1.4957751,1.55667,-,-,b,b,-,-,b,-,b,b,b,b,b,-,-,-,-,-,b,-,-,-,-,b,b,b,b,-,-,-,-,-,-,-,-,b,b,b,b,b,-,b,-,-,-,-,b,-,-,b,-,-,-,-,-,-,-,-,b,b,-,-,-,-,-,b,-,-,b,-,-,-,-,-,-,-,-,b,-,-,-,-,-,-,-,-,a,a,a,-,a,-,-,-,-,-,-,-,b,b,b,b,b,-,b,b,b,-,b,-,b,b,b,b,-,-,-,-,-,-,-,-,-,-,-,-,-,-,-,-,-,-,-,-,-,-,-,-,b,b,-,-,-,-,-,-,-,-,-,b,-,-,-,-,a,-,-,-,-,-,a,a,a,-,a,a,a,-,-,-,a,a,a,a,a,a,-,a,-,-,a,-,a,a,a,a,-,a,a,-,-,-,-,-,-,-,-,-,-,-,-,-,-,-,-,-,-,-,b,-,-,b,-,-,-,b,b,-,-,-,b,-,-,-,b,-,-,-,b,-,-,-,-,-,-,-,-,-,-,-,-,-,-,-,-,-,-,-,-,-,-,-,-,-,-,-,-,-,-,-,b,b,b,b,b,b,b,b,b,-,-,-,-,-,-,-,-,-,-,-,-,-,-,-,-,b,b,-,b,b,b,b,b,-,-,b,-,-,-,-,b,b,-,-,-,b,-,b,b,b,b,b,b,-,-,-,b,-,-,-,-,b,-,-,-,-,-,-,-,-,-,-,-,-,-,b,b,b,b,a,a,a,a,a,-,-,-,-,-,-,-,a,a,-,-,-,-,-,-,a,a,a,a,a,-,-,-,-,-,-,-,-,-,b,b,b,-,-,-,-,-,-,b,-,b,-,-,-,-,-,-,-,-,-,-,-,-,-,-,-,-,-,-,-,b,-,-,-,-,-,-,b,-,b,b,-,-,-,b,-,-,b,b,-,-,-,b,-,-,b,-,b,-,-,-,-,-,-,-,-,-,-,-,b,b,-,-,b,b,b
168,1.8054218,1.89,a,a,a,a,-,a,a,-,a,a,a,a,a,a,a,-,a,a,a,a,a,a,a,a,a,a,a,a,-,a,a,b,-,b,b,b,b,b,b,b,-,b,b,-,b,b,b,-,b,b,b,-,b,b,b,b,-,b,b,b,-,b,-,b,b,b,b,b,b,b,b,b,-,b,b,-,b,b,b,b,b,-,b,-,b,b,b,b,b,b,b,b,b,b,b,b,-,b,b,b,b,b,b,b,b,b,b,b,b,b,b,b,b,b,b,b,b,b,b,-,b,b,b,b,b,b,b,b,b,-,b,b,b,b,b,b,b,b,b,b,-,b,b,b,b,b,b,b,b,b,b,-,b,b,b,-,-,b,b,-,b,b,b,b,b,b,b,b,b,b,b,b,b,b,b,b,b,b,-,b,b,-,b,b,b,b,b,b,b,b,b,b,-,b,b,-,b,b,b,b,b,b,b,-,b,b,b,b,b,b,b,b,b,b,b,b,b,b,-,b,b,-,b,b,b,b,b,b,b,b,b,b,b,b,b,b,b,b,b,b,b,b,b,b,b,b,b,b,-,b,b,b,b,b,a,a,b,-,a,a,b,b,b,a,b,b,b,b,b,-,b,b,b,b,b,b,-,b,b,-,b,b,b,b,b,b,b,-,b,b,b,b,b,-,-,b,b,b,b,b,b,b,b,b,b,b,b,b,b,b,b,b,b,b,b,b,b,b,b,b,b,a,a,a,-,a,-,a,a,a,a,a,a,a,a,a,a,a,a,a,a,a,a,a,a,a,a,a,a,-,a,a,a,a,a,-,a,-,a,b,b,b,b,b,b,-,b,b,-,b,-,b,b,b,b,b,b,b,b,b,b,b,b,b,b,-,b,-,-,a,a,-,a,a,a,a,a,a,a,a,a,a,a,a,a,a,a,a,a,a,a,a,a,a,a,-,a,a,a,a,a,a,a,a,a,a,a,a,-,a,-,a,a,a,a,a,-,a,a,-,-,-,a,a,a,a,a,a,a,a
169,1.3227859,1.41833,a,-,a,a,a,a,a,a,a,a,a,a,a,a,a,a,a,a,a,-,a,a,a,a,a,a,a,-,a,a,a,a,a,a,a,a,a,a,a,a,a,a,a,a,a,a,a,a,a,a,a,a,a,a,a,a,a,a,a,a,a,-,a,a,a,a,-,-,a,a,-,-,a,a,a,-,b,b,-,-,b,b,b,b,-,b,b,b,b,b,b,b,b,b,-,b,b,b,b,b,b,b,b,b,b,b,b,b,b,b,b,b,b,b,b,b,b,b,b,b,b,b,b,b,b,b,b,b,b,b,-,b,b,b,b,-,b,b,b,b,b,b,a,a,a,a,a,a,a,a,-,a,a,a,a,a,-,a,a,a,a,a,a,a,a,a,a,a,a,a,a,a,a,a,a,a,-,a,a,a,a,a,a,b,b,-,b,b,b,b,b,b,b,-,b,b,a,a,a,a,a,a,a,-,-,a,a,a,a,a,a,a,a,a,a,b,a,a,a,a,a,a,-,a,a,a,a,a,a,-,-,-,a,-,a,a,a,b,a,a,a,a,a,a,a,a,a,a,-,a,a,a,a,-,a,-,a,a,a,-,a,a,a,a,a,b,b,b,a,b,b,-,-,-,a,a,a,a,a,a,a,a,a,a,a,a,a,a,a,a,a,a,a,a,a,a,a,a,-,a,a,a,a,a,a,a,a,a,a,a,-,a,a,a,a,a,a,a,a,a,a,a,a,a,a,a,a,a,a,a,a,a,-,a,-,a,a,a,a,a,a,a,a,a,a,-,a,a,a,a,a,a,a,-,a,a,a,a,a,a,a,a,a,a,a,a,a,a,a,a,a,a,a,a,a,a,a,a,a,a,a,a,a,a,-,-,b,-,-,b,b,a,-,-,b,-,b,-,b,-,b,b,b,b,b,b,b,b,b,b,b,b,b,b,b,b,b,-,b,b,b,b,b,b,b,b,b,b,b,b,b,b,-,b,b,b,b,b,-,b,-,b,b,b,b,b,b,b,b,b
170,1.8971098,1.95833,a,a,a,a,-,-,a,a,a,a,a,a,a,-,-,-,a,-,a,-,a,-,a,a,a,a,a,-,a,-,-,-,a,a,-,a,a,a,a,a,-,a,a,-,a,-,a,a,-,a,a,a,a,a,-,-,a,a,a,a,a,a,-,a,a,a,-,-,b,b,b,b,b,-,b,-,-,b,-,-,b,-,b,-,-,b,b,b,b,b,b,-,-,-,-,b,-,b,b,b,b,b,b,b,b,b,b,b,b,b,b,b,b,b,-,b,b,b,b,-,-,b,-,-,b,-,-,b,b,b,b,b,b,b,b,-,-,b,b,b,b,b,b,-,b,b,b,-,-,b,b,b,-,-,b,b,-,-,b,-,b,b,b,-,-,b,b,-,-,b,b,b,b,b,b,b,-,b,-,-,b,-,b,a,a,a,a,b,b,a,a,a,-,-,b,b,b,-,-,b,b,b,-,b,-,-,b,b,b,-,b,b,b,-,-,b,b,b,-,-,b,-,-,-,b,b,b,-,a,-,a,a,-,-,a,a,a,b,-,a,-,a,a,-,a,-,-,b,-,-,b,b,-,-,-,-,b,-,-,b,b,b,b,b,b,b,b,b,b,b,b,b,b,-,b,-,-,-,-,-,b,-,-,a,-,b,a,a,a,a,a,a,b,-,a,b,b,b,b,b,b,b,-,-,-,b,-,b,b,b,b,b,b,b,b,-,b,b,-,b,-,b,b,-,-,b,b,b,-,-,b,b,a,a,-,a,a,a,a,b,b,b,b,b,-,b,b,b,b,-,b,b,b,b,b,-,b,-,-,b,b,b,b,b,b,-,-,b,-,b,b,-,b,b,b,b,-,b,b,b,-,b,b,b,b,-,-,-,b,b,-,-,b,-,-,a,a,-,-,-,a,-,-,a,a,a,a,a,-,-,a,a,a,a,a,a,-,a,a,a,-,a,a,a,-,a,a,-,-,b,b,b,b,b,-,-,-,b,-,b,-,b,-,b,b,-,-,b,b,b
171,1.8989665,1.95833,-,-,a,a,a,a,-,a,-,a,-,a,-,a,-,a,a,-,-,a,-,a,a,a,a,a,a,a,a,-,a,-,-,a,a,a,a,a,a,a,a,a,a,-,b,b,b,-,-,b,b,b,b,b,b,-,b,b,b,b,-,-,b,-,-,b,-,-,b,b,b,b,-,-,b,b,b,b,-,-,-,b,b,-,b,b,b,b,b,-,b,-,-,b,b,-,-,b,b,b,b,b,b,-,a,-,a,a,a,a,a,a,a,a,a,-,a,-,a,a,a,a,-,a,a,a,a,-,a,a,a,-,-,a,a,-,a,a,b,a,-,a,-,a,a,a,a,a,a,-,a,-,b,b,b,b,-,b,b,b,b,b,b,b,b,b,b,-,b,b,b,-,b,b,b,-,b,-,b,-,b,-,b,b,b,b,b,b,b,b,-,-,b,b,b,b,-,-,-,-,-,b,-,b,b,b,b,-,-,-,b,b,b,-,-,b,b,b,b,b,b,b,b,-,b,-,b,-,b,-,b,-,-,b,b,b,b,b,b,-,-,-,b,b,-,b,b,-,b,-,-,b,-,-,a,-,a,a,a,a,-,b,-,a,a,b,-,b,b,b,-,-,b,-,-,b,b,b,b,-,b,-,-,b,-,b,b,b,b,b,b,-,b,b,b,b,-,b,b,-,b,b,b,-,b,b,-,b,b,b,b,b,-,b,b,b,b,b,-,-,a,-,a,-,a,a,a,a,a,a,a,a,a,-,a,a,a,a,a,b,b,b,b,-,-,b,b,-,-,b,b,b,b,b,b,b,-,b,-,-,b,b,-,b,b,b,b,-,-,b,-,-,b,b,-,b,-,a,b,b,-,b,b,b,b,-,-,-,-,a,-,a,a,a,a,a,a,-,a,-,-,-,a,a,a,a,a,-,a,a,-,-,a,a,a,-,a,-,a,-,-,a,a,a,a,a,a,a,a,a,a,a,-,a,-,a,-,a,a,-,a,a,a,a,a,b,-,-,b,a
172,1.1293339,1.20833,a,a,a,a,a,a,a,a,a,a,a,a,a,a,a,a,a,a,a,a,a,a,a,a,a,a,a,a,a,a,a,a,b,b,b,b,-,-,-,-,b,b,b,b,b,b,-,b,b,b,b,b,b,b,b,b,b,b,b,b,b,b,b,b,b,b,b,a,a,a,a,b,-,b,b,b,b,b,b,b,b,a,a,a,a,a,a,a,-,a,-,a,a,a,a,a,a,a,a,a,a,-,a,a,a,a,a,-,a,a,-,a,a,a,a,a,a,a,a,a,a,a,a,a,a,a,a,a,a,a,a,a,a,a,a,a,a,a,a,a,a,a,a,a,a,a,a,a,a,a,a,a,a,a,-,a,a,a,a,a,a,a,-,a,a,-,-,a,a,a,a,a,-,a,a,a,a,a,a,a,a,a,-,a,a,a,a,a,a,a,a,a,a,a,a,a,a,a,a,a,a,a,a,a,a,a,a,a,a,b,b,a,b,b,b,-,b,b,b,b,-,b,b,b,b,b,b,b,b,-,b,b,b,b,b,b,b,b,b,b,b,b,b,b,b,b,b,b,b,b,b,-,b,b,b,b,-,b,b,b,b,b,b,b,b,b,b,b,b,b,b,b,b,b,b,b,b,b,b,b,b,b,b,b,b,b,b,b,b,b,b,b,b,b,b,b,b,b,b,b,b,b,b,b,b,b,b,b,b,b,b,b,b,-,b,b,b,b,b,b,b,b,b,b,b,b,b,b,b,b,b,b,b,b,b,b,b,b,b,a,a,a,a,a,a,a,a,a,a,a,a,a,a,a,a,a,a,a,a,a,a,a,a,a,a,a,a,a,a,a,a,a,a,a,a,a,a,a,a,a,a,a,a,a,a,b,b,b,b,b,b,b,b,b,b,b,b,-,b,b,b,b,b,b,b,b,b,b,b,b,b,b,b,b,b,b,b,b,-,b,b,b,-,b,b,b,-,b,b,-,b,b,b,b,b,b,b,b,b,b,b,b,b,b,b,b,b,b,b,-
173,1.9161897,2,-,a,a,a,a,a,a,a,a,a,a,a,a,a,a,a,-,a,a,a,a,-,-,a,a,a,a,-,-,-,b,b,b,b,b,b,-,b,b,b,-,b,b,b,b,b,b,-,b,b,-,b,b,-,b,b,b,b,b,b,b,-,b,b,-,b,b,b,b,b,b,-,b,b,b,-,b,b,b,-,b,a,a,-,a,a,a,a,a,a,a,a,-,a,-,-,a,-,a,a,a,a,a,b,b,b,b,-,a,a,a,a,a,a,a,a,-,a,a,a,a,a,a,-,-,a,a,a,a,-,-,a,a,a,a,a,a,a,a,a,-,a,a,-,a,a,a,a,a,a,a,-,a,-,a,a,a,a,a,a,a,a,a,a,a,-,a,-,a,a,a,a,a,a,a,a,a,a,-,-,a,a,a,b,b,b,b,b,b,b,b,b,b,-,b,b,b,b,-,b,-,b,b,b,b,b,b,b,b,b,b,b,b,b,-,b,b,b,b,b,b,b,b,b,b,-,b,b,b,-,b,b,-,b,b,b,b,b,-,b,-,b,b,b,-,b,b,b,b,b,-,-,b,b,b,b,-,-,-,b,b,b,b,b,b,b,b,b,b,b,-,b,b,-,b,b,-,a,b,-,b,b,-,-,b,b,b,b,b,b,b,b,b,b,b,b,b,b,b,b,b,b,b,b,b,b,-,b,b,b,b,b,b,b,b,b,b,b,b,b,b,b,b,b,b,b,b,b,b,-,-,-,b,-,-,b,b,b,b,b,b,b,b,b,-,b,b,b,b,-,b,b,b,b,b,b,b,b,b,b,b,b,b,b,b,b,b,-,-,b,b,b,b,b,b,b,-,b,-,-,b,b,b,b,-,b,b,b,b,-,b,b,b,-,b,b,b,b,b,b,b,-,a,b,a,a,a,-,a,-,a,a,a,a,a,-,-,a,a,-,a,a,a,a,a,a,a,a,-,a,a,a,a,a,a,a,-,b,b,-,b,-,b,b,b,b,-,b,b,b
174,1.7773103,1.79167,-,b,b,b,b,-,b,-,b,b,b,-,b,b,b,b,-,-,b,b,b,-,b,-,-,-,-,b,-,-,a,a,a,a,-,a,a,a,a,a,a,a,-,a,a,a,a,a,a,a,a,a,a,a,a,-,b,-,-,-,b,-,-,b,-,-,b,b,b,-,b,b,-,-,b,b,b,b,-,b,-,b,-,b,-,b,b,b,b,-,b,-,-,a,a,-,a,b,a,a,b,b,b,-,a,a,a,a,a,b,b,b,b,b,-,b,b,b,b,-,b,b,-,b,b,-,-,b,-,-,-,-,b,b,b,b,-,-,a,b,-,b,a,a,a,-,a,-,-,a,a,a,a,-,-,-,a,-,a,a,a,a,-,a,a,-,-,-,-,a,a,a,a,a,a,a,-,a,-,a,a,a,a,a,a,a,-,-,-,a,-,-,a,a,a,-,a,a,-,a,a,-,-,-,-,a,a,a,a,a,-,-,a,a,-,-,a,-,-,a,-,a,-,a,a,-,a,-,a,a,-,-,-,a,-,a,a,-,-,-,-,-,a,a,a,-,b,b,-,b,b,b,b,b,-,-,-,-,b,b,b,b,b,b,b,a,a,a,a,a,a,-,a,a,a,a,-,b,-,b,b,-,b,-,b,b,b,-,b,b,b,b,b,-,b,b,b,b,b,-,-,-,-,b,b,b,b,-,-,-,-,b,b,b,-,b,b,b,-,b,b,b,-,b,-,b,-,-,-,-,-,b,b,b,-,b,b,b,b,b,-,-,-,b,b,b,b,b,-,b,b,b,b,-,b,-,b,-,b,b,b,b,b,b,b,b,-,b,b,b,-,-,-,a,a,a,-,-,b,a,-,-,-,-,a,-,-,a,-,-,a,a,a,-,a,-,-,-,a,a,a,-,a,-,a,a,-,a,a,a,-,a,-,a,a,-,a,-,a,a,a,a,a,a,a,-,a,a,a,a,-,a,a,-,-,a,-,a,a,a,a,-,a,a,a,-,a,a,a,a
175,1.5738863,1.585,-,-,-,b,-,-,b,-,b,b,b,-,b,-,-,-,-,-,b,-,-,-,-,b,-,-,-,-,-,-,-,-,-,-,-,a,a,-,-,-,-,a,-,-,-,-,-,-,-,a,-,-,-,-,-,-,-,-,-,-,-,-,-,-,-,a,-,-,a,-,-,-,-,-,-,-,-,b,-,-,-,-,-,-,-,-,b,b,b,-,b,-,-,-,-,-,-,-,a,a,b,b,b,-,a,a,a,-,a,-,b,b,b,b,-,-,-,-,-,-,-,-,-,-,-,-,-,-,-,-,-,-,-,-,-,-,-,-,b,b,-,-,-,-,-,-,-,-,-,a,-,-,-,-,a,-,-,-,-,-,a,a,-,-,a,-,-,-,-,-,a,a,a,a,a,a,-,a,-,-,a,-,a,a,a,a,-,-,-,-,-,-,-,-,-,-,-,-,-,-,-,-,-,-,-,-,-,-,a,-,-,-,-,-,-,-,a,-,-,-,-,-,-,-,a,-,-,-,a,-,-,-,-,-,-,-,-,-,-,-,-,-,-,-,-,-,-,-,-,-,-,-,-,-,-,-,-,-,-,-,a,a,a,a,-,a,a,a,a,-,-,-,-,-,-,-,-,-,-,-,-,-,-,-,-,b,b,-,b,b,b,b,b,-,-,b,-,-,-,-,b,b,-,-,-,b,-,-,-,-,-,b,b,-,-,-,b,-,-,-,-,b,-,-,-,-,-,-,-,-,-,-,-,-,-,-,-,b,a,b,b,b,b,b,-,-,-,b,-,-,-,b,b,-,-,-,-,-,-,b,b,b,b,b,-,-,-,-,-,-,-,-,-,a,a,a,-,-,-,-,-,-,b,-,-,-,-,-,-,-,-,-,-,-,-,-,-,-,-,-,-,-,-,-,a,-,-,-,-,-,-,a,-,a,a,-,-,-,-,-,-,a,a,-,-,-,a,-,-,a,-,a,-,-,-,-,-,-,-,-,-,-,-,a,a,-,-,a,a,-
176,1.6204886,1.665,-,-,-,-,-,-,-,-,a,a,a,a,a,-,-,-,-,-,a,-,-,-,-,a,a,a,a,-,-,-,-,-,-,-,-,a,a,a,a,a,-,a,-,-,-,-,a,-,-,a,-,-,-,-,-,-,-,-,a,a,-,-,-,-,-,a,-,-,a,-,-,-,-,-,-,-,-,a,-,-,-,-,-,-,-,-,b,b,a,-,-,-,-,-,-,-,-,-,b,b,b,b,b,-,b,b,b,-,b,-,b,b,b,b,-,-,-,-,-,-,-,-,-,-,-,-,-,-,-,-,-,-,-,-,-,-,-,-,b,b,-,-,-,-,-,-,-,-,-,-,-,-,-,-,a,-,-,-,-,-,b,b,-,-,b,a,a,-,-,-,b,b,b,b,b,b,-,b,-,-,b,-,a,b,b,b,-,a,a,-,-,-,-,-,-,-,-,-,-,-,-,-,-,-,-,-,-,-,b,-,-,b,-,-,-,b,b,-,-,-,b,-,-,-,b,-,-,-,b,-,-,-,-,-,-,-,-,-,-,-,-,-,-,-,-,-,-,-,-,-,-,-,-,-,-,-,-,-,-,-,b,b,-,b,b,a,a,a,a,-,-,-,-,-,-,-,-,-,-,-,-,-,-,-,-,b,b,-,b,b,b,b,b,-,-,b,-,-,-,-,b,b,-,-,-,b,-,b,b,b,b,b,b,-,-,-,b,-,-,-,-,b,-,-,-,-,-,-,-,-,-,-,-,-,-,a,a,b,b,b,b,b,b,b,-,-,-,-,-,-,-,-,b,-,-,-,-,-,-,b,b,b,b,b,-,-,-,-,-,-,-,-,-,b,b,b,-,-,-,-,-,-,b,-,b,-,-,-,-,-,-,-,-,-,-,-,-,-,-,-,-,-,-,-,b,-,-,-,-,-,-,b,-,b,b,-,-,-,a,-,-,b,a,-,-,-,a,-,-,a,-,b,-,-,-,-,-,-,-,-,-,-,-,b,b,-,-,b,b,-
177,1.8705254,1.945,a,a,a,a,-,a,-,a,a,a,a,a,a,-,-,-,-,-,b,b,a,-,b,a,a,a,a,b,-,-,-,b,-,b,b,b,b,b,b,b,b,b,-,a,a,-,b,b,-,-,-,b,b,-,b,b,-,-,b,b,b,-,-,b,-,b,b,b,b,b,b,b,-,b,b,b,-,b,b,b,-,-,b,b,b,b,b,b,b,b,b,b,-,-,b,b,b,-,b,b,b,b,b,a,a,a,a,a,a,a,a,a,a,a,-,a,a,a,-,a,-,a,-,a,a,-,a,-,-,-,a,a,a,a,a,-,a,-,b,a,a,-,a,-,a,-,a,-,a,-,-,a,a,a,a,a,-,-,b,-,a,a,a,b,b,a,b,-,b,a,a,b,b,a,a,a,-,a,a,-,a,a,a,a,b,b,-,b,b,b,-,b,b,-,b,b,-,b,b,-,-,-,-,-,b,b,-,b,b,b,-,b,b,b,b,b,b,a,a,-,a,a,-,-,a,a,-,a,a,-,-,a,-,-,a,a,a,-,a,a,a,-,a,-,a,-,a,-,-,a,-,-,a,a,a,a,-,a,-,a,a,a,a,a,a,b,b,b,b,b,b,-,b,b,-,-,-,-,b,b,b,b,b,-,b,b,b,b,b,b,b,b,b,b,-,b,b,b,-,b,b,b,b,b,-,b,b,b,b,b,b,b,b,b,b,-,b,b,b,b,b,b,-,-,b,b,b,b,-,-,b,-,b,-,b,b,b,b,b,b,b,b,b,b,b,-,-,-,-,b,-,b,b,b,-,-,b,-,b,b,b,b,b,b,-,-,b,b,b,-,b,-,-,b,b,b,b,-,-,b,-,b,b,b,b,b,b,b,b,b,-,b,b,b,b,b,b,-,b,-,b,-,-,b,b,b,b,-,b,b,-,b,-,b,b,-,b,b,b,-,b,b,b,b,-,b,b,b,b,b,-,b,-,b,-,b,b,b,b,-,b,b,-,b,b,b,-,b,b,b
178,1.9348805,2,a,-,b,b,a,a,a,a,a,a,a,b,a,a,a,-,-,a,a,a,a,a,a,-,b,b,b,-,a,-,a,a,b,-,b,b,b,-,b,b,b,b,b,b,-,b,a,b,-,b,b,b,-,-,-,b,-,-,a,-,-,-,b,-,b,b,-,b,b,b,-,b,-,b,b,b,-,b,-,b,b,-,-,b,b,b,b,b,a,-,a,-,-,b,b,-,b,-,b,b,b,a,b,-,a,a,a,-,a,a,a,a,a,a,-,a,-,a,a,a,-,-,-,-,-,b,-,-,-,b,-,-,b,b,b,b,-,-,b,b,-,b,a,a,a,-,-,a,a,a,a,a,a,a,b,a,-,-,a,-,a,a,b,a,a,b,b,b,-,b,b,b,b,b,b,b,-,b,-,-,b,b,b,b,b,b,-,b,b,b,b,-,b,b,-,b,-,b,b,b,b,b,b,b,b,b,b,b,b,-,b,b,b,b,b,b,b,b,b,-,b,b,b,-,b,b,-,b,b,-,b,b,b,b,b,b,b,b,-,-,b,b,-,-,-,b,b,-,-,-,b,b,b,-,-,a,a,a,a,-,b,b,-,a,a,b,b,b,b,b,b,b,b,-,-,b,b,-,-,-,b,b,b,b,b,b,b,b,a,a,a,a,a,a,a,a,a,a,a,a,-,a,-,a,a,a,-,a,-,a,a,a,a,a,a,a,a,a,a,a,a,a,-,a,-,a,a,a,-,-,-,a,-,a,a,b,b,a,a,b,b,b,b,b,b,b,b,b,b,b,b,b,b,b,-,-,b,-,b,a,a,a,b,b,a,-,a,b,a,a,-,-,a,a,a,a,a,a,a,a,a,a,a,-,-,a,a,a,a,-,a,-,a,a,a,a,-,a,a,a,a,a,-,-,a,a,a,-,a,a,a,a,a,-,a,-,a,a,a,-,a,a,a,a,a,a,a,a,a,a,-,b,-,-,-,-,b,b,-,b,-,b,b,b,b,b,b,b,b,a
179,0.188796,0.26333,-,-,a,a,-,-,a,-,b,b,a,a,a,-,-,-,-,-,b,-,-,-,-,a,a,a,a,-,-,-,-,-,-,-,-,b,a,a,a,a,-,-,-,-,-,-,a,-,-,-,-,-,-,-,-,-,-,-,a,a,-,-,-,-,-,-,-,-,-,-,-,-,-,-,-,-,-,-,-,-,-,-,-,-,-,-,a,a,a,-,a,-,-,-,-,-,-,-,b,-,-,a,-,-,a,a,a,-,a,-,b,a,-,b,-,-,-,-,-,-,-,-,-,-,-,-,-,-,-,-,-,-,-,-,-,-,-,-,a,-,-,-,-,-,-,-,-,-,-,a,-,-,-,-,b,-,-,-,-,-,b,a,b,-,a,b,b,-,-,-,-,b,-,-,-,a,-,b,-,-,-,-,a,-,-,a,-,b,b,-,-,-,-,-,-,-,-,-,-,-,-,-,-,-,-,-,-,-,a,-,-,b,-,-,-,-,-,-,-,-,b,-,-,-,-,-,-,-,-,-,-,-,-,-,-,-,-,-,-,-,-,-,-,-,-,-,-,-,-,-,-,-,-,-,-,-,-,-,-,-,a,-,a,-,b,-,a,b,-,-,-,-,-,-,-,-,-,-,-,-,-,-,-,-,-,b,a,-,-,b,a,a,-,-,-,-,-,-,-,-,a,a,-,-,-,a,-,a,a,a,a,-,a,-,-,-,-,-,-,-,-,b,-,-,-,-,-,-,-,-,-,-,-,-,-,a,a,b,b,-,a,a,a,a,-,-,-,-,-,-,-,b,a,-,-,-,-,-,-,b,b,-,b,-,-,-,-,-,-,-,-,-,-,-,-,a,-,-,-,-,-,-,a,-,a,-,-,-,-,-,-,-,-,-,-,-,-,-,-,-,-,-,-,-,-,-,-,-,-,-,-,a,-,b,-,-,-,-,b,-,-,a,b,-,-,-,b,-,-,b,-,-,-,-,-,-,-,-,-,-,-,-,-,a,-,-,-,b,-,b
180,1.5996431,1.65333,a,a,a,a,a,a,a,a,a,a,a,a,a,a,a,a,b,b,b,b,b,b,b,b,b,b,b,b,b,b,a,a,a,a,a,a,a,a,a,a,a,a,a,a,a,a,a,a,a,b,a,a,a,a,a,a,a,a,a,a,a,-,b,-,b,b,b,b,b,b,b,b,b,b,b,b,b,b,b,b,b,b,b,b,b,b,b,b,b,b,b,-,b,-,b,b,b,b,b,b,b,b,b,a,a,a,a,-,a,a,a,a,a,a,a,a,a,a,a,a,a,a,a,a,a,a,a,a,-,a,a,a,a,-,a,a,a,a,a,a,a,a,a,a,a,-,-,a,a,a,a,a,a,a,a,a,a,a,a,a,a,a,a,a,a,a,a,a,-,a,a,a,a,a,a,a,a,a,a,a,a,a,a,a,a,a,-,a,a,a,a,a,a,a,a,a,a,a,a,a,a,a,a,a,a,a,a,a,a,a,a,a,a,a,-,-,-,a,a,a,a,a,a,a,a,a,a,a,a,a,a,a,a,a,a,a,a,a,a,a,-,a,a,a,a,a,a,a,a,b,a,a,a,a,a,a,a,a,a,a,a,a,a,a,a,b,b,b,b,b,b,b,b,b,-,b,b,b,b,b,b,b,b,-,b,b,b,b,b,b,b,b,b,b,b,b,b,b,b,b,b,b,b,-,b,b,b,b,b,b,b,b,b,b,b,b,b,b,b,b,b,b,b,b,b,b,b,b,b,b,b,b,b,b,b,b,b,b,b,a,a,a,a,a,a,a,a,a,a,a,a,a,a,a,a,a,a,a,a,a,a,a,a,a,a,a,a,a,a,a,a,a,a,a,a,a,a,a,a,a,a,a,a,a,a,a,a,b,a,a,a,b,b,b,b,b,b,b,b,b,b,b,b,b,b,b,b,b,b,b,b,b,b,b,b,-,b,b,b,b,-,b,b,b,b,b,b,b,b,b,-,b,b,b,b,b,b,b,b,b,b,b,b,b,b,b,b,b,b,b
181,1.72584,1.805,b,b,b,b,b,b,b,-,b,b,b,b,b,b,b,-,-,-,b,-,b,b,b,b,b,b,b,-,-,-,-,b,-,b,-,b,b,b,b,b,b,b,b,-,b,b,a,-,b,b,b,-,-,b,-,b,-,-,a,a,-,b,b,a,-,b,a,-,a,a,-,b,b,b,b,b,-,b,-,b,b,b,b,b,b,b,b,b,a,b,a,a,a,-,a,-,a,a,a,a,a,a,a,b,b,b,b,b,b,b,a,b,b,b,b,b,b,b,-,b,b,b,b,-,-,b,b,b,-,b,-,a,a,a,a,-,-,-,-,a,a,-,a,a,-,-,a,a,-,a,a,-,a,a,b,-,a,-,a,a,a,a,b,a,a,b,b,a,a,-,a,a,a,a,a,a,a,a,-,a,a,a,b,a,a,a,-,b,b,a,-,a,a,-,a,-,a,a,-,a,a,a,-,a,a,a,-,a,a,a,a,b,-,b,b,b,b,b,b,b,b,-,b,b,b,b,-,-,b,b,-,b,b,-,b,b,b,-,-,b,b,-,b,b,b,b,b,b,b,b,b,-,-,b,b,-,b,b,b,b,b,b,b,b,a,b,b,b,b,b,b,b,-,b,b,b,b,b,b,-,b,-,-,-,b,b,b,b,b,b,b,a,b,-,-,b,-,b,-,b,a,a,b,-,b,b,b,a,a,a,a,b,b,b,b,b,b,b,-,b,-,b,b,b,b,b,-,b,b,b,b,b,b,b,b,b,b,b,b,a,b,b,b,a,a,a,a,a,-,a,a,a,a,-,a,a,a,-,a,a,a,a,a,a,-,a,-,a,-,a,a,a,a,a,a,a,-,a,a,a,-,a,a,-,-,a,a,a,a,a,-,a,-,-,a,-,-,-,a,a,a,-,-,a,a,a,a,a,a,a,a,a,a,a,a,-,a,a,a,a,a,a,a,a,a,a,a,a,a,a,a,a,a,a,a,b,-,b,b,-,b,b,-,b,b,b,b,b,b,a
182,1.477233,1.54167,b,b,a,a,b,b,b,b,b,b,b,a,b,b,b,b,b,b,b,b,b,b,b,a,a,a,a,-,b,b,b,b,b,b,b,b,b,b,b,b,b,b,b,b,b,b,b,b,-,a,a,a,a,a,a,a,a,a,b,b,a,a,-,a,a,a,a,a,a,-,a,a,a,a,a,a,a,a,-,a,a,a,-,a,a,-,a,-,b,a,b,a,a,a,a,a,a,a,a,a,a,b,a,a,a,a,a,a,a,a,a,a,a,a,a,a,a,a,a,a,a,a,a,a,a,a,-,a,a,a,a,a,a,-,a,a,a,a,a,a,a,a,a,a,a,a,a,a,b,a,b,b,b,-,a,b,b,b,b,b,b,b,a,b,b,a,a,b,-,b,b,b,b,b,b,b,b,b,b,b,b,b,b,b,b,b,-,b,b,b,b,b,b,b,b,b,b,b,b,b,b,-,b,b,b,b,b,b,b,b,b,b,b,b,b,b,b,b,b,b,b,b,b,b,b,b,b,b,a,-,a,a,a,a,a,a,a,a,a,-,a,a,a,a,a,-,-,a,a,a,a,a,a,a,a,a,a,a,a,a,a,a,a,a,a,b,b,b,b,b,b,b,b,b,-,b,b,b,b,b,b,b,b,b,b,b,b,-,a,a,a,a,a,a,a,a,a,a,a,a,a,a,a,a,a,a,a,a,a,a,a,a,a,a,a,a,a,a,a,a,a,a,a,a,a,a,a,a,a,a,a,b,b,b,b,a,a,b,b,b,b,b,b,b,b,b,b,b,b,b,b,b,b,b,-,b,b,b,b,b,a,a,a,a,a,a,a,a,a,a,a,a,a,a,a,a,a,a,a,a,-,a,a,a,-,a,b,a,a,a,a,-,a,a,a,-,a,a,a,a,a,a,a,b,a,a,-,-,a,a,a,a,a,a,-,a,a,a,a,a,a,a,a,a,a,a,a,a,a,b,a,a,a,a,a,a,a,a,a,-,a,a,a,a,a,a,a,a,a,b
183,1.7762229,1.86167,b,b,b,b,-,b,b,b,a,a,a,a,a,a,a,a,-,-,a,-,-,-,a,a,a,-,a,-,a,-,a,a,a,-,a,a,a,a,a,a,-,a,-,a,a,a,a,-,a,a,a,a,a,a,-,a,a,a,a,a,-,-,-,-,b,a,b,b,b,-,b,-,b,b,-,-,-,b,-,-,b,b,-,b,b,-,b,b,b,-,b,b,b,-,b,b,-,b,b,b,b,b,b,-,b,b,b,-,b,-,b,b,b,-,-,b,b,b,b,-,b,-,b,a,-,a,-,a,a,a,a,a,-,a,a,-,a,-,a,a,a,a,a,-,a,-,a,a,a,a,a,-,a,a,a,a,a,a,-,-,-,a,a,a,a,a,-,a,a,-,a,a,a,a,a,a,a,a,a,-,a,-,a,b,-,-,b,b,b,b,-,b,b,b,-,-,a,a,a,a,a,a,-,a,a,a,a,a,a,-,-,a,a,-,-,-,-,a,a,a,a,a,-,-,a,a,-,a,a,-,-,a,a,a,-,a,a,-,-,-,-,b,-,b,b,b,b,b,-,a,a,-,a,a,-,-,-,-,b,b,a,a,b,b,a,b,b,b,b,b,b,b,b,-,b,b,b,-,-,b,-,b,-,b,-,b,b,a,a,a,-,a,a,a,a,a,a,-,-,a,a,a,a,a,-,a,-,a,a,a,a,a,a,a,a,a,a,-,a,a,-,a,a,-,a,a,-,-,a,-,-,-,a,a,a,a,a,a,a,b,b,b,b,b,b,b,b,-,b,-,b,b,b,b,-,-,b,b,b,a,a,a,a,a,-,-,-,a,a,a,-,-,-,a,a,a,-,a,a,a,a,a,a,-,-,-,a,-,-,-,a,a,-,-,a,a,a,-,a,a,a,a,a,a,a,-,-,-,-,-,-,a,a,-,a,-,-,a,a,-,-,a,a,a,-,a,a,a,-,a,-,a,a,a,-,a,-,b,-,-,b,b,b,b,b,-,b,b,b,b
184,1.3841862,1.47167,-,-,a,a,-,-,a,-,a,a,a,a,a,-,-,-,-,-,a,-,-,-,-,a,a,a,a,a,-,a,-,-,-,-,-,a,a,a,a,a,-,a,-,-,a,-,a,-,-,a,-,-,-,-,a,-,a,-,a,a,-,-,-,-,-,a,-,a,a,-,-,-,-,-,-,-,-,a,-,-,-,-,b,-,-,-,b,b,b,-,a,-,-,-,-,b,-,-,b,b,b,b,b,-,b,b,b,-,b,-,b,b,b,b,-,b,-,b,-,-,b,-,b,-,-,-,-,-,b,-,-,-,b,b,-,-,-,-,b,b,b,-,-,b,-,b,b,-,-,b,-,-,b,-,b,-,-,b,b,-,b,b,b,-,b,b,b,-,-,-,a,a,a,a,a,a,-,a,-,-,a,-,a,b,b,b,-,b,b,-,b,b,-,-,-,-,-,-,b,-,b,-,-,-,-,-,-,b,b,-,-,b,-,-,b,b,b,b,-,b,b,-,-,-,b,-,b,b,b,-,-,b,-,-,-,b,b,-,-,-,-,-,-,-,-,-,-,b,-,-,-,-,-,-,-,-,-,-,-,-,b,b,b,b,b,b,b,b,b,-,-,-,-,-,b,b,-,-,-,-,-,-,b,b,b,b,b,-,b,b,b,b,b,-,-,b,-,b,b,-,b,b,-,-,-,b,b,b,b,b,-,b,b,-,-,-,a,a,-,-,-,a,a,-,-,a,-,-,a,-,-,-,a,-,-,a,a,a,a,b,b,b,b,b,b,-,-,-,-,-,b,b,b,-,-,-,b,b,b,b,b,b,b,b,-,-,b,-,-,b,-,-,-,b,b,b,-,b,-,-,-,b,b,-,b,-,-,-,-,-,-,-,-,b,-,b,-,-,-,-,-,-,-,-,b,-,-,-,-,-,-,b,-,b,b,-,-,-,b,-,-,b,b,-,-,-,b,-,-,b,-,b,-,-,-,-,-,-,-,-,-,-,-,b,-,-,-,b,b,-
185,1.9208835,2,a,a,a,a,a,a,-,-,-,a,-,a,-,a,a,a,a,-,-,a,a,a,a,a,a,a,a,a,a,a,a,a,a,a,a,a,a,a,a,a,a,a,a,a,a,a,a,a,a,a,a,a,a,a,a,-,a,a,a,a,a,a,a,a,a,a,a,a,a,a,-,-,a,a,a,b,b,b,b,b,b,b,b,b,b,b,b,b,b,b,b,b,b,b,b,b,b,b,b,b,b,b,b,a,a,-,a,a,-,a,a,a,a,-,a,a,-,a,a,a,a,a,a,a,a,-,a,a,a,a,a,a,a,a,-,a,a,a,a,a,a,a,a,a,a,a,a,a,a,a,a,a,a,a,a,a,a,-,a,a,a,a,a,a,a,a,a,a,a,a,a,-,a,a,a,-,a,-,a,a,a,a,a,a,a,a,a,a,a,a,a,a,a,a,a,b,b,b,b,b,-,b,b,-,b,b,b,b,b,b,b,b,-,a,-,-,a,a,-,a,a,a,a,a,a,-,a,a,a,a,a,a,a,a,a,a,a,a,a,a,-,a,a,a,a,a,a,a,a,b,a,a,a,a,a,a,a,a,a,a,-,a,-,a,a,b,-,b,b,b,b,-,b,-,b,b,b,-,b,-,b,b,-,b,b,b,b,b,b,b,b,b,b,b,b,b,-,b,b,b,b,b,b,b,b,b,-,b,b,b,b,b,-,b,b,b,b,b,-,-,b,-,b,b,b,-,b,b,b,b,b,b,b,b,b,b,b,b,b,b,b,b,b,-,b,b,b,b,b,b,b,b,b,b,b,b,b,b,b,-,b,b,-,b,b,b,b,b,b,b,b,b,-,b,b,b,b,b,b,b,b,-,b,b,b,b,b,a,-,a,a,a,a,a,a,a,a,a,a,a,a,a,a,a,a,a,a,a,a,a,a,-,-,-,a,a,a,a,a,b,b,b,b,b,b,b,b,b,b,b,b,a,b,b,-,a,b,b,b,-,b,b,b,b,b,b,b,b,b,b
186,1.9209922,2,a,a,a,a,a,a,a,a,a,a,a,a,a,a,-,a,a,a,a,a,a,a,a,a,a,a,a,a,a,a,a,a,a,a,a,a,a,-,a,a,a,a,a,a,a,a,a,b,b,b,a,a,a,a,a,a,a,a,a,a,a,a,a,a,a,-,a,-,-,b,b,-,b,b,b,b,b,b,b,b,b,-,b,b,-,b,b,b,b,b,b,b,b,b,b,b,b,b,b,b,b,b,b,a,a,a,a,a,a,a,a,a,a,a,a,a,a,a,a,a,a,a,a,a,a,a,a,a,a,a,-,a,a,a,b,b,b,b,b,b,b,b,b,b,b,b,b,b,b,b,b,b,b,-,b,b,b,-,b,b,b,b,b,b,b,b,b,b,b,b,b,b,b,b,b,b,b,b,b,-,b,b,b,b,b,b,b,b,b,b,b,b,b,b,b,-,b,b,b,b,b,a,a,a,a,a,a,a,a,a,a,a,a,a,a,a,a,a,a,a,a,a,a,a,a,a,-,a,a,-,a,a,a,a,a,a,a,a,a,a,a,a,a,a,a,a,a,a,a,-,-,-,a,a,b,-,a,a,-,b,a,a,a,b,a,b,b,b,b,b,b,b,b,b,b,b,b,b,b,b,-,b,b,b,b,b,b,b,b,b,b,b,a,b,-,a,a,a,a,a,a,a,b,b,b,b,b,b,b,b,b,b,b,b,b,b,b,b,b,b,b,b,-,b,b,b,b,-,b,b,b,-,b,b,b,b,b,b,b,b,b,b,b,b,b,-,b,b,b,b,b,b,b,b,b,b,b,b,b,b,b,b,b,b,b,b,b,b,b,b,b,b,b,b,b,b,b,b,b,b,b,b,b,b,b,b,b,b,b,b,b,a,b,b,b,-,b,b,-,b,b,b,b,b,b,a,-,a,a,a,a,a,a,a,a,a,a,a,a,-,-,a,a,a,-,a,a,a,a,a,a,a,a,a,a,a,a,-,a,a,a,a,a,a,a,a,a,a,a,a
187,1.2323635,1.30667,b,b,b,b,b,b,-,-,b,b,b,b,b,-,b,-,b,b,b,b,b,b,b,b,b,b,b,b,b,b,b,b,b,b,b,b,b,b,b,b,b,b,-,-,b,b,b,b,b,b,b,b,b,b,b,b,b,b,b,b,b,-,b,-,b,b,b,-,b,b,b,-,b,b,-,-,-,b,b,-,a,a,a,a,a,a,a,a,a,a,a,a,a,a,a,a,a,a,a,a,a,a,a,-,b,b,b,b,b,b,b,b,b,b,a,b,b,b,b,b,b,b,-,-,a,a,a,a,a,a,-,b,b,b,b,b,-,b,b,b,b,b,b,-,b,b,b,-,b,-,-,b,-,b,b,-,-,b,b,b,b,b,b,b,b,b,b,b,b,b,b,b,b,b,b,b,-,b,b,b,b,b,b,a,a,a,a,a,a,a,a,a,-,a,a,a,a,a,-,a,a,-,a,a,-,a,a,a,a,a,a,a,-,a,-,-,a,-,a,a,a,a,a,a,a,a,a,a,a,a,b,b,b,b,b,b,b,b,-,b,b,b,b,-,b,b,b,b,-,b,-,b,b,b,b,b,b,b,-,b,b,b,b,b,b,b,b,b,b,-,b,b,b,b,b,b,b,b,b,-,b,b,b,b,b,b,b,b,b,b,b,b,b,-,-,b,b,b,b,b,b,b,b,b,b,b,b,b,b,b,b,b,b,b,b,-,b,b,b,b,b,b,-,b,b,b,b,b,b,b,b,b,b,b,b,b,b,b,b,a,a,a,a,a,a,a,a,a,a,a,a,a,a,a,a,a,a,-,a,a,a,a,a,a,a,a,a,a,a,a,-,-,a,a,a,a,a,a,a,a,a,-,a,a,a,a,a,a,a,a,a,a,-,a,a,a,a,a,a,-,a,-,a,a,a,b,b,b,b,-,b,b,b,b,b,b,b,b,b,-,b,a,a,a,a,a,a,a,a,a,a,a,a,-,a,-,a,a,a,a,a,a,-,a,a,b,b,b,b,b
188,1.9196581,2,a,a,a,a,a,a,a,a,a,a,a,a,a,a,a,-,a,a,-,a,-,-,a,a,a,a,a,a,-,a,a,a,a,a,a,a,a,a,a,a,a,a,a,a,a,a,a,a,a,a,a,a,a,a,a,a,a,a,a,b,b,b,b,b,b,-,b,-,b,b,b,-,b,-,b,b,-,b,-,b,b,b,b,b,b,b,b,b,b,b,b,b,b,b,-,b,b,b,b,b,b,b,b,b,b,b,b,b,b,-,b,b,b,b,-,-,b,b,b,b,-,-,b,b,b,b,b,b,b,b,b,b,b,b,b,-,b,b,b,b,b,b,b,-,b,b,b,b,b,b,b,b,-,b,b,b,b,b,b,-,-,b,b,b,b,b,b,b,b,b,b,b,b,b,b,b,-,b,b,b,b,-,b,b,b,b,b,b,b,b,b,-,b,b,b,b,b,b,b,b,b,b,b,b,b,b,-,b,b,-,b,b,-,b,b,b,b,b,b,b,b,b,b,b,b,b,b,b,b,b,b,b,-,b,b,b,b,b,b,b,b,b,b,b,b,b,b,-,b,b,b,b,b,b,b,b,b,b,b,b,b,b,-,b,b,b,b,b,b,b,b,-,b,-,b,b,b,b,b,b,b,-,b,b,b,b,b,b,b,b,b,b,b,b,-,b,-,b,b,b,b,b,b,b,b,b,-,b,b,b,b,b,b,b,b,b,b,b,b,a,-,a,a,a,-,a,a,a,-,a,a,a,a,a,a,a,a,a,a,b,b,b,b,b,b,b,b,-,b,b,b,-,b,-,b,-,b,b,b,b,b,b,b,b,b,b,-,b,b,b,b,b,b,a,a,a,b,b,a,a,a,a,a,a,-,a,a,a,a,a,a,-,a,a,a,a,a,a,a,-,-,a,a,-,a,a,a,a,a,-,a,a,a,-,a,a,-,a,a,a,-,b,b,a,a,b,b,b,b,a,a,a,a,a,a,-,-,a,a,-,a,a,a,a,a,-,a,a,a,a
189,1.429395,1.51333,a,a,-,-,a,a,a,a,a,a,a,a,a,-,a,-,-,-,a,a,-,a,-,-,-,-,a,-,-,-,a,-,-,a,a,a,a,a,-,a,a,a,a,-,a,a,-,a,a,a,a,a,a,a,a,-,a,a,-,a,a,-,-,a,a,a,a,-,a,a,a,a,a,-,a,-,a,a,a,a,-,a,a,a,a,a,a,a,-,a,b,a,-,a,a,a,-,b,a,a,a,-,b,-,a,a,a,a,a,-,-,b,b,b,b,b,b,b,b,-,b,-,-,b,b,-,-,b,b,-,-,b,b,b,b,b,b,b,b,b,b,b,b,b,b,b,b,-,-,b,b,b,b,b,-,b,-,b,b,b,b,b,-,b,b,-,-,b,b,b,-,b,-,-,-,-,-,b,b,b,b,b,-,a,a,a,a,b,-,a,a,-,-,-,-,a,a,a,-,b,a,a,-,a,-,a,a,-,a,-,a,-,a,a,-,-,a,a,-,b,-,a,-,a,a,a,-,b,b,b,b,-,-,b,-,b,b,b,b,-,-,b,b,b,b,b,-,b,-,b,-,b,-,b,-,b,-,-,b,b,b,b,b,b,-,b,b,b,-,b,b,-,b,b,b,-,-,a,a,a,a,a,-,a,a,a,a,a,a,a,a,-,a,a,a,a,-,a,a,a,-,-,a,a,a,a,-,-,-,-,-,a,a,a,a,a,a,a,a,a,a,a,a,a,a,-,a,a,-,a,-,a,a,a,a,-,-,a,a,b,-,-,-,b,-,b,b,b,-,-,b,b,b,b,b,b,b,b,b,b,b,b,b,b,b,-,-,-,-,b,b,-,b,a,a,a,b,b,-,-,-,a,-,-,-,-,a,-,-,a,-,b,-,-,a,b,b,-,b,b,-,-,b,-,b,a,a,a,a,-,a,a,a,a,a,-,a,b,-,b,b,b,-,b,b,-,-,b,b,-,b,b,-,b,b,-,-,b,b,b,-,-,-,b,b,b,b,b,b,-
190,1.8919257,1.95833,-,-,-,-,-,-,a,-,a,a,a,-,a,-,-,-,-,-,a,a,-,a,-,-,-,-,-,-,-,-,-,-,a,-,-,a,a,-,-,-,b,b,-,b,-,-,-,-,-,b,b,-,-,-,-,-,b,b,-,-,b,-,b,b,-,b,b,-,b,b,-,b,-,b,-,b,-,b,-,-,-,-,-,b,b,b,b,b,b,-,b,-,-,b,-,-,-,b,b,b,b,b,b,-,a,a,a,a,b,-,b,b,b,b,-,-,-,-,-,b,b,-,b,-,-,-,-,-,b,-,b,-,-,-,b,-,b,-,b,b,-,-,b,-,-,-,-,-,-,b,-,b,-,-,-,-,-,b,b,-,b,b,-,-,b,-,-,-,-,a,b,b,b,b,a,a,-,a,-,-,a,a,a,b,b,b,-,-,-,-,b,-,-,-,-,-,b,b,b,-,-,-,b,-,-,b,-,-,b,-,-,-,-,b,-,b,b,b,-,-,-,-,a,a,b,-,a,-,a,-,a,-,-,-,-,-,a,b,-,-,-,a,-,a,-,-,a,-,a,-,-,-,-,-,-,-,-,-,-,-,a,a,a,a,-,b,b,b,b,-,-,-,-,-,b,-,-,-,-,-,-,-,-,-,-,b,b,-,b,b,b,b,b,-,b,b,-,-,-,-,b,b,-,-,-,a,-,-,-,-,-,a,a,a,a,a,a,-,a,-,-,a,-,-,-,a,-,-,-,-,-,-,a,-,-,-,-,a,a,b,b,b,b,b,-,-,-,b,-,b,-,b,b,-,-,-,b,-,-,b,b,b,b,b,b,b,-,-,b,-,-,-,-,b,b,b,-,b,-,-,-,-,b,-,-,-,-,-,-,-,-,-,b,b,-,-,b,-,-,-,b,-,-,-,b,-,-,-,b,b,-,b,b,b,b,-,-,b,-,a,-,a,a,-,-,-,a,a,a,a,-,a,-,a,-,-,-,-,b,-,-,-,-,b,b,-,-,b,b,-
191,0.7227429,0.77833,b,-,b,b,-,b,b,-,b,a,a,a,a,a,-,-,-,-,a,a,a,-,a,a,a,a,a,-,a,-,-,-,a,-,-,a,a,a,a,a,-,a,a,a,-,a,a,-,a,b,-,a,-,a,-,a,a,a,a,a,-,a,a,-,-,a,-,a,a,a,a,a,-,-,a,a,-,a,a,-,a,-,a,a,a,a,a,a,a,a,a,a,-,-,a,a,a,-,a,a,a,a,a,-,b,b,b,b,b,-,b,b,b,b,-,b,b,-,b,b,b,b,-,-,-,-,b,b,b,b,-,b,b,b,b,-,-,-,b,b,b,b,b,b,b,-,-,-,b,b,b,b,b,b,b,b,-,b,-,b,b,b,b,b,b,b,b,b,-,-,b,b,b,b,b,b,b,b,b,-,b,b,b,a,a,a,b,a,a,a,-,a,a,-,a,a,a,a,a,a,-,a,-,a,-,a,a,a,a,-,-,a,-,-,a,b,b,a,a,-,b,b,-,b,b,b,-,b,b,b,b,b,b,-,-,b,b,b,b,-,b,b,b,b,b,-,b,b,-,-,b,b,b,-,-,-,-,b,-,b,b,b,b,b,b,b,b,b,b,-,b,-,-,b,-,b,b,a,b,-,-,-,-,-,b,b,b,-,b,b,-,b,b,-,b,b,b,b,-,-,b,b,b,-,b,b,b,b,b,b,b,b,b,b,b,b,b,-,b,-,b,b,b,b,b,b,-,b,b,-,b,-,b,-,a,b,b,a,b,a,a,a,a,a,-,a,a,a,-,-,a,a,a,a,-,-,a,-,a,a,a,a,a,a,a,a,a,a,a,-,-,-,-,a,a,a,-,-,a,-,a,a,a,a,-,a,a,a,-,a,a,-,a,a,a,a,a,-,-,-,a,-,a,a,a,a,-,-,a,a,a,a,-,-,a,a,-,a,a,-,-,a,a,a,a,a,a,-,a,a,a,a,-,a,a,a,a,a,a,a,-,a,a,a,a,a,-,a,-,a
192,1.5021045,1.45833,a,-,a,a,a,a,a,-,a,a,a,a,a,a,-,a,-,a,a,a,a,a,a,a,a,a,a,a,a,a,a,-,a,a,a,a,a,-,-,-,a,a,a,a,a,-,-,a,a,b,-,b,b,b,b,-,b,b,b,b,b,b,b,b,b,b,b,-,b,b,b,-,b,b,b,b,-,b,-,b,b,b,b,b,b,b,b,b,-,b,-,-,-,b,-,b,-,b,b,b,b,-,b,b,b,b,b,-,b,b,-,b,b,b,b,-,-,b,b,b,b,-,b,b,b,b,b,b,b,b,b,b,b,-,b,-,b,b,b,b,-,b,b,b,b,b,b,-,b,b,b,b,b,b,-,b,b,-,b,b,b,b,-,b,b,-,-,b,b,b,b,b,b,b,b,b,b,b,b,-,b,-,-,a,a,a,a,a,a,a,a,a,a,a,a,a,a,a,a,a,a,a,a,a,a,a,a,-,a,a,a,a,a,-,a,a,a,a,a,a,-,a,a,-,a,-,a,a,a,-,-,a,a,a,-,-,a,a,a,-,a,-,a,a,-,a,a,a,a,-,-,b,b,-,b,b,-,b,b,b,b,b,b,b,b,a,-,a,a,a,a,a,a,a,a,a,a,b,a,b,b,b,b,b,b,b,b,b,b,b,b,b,b,b,b,b,b,b,-,b,b,b,-,-,b,b,b,b,b,b,b,b,b,-,b,b,b,b,b,b,b,b,b,-,b,b,b,b,b,b,b,b,b,-,b,b,b,b,b,a,a,a,a,a,a,a,a,a,a,a,-,a,a,a,a,a,a,a,a,a,a,a,a,a,a,-,a,a,a,a,a,a,a,a,a,a,a,a,-,-,a,a,a,a,a,b,b,-,b,b,b,a,b,-,b,a,a,a,a,a,a,-,a,-,a,a,a,a,a,a,-,a,a,a,a,-,a,a,-,a,a,a,-,a,a,-,-,a,a,-,a,a,a,a,a,a,-,a,a,-,-,a,a,a,a,-,a,a,a,-
193,1.8997672,2,a,a,a,a,a,a,a,a,-,a,-,a,-,a,a,a,a,a,-,-,a,a,a,a,a,a,a,a,a,a,a,a,a,a,a,a,a,a,a,a,a,a,a,a,a,a,a,b,a,a,a,a,a,a,a,a,a,a,a,a,a,-,b,b,b,-,b,b,b,-,b,b,-,b,b,b,b,b,b,b,b,b,b,-,b,b,-,b,b,b,b,b,b,b,b,b,b,b,b,b,-,b,b,b,b,b,a,a,-,a,a,a,a,-,a,a,-,a,a,-,a,a,a,a,a,a,a,a,a,a,a,a,a,a,a,a,a,a,a,-,a,a,a,a,a,a,a,a,a,a,a,a,a,a,a,a,a,a,a,a,a,a,a,a,a,a,a,a,a,b,b,-,b,b,b,-,b,b,b,b,b,b,b,b,b,b,b,b,b,b,b,b,b,b,b,b,b,b,-,b,b,b,b,b,b,b,b,b,b,b,b,b,b,b,b,b,b,b,b,b,a,a,a,a,a,a,a,a,a,a,a,a,b,b,a,b,b,b,b,b,b,b,b,b,b,b,b,b,-,a,a,a,a,a,a,a,a,a,a,a,-,a,-,a,a,b,-,b,b,b,b,b,b,b,a,a,a,b,-,b,b,b,-,b,b,b,b,b,b,b,b,b,b,b,b,b,b,b,b,b,b,b,b,b,b,b,b,b,b,b,b,b,-,b,b,b,b,b,b,b,b,-,b,b,b,b,b,b,b,-,b,b,b,b,b,-,b,b,b,b,b,b,b,-,b,b,b,b,b,b,b,-,b,-,b,b,b,b,b,-,-,b,-,b,b,b,b,b,b,b,-,b,b,a,a,a,a,a,a,a,-,a,a,a,-,a,a,a,a,a,-,-,a,a,a,a,a,a,a,a,a,-,a,a,a,a,a,a,a,a,a,-,b,-,b,b,b,b,b,a,a,a,a,a,a,a,a,a,a,a,a,a,a,a,a,a,-,a,a,a,a,a,a,a,a,a,a,-,-,a
194,1.4501214,1.54167,-,-,b,b,-,-,b,-,b,b,-,b,-,b,-,b,-,b,-,-,-,-,b,b,b,b,b,b,b,b,-,b,-,-,b,b,b,b,b,b,b,b,b,b,-,b,a,a,a,a,-,a,a,-,a,-,-,-,a,a,a,a,-,-,a,a,a,a,a,-,-,a,a,-,-,-,-,a,-,-,-,a,-,-,-,-,-,a,a,a,a,-,-,-,a,a,-,a,a,a,a,a,a,a,a,-,a,a,-,a,a,a,a,-,a,a,-,a,-,-,-,-,a,-,-,-,-,a,a,a,a,-,a,-,a,-,-,a,a,a,-,-,a,-,-,a,-,-,b,a,b,-,-,b,b,-,b,b,-,-,b,b,b,b,b,b,b,b,b,b,b,-,-,b,b,-,-,-,-,b,b,b,b,b,b,b,-,b,b,-,-,-,b,-,-,b,b,b,b,-,b,-,-,b,b,-,b,b,b,-,b,b,-,-,b,-,b,-,-,-,b,b,b,-,b,-,b,b,a,-,-,-,a,a,-,a,a,a,-,-,a,-,a,a,-,-,-,-,-,-,a,a,-,-,a,a,-,-,a,a,-,a,-,a,a,b,-,b,b,b,b,b,-,-,b,-,-,-,b,-,b,-,b,-,b,b,b,-,a,a,a,a,a,-,a,a,a,a,-,a,a,a,-,a,-,-,a,a,a,a,a,a,a,-,-,-,a,a,-,a,-,-,a,-,-,a,-,a,a,a,-,b,-,b,b,-,b,b,b,b,b,b,b,b,b,b,b,b,b,-,b,-,-,-,-,b,b,b,b,b,-,a,-,a,-,a,-,-,-,a,a,a,a,a,a,a,a,-,a,-,-,-,a,a,-,-,a,a,-,-,a,-,a,-,-,a,a,a,a,-,-,b,-,-,a,a,a,a,a,-,-,-,-,-,a,-,a,-,a,-,-,a,a,a,a,a,a,-,a,a,-,a,-,-,a,-,-,a,-,-,a,a,a,-,a,a,-,-,-,a
195,0.9767283,0.96,a,a,a,a,a,a,a,a,a,a,a,a,a,a,a,a,-,a,a,a,a,a,a,a,a,a,a,a,a,a,a,a,a,a,a,a,a,a,a,a,a,a,a,a,-,a,a,a,a,a,a,a,a,a,a,a,a,a,a,a,a,a,a,a,a,-,a,a,a,a,a,a,a,a,a,a,a,a,a,a,a,a,a,a,a,-,a,a,a,a,a,a,a,a,a,a,a,a,a,a,-,a,-,a,a,a,a,a,a,a,a,a,a,a,a,a,a,a,a,a,-,-,a,a,a,a,a,a,a,a,a,a,a,-,a,a,a,a,a,-,a,a,a,a,a,a,-,a,a,a,a,a,-,a,a,a,-,a,-,a,a,a,a,a,a,a,a,a,-,a,-,a,a,a,a,a,a,a,-,a,a,-,a,-,-,a,a,a,a,-,a,a,a,a,a,a,a,a,a,a,a,a,a,a,a,a,a,a,a,a,a,a,a,a,a,a,a,a,a,a,a,a,a,a,a,a,a,a,a,a,a,-,a,a,a,a,a,a,a,a,a,a,a,a,a,a,a,a,a,a,a,a,a,a,a,a,a,a,a,a,a,a,a,-,a,a,a,a,a,a,a,a,a,a,a,a,b,b,b,b,b,b,b,b,b,b,b,-,b,b,b,b,b,b,b,-,b,b,b,b,b,b,b,b,b,b,b,b,b,b,b,b,b,b,b,b,-,b,b,b,b,b,b,b,b,b,b,b,b,b,b,b,b,b,b,b,b,b,b,-,a,a,a,a,a,a,a,a,a,a,a,a,a,a,a,a,a,a,-,a,a,a,a,a,a,a,a,-,a,a,a,a,a,a,a,a,a,-,a,a,a,-,a,a,-,a,a,a,a,a,a,a,a,a,a,a,a,a,a,a,a,a,-,a,a,a,a,b,b,b,b,b,-,b,b,b,b,b,b,b,b,b,b,b,b,b,b,b,b,b,-,b,b,b,b,b,b,b,b,b,b,b,b,b,b,a,-,a,a,a
196,0.9455057,1.02833,b,b,b,b,b,b,b,b,b,b,b,-,b,b,b,b,b,b,b,b,b,b,b,-,b,b,b,b,b,b,b,b,b,b,b,b,b,b,b,-,b,b,b,a,b,b,b,b,b,b,a,a,a,a,a,a,a,a,-,a,a,a,a,a,a,-,a,a,a,-,a,a,a,a,a,a,a,a,a,a,a,a,a,a,a,a,-,a,-,a,a,a,a,-,a,a,a,a,a,a,-,-,-,b,b,b,-,-,-,b,a,a,a,-,a,a,a,a,a,a,a,a,a,a,a,a,a,a,a,a,a,a,a,a,a,a,a,a,a,-,a,a,a,a,a,a,a,a,a,a,a,a,a,a,-,a,a,a,a,a,a,a,a,a,a,a,-,b,b,b,-,b,b,b,b,b,b,b,b,b,b,b,b,a,a,a,-,a,a,a,a,a,a,a,a,a,a,a,a,a,a,a,a,a,a,a,a,a,a,a,a,a,a,a,b,-,a,a,a,a,a,a,a,a,a,a,a,a,a,a,a,a,a,a,a,a,a,a,a,a,a,a,a,a,a,a,a,a,a,b,a,a,a,a,b,b,a,a,a,a,a,a,a,-,-,b,b,b,b,b,b,b,b,b,b,b,b,b,b,b,b,b,b,b,b,b,b,b,b,b,b,-,b,b,b,-,b,b,b,b,b,b,b,b,b,-,b,b,b,b,-,b,b,b,b,b,b,b,b,b,b,b,b,b,b,b,b,b,b,b,b,b,b,b,b,b,-,b,b,-,a,a,a,a,a,a,a,a,a,a,a,-,-,a,a,a,a,a,a,a,-,a,b,b,a,a,-,b,b,b,b,b,b,b,b,b,b,b,b,b,b,b,b,b,b,b,b,a,b,b,b,b,b,b,b,a,b,b,b,b,b,b,b,b,b,b,b,b,b,b,b,b,b,-,b,b,b,b,b,b,-,b,b,b,b,b,b,b,b,b,b,b,b,b,b,b,b,b,b,a,a,a,a,a,a,b,b,b,b,b
197,1.7776715,1.72333,b,b,b,b,b,b,b,b,b,b,b,b,b,b,b,b,b,b,b,b,b,b,b,b,b,b,b,-,b,b,b,b,b,b,b,b,b,b,b,b,b,b,b,-,b,b,b,b,b,b,b,b,b,b,b,b,b,b,b,b,-,b,b,b,b,-,-,b,b,b,b,b,b,b,b,b,b,b,b,b,b,b,-,b,b,b,b,b,b,b,b,-,b,-,b,b,b,b,b,b,-,b,-,a,a,a,a,-,a,a,a,a,a,a,a,a,a,a,a,a,a,a,a,a,a,a,a,a,a,a,a,a,a,a,a,a,a,a,a,-,a,a,a,a,a,a,a,a,a,a,a,a,a,a,a,a,a,a,a,a,a,a,a,a,a,a,b,b,b,b,-,b,b,b,b,b,b,b,b,b,b,b,b,-,-,b,b,b,b,-,b,b,b,b,b,b,b,b,b,b,b,b,b,b,b,b,b,b,b,b,b,b,a,a,-,a,a,a,a,a,a,a,a,-,a,a,a,a,a,a,a,a,a,a,a,a,a,a,a,a,a,a,a,a,a,a,a,a,a,a,a,a,a,a,a,a,a,a,a,a,a,a,a,-,a,a,a,a,a,a,a,a,a,a,b,b,b,b,b,b,b,b,b,b,b,b,b,b,b,b,b,b,b,b,b,-,b,b,b,b,b,b,b,b,-,a,a,a,a,a,a,a,a,a,a,-,-,a,a,a,a,a,a,a,a,a,a,a,a,a,-,a,a,a,a,a,a,a,a,-,b,b,b,b,a,a,a,b,b,b,b,b,b,b,b,b,b,b,b,b,b,b,b,-,b,b,b,-,-,-,b,b,a,b,b,b,-,b,b,b,b,b,b,b,b,b,b,a,b,b,b,b,b,b,b,b,b,b,b,b,b,b,b,b,b,b,b,b,a,a,a,a,a,a,a,a,a,a,a,-,-,a,a,a,a,a,a,a,a,a,a,a,a,a,a,a,a,a,a,a,a,a,a,a,a,b,a,a,a,a
198,1.682316,1.70833,b,b,b,b,b,b,b,b,b,b,b,b,b,b,b,b,b,b,b,b,b,b,b,b,b,b,b,a,a,b,a,a,a,a,a,a,a,a,a,a,a,a,a,a,a,a,a,b,b,b,b,b,b,b,b,b,b,b,b,b,b,-,b,b,b,b,a,a,a,-,a,-,a,a,a,a,a,a,a,a,a,a,a,a,a,a,a,a,a,a,a,-,a,a,a,-,a,a,a,a,a,a,a,b,b,b,b,b,b,-,b,b,b,b,b,b,b,b,b,b,b,b,-,b,b,b,b,b,b,-,b,b,b,b,b,a,-,b,b,b,b,b,-,b,b,b,b,b,-,b,b,b,b,-,b,b,b,b,b,b,-,b,b,-,b,b,b,b,b,b,b,b,b,-,b,b,b,b,b,b,b,b,b,b,b,b,b,a,a,a,a,a,a,a,a,a,a,a,a,a,-,a,-,a,a,a,a,a,a,a,a,a,a,a,a,a,a,a,a,a,a,a,a,a,a,a,a,a,a,-,a,a,a,a,a,a,a,a,a,a,a,-,-,a,a,a,a,a,a,-,a,a,a,a,b,a,a,a,a,a,a,a,a,a,a,a,a,a,a,a,a,a,a,a,a,a,a,a,a,a,a,a,a,-,a,-,a,-,a,a,a,a,a,a,a,a,a,a,a,b,b,a,b,-,b,b,b,b,b,b,b,b,b,b,b,b,b,-,b,a,a,a,a,a,a,a,a,a,a,a,a,a,a,a,a,a,a,a,a,b,b,b,b,b,b,b,b,b,-,b,b,b,b,b,b,b,b,b,-,b,b,b,b,b,b,b,b,b,b,b,b,b,b,b,b,b,b,b,b,b,b,-,b,b,b,b,a,a,a,a,a,a,a,a,a,a,a,a,a,a,a,-,-,a,a,b,b,b,b,b,b,b,b,b,b,-,b,b,b,b,b,a,a,a,a,a,a,a,a,a,a,a,a,a,-,-,a,a,a,a,a,a,a,a,a,b,b,b,b,b
199,1.4379403,1.47333,b,b,b,b,b,b,b,b,b,b,b,b,b,b,b,b,b,b,b,a,b,b,b,b,b,b,b,a,a,a,a,a,a,a,a,a,a,a,a,a,a,a,a,a,-,a,a,a,a,b,a,b,-,b,b,b,b,b,b,b,b,b,b,b,b,b,a,a,a,-,-,a,a,a,a,a,a,a,a,a,a,a,a,a,a,-,a,a,a,b,a,b,b,b,b,b,b,b,b,b,b,b,b,b,b,b,b,b,b,b,b,b,b,b,b,b,b,b,b,b,b,b,b,b,b,b,b,b,b,a,a,a,a,a,a,a,a,a,a,a,a,a,a,a,a,a,a,a,a,a,a,a,-,a,a,a,-,b,a,a,a,a,a,b,a,a,b,b,b,-,b,b,b,b,b,b,b,b,b,b,a,a,b,a,a,a,a,a,a,-,a,a,a,a,a,a,a,a,a,-,b,a,a,a,a,a,a,a,a,a,a,a,b,b,b,b,b,b,b,b,b,b,b,b,b,b,b,b,b,b,b,b,b,b,b,b,b,b,-,b,b,b,-,b,b,b,b,b,b,b,b,b,b,b,b,b,b,b,b,b,b,b,b,b,b,a,a,a,a,a,a,a,a,a,a,a,a,a,a,-,-,a,a,a,a,a,a,-,b,b,b,b,b,b,b,b,b,b,b,b,b,b,b,b,-,b,b,b,b,b,b,b,b,b,b,b,b,b,b,b,b,b,b,b,b,-,b,b,b,b,b,b,b,b,b,b,b,b,b,a,a,a,a,a,a,a,a,-,-,a,a,a,a,a,a,a,a,a,a,a,a,a,a,a,a,a,a,a,a,a,a,a,a,a,a,a,a,-,a,a,a,a,a,a,a,a,a,a,a,a,a,a,a,a,a,a,a,a,a,a,a,a,a,a,a,a,a,a,a,a,a,a,a,a,a,a,a,a,a,-,a,a,a,a,a,a,a,a,a,b,a,a,b,b,b,b,b,b,b,b,b,b,b,b,b,b,b,b,b,b
200,1.1819645,1.195,a,a,a,a,a,a,-,a,a,a,a,a,a,a,a,a,-,b,b,b,b,b,b,b,b,b,a,b,b,b,b,b,b,b,b,b,b,b,b,b,b,b,b,b,b,b,a,a,a,a,a,a,a,a,a,-,a,a,a,a,a,a,-,a,a,a,a,a,a,a,a,-,a,a,a,a,a,a,a,a,a,-,a,a,a,a,a,a,a,a,a,a,-,a,a,a,a,a,a,a,a,a,a,a,a,a,a,a,a,a,a,a,a,a,a,a,-,a,a,a,a,-,a,a,a,a,-,a,a,a,a,a,a,a,a,a,a,a,-,a,a,a,a,a,a,a,-,a,a,-,a,a,a,-,a,a,a,a,a,a,a,a,a,a,a,a,a,-,-,a,a,a,a,a,a,a,a,a,a,a,a,a,a,a,a,a,a,a,a,a,-,a,a,a,a,-,a,a,a,a,a,a,a,a,a,a,a,a,a,-,a,a,b,b,b,b,b,b,-,b,b,-,b,b,b,b,b,-,a,-,a,a,-,-,a,a,a,a,a,a,a,a,a,a,a,a,b,a,b,b,a,a,a,a,a,a,a,a,a,a,a,a,a,a,a,b,b,-,b,b,b,b,b,b,b,b,b,b,-,b,b,-,b,b,b,b,b,b,b,b,b,b,b,b,b,b,b,b,b,b,b,b,b,b,b,b,b,b,b,b,b,b,b,b,b,b,b,b,b,-,b,b,b,b,-,b,b,-,b,b,b,b,b,b,b,b,b,b,b,a,a,a,a,a,a,a,a,-,a,a,a,a,a,a,a,a,a,a,a,a,a,a,a,a,a,a,a,a,a,a,a,-,a,a,a,a,a,a,a,a,a,a,a,a,a,a,a,a,a,a,a,a,a,a,a,a,a,-,-,a,a,-,a,a,a,a,a,a,a,a,a,a,a,a,a,a,a,a,a,a,a,a,a,a,a,a,a,a,a,a,a,a,a,a,a,a,a,a,a,a,a,a,a,a,a,a,a,a,a,a
201,1.4694761,1.5,a,a,a,a,a,a,-,a,a,a,a,a,a,a,a,-,a,a,a,-,a,a,a,a,a,a,a,-,a,a,-,a,a,-,a,a,a,a,a,a,a,a,a,a,a,-,a,-,a,a,a,a,a,a,a,a,a,a,a,a,-,a,a,a,a,a,a,a,a,-,a,a,a,a,a,a,-,a,a,a,a,a,a,-,-,a,a,a,a,b,a,b,b,b,-,-,b,b,b,b,b,b,b,b,b,b,b,b,b,-,b,a,a,a,-,a,a,a,a,a,a,-,a,a,a,a,a,a,a,a,a,a,a,a,a,-,a,a,a,a,b,b,b,b,b,b,b,a,a,b,a,b,b,-,b,b,b,-,b,b,b,b,b,b,b,b,b,b,b,b,b,b,b,b,b,b,b,b,b,-,b,-,b,b,b,b,b,b,b,b,b,b,b,b,b,a,a,a,-,a,-,a,-,a,a,a,a,-,a,a,a,a,a,b,-,b,b,b,b,-,b,b,b,b,b,b,b,b,b,b,-,b,b,b,b,b,b,b,b,b,b,b,b,b,b,b,b,b,b,-,b,b,b,b,-,-,-,b,b,b,b,b,b,b,b,b,b,b,b,-,b,b,b,b,b,b,a,a,a,-,a,a,-,a,a,a,a,a,a,a,a,a,a,a,a,a,-,a,a,a,a,a,a,-,a,a,a,a,a,a,a,a,a,a,a,b,b,b,b,b,-,b,b,b,a,b,b,-,a,a,a,a,a,a,a,a,a,a,a,b,b,b,b,b,-,-,b,b,-,-,-,b,b,b,b,b,b,b,b,b,b,b,b,b,-,b,b,b,b,b,b,b,-,b,b,b,b,b,b,b,b,b,b,b,b,b,b,-,b,b,b,-,b,b,b,b,b,-,b,b,b,-,b,b,b,b,-,-,b,b,b,b,b,b,b,b,b,-,b,b,b,b,b,b,b,b,b,b,b,b,b,b,-,-,b,b,b,b,b,b,b,b,b,b,b,b,b,b,b,b
202,1.164367,1.235,a,a,a,a,a,a,a,a,a,a,a,a,a,a,a,a,a,-,a,a,a,a,a,a,a,a,a,a,a,a,a,a,a,a,a,a,a,a,a,a,a,a,a,-,a,a,a,b,a,a,a,a,a,a,a,a,a,a,a,a,a,a,a,a,a,a,a,a,a,a,a,a,a,a,-,a,-,a,a,a,a,a,a,a,a,-,a,a,a,a,a,a,a,a,a,-,a,b,a,a,a,a,b,a,a,a,a,a,a,a,a,a,a,a,a,-,a,a,a,a,a,a,a,a,a,a,a,b,b,b,b,b,b,b,b,b,b,b,b,b,-,b,b,b,b,b,b,b,b,b,b,b,b,b,b,b,b,b,b,b,b,b,b,b,b,b,b,b,b,-,b,b,b,b,b,b,b,b,b,b,b,b,b,b,b,b,b,b,b,b,b,b,b,b,-,b,b,b,-,b,b,b,b,b,b,b,b,b,b,b,b,b,b,b,b,b,b,b,a,a,a,a,a,a,-,a,-,a,a,a,a,a,a,a,a,a,a,a,a,a,-,a,a,a,a,a,a,a,a,a,-,a,a,a,a,-,a,a,a,a,a,a,a,a,a,b,b,b,b,b,-,b,b,-,b,b,a,a,a,a,a,a,a,a,a,a,a,a,a,a,a,a,a,a,a,a,a,a,-,a,a,a,-,a,b,b,b,b,b,b,b,b,b,b,b,b,b,b,b,b,b,b,b,-,b,b,b,b,b,b,b,b,-,-,a,a,a,a,a,a,a,a,a,a,a,-,a,a,a,a,a,a,a,a,a,a,a,a,a,a,a,a,a,a,a,-,a,a,-,a,a,a,a,a,a,a,a,a,a,a,a,-,a,a,a,a,a,b,-,b,b,a,b,b,b,b,b,b,b,b,b,b,b,b,b,b,b,b,b,b,b,b,b,b,b,b,b,b,b,b,a,b,b,b,b,b,b,b,b,b,b,b,b,b,b,-,b,b,-,b,b,-,-,b,b,b,b,b,b,b
203,1.6774134,1.765,a,a,a,a,a,a,a,a,a,a,a,a,a,a,a,-,a,-,a,-,a,a,a,a,a,a,a,a,a,a,a,a,a,a,a,a,a,a,a,a,a,a,a,a,a,a,a,a,a,a,a,a,a,a,a,-,a,a,a,a,a,a,a,a,a,a,a,a,a,b,b,b,b,b,b,b,b,b,b,-,b,b,b,b,b,b,b,b,b,b,b,b,b,b,b,-,b,b,b,b,b,b,b,b,b,b,b,b,b,b,b,b,b,b,b,b,b,b,b,b,b,b,b,b,b,b,b,b,b,b,b,b,b,b,b,-,b,b,b,b,b,b,b,b,b,b,b,b,b,b,b,b,b,b,b,b,b,b,b,b,b,b,b,b,b,b,b,b,b,b,b,b,b,b,b,b,b,b,b,b,b,b,b,b,b,b,b,b,b,b,b,b,b,b,b,b,b,b,b,b,b,b,b,b,b,b,b,-,b,b,b,b,-,b,b,b,b,b,b,b,b,b,b,b,b,-,a,a,a,a,a,a,a,a,a,a,a,a,a,a,a,a,a,a,-,a,a,a,a,b,a,a,a,a,a,a,a,a,a,a,a,a,a,a,a,b,b,b,b,b,-,b,b,b,b,b,b,b,b,b,b,b,b,b,b,b,b,a,a,a,a,a,a,a,a,a,a,a,a,-,a,a,a,a,a,-,a,a,a,a,a,-,-,a,a,a,a,a,a,a,b,b,b,b,b,b,b,b,b,b,b,b,-,b,b,b,b,b,b,a,a,a,a,a,a,a,a,a,a,a,a,a,a,a,a,a,a,a,a,a,a,a,a,a,a,-,a,a,a,a,a,a,a,a,a,a,a,a,a,a,a,a,a,a,a,a,a,a,a,a,a,a,-,-,a,a,a,a,a,a,a,a,a,a,a,a,a,-,a,a,a,a,a,a,a,a,a,b,b,b,b,a,a,a,a,a,a,a,-,a,a,a,a,a,a,a,-,a,a,a,a,a,a,a,a,a,a,a,a,a
204,1.2582309,1.305,b,-,b,b,-,b,b,-,b,b,b,b,b,b,-,-,b,b,-,b,b,b,-,b,b,b,b,b,b,b,-,a,a,a,a,a,a,a,a,a,a,a,a,a,a,a,a,-,-,b,a,b,b,b,b,b,b,b,b,a,a,-,a,a,a,a,a,a,a,a,a,a,a,a,a,a,a,a,a,a,a,a,a,a,b,a,a,b,a,b,a,b,-,b,b,b,-,-,b,b,b,b,b,a,a,a,a,b,b,b,b,b,b,b,a,b,b,b,b,b,b,b,b,b,b,b,b,b,b,b,-,b,b,b,b,b,b,b,b,b,b,b,b,b,b,b,b,b,b,b,-,b,b,b,b,-,a,a,a,a,b,b,b,-,a,a,a,a,a,a,a,a,a,a,a,a,a,a,-,-,a,a,a,a,a,a,a,a,a,a,a,a,a,a,a,a,-,a,a,a,a,a,-,a,-,a,a,a,a,a,a,a,a,b,b,a,a,-,b,b,-,b,b,b,a,b,b,-,a,a,a,a,-,a,a,a,a,b,b,b,b,b,b,b,-,b,b,b,b,-,-,b,b,b,-,-,b,b,b,-,b,b,-,b,b,a,-,b,a,a,b,b,-,b,a,a,a,b,a,-,a,a,a,b,b,a,b,b,b,b,b,-,b,b,-,b,b,b,b,b,b,b,b,b,b,b,b,b,b,b,b,b,b,b,b,-,b,-,b,b,b,-,b,b,b,-,b,b,b,b,b,b,b,b,b,b,b,b,b,a,a,a,b,a,a,a,a,b,a,a,-,b,b,-,b,b,b,-,a,a,a,a,a,a,a,-,a,a,a,a,-,a,a,a,a,a,a,a,a,-,a,-,a,a,-,a,a,-,a,a,a,a,a,a,a,a,a,a,a,a,a,a,a,a,a,a,a,a,a,-,a,a,a,a,a,a,-,a,a,a,a,a,a,a,-,a,a,-,a,a,a,a,-,-,a,a,a,a,a,a,a,a,a,a,a,a,a,a,a,a
205,1.3318697,1.40333,a,a,a,b,-,b,b,-,b,b,b,b,b,-,-,-,-,b,b,-,-,b,b,b,b,b,b,-,b,-,b,-,-,-,-,b,b,b,b,b,-,b,-,-,b,-,b,-,b,a,-,a,-,-,-,-,-,a,a,a,a,-,-,a,a,a,-,-,a,-,-,-,-,-,-,-,-,a,-,-,-,-,b,-,-,-,b,b,b,-,b,b,-,-,b,-,-,-,b,b,b,b,b,-,a,a,a,-,a,-,a,a,a,a,-,-,a,a,-,-,a,-,a,-,a,-,-,-,-,-,-,-,-,a,-,-,a,-,a,a,-,-,-,a,-,-,a,a,-,a,-,a,-,-,a,a,a,-,-,-,a,a,a,b,b,b,b,-,-,-,a,a,a,a,a,a,-,a,-,-,a,-,a,a,a,a,a,a,a,a,a,-,-,a,-,-,-,a,-,-,-,-,-,-,-,-,-,-,a,-,-,a,-,-,-,a,a,-,b,b,b,-,a,-,b,-,-,b,b,-,-,-,-,b,-,b,-,-,-,-,-,-,b,b,b,-,-,a,-,a,-,-,-,-,-,-,a,a,a,-,a,a,a,a,a,b,b,b,b,-,-,-,-,-,-,-,-,b,-,-,-,-,-,-,b,b,b,-,b,b,b,b,b,-,-,b,-,b,-,-,b,b,-,-,-,b,-,b,b,b,b,b,b,-,-,-,b,-,b,-,-,b,b,b,b,-,-,b,-,-,-,b,-,-,-,b,b,b,b,a,a,a,a,a,a,a,-,a,a,-,-,a,a,a,a,-,-,-,-,a,b,b,a,a,b,-,-,-,-,a,-,-,-,a,a,a,-,-,-,-,a,-,a,-,a,-,a,-,-,-,a,-,-,-,a,-,a,-,-,-,-,-,-,-,a,-,-,b,b,b,-,b,-,b,b,-,-,-,b,b,-,b,b,b,-,b,b,-,-,b,-,b,-,-,b,b,-,-,-,-,b,b,-,b,b,-,b,b,b,b
206,1.7949319,1.89,-,-,a,a,-,-,-,-,a,a,a,a,a,-,-,-,-,-,a,-,-,-,-,a,a,b,b,-,-,-,-,-,-,-,-,a,b,a,b,b,-,a,-,-,-,-,b,-,-,a,-,-,-,-,-,-,-,-,b,a,-,-,-,-,-,a,-,-,a,-,-,-,-,-,-,-,-,a,-,-,-,-,-,-,-,-,a,a,a,-,b,-,-,-,-,-,-,-,b,b,a,b,b,-,a,a,a,-,a,-,b,a,a,a,-,-,-,-,-,-,-,-,-,-,-,-,-,-,-,-,-,-,-,-,-,-,-,-,b,a,-,-,-,-,-,-,-,-,-,-,-,-,-,-,b,-,-,-,-,-,a,a,b,-,a,a,b,-,-,-,b,-,b,b,b,b,-,b,-,-,b,-,a,b,a,a,-,b,a,-,-,-,-,-,-,-,-,-,-,-,-,-,-,-,-,-,-,-,b,-,-,b,-,-,-,b,b,-,-,-,b,-,-,-,a,-,-,-,b,-,-,-,-,-,-,-,-,-,-,-,-,-,-,-,-,-,-,-,-,-,-,-,-,-,-,-,-,-,-,-,a,a,a,a,a,a,a,a,a,-,-,-,-,-,-,-,-,-,-,-,-,-,-,-,-,b,b,-,b,b,b,a,b,-,-,b,-,-,-,-,a,b,-,-,-,b,-,b,b,b,b,b,b,-,-,-,b,-,-,-,-,b,-,-,-,-,-,-,-,-,-,-,-,-,-,b,a,b,b,b,b,a,b,b,-,-,-,-,-,-,-,b,b,-,-,-,-,-,-,b,b,b,b,b,-,-,-,-,-,-,-,-,-,b,b,b,-,-,-,-,-,-,b,-,a,-,-,-,-,-,-,-,-,-,-,-,-,-,-,-,-,-,-,-,a,-,-,-,-,-,-,a,-,a,a,-,-,-,a,-,-,a,a,-,-,-,b,-,-,b,-,a,-,-,-,-,-,-,-,-,-,-,-,a,a,-,-,a,a,a
207,1.6660925,1.72333,-,a,a,a,a,a,a,-,a,a,a,a,a,a,a,a,a,a,a,a,a,a,a,a,a,a,a,a,-,a,a,a,a,a,-,a,a,a,a,a,-,a,a,a,a,-,a,a,a,b,a,a,a,-,a,a,a,a,a,a,-,-,a,a,a,a,a,-,a,-,b,b,b,-,b,b,b,b,b,b,b,b,b,-,b,b,b,b,b,-,b,b,-,b,b,-,-,b,b,b,b,b,b,a,b,b,b,b,b,b,b,b,b,b,a,b,b,b,b,-,b,b,b,b,-,-,b,b,b,b,b,b,b,-,-,-,b,-,b,b,b,b,b,-,b,b,b,-,b,b,b,b,b,b,b,b,b,b,b,-,b,b,b,b,b,b,b,-,b,b,b,b,b,b,b,b,b,b,b,-,b,b,b,b,b,b,b,b,b,b,-,-,b,-,b,b,-,b,-,b,-,b,b,-,b,-,b,b,b,b,b,b,b,b,b,b,b,-,b,b,b,b,b,b,b,a,a,-,a,a,-,a,a,a,a,a,a,b,a,a,a,a,a,a,a,a,a,-,a,a,a,a,-,a,a,-,a,a,a,a,a,a,a,a,a,b,b,b,b,-,b,b,b,-,b,b,b,b,b,b,b,b,-,b,b,b,b,b,b,b,b,b,b,b,-,b,b,b,b,b,b,b,b,-,b,-,b,-,-,-,a,-,-,a,a,a,a,a,-,a,-,b,b,-,b,b,b,b,b,b,b,b,b,-,-,b,b,b,b,a,a,a,a,a,a,a,a,a,a,a,a,a,a,a,a,a,a,a,a,a,a,a,a,a,-,a,a,a,a,a,-,a,-,a,a,a,-,a,a,a,-,a,a,a,-,a,a,a,a,-,a,a,a,a,a,a,a,a,a,a,-,a,-,a,a,a,b,a,a,-,a,a,a,a,a,a,a,b,b,b,b,a,a,a,-,a,a,a,a,a,a,a,-,a,a,a,a,-,a,a,a,-,a,a,a,a,a,a,a,a
208,1.6644534,1.61167,a,a,a,a,a,a,a,-,a,a,a,a,a,-,-,-,-,a,a,-,a,-,a,a,a,a,a,a,a,-,-,a,-,a,a,a,a,a,a,a,a,a,-,a,-,-,a,-,a,a,-,a,-,a,a,-,a,a,a,a,-,-,-,a,b,-,a,-,a,a,a,-,-,a,-,-,a,a,a,a,-,b,-,-,b,b,b,b,b,b,a,b,-,b,-,-,a,-,a,b,-,b,-,-,b,b,b,b,b,-,b,b,b,b,b,b,-,b,b,-,-,-,b,b,b,b,b,b,b,b,-,b,-,b,b,b,b,b,b,-,b,-,b,b,b,b,b,-,b,b,b,b,b,-,b,a,a,-,a,a,b,a,a,a,a,a,a,-,a,-,-,a,a,a,a,a,a,a,a,-,a,-,a,-,-,a,-,a,a,a,a,a,a,a,a,-,a,a,-,a,a,-,a,a,a,a,a,-,a,a,a,a,a,-,a,a,a,-,-,b,b,b,b,b,b,b,b,b,a,b,a,a,a,a,a,a,a,b,a,-,a,a,-,a,a,-,a,a,-,-,b,a,-,b,-,-,b,b,b,b,b,b,b,-,b,a,a,a,a,a,-,-,a,a,a,-,a,b,-,a,b,b,b,b,b,b,b,b,b,a,a,a,a,a,a,-,a,a,a,a,a,a,a,-,a,a,-,b,b,a,a,a,a,-,b,a,-,-,a,a,a,a,a,a,a,-,a,a,-,a,a,-,a,-,-,a,a,a,a,-,b,b,b,b,-,-,b,b,b,-,-,b,b,b,b,-,b,b,-,b,b,b,b,-,b,-,-,b,-,b,b,b,-,b,b,b,b,b,b,b,-,b,b,-,b,-,b,-,-,-,b,b,b,b,b,b,b,b,b,-,b,b,-,b,b,-,b,b,b,b,b,b,b,b,b,b,b,b,b,-,b,b,b,b,b,b,b,b,-,b,b,b,-,b,b,b,-,b,-,b,-,b,b,b,b,a,a,a,a,a
209,0.8629975,0.89,b,b,b,b,-,-,b,-,b,b,b,b,b,-,-,-,b,-,a,-,a,-,a,a,b,a,b,-,-,-,-,-,-,a,-,a,a,a,a,a,a,a,-,-,a,a,a,-,-,a,-,-,-,-,a,-,-,a,a,a,a,-,-,-,-,a,a,-,a,a,-,a,a,-,-,-,-,a,-,-,a,a,-,-,-,-,a,a,a,-,a,a,a,-,-,-,-,-,a,a,a,a,a,-,b,b,b,b,b,-,b,b,b,b,-,b,-,-,-,b,-,-,-,-,b,-,b,-,-,b,-,-,-,-,b,-,-,-,b,b,-,-,-,-,b,-,-,b,-,b,-,b,b,-,b,-,-,-,b,b,b,b,b,-,b,b,b,-,-,-,b,b,b,b,b,b,-,b,b,b,b,-,b,b,b,b,-,b,b,-,-,-,-,-,-,-,-,b,-,-,b,-,-,-,-,-,b,b,b,-,b,b,-,a,a,-,a,a,-,-,b,b,-,-,b,-,-,b,b,b,-,-,b,-,-,b,b,-,-,b,-,b,-,b,-,-,-,-,-,-,-,b,b,-,-,-,-,b,-,b,b,b,b,b,b,a,a,a,a,a,-,a,-,-,-,a,-,-,a,-,a,a,-,a,-,a,a,-,a,b,b,b,b,b,-,b,-,-,-,b,b,b,b,-,-,-,-,b,b,b,b,b,b,b,-,-,b,-,b,-,-,b,-,-,-,-,b,b,-,b,b,-,-,-,b,b,b,b,b,b,a,a,a,b,b,b,b,a,a,-,a,-,-,-,-,a,a,-,-,a,a,a,a,a,-,-,a,a,-,a,-,a,a,a,a,a,-,a,-,-,a,a,a,a,a,b,a,-,-,a,-,a,-,-,a,a,a,a,-,a,-,-,a,-,a,-,a,a,a,-,a,a,a,-,a,-,-,-,a,a,-,a,a,a,-,a,a,a,-,a,-,a,-,-,b,b,-,-,-,-,b,b,-,b,b,b,-,b,b,b
210,1.8880127,1.945,-,a,a,a,-,a,a,-,a,a,a,a,a,-,-,-,-,-,a,a,-,-,-,a,a,a,a,-,-,-,-,a,a,a,-,a,a,a,a,a,a,a,a,-,b,b,b,b,-,b,b,b,b,-,-,b,-,b,b,b,-,-,b,-,-,b,a,b,b,-,b,b,b,-,-,-,-,b,-,b,-,-,b,-,-,-,b,b,b,-,b,-,b,b,-,-,-,-,b,b,b,b,b,-,b,b,b,b,b,b,b,b,-,b,-,-,-,b,b,b,-,-,b,b,b,b,-,b,b,-,b,b,a,b,-,-,a,a,a,a,-,b,b,b,b,-,b,-,-,b,-,-,b,-,b,-,-,b,-,-,b,b,b,b,b,b,b,b,b,-,b,b,b,b,b,b,b,b,b,-,a,a,b,b,b,b,b,b,b,b,-,-,-,b,-,-,-,-,a,a,-,-,a,a,-,a,a,-,a,a,-,a,a,-,a,a,a,a,-,-,a,a,-,a,a,a,a,-,a,a,-,-,-,a,a,a,a,b,-,a,-,a,a,a,a,a,-,a,-,a,-,a,a,-,-,-,-,-,a,-,a,a,a,a,a,b,b,b,b,-,-,-,b,b,b,b,a,-,-,a,-,-,a,-,-,a,a,-,a,a,a,a,a,a,a,a,-,b,-,-,b,b,b,b,-,b,-,a,a,a,a,a,a,a,a,a,a,-,-,a,a,a,-,-,a,-,-,a,-,-,a,a,a,-,a,a,a,b,b,b,b,b,b,b,-,b,b,b,b,-,b,b,b,-,b,b,-,-,b,b,b,b,b,b,b,b,b,b,-,b,-,b,-,b,b,b,-,b,-,-,-,-,b,b,b,b,b,-,-,-,-,a,b,b,-,-,-,-,-,-,-,-,-,b,b,b,b,b,b,b,-,b,-,b,b,b,b,-,b,-,-,b,b,b,b,-,b,-,-,a,-,b,a,a,-,-,-,b,-,b,-,-,-,b,b,b,-,b,b,b
211,1.5014625,1.55667,-,-,b,b,-,-,b,-,b,b,b,b,b,-,-,-,-,-,a,-,-,-,-,a,a,a,b,-,-,-,-,-,-,-,-,a,a,a,a,a,-,a,-,-,-,-,b,-,-,b,-,-,-,-,-,-,-,-,b,b,-,-,-,-,-,b,-,-,b,-,-,-,-,-,-,-,-,a,-,-,-,-,-,-,-,-,a,a,a,-,a,-,-,-,-,-,-,-,a,a,a,a,a,-,a,a,a,-,a,-,b,b,b,b,-,-,-,-,-,-,-,-,-,-,-,-,-,-,-,-,-,-,-,-,-,-,-,-,b,b,-,-,-,-,-,-,-,-,-,b,-,-,-,-,b,-,-,-,-,-,a,a,a,-,a,a,a,-,-,-,a,a,a,a,a,a,-,a,-,-,a,-,a,a,a,a,-,a,a,-,-,-,-,-,-,-,-,-,-,-,-,-,-,-,-,-,-,-,a,-,-,a,-,-,-,a,a,-,-,-,a,-,-,-,a,-,-,-,b,-,-,-,-,-,-,-,-,-,-,-,-,-,-,-,-,-,-,-,-,-,-,-,-,-,-,-,-,-,-,-,b,b,b,b,b,b,b,b,b,-,-,-,-,-,-,-,-,-,-,-,-,-,-,-,-,a,a,-,a,a,a,a,a,-,-,a,-,-,-,-,a,a,-,-,-,a,-,a,a,a,a,a,a,-,-,-,a,-,-,-,-,a,-,-,-,-,-,-,-,-,-,-,-,-,-,a,a,a,a,a,b,b,b,b,-,-,-,b,-,-,-,b,b,-,-,-,-,-,-,b,b,b,b,b,-,-,-,-,-,-,-,-,-,b,b,b,-,-,-,-,-,-,b,-,b,-,-,-,-,-,-,-,-,-,-,-,-,-,-,-,-,-,-,-,b,-,-,-,-,-,-,b,-,b,b,-,-,-,b,-,-,b,b,-,-,-,b,-,-,b,-,b,-,-,-,-,-,-,-,-,-,-,-,b,b,-,-,b,b,b
212,0.5672603,0.61167,b,b,b,b,b,b,b,b,-,-,-,b,-,b,b,b,b,b,-,b,b,b,b,b,b,b,b,b,b,b,b,b,b,b,b,-,b,b,b,b,b,-,b,b,b,b,b,b,b,a,b,b,b,b,b,b,b,b,b,b,b,b,a,a,-,-,a,a,-,a,a,a,a,a,a,a,a,a,a,a,a,a,a,a,a,a,a,a,a,a,a,a,a,a,-,a,a,a,-,-,-,a,-,b,b,b,b,-,b,b,a,-,-,-,a,a,a,a,a,a,a,a,a,a,a,a,a,a,a,-,a,a,a,a,a,a,a,a,a,-,a,a,a,a,a,a,a,a,a,a,a,a,a,a,a,a,a,a,a,a,a,a,a,a,a,a,a,a,a,a,a,a,a,a,a,a,a,-,b,b,-,b,b,a,a,a,a,a,a,-,a,a,a,a,a,a,a,a,a,a,a,a,a,a,a,a,a,a,-,a,a,a,a,a,a,b,b,a,a,a,a,a,a,a,-,a,a,a,a,a,a,a,a,a,a,a,a,a,a,a,a,-,b,b,b,b,b,b,a,a,b,b,b,b,b,b,b,b,b,b,b,b,b,b,b,b,b,b,b,b,b,b,b,b,-,b,b,b,b,b,b,b,b,b,b,b,b,b,b,b,b,b,b,b,b,b,b,b,b,b,b,b,b,b,b,b,-,a,a,a,-,-,-,a,a,a,-,a,a,a,-,a,a,a,a,a,a,a,a,a,a,b,b,a,a,a,a,a,b,-,a,a,a,-,a,a,a,-,a,a,a,a,a,a,a,a,a,a,a,-,-,-,-,-,a,a,a,a,a,a,a,a,-,a,a,-,a,a,a,a,a,a,a,a,a,a,a,a,a,a,-,a,a,a,a,a,a,a,a,a,-,a,-,a,-,a,a,a,a,a,a,a,a,a,a,a,a,a,a,a,a,a,a,a,a,a,a,a,a,a,a,a,a,a,a,a,a,a,a,a,a,a,a,a,a,a,-,a,a,a
213,1.8617559,1.945,-,-,a,a,-,-,-,-,a,a,a,a,a,-,-,-,-,-,a,-,-,-,-,a,a,b,b,-,-,-,-,-,-,-,-,a,b,a,b,b,-,b,-,-,-,-,b,-,-,b,-,-,-,-,-,-,-,-,b,a,-,-,-,-,-,b,-,-,b,-,-,-,-,-,-,-,-,b,-,-,-,-,-,-,-,-,b,b,a,-,b,-,-,-,-,-,-,-,b,b,b,b,b,-,a,a,a,-,a,-,b,a,a,a,-,-,-,-,-,-,-,-,-,-,-,-,-,-,-,-,-,-,-,-,-,-,-,-,b,a,-,-,-,-,-,-,-,-,-,-,-,-,-,-,b,-,-,-,-,-,a,a,b,-,a,a,b,-,-,-,a,a,a,a,a,a,-,b,-,-,b,-,a,b,b,b,-,b,a,-,-,-,-,-,-,-,-,-,-,-,-,-,-,-,-,-,-,-,b,-,-,b,-,-,-,b,b,-,-,-,b,-,-,-,b,-,-,-,b,-,-,-,-,-,-,-,-,-,-,-,-,-,-,-,-,-,-,-,-,-,-,-,-,-,-,-,-,-,-,-,b,b,b,b,a,a,a,a,a,-,-,-,-,-,-,-,-,-,-,-,-,-,-,-,-,b,b,-,b,b,b,a,b,-,-,b,-,-,-,-,a,b,-,-,-,b,-,b,b,b,b,b,b,-,-,-,b,-,-,-,-,b,-,-,-,-,-,-,-,-,-,-,-,-,-,b,a,b,b,a,b,a,b,a,-,-,-,-,-,-,-,a,a,-,-,-,-,-,-,a,a,a,a,a,-,-,-,-,-,-,-,-,-,a,a,a,-,-,-,-,-,-,b,-,a,-,-,-,-,-,-,-,-,-,-,-,-,-,-,-,-,-,-,-,a,-,-,-,-,-,-,a,-,a,a,-,-,-,a,-,-,a,a,-,-,-,b,-,-,b,-,a,-,-,-,-,-,-,-,-,-,-,-,a,a,-,-,a,a,a
214,1.630067,1.72167,b,b,a,a,a,a,a,a,a,a,a,a,a,a,a,a,a,a,a,a,-,a,a,a,a,b,b,a,a,a,a,a,a,a,a,a,b,a,b,b,a,a,a,a,-,a,b,a,a,a,a,a,-,a,a,a,a,a,b,a,a,-,a,a,a,a,a,a,b,b,b,b,b,b,b,b,a,a,a,a,a,a,a,a,a,-,a,a,a,a,b,-,-,-,b,b,b,b,b,b,b,b,b,b,b,b,b,-,b,b,b,b,b,b,a,b,b,b,b,b,b,b,b,b,b,-,b,-,b,b,b,b,b,b,b,b,-,b,b,b,b,b,a,a,-,a,-,a,a,a,a,a,a,-,b,a,a,a,a,a,a,a,b,a,a,a,b,a,-,a,a,a,a,a,a,a,a,a,a,a,a,a,a,a,a,a,a,b,a,a,a,a,a,a,a,a,a,a,a,a,b,b,b,b,b,b,b,b,b,b,-,b,b,b,b,b,b,b,b,b,b,b,b,b,b,b,b,b,b,b,b,b,b,b,b,b,b,b,b,-,b,-,b,b,b,b,b,b,b,b,b,b,b,b,b,b,b,b,b,b,b,b,b,b,a,b,b,b,b,b,b,b,-,b,-,b,b,b,b,b,b,b,b,b,b,b,b,b,b,b,b,a,b,b,b,b,b,-,b,b,a,b,b,-,b,b,-,b,b,b,b,b,b,b,b,b,b,-,b,-,b,b,b,b,b,b,b,b,b,b,b,b,a,a,a,b,a,a,a,b,b,a,b,b,b,b,b,b,b,b,b,b,b,b,a,b,b,b,b,b,b,b,b,b,-,b,b,b,b,b,b,b,b,b,b,b,b,b,b,b,b,b,b,b,a,b,-,b,b,b,b,b,b,b,b,b,b,b,b,-,b,b,b,-,b,b,-,a,a,a,a,a,a,a,a,a,a,a,a,a,a,a,a,a,a,a,b,a,a,b,a,a,a,a,a,a,a,a,a,-,a,a,a,a,a,a,-,a,a,a
215,1.4486475,1.38833,b,b,b,b,-,a,b,a,a,a,a,a,a,a,a,a,a,a,a,a,a,a,a,a,a,a,a,b,b,b,b,b,b,b,b,b,b,b,b,b,b,b,b,b,a,a,a,b,a,a,a,a,a,a,a,a,a,a,a,a,a,a,a,a,a,a,-,-,a,-,a,a,-,-,b,a,a,a,-,b,b,b,-,-,b,b,b,b,b,b,b,b,-,-,-,b,b,b,b,b,b,b,b,b,b,b,a,-,a,a,a,a,a,a,-,a,a,a,a,a,-,a,-,a,a,a,-,a,a,a,a,a,a,a,-,a,a,-,a,a,a,a,a,a,a,a,a,a,a,a,-,a,a,b,a,b,b,b,b,b,b,b,b,b,b,b,b,b,b,b,b,b,b,b,b,b,-,b,b,b,b,b,b,a,a,a,-,a,a,a,a,a,a,a,a,a,a,a,a,-,a,a,a,-,-,a,a,a,a,a,a,a,a,a,-,-,a,a,a,a,a,a,-,a,a,a,b,b,b,b,b,b,b,b,b,b,b,b,b,-,b,b,-,-,b,b,-,b,b,b,b,b,b,b,b,b,b,b,b,b,b,b,b,b,b,a,a,a,a,a,a,a,a,a,a,a,b,b,b,b,-,b,-,b,b,b,b,b,b,b,b,b,b,b,b,b,b,b,b,b,b,b,b,b,b,b,-,b,b,b,b,b,b,-,b,b,b,b,b,b,b,b,-,b,b,b,b,b,b,b,b,b,b,b,b,b,b,b,b,a,a,a,a,a,a,a,a,a,-,a,a,a,a,-,a,a,a,a,-,a,a,a,a,a,a,a,-,-,a,a,a,-,a,a,a,a,a,a,a,a,-,a,a,a,-,b,a,a,-,a,a,a,a,a,a,a,a,-,a,a,a,a,a,-,a,-,-,a,a,a,a,a,a,a,a,a,a,a,a,b,-,b,b,b,b,b,b,b,b,b,b,b,b,b,-,-,b,b,b,b,b,b,b,b,b,-,b,b,b,b
216,1.6683524,1.66667,b,b,b,b,b,-,b,b,b,a,a,a,a,a,a,a,a,a,a,a,-,-,a,a,a,a,a,b,b,b,b,-,-,b,b,b,b,b,b,b,-,b,b,b,a,a,a,a,a,a,a,b,-,a,a,a,a,a,a,a,a,a,a,a,a,a,a,a,a,-,a,a,a,a,a,a,-,a,b,b,b,b,-,b,b,b,b,b,b,b,b,b,b,b,b,b,b,b,b,b,b,b,b,b,b,b,a,a,a,-,a,a,a,a,a,a,a,a,a,a,a,a,a,a,a,a,b,a,a,-,-,-,a,-,b,a,a,a,a,a,a,a,a,a,a,a,a,-,a,a,a,-,-,b,a,b,b,b,-,-,b,b,b,b,b,b,b,-,b,-,b,b,b,b,b,b,b,b,b,b,b,b,b,a,a,a,a,a,a,-,a,a,a,a,a,a,a,b,a,a,a,a,a,a,a,a,-,a,a,a,a,a,a,a,a,a,a,a,a,a,a,a,-,-,a,a,b,b,b,-,b,-,b,b,-,b,-,-,-,b,-,-,-,b,b,b,b,b,b,b,b,b,b,b,b,b,b,b,b,b,b,b,b,b,b,a,a,a,a,a,a,a,a,-,-,-,a,a,a,a,a,a,a,a,a,a,a,a,a,b,b,-,b,-,b,b,b,b,b,-,b,b,b,b,b,b,b,b,b,b,b,b,b,b,b,-,b,b,-,b,b,b,b,b,-,b,b,-,-,b,-,b,b,b,b,b,b,b,b,a,a,a,a,a,a,a,-,a,a,a,a,a,a,a,a,a,a,a,-,a,a,a,a,a,a,a,a,a,a,-,a,a,a,a,a,a,a,-,a,a,a,a,a,-,a,a,a,a,a,a,a,a,a,a,a,a,-,a,-,a,a,a,-,-,a,a,-,a,a,-,-,a,a,a,a,-,a,a,a,b,b,b,b,b,b,b,b,b,-,b,b,b,b,b,-,b,b,b,b,b,b,b,b,b,b,b,b,b,b,b
217,1.0370207,1.11167,b,b,b,b,b,b,b,b,b,b,b,b,b,b,b,-,-,b,b,b,b,b,b,b,b,b,b,-,b,b,b,b,b,b,b,a,a,a,a,a,b,a,b,b,b,b,a,b,b,a,b,b,b,b,b,b,-,b,a,a,b,b,b,b,-,a,-,b,b,b,b,b,-,b,b,-,b,b,-,b,b,b,b,b,b,b,b,b,b,b,b,b,b,b,-,b,b,b,b,b,b,b,b,a,b,b,a,a,a,a,b,b,b,b,a,a,-,a,a,a,a,a,a,a,a,a,a,a,-,a,a,a,-,a,a,a,a,a,b,b,a,a,a,a,a,a,a,a,a,a,a,a,-,a,a,a,-,a,-,a,a,b,b,a,b,b,b,a,a,a,b,b,b,b,b,b,-,b,a,a,b,a,b,b,b,b,b,b,b,b,b,b,b,b,b,b,b,b,b,-,b,b,b,b,b,b,b,b,b,b,b,b,-,b,b,b,b,b,b,b,b,b,b,b,b,b,-,b,b,b,b,b,b,b,b,b,b,b,-,b,b,-,b,b,b,b,b,b,-,a,b,b,b,-,b,b,b,b,-,b,b,b,b,b,b,b,b,b,b,b,b,b,b,-,b,b,b,-,-,b,b,b,b,b,b,a,a,b,a,a,a,a,a,a,a,a,a,a,a,-,b,a,a,-,a,b,a,b,b,b,a,b,a,a,-,a,a,a,a,a,-,a,a,-,a,a,-,a,a,a,a,-,a,a,a,a,a,a,a,a,a,b,b,a,b,b,b,b,b,b,b,a,a,b,-,-,b,b,a,a,a,a,a,a,a,a,-,a,a,a,a,-,a,a,a,a,a,a,a,a,-,-,a,-,a,b,b,a,b,b,-,b,b,b,b,-,b,b,b,b,b,b,b,b,a,b,b,b,b,b,b,b,b,b,b,b,b,b,b,b,b,b,b,b,b,b,b,b,b,b,b,b,b,b,b,b,-,b,b,b,b,b,-,b,b,b,b,b,b,b
218,1.6439588,1.73667,-,-,a,a,b,b,-,b,a,a,a,a,a,b,b,-,b,b,a,b,b,b,b,a,a,b,b,b,b,b,b,b,b,b,b,a,b,a,b,b,b,a,b,b,b,-,b,-,b,a,-,a,a,a,-,a,a,a,b,a,a,a,a,a,a,-,a,a,b,a,-,a,-,a,a,a,a,b,a,a,a,-,a,a,a,-,-,b,a,a,b,a,-,a,-,a,a,a,b,b,b,b,b,a,b,b,-,a,-,b,b,a,a,-,b,b,b,b,b,b,b,b,b,b,b,b,b,b,b,b,b,b,b,b,b,b,a,b,b,a,b,b,b,-,b,-,b,b,b,-,-,b,b,b,b,b,b,b,b,b,a,a,b,b,a,a,b,-,-,b,a,a,a,a,a,a,b,a,b,-,a,b,a,a,a,a,a,b,a,a,a,a,a,a,a,-,a,a,a,a,-,a,a,a,a,a,-,-,a,a,a,b,a,a,a,a,a,a,b,b,b,b,a,b,a,b,b,b,a,b,b,b,b,b,b,b,b,b,b,b,-,b,-,b,b,-,b,b,b,-,b,b,-,a,a,a,a,a,a,a,a,a,a,a,a,a,a,a,a,a,a,a,a,a,a,a,-,a,a,a,-,a,a,a,a,a,a,a,b,b,b,a,b,b,a,b,a,a,a,a,a,b,a,-,b,-,b,b,b,b,b,b,b,b,b,b,b,b,-,b,-,b,b,b,-,-,b,-,b,b,-,-,b,b,b,-,a,b,b,b,b,a,b,b,b,b,b,-,b,b,b,-,-,b,b,b,b,b,b,b,-,b,b,b,b,b,b,b,b,b,b,b,b,b,b,b,b,b,b,b,b,b,b,b,a,-,b,b,b,b,-,b,b,b,b,b,b,b,b,-,b,b,b,b,a,a,a,-,a,a,-,a,a,-,a,a,a,a,a,a,a,b,a,a,a,a,b,a,a,b,a,b,a,a,a,a,-,a,a,-,a,a,a,b,b,a,-,b,b,a
219,1.6632041,1.66833,-,a,a,a,a,a,b,-,b,b,b,a,b,-,-,-,a,a,b,a,-,-,a,a,a,a,a,a,a,a,a,b,b,b,b,b,a,a,a,a,b,b,b,b,b,b,a,-,-,a,b,b,b,b,-,b,b,b,a,a,b,-,b,b,-,a,b,b,a,b,b,-,-,b,-,b,b,a,-,b,b,b,b,b,-,-,a,a,a,-,a,b,b,b,b,b,b,-,a,a,a,a,a,a,a,a,a,a,b,-,b,b,b,b,a,a,a,-,a,-,a,a,a,-,a,a,a,a,a,b,-,b,b,-,-,-,b,-,-,b,-,b,a,a,a,a,a,-,a,b,a,a,-,-,b,b,-,b,b,-,b,b,-,b,b,a,a,-,b,b,b,b,b,b,b,b,b,b,b,-,b,b,a,a,a,a,a,a,a,a,-,-,-,-,-,-,a,a,a,a,a,a,-,-,a,a,a,-,a,a,a,a,a,a,a,-,a,a,a,a,a,a,a,-,b,a,a,a,b,-,b,b,b,b,b,b,b,b,-,b,b,b,-,b,-,b,b,b,-,-,b,b,b,-,-,b,b,b,b,b,b,a,a,a,a,a,a,a,a,a,a,a,-,-,a,a,a,b,a,b,-,b,b,b,b,a,a,b,b,b,a,b,a,b,b,a,-,b,b,b,b,b,b,b,b,b,b,b,b,b,b,b,b,b,-,b,b,b,b,b,b,b,b,b,-,b,b,b,-,b,b,b,b,-,b,a,a,b,b,b,a,a,a,b,a,-,a,b,a,-,a,b,b,a,a,-,a,a,a,b,b,b,b,b,a,a,a,a,-,a,a,a,a,b,-,b,-,a,a,a,-,a,a,-,a,a,a,-,-,a,a,-,a,a,-,a,a,a,a,-,-,a,-,a,b,a,a,a,-,-,-,a,a,-,a,a,-,-,a,a,-,a,b,a,a,a,b,a,a,b,a,a,-,-,a,-,a,a,-,a,a,a,-,a,a,a,a,a,a,b
220,1.8642881,1.89,-,a,a,a,a,a,a,-,a,a,a,a,a,-,-,a,-,a,a,a,a,a,a,a,a,a,a,a,-,a,a,a,-,a,-,b,b,-,b,b,a,b,a,-,a,a,b,b,-,b,b,a,a,a,a,-,a,a,b,b,a,a,a,a,a,b,a,b,b,b,-,-,b,b,-,a,-,b,a,-,a,a,a,a,a,-,b,b,b,-,b,a,a,a,-,-,-,-,b,b,-,b,-,b,a,a,a,b,a,b,a,a,a,a,-,b,b,-,b,b,b,-,b,-,-,b,b,b,b,b,-,b,b,b,b,b,b,-,b,-,b,b,b,b,b,-,b,b,b,a,b,b,b,a,a,a,a,a,a,a,a,b,b,a,b,-,b,a,-,a,b,b,b,b,b,b,-,b,a,a,b,-,b,a,a,a,a,a,a,a,a,-,a,-,a,a,-,a,a,a,a,a,-,a,a,a,a,a,a,-,a,a,a,a,a,a,a,-,a,a,a,a,a,a,a,-,-,a,b,a,a,a,a,a,a,a,a,a,-,-,-,-,a,a,a,a,a,a,a,a,a,a,a,-,a,-,a,a,a,a,b,b,b,b,b,a,a,a,a,b,-,-,b,-,a,a,a,a,a,-,a,a,a,a,-,b,b,a,b,b,b,b,b,b,-,b,b,-,b,b,b,b,b,b,b,b,b,b,b,b,b,b,b,b,b,b,-,b,b,-,b,b,b,b,-,b,-,a,a,a,a,a,a,a,a,-,b,b,b,-,a,a,a,a,a,a,a,a,a,a,a,a,a,a,a,-,a,a,a,a,a,a,a,a,a,a,a,a,a,a,a,a,a,a,a,a,a,-,a,a,-,a,a,a,-,a,a,a,a,a,a,a,-,-,a,a,-,-,a,a,a,a,a,a,a,a,-,a,-,-,a,b,a,a,a,a,a,a,a,a,a,a,a,b,b,-,a,-,b,a,b,a,-,-,b,-,b,b,b,b,b,-,b,a,a,-,-,a,a,a
221,.,.,b,-,b,b,-,-,a,b,a,a,a,b,a,b,b,-,-,a,a,a,a,a,-,b,b,b,b,a,-,a,-,a,-,a,-,a,b,b,b,b,a,a,a,-,a,a,b,a,-,a,a,b,a,a,a,-,a,a,a,a,a,a,a,-,a,a,a,-,b,a,a,a,a,a,a,-,-,a,a,-,a,-,a,-,a,a,a,a,a,-,a,a,a,a,-,a,-,a,a,a,a,a,a,-,b,b,b,a,b,a,b,b,b,b,a,a,a,-,a,a,a,-,-,a,a,-,-,-,b,b,b,-,b,-,-,b,a,-,b,b,b,b,b,-,b,-,b,b,b,b,b,-,-,b,b,b,b,b,-,b,a,a,b,a,a,b,a,-,a,a,a,a,a,a,a,a,a,a,a,b,a,a,b,a,a,a,b,a,a,b,b,b,b,b,b,-,-,b,-,b,b,-,b,-,b,-,b,-,a,b,b,a,-,b,b,a,a,b,b,b,b,b,b,b,a,b,b,b,a,-,b,-,b,b,b,-,b,-,-,b,-,b,b,b,b,b,b,b,b,b,a,a,a,a,-,a,a,a,a,a,a,a,a,a,a,b,b,b,b,b,b,-,b,b,b,b,a,a,a,-,a,a,a,a,a,a,a,a,b,b,b,b,b,a,a,b,a,a,a,-,a,a,a,a,a,b,a,b,b,b,b,b,b,a,a,a,b,a,a,-,a,b,-,-,a,a,a,a,a,a,-,a,a,a,a,b,b,a,a,a,b,b,b,a,a,a,a,-,a,a,a,a,a,a,a,a,a,-,a,a,a,a,a,a,-,a,a,a,-,a,a,-,a,a,a,-,a,a,a,a,a,a,b,a,b,a,a,a,a,a,-,a,a,a,a,-,-,a,-,a,a,a,a,b,a,a,a,-,a,a,-,a,a,a,a,a,a,-,a,a,a,b,a,a,a,-,a,a,a,a,a,b,a,-,-,a,a,a,a,a,a,-,-,b,b,b,-,b,b,a
222,0.7207708,0.77667,a,-,b,b,a,a,b,-,b,b,b,b,b,-,-,-,a,-,a,a,-,-,-,a,a,a,a,-,-,-,a,a,a,a,-,a,-,-,a,a,-,a,-,-,a,-,a,-,-,a,-,-,-,-,-,-,-,-,a,a,-,-,-,-,a,a,a,-,a,-,-,-,-,a,-,-,a,a,-,-,-,-,a,-,-,-,a,a,a,-,a,-,a,a,-,-,-,a,a,a,a,a,a,-,a,a,a,a,a,-,a,a,a,a,-,-,-,-,a,-,-,a,-,a,-,-,-,-,-,-,-,a,a,-,a,-,-,a,b,b,-,-,a,a,a,-,-,a,a,b,-,a,-,-,-,-,-,-,-,-,b,b,b,a,b,-,-,-,a,b,a,a,a,a,a,a,b,a,-,-,a,-,a,b,b,b,-,b,b,-,a,a,-,-,a,-,a,a,-,-,-,a,-,-,a,-,a,a,b,a,-,-,-,-,-,b,b,-,a,-,b,a,-,-,b,-,-,-,b,-,-,-,-,-,-,b,-,b,-,-,-,-,-,b,b,b,-,-,b,b,-,-,b,b,-,b,-,-,-,-,a,a,a,a,a,b,b,b,b,-,b,-,-,a,a,-,-,a,-,-,-,-,-,-,-,a,a,-,a,a,a,a,a,b,-,a,-,-,-,b,a,a,b,-,-,a,b,a,a,a,a,a,a,-,b,b,a,b,b,b,-,a,-,-,-,-,-,b,-,b,-,-,-,-,-,a,a,a,a,a,a,a,a,a,-,-,b,a,b,b,b,a,a,b,-,b,b,-,-,a,a,a,a,a,-,b,-,b,-,b,-,-,-,a,a,a,b,-,-,-,-,-,a,-,-,-,-,-,-,-,-,-,-,b,-,-,-,b,-,b,-,-,-,b,a,a,-,-,-,-,-,a,-,a,a,a,-,a,a,-,-,a,a,a,-,-,a,-,-,a,-,a,-,-,-,-,b,-,-,b,-,b,-,a,b,-,-,b,b,b
223,1.0605483,1.09667,a,-,a,b,-,b,b,b,b,b,b,b,b,b,b,-,a,b,a,a,a,a,a,a,b,a,b,a,-,a,-,a,a,a,-,a,a,a,a,a,a,a,a,a,a,-,a,b,a,a,-,-,-,a,a,a,a,-,a,a,a,a,-,-,-,a,a,-,b,b,b,b,-,-,b,b,b,b,b,a,a,a,a,a,a,a,a,a,a,a,a,a,a,a,-,a,-,a,a,a,a,a,a,-,a,a,a,a,a,a,a,a,a,a,-,a,a,a,a,-,a,a,a,a,-,a,a,a,a,a,-,a,a,a,-,-,a,a,-,a,a,-,a,a,-,a,a,a,a,a,a,a,a,a,a,-,a,a,a,a,a,a,a,a,a,a,a,-,a,a,a,a,a,a,a,a,a,a,a,-,b,b,a,a,a,a,-,a,a,a,-,a,-,a,a,a,-,-,-,a,-,a,a,a,a,a,a,-,a,-,a,a,a,-,a,a,a,-,a,-,a,a,-,a,a,b,b,b,b,b,-,b,-,b,b,b,b,b,b,b,b,-,b,b,b,b,b,-,-,b,-,a,a,a,-,a,a,a,a,a,a,a,a,a,a,b,b,b,b,b,-,-,-,-,b,b,-,b,b,b,b,b,b,b,b,b,b,b,b,b,b,b,b,-,b,b,b,b,b,b,b,b,b,b,b,b,b,b,b,b,b,b,b,b,b,-,b,b,b,-,-,b,b,-,b,b,b,b,b,b,b,b,b,b,b,b,b,b,b,a,a,a,a,a,a,a,-,a,a,a,-,-,b,a,a,a,a,-,a,b,-,-,-,-,-,a,a,a,a,a,-,a,a,a,a,a,a,a,b,a,a,a,a,-,-,a,a,a,-,-,a,a,a,a,-,a,a,a,a,a,a,-,-,a,a,b,-,b,b,b,b,b,a,b,b,b,b,b,b,-,b,b,b,b,b,b,b,b,b,b,b,b,b,b,b,b,b,-,-,-,b,-,b,b,b,-,b,b,b,b
224,1.9491908,1.945,a,-,-,-,a,a,a,-,a,a,a,-,a,a,a,a,a,a,a,a,-,-,a,-,-,-,-,a,a,-,-,a,-,-,a,a,-,-,-,-,a,a,-,-,a,a,-,-,a,b,-,b,b,-,b,-,b,b,-,-,-,b,b,b,b,-,b,b,b,b,b,b,-,-,a,-,a,a,a,-,a,a,a,-,a,a,-,-,-,a,-,a,-,b,-,b,-,a,b,b,-,-,-,a,a,a,a,a,a,a,-,a,a,a,a,a,a,a,a,a,-,a,a,a,-,a,a,a,a,a,-,a,-,a,a,a,a,a,a,-,a,a,a,a,a,a,a,a,a,a,-,-,-,-,-,a,-,a,a,a,a,a,-,a,a,-,-,a,a,a,-,a,a,a,a,a,a,a,-,a,a,a,-,-,-,b,b,-,-,b,b,-,b,b,-,-,b,b,b,b,-,-,b,-,b,b,-,-,a,-,a,-,-,-,b,b,b,-,-,b,-,-,b,-,b,-,b,b,b,b,b,b,b,b,-,b,b,b,b,b,b,b,b,b,b,b,b,b,-,b,-,b,-,b,-,b,b,b,-,b,b,b,b,-,-,a,a,-,a,a,-,-,-,a,a,a,b,b,b,b,-,-,-,b,b,b,b,b,b,b,b,-,a,-,b,-,a,a,a,-,-,-,a,a,-,a,a,-,-,-,-,a,a,a,a,a,-,-,-,a,a,a,-,-,a,-,a,a,a,a,a,b,b,b,b,-,-,b,b,-,-,-,-,b,b,-,-,b,b,b,-,-,b,-,b,b,b,-,b,b,b,b,b,b,-,b,b,-,-,b,b,-,a,b,b,b,-,b,b,-,b,b,-,b,-,-,b,b,-,b,-,-,b,b,-,b,b,b,-,b,b,b,b,b,b,b,-,b,b,b,b,b,-,b,b,a,-,-,-,a,a,a,-,-,a,-,-,a,-,-,a,a,-,-,a,a,a,a,-,-,a,a,a,a,a,a,a,a,a,-
225,1.9472558,1.95833,b,b,b,b,b,b,b,b,b,b,b,b,b,b,b,b,-,-,b,-,-,b,b,b,b,b,b,b,-,b,b,-,-,-,b,b,b,b,b,b,-,b,b,-,b,-,b,-,-,b,b,b,b,b,-,-,b,b,b,b,-,-,b,b,-,-,b,-,b,b,b,b,-,b,b,b,b,b,b,-,b,b,b,b,b,b,b,b,b,b,b,b,b,b,b,-,b,-,b,b,-,b,-,-,b,b,b,-,b,-,b,b,b,b,a,b,-,-,-,b,b,b,-,-,b,-,b,-,b,-,-,a,-,a,-,a,a,a,a,-,a,-,a,a,a,a,a,a,a,a,a,-,a,-,a,a,a,-,a,a,a,a,a,-,a,a,a,-,a,a,-,a,a,a,a,a,-,a,a,-,a,-,a,-,-,b,b,b,b,b,-,-,b,b,b,-,b,b,-,b,-,-,b,-,-,b,-,-,b,b,b,b,-,b,b,b,b,b,-,b,b,b,b,b,b,-,b,b,a,a,-,a,a,a,a,-,-,a,a,a,-,-,-,b,b,b,b,-,b,-,b,-,-,b,-,b,-,-,-,b,b,b,b,-,b,a,a,a,a,-,-,a,-,-,a,a,a,a,a,-,-,a,a,a,a,a,a,a,a,a,a,a,a,-,a,-,-,a,a,-,a,a,-,-,b,b,b,b,b,b,b,b,b,b,b,-,-,-,-,b,-,b,-,b,b,-,b,b,b,-,-,b,b,-,-,b,b,b,b,-,b,a,a,b,a,-,b,a,a,a,a,a,a,a,a,a,a,a,a,a,a,a,a,a,a,a,a,a,a,a,-,-,-,a,a,a,a,a,a,-,-,-,a,a,a,a,a,-,a,a,a,a,-,-,-,a,a,-,-,a,a,-,a,a,a,a,a,-,a,a,-,a,a,a,a,a,a,a,a,a,a,a,a,a,a,a,a,a,-,a,a,a,a,a,a,a,-,a,a,a,a,a,a,a,a,a,a,a,a,a
226,1.9044549,1.89,a,a,a,a,a,a,a,a,a,a,a,a,a,a,-,a,-,-,-,-,-,-,a,a,a,a,a,a,a,-,-,-,-,a,a,a,a,a,a,a,a,a,a,a,-,-,a,a,a,a,-,b,a,a,a,a,a,a,a,a,-,-,a,a,a,a,a,-,b,b,b,b,b,b,b,-,b,b,b,b,b,-,b,-,b,b,b,b,b,b,b,b,b,b,-,-,b,b,b,b,b,b,b,b,b,b,b,-,b,b,b,b,b,b,-,b,b,b,-,-,b,b,-,b,b,b,b,-,b,-,-,-,a,-,a,a,a,a,a,a,-,-,a,-,-,a,a,a,a,a,-,-,a,a,a,-,a,-,a,-,a,a,a,a,a,a,a,a,a,-,a,a,a,a,a,a,a,a,a,a,a,a,a,b,b,b,b,b,b,b,-,b,-,b,b,b,-,b,b,b,b,-,b,b,b,b,b,-,b,-,b,b,b,b,-,b,b,b,b,b,b,b,a,b,b,-,b,b,b,-,b,b,b,b,b,-,-,b,b,b,-,b,-,-,b,b,b,b,b,b,-,b,-,-,-,b,-,-,b,b,b,b,-,b,b,a,-,a,a,-,-,a,-,-,a,a,a,a,a,-,-,-,-,a,a,a,a,a,a,a,a,a,a,a,a,a,a,-,-,a,a,a,a,-,a,-,-,a,a,a,a,a,a,a,a,a,a,-,a,a,-,a,-,a,a,a,a,-,a,-,-,a,a,a,-,a,a,a,a,b,b,b,b,b,-,b,b,b,-,-,-,-,b,b,b,-,b,b,b,b,-,b,b,b,-,-,b,b,-,b,-,-,b,b,b,b,-,b,b,-,b,b,b,b,b,-,b,b,-,-,-,-,b,b,b,-,b,b,b,b,b,-,-,b,b,a,-,a,a,a,a,a,a,a,a,a,-,a,a,a,-,a,a,-,a,a,a,-,-,a,-,a,a,-,-,a,-,a,a,a,-,-,a,a,a,-,a,-,a,a
227,1.6512932,1.64,a,a,a,a,-,a,a,-,a,a,a,a,a,a,a,-,a,a,a,-,a,-,a,a,a,a,a,a,-,-,a,a,a,a,a,a,a,a,a,a,-,a,-,a,a,a,a,b,-,a,-,b,-,a,-,a,a,a,a,a,a,a,-,a,-,-,a,a,a,a,-,-,a,-,-,b,-,b,b,-,b,-,b,b,b,b,b,b,b,b,b,b,b,b,-,b,b,b,b,b,-,b,-,a,-,b,b,-,b,b,b,b,b,b,b,b,b,-,b,b,-,b,-,b,-,b,-,a,a,-,-,b,b,b,b,b,-,b,a,-,b,-,b,b,-,b,b,b,b,b,-,-,-,b,b,-,b,b,-,b,b,b,b,b,b,b,b,a,a,a,-,a,a,a,a,a,a,a,-,a,a,-,a,a,a,a,a,a,a,a,-,a,-,a,b,b,b,-,-,b,b,b,-,b,b,-,b,-,b,-,b,b,-,-,b,b,b,-,-,b,b,b,b,b,b,b,b,b,b,b,b,b,b,b,b,b,b,b,b,b,-,-,-,b,b,b,-,b,b,-,b,b,b,-,-,-,-,b,b,-,b,b,b,b,b,a,a,a,a,a,-,a,a,-,a,a,-,a,a,-,a,-,a,a,a,a,a,a,a,a,a,a,a,-,a,b,-,b,b,b,b,b,b,b,b,b,-,b,b,-,b,b,b,b,b,b,-,b,-,b,b,b,-,b,-,-,b,-,-,-,b,b,-,-,b,b,b,b,b,b,b,b,b,b,b,b,-,b,b,b,b,b,b,-,-,b,b,b,b,b,b,b,b,-,b,b,-,b,b,b,-,b,b,b,b,b,b,b,b,b,b,-,b,b,b,b,b,b,-,b,b,-,b,b,b,b,b,b,-,b,-,b,b,b,b,b,-,-,b,b,b,b,b,b,b,b,b,-,b,b,b,b,b,b,b,b,b,b,b,b,b,b,b,b,a,a,a,a,a,a,-,-,a,a,a,-,a,a,a,a
228,1.617554,1.625,-,a,b,b,a,a,b,a,b,b,b,b,b,-,a,a,a,a,b,a,a,a,a,b,b,b,b,-,a,a,a,-,a,a,a,b,b,b,b,b,b,b,b,b,b,b,b,-,-,b,b,b,b,b,b,b,b,b,a,a,b,b,b,-,b,a,b,b,a,b,b,b,b,b,b,b,b,a,b,b,-,b,b,-,b,b,a,a,a,b,a,b,b,b,b,b,b,b,a,a,a,a,a,a,b,b,b,-,b,a,b,b,b,-,a,a,a,a,a,a,a,a,a,a,-,a,a,a,a,a,-,a,a,a,-,a,a,-,-,b,a,a,a,a,a,a,a,a,a,b,-,a,a,a,b,b,b,-,b,b,b,b,b,b,b,b,b,b,b,b,a,a,a,a,a,a,b,a,-,b,a,-,a,a,a,a,a,a,a,a,a,a,a,b,b,b,b,b,b,b,b,-,b,b,b,-,b,b,a,b,b,a,b,b,b,a,a,b,b,b,a,b,b,b,a,b,b,b,a,b,b,-,b,b,b,b,b,b,b,b,b,b,b,b,b,b,b,b,b,b,b,b,a,a,a,a,a,a,a,a,a,a,a,a,a,a,a,a,a,b,b,b,b,b,b,b,-,a,a,a,a,a,a,a,a,a,a,a,b,b,b,b,b,a,-,b,a,a,a,a,b,b,a,-,a,b,a,b,b,b,b,b,b,a,a,a,b,-,a,a,a,b,b,b,b,-,b,a,-,-,a,-,a,a,a,-,b,b,b,b,b,b,b,b,b,b,b,-,b,-,-,b,b,b,b,-,b,b,b,b,b,b,b,b,b,b,b,a,a,a,a,a,a,b,b,b,a,a,-,a,a,a,b,a,b,b,b,b,-,b,b,b,b,b,b,-,b,b,b,-,b,b,a,a,b,a,a,a,a,a,a,b,a,b,b,a,a,a,b,a,a,b,b,a,a,a,b,a,a,b,a,b,-,a,a,a,-,-,a,a,a,a,a,b,b,-,a,a,a,a
229,1.6640066,1.70833,a,a,a,a,-,-,a,a,a,a,a,a,a,a,-,-,a,a,a,a,a,-,-,a,a,a,a,b,b,a,b,-,-,a,a,a,b,a,a,a,-,a,a,a,a,a,a,b,a,a,a,a,a,-,-,a,a,-,a,a,-,-,-,-,b,b,-,b,b,b,b,b,b,b,b,b,b,b,-,-,-,-,b,b,b,-,b,b,b,b,b,b,-,-,b,b,-,b,b,b,b,b,b,-,b,b,b,-,b,b,b,b,-,b,a,b,b,-,-,-,-,b,b,-,-,-,b,b,-,b,b,-,b,b,-,-,-,b,b,b,b,-,-,b,b,b,-,b,-,b,b,b,b,b,b,-,b,b,b,b,b,b,b,b,b,b,b,b,b,b,b,b,b,b,b,b,-,b,-,b,b,b,b,b,b,b,b,b,b,b,-,-,b,-,b,b,b,b,b,-,b,b,-,b,-,b,b,-,b,b,b,b,-,-,b,b,b,b,-,b,b,b,b,-,b,b,-,b,b,-,-,b,b,b,b,b,b,b,b,b,b,b,b,b,-,-,b,-,-,-,b,b,b,-,-,-,b,b,b,-,b,b,b,b,b,a,a,a,a,-,a,a,a,a,a,a,a,a,a,-,-,-,-,a,-,a,a,a,a,a,a,a,a,a,a,a,-,a,-,a,a,a,a,a,-,a,-,a,a,a,a,a,a,-,-,b,b,b,-,-,b,b,-,b,b,b,b,-,-,-,-,b,b,-,b,b,b,b,b,b,a,a,a,a,-,-,-,-,a,-,a,a,a,-,a,-,-,a,a,a,a,a,a,a,-,a,-,a,-,a,a,a,a,a,a,a,a,-,-,-,-,-,a,a,-,a,-,a,-,-,a,a,a,a,a,a,a,-,-,a,-,-,-,a,a,-,a,a,a,-,-,a,-,a,a,a,a,-,a,a,a,a,a,-,-,-,a,a,a,a,-,a,-,a,a,a,a,a,a,-,a,a,-,a,a,a,a,a,a,a
230,1.2883345,1.34667,b,b,b,b,b,-,-,b,b,b,b,b,-,b,b,-,b,b,-,b,b,b,b,-,b,b,b,b,b,b,b,b,b,b,b,b,b,b,b,b,b,b,b,-,a,a,a,b,-,a,a,a,a,-,a,a,a,a,a,a,a,-,b,b,b,a,-,-,b,b,b,-,b,b,b,b,b,b,b,b,b,b,b,-,b,-,b,b,b,b,b,-,b,b,b,b,b,b,b,b,b,b,b,a,a,a,a,b,b,b,b,b,b,-,b,b,b,b,b,-,b,-,b,-,b,b,b,b,b,b,b,b,a,a,a,a,a,a,b,a,a,a,a,-,a,a,a,a,a,-,-,-,a,a,-,-,a,a,a,a,a,a,a,a,a,a,-,-,-,a,a,-,a,a,a,a,a,a,a,a,a,a,b,b,b,b,-,b,b,b,b,-,b,b,b,b,b,b,b,b,b,b,b,-,-,b,b,b,b,b,b,b,b,b,b,b,b,b,a,b,b,b,b,b,b,a,a,a,a,a,a,a,b,b,b,b,b,b,b,-,b,-,b,b,b,b,b,b,b,b,b,b,b,b,b,b,b,b,b,b,b,b,b,b,b,b,b,b,b,b,b,b,b,b,b,b,b,-,-,a,-,-,a,a,a,a,a,-,a,a,a,a,a,a,a,a,a,a,a,a,a,a,a,a,a,a,a,a,a,-,a,a,a,a,a,a,a,-,a,a,a,a,a,-,a,-,a,a,a,a,a,a,a,a,a,a,a,a,a,a,a,a,a,a,a,a,a,-,a,a,-,a,-,a,-,a,a,a,a,a,a,a,a,a,-,a,a,a,a,a,a,a,a,a,a,a,a,a,a,a,-,a,a,a,-,a,a,a,a,a,a,-,a,a,a,a,a,a,a,a,a,a,-,a,a,a,a,a,a,a,a,a,a,a,a,a,a,a,a,a,a,b,b,b,b,b,b,-,b,b,-,b,b,b,-,-,b,b,b,b,b,b,b,b,b,b,b,b,b,b
231,1.606632,1.65333,b,b,b,b,b,b,b,-,b,b,b,b,b,b,b,b,-,b,b,b,b,b,b,b,b,b,b,b,b,b,b,b,b,b,b,b,b,b,b,b,b,b,b,b,b,b,b,b,b,b,b,-,b,b,b,-,b,b,b,b,-,-,b,b,b,-,b,b,b,b,b,b,b,b,b,b,b,b,b,b,b,a,b,b,b,b,b,b,b,b,b,-,b,b,b,b,b,-,b,b,-,b,-,b,b,b,b,b,a,a,a,a,a,a,a,a,a,a,a,a,a,a,-,a,a,a,a,a,-,a,a,a,a,-,a,a,a,a,a,-,a,-,-,-,a,a,-,a,a,a,a,a,a,a,a,-,a,a,a,a,a,a,a,a,a,a,a,-,-,-,-,a,a,a,a,a,a,a,a,a,a,a,a,-,-,a,a,a,a,a,-,a,a,a,a,a,a,a,a,a,a,a,a,a,a,a,a,a,a,a,a,a,a,a,a,a,b,a,a,a,a,a,a,-,a,a,a,a,a,a,a,a,a,a,a,a,a,b,a,a,a,a,a,a,a,a,a,a,a,-,a,a,a,a,b,b,-,b,b,b,a,a,b,-,b,b,b,b,b,b,b,b,b,b,-,b,b,b,b,b,b,b,b,b,b,b,b,b,b,b,b,b,b,b,b,-,b,b,b,b,b,b,b,b,a,b,a,a,a,a,a,a,a,a,a,a,-,a,a,a,a,a,a,a,a,a,-,a,a,a,a,a,a,a,a,a,a,a,a,-,b,b,b,b,b,b,b,b,b,b,b,b,b,b,b,b,b,b,b,b,b,b,b,b,b,-,b,-,-,b,b,b,b,b,b,b,b,b,b,b,b,b,b,b,b,b,b,a,b,b,b,a,a,a,a,a,a,a,a,b,-,a,a,a,a,a,a,a,a,a,a,a,a,a,a,a,a,a,a,a,a,a,a,a,a,a,a,a,-,a,a,a,a,a,a,a,a,a,a,a,a,a,a,a,a,a,a,a,a,a
232,1.4979313,1.55667,b,b,b,b,b,b,-,b,b,a,a,a,a,a,a,a,a,a,a,a,a,-,a,a,a,a,a,a,a,a,a,b,b,b,b,b,b,b,b,b,b,b,b,b,b,b,b,b,b,b,b,b,b,b,b,b,b,b,b,b,b,b,a,a,a,b,a,a,a,-,a,a,a,a,a,a,a,a,-,a,a,a,a,a,a,a,a,a,a,a,a,a,b,a,a,a,a,a,a,a,a,a,a,b,b,b,b,-,b,b,a,a,a,a,a,a,a,a,a,a,a,a,a,a,a,a,a,a,a,a,a,a,a,a,a,a,a,a,a,a,a,a,a,a,a,a,a,-,a,-,a,a,a,a,a,a,a,a,a,a,a,a,a,a,a,a,a,a,a,a,a,a,a,a,a,a,a,a,-,a,a,a,a,a,a,a,-,a,a,a,a,a,a,a,a,a,a,a,a,a,a,a,a,a,a,a,a,a,a,a,a,a,a,a,b,a,a,a,a,a,a,a,a,a,a,a,a,a,a,a,a,a,a,a,a,a,a,a,a,a,a,a,a,a,a,a,a,a,a,b,b,b,b,b,b,b,b,b,b,b,b,b,b,b,b,b,b,b,b,b,b,b,b,b,b,b,b,b,b,b,b,b,b,b,b,b,b,b,b,b,b,b,b,b,b,b,b,b,b,b,b,b,b,b,b,b,b,b,b,b,b,b,b,b,b,b,a,b,a,a,a,a,a,a,a,a,a,a,a,a,a,a,a,a,a,a,a,a,a,b,b,b,b,b,b,b,b,b,b,b,b,b,b,b,b,b,b,b,b,b,b,b,b,b,b,b,b,b,-,b,b,b,b,b,b,b,-,b,b,b,b,b,b,b,b,b,b,b,b,b,b,b,b,b,b,b,b,b,b,b,b,b,b,b,b,b,b,a,b,b,b,b,b,b,b,b,b,b,b,b,-,b,b,b,b,b,b,b,b,b,b,b,b,b,b,b,b,b,b,-,b,b,b,b,b,a,a,a,a,a
233,1.4871072,1.57,a,a,a,a,a,a,a,-,a,a,a,a,a,a,a,a,a,a,a,a,-,-,a,a,a,a,a,a,a,a,a,a,a,a,b,a,a,a,a,a,b,a,-,b,a,a,a,b,b,a,b,b,b,b,b,b,-,b,a,a,b,-,b,b,b,-,-,b,a,b,b,b,b,-,b,-,b,a,b,a,a,a,a,-,a,a,a,a,a,a,a,a,a,a,-,-,a,-,a,a,-,a,-,b,a,a,a,b,a,b,a,a,a,a,b,b,b,b,b,b,b,b,-,-,-,-,b,-,b,b,b,b,b,b,b,b,-,-,-,-,b,b,-,b,b,b,b,b,b,b,b,b,-,b,a,b,b,b,-,b,a,a,a,b,a,a,a,-,b,b,-,a,a,a,a,a,b,b,b,b,b,b,b,-,-,b,b,b,b,b,b,b,b,b,b,b,b,b,b,b,b,b,b,b,-,b,b,b,a,b,b,a,b,b,b,a,a,b,b,b,a,b,b,b,a,b,b,b,a,b,b,b,-,b,-,b,b,b,b,b,b,b,b,b,b,b,b,b,b,-,a,a,a,-,b,b,a,a,a,a,a,a,a,-,a,b,b,b,b,a,a,a,a,a,a,a,a,b,b,b,b,b,b,b,b,b,b,b,b,b,b,b,b,-,-,-,a,a,a,a,b,b,-,a,a,b,a,b,b,b,b,b,b,b,-,b,-,-,b,b,-,a,b,b,b,b,-,b,b,b,b,b,a,a,a,a,a,a,b,-,b,b,b,b,b,b,b,b,-,b,a,b,b,-,a,a,a,a,a,b,b,b,b,b,b,a,-,a,a,a,a,a,a,a,a,a,-,a,a,a,a,a,a,a,a,a,a,a,a,a,a,a,a,-,a,a,a,a,a,a,a,a,a,b,b,a,a,a,a,a,a,b,a,a,a,b,b,b,a,b,b,a,a,b,-,b,a,b,b,a,b,a,b,b,-,b,b,b,b,b,b,a,a,a,a,a,-,a,a,a
234,1.5661923,1.58167,b,b,b,b,b,b,b,b,b,b,b,b,b,b,b,-,a,b,b,-,b,-,b,b,b,b,b,-,b,b,b,b,-,-,b,b,b,b,b,b,b,b,b,b,-,b,b,-,b,b,b,b,b,b,b,b,b,b,b,b,b,b,b,-,b,b,-,b,b,b,-,-,b,b,b,b,-,b,b,a,a,-,b,-,-,-,b,b,b,b,b,-,b,b,b,b,b,b,b,b,a,b,a,a,-,-,-,b,a,-,a,a,a,a,a,a,a,-,-,a,a,a,a,a,-,a,-,-,a,-,a,a,a,-,-,-,a,a,a,a,a,a,-,-,a,a,-,a,-,a,-,a,-,-,a,a,-,a,a,-,a,a,a,a,a,a,a,a,-,-,b,a,a,a,a,a,a,a,a,a,a,a,a,a,a,b,-,b,b,-,b,b,b,b,b,b,b,b,b,b,b,b,b,b,b,b,-,-,b,b,b,b,b,b,-,b,b,b,b,b,b,-,a,b,b,b,b,b,b,-,b,b,b,-,-,b,b,b,b,-,-,-,b,b,b,b,-,b,b,b,a,b,b,-,b,-,b,b,b,b,b,b,b,b,b,a,a,a,a,a,a,a,a,-,a,a,a,a,a,a,a,a,a,a,a,a,a,-,b,b,b,b,b,b,b,b,b,b,b,b,b,b,b,b,b,b,b,b,b,b,b,b,b,-,b,b,a,b,b,b,b,b,b,b,b,b,b,b,b,b,b,b,b,b,b,b,b,b,b,b,b,b,b,b,b,b,-,b,b,-,-,b,b,b,-,b,a,a,-,a,a,a,a,a,a,a,a,-,a,a,a,-,a,a,a,a,a,-,a,a,a,a,a,-,-,a,a,a,a,-,a,-,a,a,a,a,a,-,a,a,a,-,a,a,a,a,-,a,a,-,-,a,a,a,a,a,-,a,a,b,b,b,b,b,b,b,b,b,b,b,-,b,b,b,b,b,b,b,b,b,b,b,b,b,b,b,b,b,b,b
235,0.7610179,0.77833,b,b,b,b,b,b,b,a,a,a,a,a,a,a,a,a,a,a,a,a,a,-,a,a,a,a,a,a,a,a,a,a,a,a,a,a,a,a,a,a,a,a,a,a,a,a,a,-,a,a,-,a,a,a,a,a,a,a,a,a,-,a,a,a,-,-,a,-,a,a,a,a,-,a,a,a,a,a,a,a,a,-,a,a,a,a,a,a,a,a,a,a,a,a,a,a,a,a,a,a,-,a,-,b,b,b,b,b,b,b,b,b,b,b,b,b,b,b,b,b,b,b,b,b,b,b,b,a,a,a,a,a,a,a,a,a,a,a,a,-,a,a,a,a,a,b,b,b,b,b,b,b,b,b,b,b,b,b,b,b,b,b,b,b,b,b,b,b,b,b,-,b,b,b,b,b,b,b,b,-,b,b,b,-,-,b,-,b,a,b,b,b,a,a,a,a,b,b,b,b,-,b,b,b,b,-,-,b,b,b,b,b,b,b,b,b,b,b,b,b,b,-,b,b,b,b,b,b,b,-,b,b,b,b,b,b,b,b,b,b,b,b,b,b,b,b,b,b,b,b,b,b,b,b,b,-,b,b,b,b,b,b,b,-,b,a,a,a,b,a,a,a,b,b,b,b,b,b,-,b,b,b,b,b,b,b,b,b,b,b,b,b,b,b,b,-,b,b,b,b,b,b,b,b,b,b,b,b,b,b,b,b,b,b,b,b,-,b,b,b,b,b,b,b,b,b,b,b,b,b,b,b,b,b,b,-,b,b,b,-,a,a,a,a,a,a,a,a,a,a,a,a,a,a,a,a,a,a,a,a,a,a,a,a,a,a,a,a,a,a,a,-,a,a,a,a,a,a,a,a,a,a,a,a,a,a,a,a,a,a,a,a,a,a,-,a,a,a,a,-,a,a,a,a,a,a,a,-,a,a,a,a,a,a,a,a,a,a,a,a,-,a,a,a,a,a,a,a,a,a,-,a,a,a,a,-,a,a,a,a,a,a,a,a,a,a,a,a,a,a
236,0.8847824,0.93,a,a,a,b,-,b,b,b,b,a,a,a,a,a,a,-,a,b,a,a,a,a,a,a,a,a,a,-,a,a,a,a,a,a,a,a,a,b,b,b,b,b,b,b,b,b,b,b,b,b,b,b,b,b,a,a,a,a,a,a,a,a,-,a,a,-,a,a,a,a,a,a,a,-,a,-,a,a,a,a,a,-,a,a,a,-,a,a,a,a,a,a,a,a,-,a,a,a,a,a,a,a,a,a,a,a,a,a,a,a,a,a,a,a,a,a,a,a,a,a,a,-,-,b,b,b,b,b,b,b,b,b,b,b,b,b,-,b,b,-,b,b,b,b,b,b,b,b,b,b,-,b,b,b,b,b,b,b,b,b,b,b,b,b,b,b,b,b,b,b,b,b,b,b,b,b,b,b,b,b,b,b,b,-,-,b,b,b,b,b,-,b,-,b,b,-,b,b,b,b,b,b,b,b,b,b,b,-,b,b,b,b,b,-,b,b,b,b,-,b,b,b,b,b,b,b,b,b,b,b,b,b,b,b,b,b,b,b,b,b,b,b,b,b,b,b,b,b,b,b,b,b,b,b,b,b,b,b,b,b,b,b,b,b,b,b,b,b,b,b,b,b,b,b,b,b,b,a,-,b,b,b,b,b,b,b,b,b,b,b,b,b,b,b,b,b,b,b,b,b,b,b,b,b,b,b,b,b,b,b,b,b,b,b,b,b,-,b,b,b,-,b,b,b,b,b,b,b,-,b,b,b,b,b,b,b,b,b,b,b,b,a,a,b,b,b,b,a,a,a,a,a,a,a,a,a,a,-,a,a,a,a,a,a,-,a,a,a,a,a,a,a,a,a,a,a,a,a,a,a,-,a,a,a,a,a,a,a,a,a,a,a,a,a,a,a,a,a,a,a,a,a,a,a,a,-,a,a,a,a,a,a,a,a,a,a,a,a,a,a,a,a,a,a,a,a,a,a,b,b,b,b,b,b,b,b,b,b,b,b,b,b,b,b,b,b,b,b,b,b
237,1.4996482,1.54167,a,a,-,-,a,a,a,a,a,a,a,-,a,a,-,-,a,-,a,-,a,-,a,-,-,a,-,-,a,-,a,a,a,a,-,a,a,-,a,a,a,a,a,a,a,-,a,-,-,b,-,-,b,b,-,b,b,b,b,b,b,b,-,b,-,-,b,-,b,b,b,-,-,b,b,b,-,b,b,b,-,-,a,a,a,a,a,a,a,a,a,-,a,a,a,a,-,a,a,a,-,b,-,b,b,b,b,b,b,b,-,b,b,b,a,b,b,-,b,-,-,-,b,-,b,b,b,b,b,b,-,-,-,b,b,-,b,b,b,-,-,-,b,b,b,b,b,b,-,b,b,b,-,b,-,b,-,b,b,b,b,b,a,b,b,a,a,b,b,-,-,b,b,b,b,b,-,b,b,-,b,-,-,-,-,a,a,-,-,a,-,a,a,-,-,a,-,a,a,a,-,-,a,-,-,-,-,a,a,a,-,b,a,-,b,b,b,-,b,b,b,-,a,b,b,-,b,b,b,b,b,b,b,b,b,b,-,-,b,b,b,-,b,b,b,b,-,a,-,-,a,-,-,a,b,-,b,b,-,-,a,a,a,-,a,b,b,b,a,b,b,b,b,a,-,a,-,a,a,-,-,a,-,b,a,a,a,a,a,a,a,-,a,a,a,-,a,-,a,-,a,-,a,-,a,a,a,-,b,-,-,a,a,a,a,-,-,a,a,a,a,a,-,-,-,-,a,a,-,-,a,-,-,a,-,a,-,a,a,-,-,b,-,b,b,b,b,b,b,b,b,b,b,b,-,b,b,-,-,a,a,a,a,a,-,-,-,a,a,-,a,-,-,a,a,a,a,a,a,a,a,a,-,-,-,-,a,a,-,a,a,-,-,-,a,-,a,a,-,a,a,a,-,a,a,a,-,a,-,-,-,a,-,a,a,a,-,a,-,-,-,b,-,b,b,b,-,b,-,-,-,b,b,b,b,b,-,b,b,b,b,-,b,b,b,-,-,b,b,b
238,1.7648975,1.83333,a,a,a,a,-,a,a,a,b,a,b,a,b,a,a,a,a,-,b,-,a,a,-,a,a,a,a,a,-,a,a,a,a,a,-,a,a,a,a,a,a,a,a,a,-,a,a,b,b,b,-,b,b,b,b,-,b,b,b,b,b,b,b,b,b,b,b,-,b,b,b,b,b,b,b,b,b,b,b,b,b,a,a,a,a,a,a,a,a,a,b,a,a,a,a,a,a,-,a,a,a,a,a,b,b,b,b,b,b,b,b,b,b,b,-,b,-,b,-,-,b,b,b,b,-,b,b,b,b,b,b,b,-,b,b,b,b,b,b,b,b,b,b,b,b,b,b,b,b,b,b,b,-,b,b,-,b,-,b,b,b,b,b,b,b,b,b,b,b,b,b,a,b,b,b,a,-,a,b,b,b,b,b,a,a,a,a,a,a,a,a,-,a,a,a,a,a,a,a,a,a,-,-,a,a,a,a,a,a,a,a,a,a,b,b,b,b,b,b,b,b,b,b,b,b,b,b,b,b,b,b,b,b,b,-,b,b,b,b,b,b,b,b,b,b,b,a,a,a,a,a,a,a,-,b,b,b,b,b,-,b,a,b,b,b,b,a,b,a,b,b,b,b,a,a,a,a,a,-,a,a,a,a,a,a,a,a,a,a,a,a,a,a,-,a,a,-,a,a,-,a,a,a,-,a,a,a,a,a,a,a,a,b,a,a,a,a,a,a,a,-,b,a,a,a,a,a,a,a,a,a,a,a,a,a,a,a,a,a,b,b,b,b,a,b,b,b,b,b,b,b,b,b,b,b,b,b,-,b,a,-,-,a,-,b,b,b,-,b,a,a,-,a,a,a,a,a,a,a,a,a,-,a,a,a,-,a,a,a,a,a,a,a,-,a,a,a,a,a,a,a,a,-,a,a,-,b,a,a,a,a,a,a,a,a,-,a,a,a,a,-,b,b,b,b,b,b,b,b,b,b,b,-,b,b,-,b,-,b,-,b,b,b,b,b,b,b,b,b,b
239,0.4826708,0.555,b,b,b,b,-,b,b,b,b,b,b,b,b,b,b,-,a,a,b,-,a,-,a,a,a,a,a,a,a,a,-,a,a,-,a,a,a,a,a,a,a,a,a,a,-,-,a,-,a,a,-,-,-,a,a,-,a,a,a,a,a,a,a,a,a,a,-,a,a,a,a,a,-,a,-,a,a,a,-,a,-,a,-,-,a,-,a,a,a,a,a,a,a,a,-,a,a,-,a,a,a,a,a,-,a,b,a,a,a,-,a,a,a,a,a,a,-,-,a,a,a,a,a,a,a,a,a,-,-,b,b,b,b,b,-,-,b,-,b,-,-,-,b,b,-,b,b,-,b,b,-,-,b,b,b,-,b,-,b,b,b,b,b,a,b,b,a,a,a,-,a,b,-,a,a,b,a,b,-,-,a,a,a,-,b,b,-,b,b,b,b,-,b,b,b,b,a,a,a,-,-,b,b,-,-,-,b,-,b,b,b,b,b,b,-,-,b,-,-,b,b,b,a,b,b,-,-,-,b,-,-,-,b,b,-,b,b,b,-,-,b,-,-,-,-,b,-,b,-,-,a,-,-,-,-,-,a,-,-,a,a,a,a,a,a,b,b,b,b,-,b,b,-,-,b,-,-,-,a,-,a,-,-,a,a,-,a,a,a,a,a,a,a,-,-,a,a,a,a,a,a,a,a,a,a,a,a,a,a,a,a,a,b,-,a,-,-,-,a,a,-,a,a,-,a,-,a,a,a,-,a,a,a,-,a,a,a,a,a,a,a,a,a,a,a,a,a,a,a,a,a,a,a,-,a,-,a,-,a,a,a,a,a,a,-,a,a,a,-,a,a,-,a,a,a,a,a,a,a,a,-,-,a,-,a,a,a,a,-,a,-,a,-,-,a,-,a,a,-,a,-,a,-,a,a,a,-,a,a,-,-,a,a,a,a,a,-,-,a,-,-,a,a,a,a,-,a,-,a,a,a,a,a,-,-,-,-,-,-,a,a,-,b,a,b,-,-,b,b,b
240,1.3686841,1.43167,a,-,a,a,a,a,a,a,a,a,a,a,a,-,a,-,-,a,a,-,a,a,a,a,a,a,a,-,-,a,-,-,a,a,-,a,a,a,a,a,a,a,a,-,-,-,a,a,a,a,a,-,a,a,a,a,a,a,a,a,a,-,a,a,-,-,a,-,a,a,-,a,a,a,a,-,-,a,-,-,a,-,a,-,a,a,a,a,a,-,a,a,a,a,a,a,-,a,a,a,-,a,-,-,a,a,a,-,a,a,a,a,a,a,a,a,-,a,-,-,-,a,-,-,-,a,-,a,a,a,a,-,a,-,a,-,a,a,a,-,a,a,a,-,a,a,a,a,-,a,-,a,-,a,a,a,a,a,-,-,-,a,a,a,a,a,a,a,-,a,-,a,a,a,a,a,-,a,-,a,a,-,a,-,-,b,-,b,b,-,b,-,-,b,-,-,b,-,-,b,b,b,b,-,b,-,b,-,b,-,b,b,-,b,b,b,b,b,b,b,b,b,b,b,b,b,b,b,a,-,a,-,-,a,a,a,a,a,a,a,-,a,-,-,-,a,-,a,a,a,a,-,a,-,-,a,a,a,a,a,a,a,a,-,a,b,b,b,b,b,b,b,b,b,-,-,-,-,-,-,-,b,b,b,b,b,b,b,b,b,b,b,b,b,b,-,b,b,-,-,b,b,a,a,a,a,-,a,a,a,-,a,a,-,-,a,-,-,-,a,a,a,-,-,a,a,a,a,a,-,-,-,a,-,a,a,a,a,a,-,a,a,a,a,b,b,b,a,a,a,-,a,a,a,a,-,a,a,a,a,a,a,a,a,a,a,-,a,a,a,-,a,a,a,a,a,-,-,a,-,a,-,a,-,-,a,a,-,a,a,a,a,-,a,-,-,a,a,a,a,a,a,a,-,a,a,a,a,a,a,a,a,a,a,a,a,a,a,a,-,a,a,a,a,a,a,a,a,-,a,-,a,a,a,-,b,b,b,b,-,b,b,b,b,b,b,b,b,b,b
241,1.2070993,1.20667,-,a,a,a,-,a,a,-,a,a,a,a,a,a,a,a,-,-,a,-,-,-,-,a,a,a,a,-,a,a,a,-,a,a,-,a,a,a,a,a,a,a,a,a,-,-,a,-,a,a,a,a,-,a,a,a,a,-,a,a,a,-,a,a,a,-,a,-,a,-,b,b,-,b,b,-,b,b,-,-,b,-,b,-,-,-,b,a,b,-,b,b,-,-,b,b,b,b,b,b,-,b,-,b,b,b,b,b,b,b,b,b,b,b,-,b,b,-,b,b,-,-,b,-,b,-,-,b,b,-,-,b,a,-,-,-,-,a,a,a,a,a,a,a,a,a,a,a,a,a,a,-,a,-,a,-,-,-,b,b,b,b,b,b,b,b,b,-,b,b,b,b,b,b,b,b,-,b,b,b,a,a,b,a,a,a,-,a,a,-,-,a,a,b,b,a,-,-,-,a,a,-,-,-,-,a,-,a,a,a,a,a,-,-,-,a,a,a,-,a,a,a,-,a,a,a,-,a,b,b,b,b,-,-,b,b,b,-,b,-,b,b,b,b,-,b,b,b,-,b,-,b,-,b,-,-,b,b,-,b,b,b,b,b,b,a,a,a,a,a,-,-,-,a,-,a,a,-,-,a,a,-,-,a,a,a,a,a,a,a,a,a,a,a,a,-,-,a,-,a,a,a,a,-,-,a,-,b,b,b,b,b,b,b,b,b,-,b,-,b,b,b,b,b,-,-,b,b,b,b,-,a,-,a,-,a,a,a,a,-,a,a,a,a,a,-,a,-,a,-,a,a,b,b,-,-,b,b,-,b,b,b,b,b,b,-,-,-,b,-,b,-,b,a,a,a,-,b,-,a,-,-,b,-,-,-,-,-,a,-,-,-,-,-,a,a,a,-,-,-,-,a,-,-,a,a,-,a,a,a,-,a,a,a,b,a,-,a,-,-,-,a,a,a,a,a,a,-,a,a,-,a,a,-,a,a,-,a,a,a,-,a,a,a,a,a,-,a,a,a
242,1.8244393,1.835,-,a,a,a,a,a,a,a,a,a,a,a,a,-,a,a,-,a,a,-,-,a,-,a,a,a,a,b,-,b,a,-,-,-,a,a,a,a,a,a,a,a,a,-,a,a,a,b,-,a,-,-,a,a,a,-,a,-,a,a,-,-,-,a,a,-,a,a,a,a,-,a,-,a,a,-,a,a,a,a,-,-,a,-,a,a,a,a,a,a,a,a,-,a,a,a,-,a,a,a,-,a,-,a,a,a,a,-,a,a,a,a,a,a,-,a,a,a,a,-,-,a,a,a,a,-,a,a,-,a,-,a,a,a,a,a,a,a,a,-,a,a,a,a,a,a,-,-,-,a,a,a,a,a,a,a,-,-,a,-,-,a,a,-,-,a,a,b,b,b,-,-,a,a,a,a,-,a,-,-,-,a,a,-,-,b,b,b,b,b,b,-,b,-,b,b,b,b,-,b,-,-,b,b,-,b,b,b,b,-,b,b,b,b,b,b,b,b,-,b,b,b,a,b,b,b,b,b,b,b,-,-,b,b,-,b,b,b,b,b,b,b,b,-,-,b,b,b,b,b,b,b,b,b,b,b,-,b,b,b,-,b,-,-,b,a,-,a,a,-,a,a,a,-,a,-,b,b,b,b,b,b,b,b,b,b,b,-,b,b,b,b,b,-,b,-,-,b,-,-,b,b,b,b,-,b,-,b,b,b,b,b,-,b,-,b,-,b,-,-,b,-,b,-,b,-,-,b,b,b,b,a,-,-,a,a,a,a,a,-,b,b,b,b,-,b,b,b,b,b,b,-,b,b,b,b,b,-,-,b,b,b,b,-,-,-,b,-,-,b,-,b,b,b,b,b,b,b,b,b,b,-,b,-,b,b,b,b,-,b,-,b,b,b,b,b,b,b,b,-,b,b,-,-,b,b,b,-,b,b,b,b,b,b,b,b,b,b,b,b,-,b,b,b,-,b,b,-,b,b,-,b,b,b,-,b,b,-,-,b,b,-,b,b,b,b,b,-,b,b
243,1.9260451,1.945,a,-,a,a,a,a,a,a,a,a,a,a,a,a,a,a,-,-,a,-,a,a,a,a,a,a,a,a,a,-,a,a,a,a,a,a,a,a,a,a,a,a,a,a,-,a,a,b,-,a,-,-,a,a,a,a,a,a,a,b,b,-,-,b,-,-,b,b,b,b,-,b,b,b,b,b,b,b,b,b,b,-,b,b,b,b,b,b,b,b,b,b,b,-,b,b,b,b,b,b,-,b,-,-,b,b,b,b,b,b,b,b,b,b,b,b,b,b,b,b,b,b,b,b,b,b,-,b,b,b,b,b,b,b,-,b,b,b,b,-,b,b,b,-,b,b,b,b,b,b,b,b,-,b,b,b,b,b,b,-,b,b,b,b,b,b,b,b,b,b,-,b,-,b,b,b,b,b,b,-,b,b,b,b,b,b,-,b,b,b,b,b,b,b,b,b,b,b,b,b,b,b,b,-,b,b,b,-,b,b,b,b,b,b,-,-,b,b,-,b,b,-,a,b,b,b,-,b,b,b,b,-,b,b,b,-,b,b,b,-,-,-,a,b,b,b,b,b,b,b,a,-,a,-,a,a,-,a,a,a,a,a,a,-,a,a,-,a,a,a,a,-,a,a,b,-,-,a,b,b,b,-,-,b,b,b,b,b,b,b,b,-,b,-,b,-,-,-,a,a,a,a,-,-,b,b,b,b,b,b,b,b,b,-,b,b,b,b,b,b,b,b,b,b,b,-,b,b,b,b,b,b,b,b,b,b,b,b,b,-,b,b,b,b,-,b,b,b,b,b,b,-,b,-,b,-,b,b,b,b,b,b,b,b,b,b,b,b,b,a,a,a,-,a,a,a,a,-,a,-,a,-,a,a,a,a,a,a,b,b,b,b,b,b,-,b,b,b,b,-,-,b,b,b,b,b,b,b,b,a,a,-,-,-,-,-,-,b,b,b,a,-,b,a,b,b,b,-,a,a,a,a,a,a,a,-,-,a,a,a,a,-,a,a,a,a,a,-,a,a
244,1.9213435,2,-,-,a,a,-,a,a,a,a,a,a,a,a,-,a,a,-,a,a,-,a,-,a,a,a,a,a,a,-,a,a,a,a,a,a,a,a,a,a,a,a,a,a,a,a,-,b,-,b,a,-,-,b,b,b,-,b,-,b,b,b,b,b,b,b,-,b,b,b,b,-,-,-,b,-,-,-,b,b,-,b,a,a,-,-,-,b,b,a,a,b,a,-,a,a,-,a,a,b,b,-,a,-,b,b,b,b,b,b,-,b,b,b,b,b,b,-,b,-,-,b,b,b,-,-,b,b,b,b,b,-,-,b,b,b,a,-,-,b,-,b,b,-,b,b,-,b,b,b,b,-,-,b,b,b,-,-,b,b,b,b,b,b,b,b,b,b,b,-,b,-,b,b,b,b,b,-,b,b,b,b,b,b,b,b,b,a,a,a,a,a,-,a,-,a,a,-,a,a,a,-,b,-,b,b,b,a,a,b,a,-,a,a,-,a,b,b,a,-,-,a,a,a,a,b,-,a,a,b,a,a,a,a,-,-,a,a,a,a,a,-,a,-,a,a,-,-,a,-,a,a,-,-,-,-,-,a,-,a,-,a,a,a,-,a,a,a,b,a,-,b,b,b,b,b,b,-,b,b,-,b,-,b,b,-,b,b,b,b,b,b,b,b,b,b,-,-,b,b,-,b,b,b,-,b,b,b,b,b,b,-,b,b,-,b,b,b,b,b,-,b,b,b,-,-,-,b,b,b,-,b,b,-,b,b,b,b,b,b,-,b,b,b,b,b,-,b,b,b,b,b,b,b,b,b,b,-,b,b,b,b,b,b,b,b,b,b,b,-,b,-,-,b,a,a,a,-,-,b,b,b,-,b,b,b,b,-,b,b,b,b,b,b,-,b,-,b,b,b,b,b,b,-,b,b,b,b,-,b,b,b,-,b,-,-,b,-,-,b,-,-,-,b,b,b,b,b,b,-,b,-,a,b,-,b,b,b,b,-,b,-,b,b,a,a,-,b,a,a,b
245,1.8084414,1.84667,-,-,b,b,-,-,b,b,b,b,b,b,b,-,b,-,-,-,b,b,-,-,b,b,b,b,b,-,-,b,-,-,-,b,b,b,b,b,b,b,-,b,b,-,-,-,b,-,-,a,b,a,-,-,-,-,a,a,a,b,b,-,-,-,-,b,-,-,b,b,-,-,-,b,-,-,-,b,-,-,b,b,-,b,b,-,b,b,b,b,b,-,-,-,-,b,-,-,b,b,-,b,-,-,b,b,b,b,b,-,b,b,b,b,-,-,-,-,-,b,b,-,-,-,-,-,b,-,-,-,-,-,-,b,-,-,-,-,b,-,a,-,a,-,-,-,a,a,-,a,a,-,-,-,a,a,-,-,-,-,-,a,a,-,a,a,a,-,a,-,-,a,a,a,-,a,-,a,-,-,a,-,a,-,-,a,b,a,a,-,-,-,-,a,a,-,a,a,-,-,-,-,-,-,-,-,-,-,a,-,-,a,-,-,-,b,b,-,-,b,b,b,b,b,b,-,-,-,b,-,b,-,b,-,b,-,-,-,-,-,-,-,-,b,b,-,-,b,-,-,-,-,-,b,-,-,-,-,-,b,b,b,b,b,b,a,a,a,a,-,-,-,a,-,a,-,a,-,-,-,-,-,-,b,a,b,a,-,a,a,a,a,a,a,-,b,a,-,-,a,a,a,a,-,-,a,-,a,a,a,b,a,b,b,-,-,-,-,-,b,-,b,-,-,-,-,-,-,-,b,-,-,b,-,-,b,b,b,b,b,b,b,b,b,b,-,-,b,b,-,b,-,b,-,b,-,-,-,b,a,a,a,a,a,a,-,a,-,-,a,-,-,-,a,a,a,-,a,-,a,a,-,a,-,-,-,-,a,a,a,-,-,-,-,-,-,-,a,-,-,-,a,a,a,a,-,-,-,-,-,-,a,a,a,a,a,-,a,a,-,-,a,a,a,-,-,a,-,a,a,a,a,-,-,-,a,-,-,-,-,-,-,-,a,a,-,-,a,a,a
246,1.7276605,1.72333,b,-,b,b,-,b,b,-,b,b,-,b,b,b,b,-,-,b,-,-,-,b,b,b,b,b,b,b,-,b,-,b,-,b,-,b,b,b,b,b,-,b,b,b,b,b,b,-,b,a,-,b,b,b,-,-,b,b,b,b,b,b,-,b,b,b,b,b,b,b,b,-,-,b,b,-,b,b,-,b,b,a,a,-,-,-,b,b,a,a,a,a,-,a,-,a,a,a,b,b,b,a,b,-,b,b,b,-,b,-,b,-,b,-,b,b,b,-,-,b,-,-,-,-,b,b,-,a,a,-,a,-,-,-,-,a,a,-,a,b,a,a,a,-,-,a,a,a,-,a,a,a,-,-,a,-,-,a,a,-,a,a,a,-,a,a,a,-,-,-,a,-,a,a,a,-,a,a,-,-,a,a,a,b,b,a,b,b,b,b,b,b,-,b,-,b,-,b,b,b,-,b,-,-,b,-,-,-,-,b,b,b,b,b,b,b,b,b,-,-,b,b,a,b,b,b,-,b,b,b,-,b,b,b,b,b,-,-,b,-,b,-,-,b,-,b,b,b,b,-,-,-,-,b,b,-,-,-,-,-,b,b,-,b,b,a,-,a,a,a,-,-,a,-,-,a,a,-,-,a,b,b,-,b,b,a,a,b,a,a,a,b,a,-,-,a,b,b,b,b,b,b,b,-,b,a,b,b,b,b,b,a,-,b,b,-,b,-,-,b,-,b,-,b,-,b,-,b,-,b,b,b,b,-,-,b,b,b,b,b,b,b,b,b,-,-,b,-,b,-,b,b,b,b,b,b,b,-,b,-,a,a,a,a,b,-,b,b,b,-,-,b,b,a,a,a,-,b,b,b,-,b,b,-,b,b,b,-,b,-,b,-,b,b,b,b,b,b,-,b,b,-,-,b,a,b,-,-,b,b,b,a,b,a,a,-,-,b,b,b,-,a,b,b,-,b,b,-,-,b,b,a,b,-,b,b,b,b,-,b,-,-,-,a,a,b,b,-,a,b
247,1.7776056,1.78571,-,-,a,a,-,-,a,-,b,b,b,a,b,-,-,-,-,-,b,-,-,-,-,a,a,a,a,-,-,-,-,-,-,-,-,b,a,a,a,a,-,b,-,-,-,-,a,-,-,b,-,-,-,-,-,-,-,-,a,a,-,-,-,-,-,b,-,-,b,-,-,-,-,-,-,-,-,b,-,-,-,-,-,-,-,-,a,a,a,-,a,-,-,-,-,-,-,-,a,a,a,a,a,-,b,b,b,-,b,-,b,b,b,b,-,-,-,-,-,-,-,-,-,-,-,-,-,-,-,-,-,-,-,-,-,-,-,-,a,a,-,-,-,-,-,-,-,-,-,a,-,-,-,-,a,-,-,-,-,-,a,a,a,-,a,a,a,-,-,-,a,a,a,a,a,a,-,a,-,-,a,-,a,b,b,b,-,b,b,-,-,-,-,-,-,-,-,-,-,-,-,-,-,-,-,-,-,-,b,-,-,a,-,-,-,b,b,-,-,-,a,-,-,-,b,-,-,-,b,-,-,-,-,-,-,-,-,-,-,-,-,-,-,-,-,-,-,-,-,-,-,-,-,-,-,-,-,-,-,-,b,b,b,b,a,a,a,a,a,-,-,-,-,-,-,-,-,-,-,-,-,-,-,-,-,b,b,-,b,b,b,b,b,-,-,b,-,-,-,-,b,b,-,-,-,b,-,b,b,b,b,b,b,-,-,-,b,-,-,-,-,b,-,-,-,-,-,-,-,-,-,-,-,-,-,a,a,b,b,b,b,b,b,b,-,-,-,b,-,-,-,b,b,-,-,-,-,-,-,b,b,b,b,b,-,-,-,-,-,-,-,-,-,b,b,b,-,-,-,-,-,-,b,-,b,-,-,-,-,-,-,-,-,-,-,-,-,-,-,-,-,-,-,-,b,-,-,-,-,-,-,b,-,b,b,-,-,-,a,-,-,b,a,-,-,-,a,-,-,a,-,b,-,-,-,-,-,-,-,-,-,-,-,b,b,-,-,b,b,b
248,1.7610419,1.72167,-,-,a,a,-,-,a,a,a,a,a,a,a,a,-,-,-,-,a,-,a,-,-,a,a,a,a,b,-,-,-,-,-,-,-,a,b,b,b,b,-,a,-,b,-,-,b,-,-,a,-,b,b,b,-,-,-,-,b,b,-,-,b,b,-,a,-,-,a,-,-,-,-,-,b,-,b,a,-,-,-,b,-,b,-,-,a,a,b,-,b,-,-,-,b,-,-,-,a,a,a,b,a,-,b,b,b,a,b,a,a,b,b,b,a,a,a,-,-,-,-,-,-,a,-,-,a,-,-,-,-,-,-,-,-,-,a,-,a,a,-,-,a,-,-,-,-,-,-,a,-,-,a,a,a,-,-,-,a,-,a,a,a,-,a,a,a,-,a,-,a,a,a,a,a,a,-,a,a,-,a,-,a,b,b,b,a,a,a,a,a,-,a,-,a,-,-,-,-,-,-,a,-,-,-,-,a,-,a,-,a,a,-,-,-,a,a,-,b,-,b,-,-,-,a,b,-,-,b,-,b,-,-,-,-,b,-,b,-,b,-,-,-,b,-,-,-,-,-,-,-,-,-,-,-,-,-,-,-,-,a,a,a,a,b,a,a,a,a,-,-,-,-,-,-,a,-,-,a,-,a,-,a,a,-,a,a,-,b,b,b,a,b,-,-,b,-,-,-,-,a,a,-,-,-,b,a,a,a,a,a,b,b,a,-,a,b,-,-,a,a,a,-,-,-,-,-,-,a,-,-,-,-,-,-,a,a,a,b,b,a,a,a,b,-,a,-,-,-,-,-,b,b,-,a,-,-,-,-,b,b,b,b,b,-,-,-,-,-,a,-,-,a,b,b,b,-,-,-,a,-,-,a,-,a,-,-,-,-,-,-,-,-,-,-,-,-,-,-,-,-,-,-,a,a,-,-,b,-,a,-,a,-,a,a,-,-,-,b,-,-,a,b,b,-,-,b,b,-,b,b,a,b,-,-,-,b,-,-,-,-,b,-,b,b,-,-,b,b,b
249,2.0125539,2,b,b,b,b,b,-,b,b,a,a,a,b,a,b,b,b,b,-,a,b,b,b,b,b,b,b,b,b,-,-,b,b,b,-,b,b,b,b,b,b,-,b,b,b,b,b,b,b,b,b,b,b,b,b,b,b,b,b,b,b,b,-,b,a,a,b,a,b,b,-,b,b,b,b,b,b,b,b,b,b,b,b,b,b,b,b,b,b,b,b,b,b,b,b,-,b,b,b,b,b,b,-,b,a,a,a,a,a,a,-,a,a,a,a,a,a,a,a,a,a,a,a,a,a,a,a,a,a,a,-,a,-,a,a,-,a,a,a,a,a,a,a,a,a,a,-,a,a,a,a,a,-,-,a,a,a,a,a,-,-,a,a,a,a,a,a,a,a,a,a,a,a,a,a,a,a,a,a,a,a,a,a,a,a,a,a,b,a,a,-,a,a,a,a,a,a,a,a,a,a,a,a,a,a,a,a,-,a,a,a,a,a,a,a,a,b,b,a,a,a,a,a,-,-,b,a,a,a,b,a,a,-,a,a,a,a,a,-,-,a,a,-,a,a,a,a,a,a,a,a,b,b,b,b,b,b,b,b,b,b,b,b,b,b,b,a,a,a,a,a,a,a,a,-,-,-,b,b,b,b,b,b,b,b,b,a,a,b,a,a,a,b,a,b,b,a,b,b,b,-,b,b,b,b,b,a,b,b,b,b,b,a,a,b,b,b,a,b,b,b,b,a,b,b,-,b,b,-,-,b,b,b,b,b,b,-,b,a,a,a,a,a,a,a,a,a,-,-,a,a,a,a,a,a,a,a,a,a,-,a,a,a,a,a,a,a,a,a,a,-,a,a,a,a,a,a,a,-,a,a,a,a,a,-,a,a,a,a,b,b,a,b,b,b,-,b,b,b,b,b,b,b,b,-,a,b,-,b,b,-,-,a,b,a,a,b,b,b,b,b,b,b,b,b,b,b,b,b,b,b,b,b,b,b,b,b,b,b,b,b,b,b,b,b,b,b,b,b,b,b
250,1.7741982,1.83333,a,a,a,a,a,a,a,a,a,a,a,a,a,a,a,a,a,a,a,a,a,-,a,a,a,a,a,a,a,a,a,a,a,a,a,a,a,a,a,a,a,a,b,a,b,a,b,b,b,b,b,b,b,b,b,b,b,b,b,b,b,b,b,b,b,-,-,b,b,b,b,b,b,b,b,b,-,b,b,b,b,b,b,b,b,b,b,b,b,b,b,b,b,b,b,b,b,b,b,b,-,b,-,b,b,b,b,b,a,a,a,a,a,a,a,a,a,a,a,a,a,a,a,a,a,a,a,a,a,a,a,a,a,a,a,a,a,a,a,-,a,a,a,a,a,a,a,a,a,a,a,a,-,a,a,a,a,a,a,a,a,a,a,a,a,a,a,a,a,a,-,a,a,a,-,a,a,a,a,a,a,a,a,-,-,b,b,b,b,-,b,b,b,b,b,b,b,b,b,b,b,b,b,b,b,b,b,b,b,b,b,b,b,b,b,b,b,b,b,b,b,b,b,-,b,b,b,b,b,b,b,b,b,b,b,b,b,b,b,b,b,b,-,b,b,b,b,b,b,b,b,b,b,b,b,b,b,b,b,b,b,b,b,-,b,b,b,b,b,b,b,b,b,b,b,b,a,a,a,a,a,a,a,a,a,a,a,-,a,a,a,a,a,a,a,-,a,a,a,a,a,a,a,a,-,a,a,a,a,a,a,a,a,a,a,a,-,a,a,a,a,a,a,a,a,a,a,a,a,a,-,a,a,a,a,a,a,a,a,-,b,b,b,b,b,b,b,b,b,b,b,b,b,b,b,b,b,b,b,b,b,b,b,-,b,b,b,b,b,-,b,b,b,b,b,b,b,b,b,b,b,b,b,b,b,b,b,a,a,a,b,a,a,a,a,a,a,a,a,a,a,a,a,a,a,a,a,a,a,-,a,a,a,a,a,a,a,a,a,a,a,a,a,a,a,a,a,a,a,a,a,a,a,a,a,-,a,a,a,a,a,a,a,a,a,a,a,a,a,a
251,1.6456911,1.65167,-,-,b,b,b,-,-,-,b,b,b,b,b,b,-,-,b,-,b,b,-,-,-,b,b,b,b,-,-,-,-,-,-,-,-,b,b,b,b,b,b,b,b,b,-,-,b,-,-,b,-,-,b,-,-,-,-,-,b,b,-,-,-,-,-,-,-,b,b,b,b,-,-,-,-,-,-,b,-,-,-,-,-,-,-,-,b,b,a,-,a,-,-,-,a,-,-,b,b,b,-,a,-,b,a,a,a,a,a,-,a,a,a,a,a,-,-,a,-,a,a,a,-,-,-,-,-,a,-,-,a,-,a,-,-,-,-,a,a,-,-,a,-,a,-,-,-,-,-,-,-,a,-,-,a,-,-,a,-,-,a,a,a,-,a,a,a,-,-,-,-,a,a,a,a,a,a,a,-,-,a,-,a,b,b,a,a,a,a,-,a,-,a,a,b,-,-,b,-,b,-,-,-,b,-,-,b,-,a,-,-,-,b,-,-,a,a,a,-,-,a,-,-,a,a,a,a,-,a,-,-,-,a,-,-,-,-,a,-,-,-,-,-,a,a,-,-,-,a,a,-,-,-,-,-,b,a,a,-,-,b,b,b,-,a,a,a,b,a,-,-,-,-,-,-,-,-,-,b,-,b,b,-,-,-,b,b,-,b,b,b,b,b,-,-,-,a,a,-,-,a,a,-,-,-,b,-,a,a,a,a,b,b,-,a,-,b,-,a,-,-,b,-,-,-,-,-,-,a,a,-,-,-,-,-,a,a,b,b,-,b,b,b,a,b,-,b,-,-,-,-,a,a,-,-,b,-,b,b,a,a,a,a,a,b,-,-,-,-,-,-,b,b,a,a,a,-,b,b,-,-,-,b,-,b,b,-,b,-,-,-,-,-,-,-,-,-,-,b,-,-,-,-,-,b,b,b,-,b,b,b,b,-,b,b,-,b,-,b,-,b,b,b,-,-,-,b,-,b,b,-,b,b,b,-,-,a,-,-,-,-,-,-,b,b,-,-,b,b,a
252,1.4590134,1.48667,b,b,b,b,-,b,b,-,b,b,b,b,b,-,-,-,-,b,b,-,-,-,-,b,b,b,b,-,b,-,-,-,-,-,-,b,b,b,b,b,b,b,-,-,b,-,b,b,-,b,-,-,-,-,-,-,b,b,b,b,-,-,-,-,-,-,a,-,b,b,-,b,-,-,-,-,b,a,-,a,a,-,a,-,-,-,a,a,a,-,a,-,-,-,b,-,b,b,a,a,-,a,-,a,b,b,a,-,a,-,a,a,a,a,a,-,-,-,-,-,-,a,-,-,a,-,a,-,-,-,-,-,-,a,-,a,a,-,a,-,-,a,a,-,-,-,a,-,-,a,-,-,-,a,a,-,-,-,-,a,a,a,a,a,a,a,a,-,-,-,-,a,a,a,a,a,-,a,-,-,a,-,a,a,a,a,b,a,a,-,-,-,a,-,a,a,a,-,-,-,-,a,a,-,a,a,-,-,-,-,-,a,a,-,a,a,a,-,-,-,a,-,-,-,a,a,-,-,a,-,-,-,-,-,a,-,-,-,-,-,a,-,-,a,-,-,a,-,-,a,b,b,-,-,b,-,-,-,-,-,a,a,a,-,b,b,-,a,-,-,-,a,-,-,-,a,b,-,-,b,-,b,-,-,-,b,b,-,b,b,b,b,a,b,b,-,-,b,-,-,b,b,-,-,-,a,b,b,b,b,b,a,a,-,-,-,a,-,-,-,b,a,b,-,-,-,-,b,-,b,b,-,-,b,b,b,b,a,a,-,a,a,a,b,a,-,-,a,-,-,-,b,b,-,a,-,-,-,-,b,b,b,b,b,-,a,-,a,a,-,-,a,a,b,b,b,-,-,-,-,a,-,a,-,-,a,-,a,-,a,a,-,-,-,a,a,-,a,-,-,-,-,a,a,b,-,-,-,b,b,-,b,b,b,b,-,b,b,b,-,-,b,b,b,-,-,b,-,-,b,-,b,-,-,b,-,b,b,-,-,-,-,b,a,a,-,b,a,a,b
253,0.8952474,0.91833,a,a,a,a,-,b,b,-,b,b,b,b,b,b,b,b,a,a,b,b,b,-,b,b,a,b,b,b,b,b,b,b,b,-,b,b,b,b,b,b,b,b,b,-,b,b,b,-,b,b,b,b,b,b,b,b,-,b,b,b,b,b,a,a,a,-,a,a,a,-,a,b,b,b,b,b,a,a,-,a,a,a,a,-,-,a,a,a,a,a,a,a,-,a,a,a,a,-,a,a,-,a,-,a,a,a,a,a,a,a,a,a,a,a,a,a,a,a,a,a,a,a,-,a,a,a,a,a,a,a,a,a,b,b,-,-,a,a,a,-,a,a,-,-,-,a,b,b,b,a,-,b,b,b,b,b,-,b,-,b,b,b,b,b,b,b,b,b,b,b,-,b,b,b,b,b,-,b,b,b,b,b,b,-,-,a,a,a,a,-,a,b,-,a,a,-,a,a,a,-,-,a,a,a,a,a,a,a,a,a,a,a,a,a,a,a,a,-,a,a,a,a,a,a,a,a,a,a,a,a,a,a,a,a,a,a,a,-,-,a,-,a,a,a,a,a,a,a,a,b,b,-,b,b,a,a,b,b,b,b,b,b,b,-,b,b,b,b,b,b,-,-,b,b,b,b,b,b,b,b,b,b,b,b,-,b,b,b,b,b,b,b,b,b,-,-,-,b,b,b,b,b,b,-,-,b,-,b,b,b,b,b,b,b,-,b,-,b,b,b,b,b,b,b,b,b,b,b,b,b,b,b,b,b,b,b,b,b,b,-,a,a,a,a,a,a,a,a,a,a,a,a,a,a,-,a,a,a,-,a,a,a,a,a,a,a,-,a,a,a,a,a,a,a,a,a,a,a,a,a,a,-,a,-,a,a,-,-,a,a,a,a,-,a,a,a,a,a,a,a,a,a,a,a,a,a,-,a,a,a,a,a,b,b,b,-,b,b,b,b,b,b,b,b,b,-,b,b,b,b,-,b,b,b,-,b,b,b,-,b,b,b,b,b,b,b,b,b,b,b
254,1.0340403,1.05667,-,-,a,a,-,-,a,-,a,a,a,a,a,-,a,-,-,-,a,-,-,-,-,a,a,a,a,-,-,-,-,-,-,-,-,a,a,a,a,a,a,a,-,-,a,-,a,-,a,a,-,-,a,-,-,a,-,a,a,a,-,-,-,-,-,-,a,-,a,-,a,-,-,-,-,-,-,a,a,-,a,-,-,a,-,-,a,a,a,-,a,-,-,a,a,-,-,a,a,a,-,a,-,b,b,b,b,-,b,-,b,b,b,b,b,b,-,-,-,-,-,-,-,-,b,-,-,-,-,b,b,-,-,-,-,-,b,-,b,-,-,-,b,-,-,-,b,-,-,b,-,-,b,-,b,-,b,-,-,b,b,b,b,b,b,b,b,b,-,-,-,b,b,b,b,b,-,b,b,-,b,-,b,-,-,b,-,b,b,-,b,b,-,-,b,-,-,b,-,-,-,b,-,-,-,-,b,-,b,-,-,b,-,b,b,b,b,-,b,-,b,b,b,-,b,-,-,-,b,b,-,b,-,-,-,-,-,b,-,-,-,b,-,-,-,b,-,-,-,-,-,b,b,b,-,a,-,-,-,-,b,b,b,-,b,a,a,a,a,-,a,a,-,-,a,a,-,-,-,-,a,-,-,b,-,a,a,a,a,a,a,a,b,-,-,-,b,b,-,-,b,b,-,-,-,b,-,b,b,b,b,b,a,b,-,-,-,-,-,-,-,a,a,-,-,-,-,-,-,-,-,-,a,-,-,a,a,a,a,-,a,a,a,a,-,a,-,a,-,a,-,a,a,-,-,a,-,a,a,a,a,a,a,a,-,-,a,-,-,-,a,-,a,a,a,a,-,-,-,-,-,a,a,-,a,-,-,-,-,a,-,-,b,-,b,b,-,b,b,-,-,-,-,b,b,-,-,-,b,b,-,b,-,b,b,b,-,-,b,b,-,b,b,-,-,b,b,b,-,b,-,b,-,-,b,b,b,-,-,b,-,-,b,b,b,b,-,b,b,b
255,1.7315135,1.75,-,-,a,a,-,-,a,-,a,a,a,a,a,-,-,-,-,-,a,-,-,-,-,-,a,a,a,-,-,-,-,-,-,-,-,a,a,a,a,-,-,a,-,-,-,-,a,-,-,b,-,-,-,-,-,-,-,-,b,b,-,-,-,-,-,b,-,-,b,-,-,-,-,-,-,-,-,b,-,-,-,-,-,-,-,-,b,b,-,-,b,-,-,-,-,-,-,-,b,b,b,b,b,-,b,b,b,-,b,-,b,b,b,b,-,-,-,-,-,-,-,-,-,-,-,-,-,-,-,-,-,-,-,-,-,-,-,-,a,a,-,-,-,-,-,-,-,-,-,a,-,-,-,-,-,-,-,-,-,-,b,b,b,-,b,b,-,-,-,-,b,b,b,b,b,b,-,a,-,-,a,-,a,a,a,a,-,a,a,-,-,-,-,-,-,-,-,-,-,-,-,-,-,-,-,-,-,-,a,-,-,-,-,-,-,-,a,-,-,-,a,-,-,-,a,-,-,-,b,-,-,-,-,-,-,-,-,-,-,-,-,-,-,-,-,-,-,-,-,-,-,-,-,-,-,-,-,-,-,-,b,b,b,b,-,a,a,a,b,-,-,-,-,-,-,-,-,-,-,-,-,-,-,-,-,a,b,-,b,a,a,a,a,-,-,a,-,-,-,-,a,a,-,-,-,b,-,b,b,b,-,b,b,-,-,-,b,-,-,-,-,a,-,-,-,-,-,-,-,-,-,-,-,-,-,a,-,a,b,b,b,b,b,b,-,-,-,b,-,-,-,a,a,-,-,-,-,-,-,a,a,a,a,a,-,-,-,-,-,-,-,-,-,a,a,a,-,-,-,-,-,-,a,-,a,-,-,-,-,-,-,-,-,-,-,-,-,-,-,-,-,-,-,-,a,-,-,-,-,-,-,a,-,-,a,-,-,-,a,-,-,a,a,-,-,-,a,-,-,a,-,a,-,-,-,-,-,-,-,-,-,-,-,a,a,-,-,a,a,a
256,1.5077853,1.57,b,-,b,b,-,b,b,b,b,b,b,b,b,b,b,b,-,-,b,b,b,b,b,b,b,b,b,-,b,b,b,-,-,-,b,b,b,b,b,b,-,b,b,b,b,b,b,b,-,-,b,b,-,b,-,-,b,b,b,b,-,b,-,b,-,b,-,-,b,b,b,-,-,b,-,b,-,b,-,-,-,-,b,-,b,-,b,b,b,-,b,b,-,b,-,-,b,-,b,b,b,b,b,-,-,-,-,a,a,-,a,a,a,a,-,a,a,-,a,-,a,-,-,a,a,-,a,a,a,a,-,-,-,a,a,a,a,a,-,a,a,a,a,-,-,-,a,-,-,a,-,-,-,-,a,a,a,a,-,a,-,a,a,a,a,a,a,-,b,-,a,a,a,a,a,a,-,a,b,b,a,b,b,b,b,b,b,b,b,b,-,b,b,b,b,b,b,b,-,b,-,b,-,-,-,b,-,a,b,a,a,a,a,a,a,b,b,-,a,-,a,a,a,a,b,-,-,a,b,-,-,b,b,-,-,b,-,b,b,-,b,b,b,b,b,a,a,a,-,b,-,-,a,-,-,b,-,-,-,b,b,-,b,b,a,a,a,b,a,a,b,b,-,-,b,-,a,-,-,a,-,-,a,a,b,a,a,-,b,b,b,a,b,-,-,b,-,-,-,-,a,a,-,-,-,b,a,a,a,a,a,b,b,a,-,a,b,-,-,-,-,b,a,-,a,a,-,a,-,-,-,a,a,a,a,a,a,b,b,b,a,a,a,b,-,a,a,a,a,-,a,b,b,a,-,a,a,a,-,a,a,a,a,a,a,-,-,a,a,a,a,-,a,a,a,a,-,a,a,a,-,-,a,-,-,a,a,b,b,-,-,b,-,b,b,-,b,-,b,-,b,-,b,b,a,-,b,-,b,b,-,a,b,a,a,b,b,-,b,b,b,b,b,b,b,-,b,b,-,b,-,b,-,-,b,-,b,b,-,b,-,b,-,b,b,-,-,b,b,b
257,1.5753663,1.55667,b,-,b,b,b,b,b,a,a,a,a,a,a,a,-,-,-,-,a,a,-,a,-,a,a,a,a,a,a,-,-,a,a,-,-,a,a,a,a,a,a,a,a,a,-,-,a,b,-,a,a,a,a,a,a,a,a,a,a,a,a,-,a,-,a,a,a,a,a,a,-,-,a,a,-,a,a,a,a,-,a,a,a,-,-,-,a,a,a,a,a,-,-,b,b,-,-,b,b,b,a,b,b,b,b,b,b,b,b,b,b,b,b,b,a,b,-,b,b,b,-,-,b,-,b,-,b,-,b,-,b,b,b,b,b,b,b,b,b,b,b,b,-,b,b,b,b,b,b,b,b,b,b,b,b,b,b,-,b,b,b,b,b,b,b,b,b,a,a,a,a,a,a,a,a,a,-,a,a,-,a,-,a,a,a,a,a,a,a,-,a,a,a,-,-,-,-,a,-,-,-,a,a,-,a,a,a,-,a,a,-,a,a,-,b,b,b,b,-,-,b,b,-,b,b,-,-,b,b,b,b,b,b,b,b,b,b,b,b,-,b,b,b,a,a,a,a,-,a,-,a,-,-,a,-,-,a,-,a,-,a,a,-,a,a,a,-,a,a,-,a,a,a,a,a,a,a,a,a,-,a,a,a,a,a,a,a,a,a,a,b,b,b,b,-,b,b,b,b,b,b,b,b,-,b,b,b,b,b,b,b,b,b,b,b,b,a,a,a,a,a,a,a,a,a,-,-,a,-,-,a,-,-,a,a,a,a,a,a,a,a,a,a,a,a,a,a,a,a,-,a,a,a,a,a,a,a,a,a,a,a,a,a,a,-,a,a,a,a,a,a,-,a,a,a,a,a,a,a,-,a,-,a,a,a,-,-,a,-,a,-,a,-,a,a,a,a,a,-,a,-,a,a,a,a,a,-,a,a,a,-,a,a,-,a,-,a,-,a,a,-,a,b,a,-,b,b,b,-,a,b,b,a,-,a,a,-,a,a,-,a,a,-,a,a,-,a,-,a,a
258,1.7517781,1.805,-,-,b,b,-,-,b,-,b,b,b,b,b,-,-,-,-,-,b,-,-,-,-,b,b,b,b,-,-,-,-,-,-,-,-,b,b,b,b,b,-,b,-,-,-,-,b,-,-,a,-,-,-,-,-,-,-,-,a,a,-,-,-,-,-,-,-,-,b,-,-,-,-,-,-,-,-,b,-,-,-,-,-,-,-,-,b,b,b,-,b,-,-,-,-,-,-,-,b,b,-,-,-,-,b,a,a,-,a,-,a,a,a,a,-,-,-,-,-,-,-,-,-,-,-,-,-,-,-,-,-,-,-,-,-,-,-,-,a,-,-,-,-,-,-,-,-,-,-,b,-,-,-,-,b,-,-,-,-,-,b,b,b,-,b,b,b,-,-,-,-,b,b,b,-,b,-,b,-,-,b,-,b,-,-,b,-,b,b,-,-,-,-,-,-,-,-,-,-,-,-,-,-,-,-,-,-,-,b,-,-,b,-,-,-,b,b,-,-,-,a,-,-,-,a,-,-,-,a,-,-,-,-,-,-,-,-,-,-,-,-,-,-,-,-,-,-,-,-,-,-,-,-,-,-,-,-,-,-,-,a,a,a,-,a,b,b,b,b,-,-,-,-,-,-,-,-,-,-,-,-,-,-,-,-,b,a,-,a,a,a,a,a,-,-,-,-,-,-,-,b,b,-,-,-,b,-,a,a,a,-,a,a,-,-,-,-,-,-,-,-,b,-,-,-,-,-,-,-,-,-,-,-,-,-,b,-,b,b,-,a,a,a,a,-,-,-,a,-,-,-,a,b,-,-,-,-,-,-,b,b,b,b,b,-,-,-,-,-,-,-,-,-,b,b,b,-,-,-,-,-,-,b,-,b,-,-,-,-,-,-,-,-,-,-,-,-,-,-,-,-,-,-,-,b,-,-,-,-,-,-,a,-,a,a,-,-,-,a,-,-,a,a,-,-,-,a,-,-,a,-,a,-,-,-,-,-,-,-,-,-,-,-,b,b,-,-,b,b,b
259,1.9991704,1.89,a,a,a,b,-,-,a,a,a,a,a,a,a,a,a,a,a,-,a,-,a,a,a,a,a,a,a,a,a,-,a,a,a,a,a,a,a,a,a,a,-,a,a,a,a,-,a,-,-,a,a,a,a,-,-,a,a,a,a,a,a,a,a,a,a,-,-,a,a,a,a,-,a,a,a,b,-,b,-,b,b,b,-,b,b,b,b,b,b,b,b,-,-,b,b,b,b,b,b,b,-,b,-,-,b,b,b,b,b,-,b,b,b,b,-,b,b,b,b,b,b,b,-,a,-,a,a,a,a,a,a,-,a,a,-,a,a,a,a,-,a,a,a,-,a,a,-,a,a,a,a,-,a,a,a,a,-,a,a,a,a,a,a,a,a,a,a,-,a,a,-,a,a,a,a,a,-,a,a,a,a,a,a,-,-,a,a,a,a,a,a,-,a,a,a,-,-,-,-,-,-,-,a,a,a,-,a,a,a,a,a,a,a,a,-,a,a,-,a,-,a,-,a,a,a,a,a,a,a,-,a,a,a,a,a,a,a,a,a,-,-,a,a,a,-,a,a,a,a,a,a,a,a,a,b,b,a,a,-,b,a,a,a,-,a,a,a,a,a,a,a,a,a,a,a,a,-,a,a,a,a,a,a,a,a,a,a,a,a,a,a,a,a,a,-,-,-,a,a,-,a,a,-,a,a,a,-,a,a,a,a,a,a,a,a,a,-,a,a,-,a,a,a,a,a,-,a,a,a,a,a,a,a,a,a,a,a,a,a,-,a,a,a,a,a,-,-,a,a,-,a,a,a,-,-,-,a,-,a,a,a,a,a,a,-,-,-,b,-,a,a,a,a,a,a,b,-,a,a,-,b,b,a,b,b,-,b,a,b,b,b,a,b,-,b,b,b,b,b,b,b,-,b,b,b,-,b,b,b,b,b,b,-,b,b,b,b,b,b,b,-,b,b,b,-,b,b,b,-,b,b,b,b,b,b,-,-,a,a,a,a,a,-,a,a,a,a,a,a,a
260,1.3347112,1.33333,-,-,a,a,a,a,a,a,a,a,a,a,a,a,a,-,a,a,a,-,-,a,a,a,a,a,a,a,a,a,a,a,a,a,-,a,a,a,a,a,a,a,a,a,a,a,a,b,-,b,b,-,-,-,-,-,b,b,-,a,-,a,a,-,a,a,a,-,a,a,-,a,a,a,-,a,-,a,-,-,-,a,-,-,a,-,a,a,a,a,a,a,-,-,-,a,a,a,a,a,a,a,a,a,b,b,b,b,b,-,b,b,-,b,-,-,-,b,b,-,b,b,b,b,-,b,b,b,b,-,b,-,-,-,b,b,b,-,b,b,b,-,-,b,b,-,b,b,b,b,-,-,b,-,b,-,b,-,b,-,b,b,b,b,b,b,b,-,b,-,b,b,b,b,b,b,b,b,b,-,b,-,b,a,a,a,a,b,b,a,a,b,-,b,-,-,-,b,b,b,b,b,-,-,-,b,-,b,b,-,b,b,b,b,b,b,b,b,a,-,a,-,a,-,a,-,a,-,a,a,a,-,a,a,a,a,a,a,-,a,-,-,-,b,b,b,b,a,b,-,b,-,-,b,a,-,b,-,-,b,b,b,b,b,b,a,a,a,a,a,-,-,a,a,-,a,a,-,a,a,-,-,b,b,-,b,b,b,b,b,b,-,b,-,-,b,-,b,-,b,b,b,-,-,b,b,b,b,b,b,b,b,a,a,a,a,a,a,a,-,a,a,a,-,-,-,a,-,a,a,a,a,-,a,a,a,a,a,a,b,b,b,b,b,b,-,-,b,b,-,b,b,b,-,b,-,b,-,-,b,b,b,b,b,b,b,b,b,-,-,b,-,b,b,b,b,-,b,b,b,-,b,b,-,b,b,b,a,-,a,-,a,-,a,-,-,a,-,a,-,-,a,a,a,a,-,b,a,-,-,-,a,a,-,a,-,-,-,a,a,-,a,a,a,a,a,a,a,-,a,a,a,-,-,a,a,-,a,-,a,a,a,-,a,a,-,a,a,a,a
261,1.7506095,1.695,-,a,a,a,a,a,a,-,a,a,a,a,-,a,-,a,-,a,-,a,-,a,a,a,a,a,a,-,-,a,a,-,a,a,a,a,a,a,a,a,a,b,-,-,-,a,a,b,a,b,a,a,-,-,-,a,a,a,a,a,a,a,a,-,a,a,a,a,a,-,a,a,a,a,a,a,-,b,b,b,-,b,-,b,b,b,b,-,b,b,b,-,b,b,b,-,b,b,b,b,b,b,b,a,a,a,a,a,a,a,a,-,-,-,a,a,a,a,a,a,a,a,b,b,a,-,-,a,-,-,-,a,a,-,a,-,a,-,a,a,a,a,-,a,a,a,a,a,a,a,-,a,a,a,-,a,a,a,a,a,a,a,a,a,a,a,a,a,-,a,a,-,a,a,a,-,a,-,-,a,a,-,a,a,a,a,a,a,a,a,a,a,a,a,a,a,a,a,a,-,a,a,a,a,a,a,a,a,a,a,a,a,a,a,a,-,a,a,a,a,a,a,-,a,a,a,a,a,a,a,a,a,a,a,-,a,a,a,a,-,a,b,b,b,-,-,b,b,b,b,b,a,a,a,a,-,a,a,-,a,-,a,-,a,a,a,a,a,a,-,a,-,a,a,a,a,a,a,-,-,a,a,a,a,a,a,a,a,b,b,-,b,b,b,b,b,b,b,b,-,b,b,-,b,b,b,b,b,b,b,b,b,b,b,b,-,b,b,b,b,-,b,b,-,b,b,b,a,-,-,a,a,a,a,-,a,a,a,a,a,a,a,a,a,a,a,a,a,a,-,-,a,a,a,-,a,a,-,a,a,a,a,a,a,a,a,a,a,a,a,a,a,a,a,a,a,a,a,a,-,a,a,a,a,-,a,a,a,a,a,-,a,a,a,a,-,a,a,a,a,a,a,a,a,a,-,a,a,-,-,a,-,a,-,a,-,a,a,a,a,a,a,a,a,a,-,a,a,a,a,-,a,a,-,-,a,a,a,a,-,a,a,a,a,a,a,a,-,a,a
262,1.6387483,1.70833,-,b,b,b,b,b,-,a,a,a,a,a,a,a,a,-,a,a,a,-,a,a,a,a,a,a,a,a,a,a,-,a,-,a,-,a,a,a,a,a,a,a,-,-,b,b,b,-,-,a,-,a,a,-,a,a,a,a,a,a,-,a,a,a,a,a,a,-,a,-,a,-,-,a,a,a,a,a,b,b,b,b,b,b,-,-,b,b,b,b,b,b,b,b,-,b,-,-,b,b,b,b,b,a,-,a,a,a,a,a,b,b,b,b,b,b,-,b,b,-,-,b,b,b,b,b,b,-,b,b,b,b,b,b,b,-,b,-,b,b,a,a,a,a,b,a,a,a,a,-,-,a,a,a,a,-,-,a,a,a,a,a,a,a,a,a,a,a,-,a,a,a,a,a,a,a,a,a,a,a,a,a,a,b,b,b,b,b,b,b,b,b,-,b,-,b,b,b,b,b,b,-,b,-,b,a,a,a,a,a,a,a,-,a,-,-,a,a,a,a,a,-,a,a,a,a,a,a,a,a,a,-,a,a,a,a,-,a,a,-,-,a,a,a,a,a,a,a,b,b,b,-,b,-,b,b,-,-,b,b,b,b,b,b,b,a,b,b,b,-,b,b,-,-,-,b,b,a,b,-,-,-,-,b,b,b,b,b,b,b,b,b,b,b,-,b,b,b,-,b,b,b,b,b,b,b,b,b,b,b,b,b,b,b,b,-,b,b,b,-,b,b,b,b,b,b,-,b,b,b,-,-,b,b,b,b,b,b,b,a,a,a,a,a,a,a,a,-,a,-,a,a,a,a,a,a,a,-,a,a,a,a,a,a,a,a,a,-,a,a,a,-,-,b,b,b,b,b,b,b,b,-,b,-,b,-,a,-,-,a,a,a,a,a,a,a,a,-,a,a,-,-,a,a,a,a,a,-,-,a,a,a,a,a,a,a,a,a,a,a,-,a,a,a,-,-,a,a,a,a,a,a,a,a,a,a,-,a,-,a,a,-,a,a,a,a,-,a,-,a
263,1.8152369,1.89,-,b,b,b,-,-,b,-,b,b,b,b,-,b,b,b,-,-,-,-,-,b,-,b,b,b,b,b,-,-,b,a,-,a,a,a,a,a,a,a,a,a,-,-,a,a,a,a,-,a,-,-,-,a,-,-,a,a,a,a,-,-,a,-,-,a,-,-,b,-,b,-,b,b,-,b,b,b,b,b,b,-,b,-,-,b,b,b,b,-,b,a,-,b,b,-,-,b,b,b,a,b,b,a,a,a,a,a,-,-,b,b,b,b,b,b,b,-,-,b,b,-,b,-,-,-,b,b,b,b,b,b,-,-,b,-,b,-,b,b,-,b,b,b,-,-,b,-,b,b,b,b,-,-,b,b,-,-,-,-,b,b,b,b,b,b,b,b,-,b,b,b,b,b,b,-,b,b,-,b,b,b,b,b,b,b,-,a,a,-,-,-,a,-,-,-,a,-,a,-,-,-,b,-,b,b,-,-,b,-,b,b,-,b,-,b,b,-,-,b,b,b,b,-,b,-,-,b,a,-,-,-,-,-,-,a,a,-,a,a,-,-,a,a,-,a,a,-,a,a,a,-,-,-,-,-,-,-,a,-,-,a,-,a,a,b,b,b,b,-,b,-,-,-,-,a,-,b,-,-,-,-,-,-,b,b,b,b,b,b,b,b,b,b,-,b,b,b,b,-,b,b,b,-,-,b,b,b,b,b,b,b,b,-,b,b,b,b,b,b,b,-,-,-,b,-,b,b,-,-,-,-,b,b,-,b,b,b,b,b,b,b,b,b,b,-,b,b,b,-,b,-,b,-,b,b,b,-,b,b,-,b,b,b,b,-,-,-,-,-,-,-,-,b,b,b,-,b,-,-,-,b,b,-,b,-,b,-,b,b,b,-,b,-,-,-,b,-,b,-,b,-,-,b,b,-,b,b,-,-,b,-,-,b,b,-,-,b,b,-,b,b,b,b,b,b,b,-,b,b,b,b,b,-,-,-,-,-,-,-,-,-,-,b,b,-,-,b,b,b
264,1.569829,1.57,b,b,b,b,-,b,b,-,b,b,b,b,b,-,-,-,-,b,b,-,b,-,-,b,b,b,b,b,b,-,-,b,b,b,-,b,b,b,b,b,-,b,b,-,b,b,b,b,b,b,-,b,-,b,-,b,-,b,b,b,b,-,-,-,-,-,b,b,b,-,-,b,-,-,-,-,-,b,b,b,b,b,b,-,b,-,b,b,b,b,b,b,-,-,-,-,b,-,b,b,-,b,-,-,a,a,a,-,a,a,a,a,a,a,a,-,-,a,-,a,-,a,-,a,a,a,a,-,-,-,-,b,-,-,b,b,-,b,b,-,-,-,-,-,b,-,-,b,-,b,-,-,-,b,b,b,b,-,b,-,b,b,b,-,b,b,b,-,-,-,-,b,-,b,b,b,-,b,-,b,b,-,b,b,b,b,b,b,b,-,b,b,-,b,-,-,-,b,b,-,-,-,b,-,b,-,-,-,b,b,-,b,b,-,-,-,b,-,b,b,b,b,b,b,b,a,-,a,a,a,a,-,a,-,a,a,a,-,-,a,-,-,-,a,-,a,-,-,-,a,-,-,b,b,-,b,-,b,-,-,b,b,b,-,b,a,-,a,a,a,-,-,-,a,a,a,a,-,-,-,-,-,-,a,a,a,a,a,a,a,a,a,a,a,-,-,-,a,-,-,a,a,a,-,-,b,b,b,b,b,b,b,b,-,b,b,b,-,-,-,-,-,-,-,b,-,-,-,-,-,-,-,-,-,-,b,b,b,b,-,a,a,a,a,-,a,-,a,a,-,-,a,a,-,-,a,-,a,-,-,a,a,a,a,-,-,-,a,a,a,-,a,-,a,a,a,-,-,a,a,a,a,a,-,a,-,a,-,-,-,-,-,-,a,-,-,-,-,-,-,-,-,-,-,a,a,-,-,a,a,a,a,-,a,a,a,-,a,a,-,-,a,a,-,-,a,a,-,-,a,a,a,-,-,a,a,a,-,-,-,a,a,-,a,a,-,a,a,a,a
265,1.9488691,2,b,b,b,b,b,-,b,b,b,b,b,b,b,-,b,b,b,b,b,b,b,b,b,b,b,b,b,b,b,b,b,-,b,b,b,b,b,b,b,b,-,b,b,b,b,b,b,-,b,b,b,b,b,b,b,b,b,b,b,b,b,-,-,b,b,b,b,b,b,b,b,b,-,b,b,b,b,b,b,-,b,b,b,b,b,-,b,b,b,-,b,b,b,b,b,b,b,b,b,b,b,b,b,a,a,a,a,a,a,a,b,a,a,a,a,a,a,a,a,a,a,b,a,-,-,a,-,a,a,a,a,a,a,a,a,a,a,a,a,a,a,a,a,a,a,a,a,a,a,a,a,a,a,a,a,a,a,a,a,a,a,a,a,a,a,a,a,b,b,b,b,b,b,b,b,b,b,b,b,b,a,a,b,a,b,b,a,b,b,b,b,-,-,b,b,b,b,b,b,-,b,b,b,b,b,-,b,b,b,b,-,b,b,b,b,b,b,b,b,b,b,b,b,b,b,b,-,-,b,b,b,b,b,b,b,b,b,b,b,b,-,b,b,b,b,b,b,-,b,b,b,b,b,b,a,-,a,a,a,a,b,a,a,a,a,b,b,b,b,b,b,b,b,b,b,b,b,b,b,b,-,b,b,b,b,b,b,b,b,b,b,b,b,b,b,b,b,b,b,b,b,b,b,b,b,b,b,b,b,b,b,b,b,b,b,b,b,b,b,b,b,b,b,b,b,b,b,b,b,b,b,b,b,b,b,b,b,b,b,b,b,b,b,b,b,b,-,-,b,-,b,b,b,b,b,b,b,b,b,a,a,a,a,a,a,a,a,a,a,a,a,a,a,a,a,a,a,a,a,a,a,a,a,a,a,a,a,a,a,a,a,a,a,a,a,a,a,a,a,a,a,a,a,a,a,a,a,a,a,-,a,a,a,a,a,a,a,a,a,-,a,a,a,a,a,a,a,a,a,a,-,a,a,-,a,b,-,b,b,b,b,b,b,b,b,b,b,b,b,b
266,1.7848187,1.83333,-,-,a,a,-,-,-,-,-,a,-,a,-,-,-,-,-,-,-,-,-,-,-,a,a,a,a,-,-,-,-,-,-,-,-,a,a,a,a,a,-,a,-,-,-,-,b,-,-,b,-,-,-,-,-,-,-,-,b,b,-,-,-,-,-,b,-,-,b,-,-,-,-,-,-,-,-,b,-,-,-,-,-,-,-,-,b,b,b,-,b,-,-,-,-,-,-,-,b,b,b,b,b,-,b,b,b,-,a,-,a,a,a,-,-,-,-,-,-,-,-,-,-,-,-,-,-,-,-,-,-,-,-,-,-,-,-,-,a,a,-,-,-,-,-,-,-,-,-,-,-,-,-,-,a,-,-,-,-,-,a,a,a,-,a,a,a,-,-,-,a,-,a,a,a,-,-,-,-,-,a,-,a,b,b,b,-,b,b,-,-,-,-,-,-,-,-,-,-,-,-,-,-,-,-,-,-,-,b,-,-,b,-,-,-,b,b,-,-,-,a,-,-,-,a,-,-,-,a,-,-,-,-,-,-,-,-,-,-,-,-,-,-,-,-,-,-,-,-,-,-,-,-,-,-,-,-,-,-,-,-,b,-,b,b,b,b,b,b,-,-,-,-,-,-,-,-,-,-,-,-,-,-,-,-,a,a,-,a,a,a,a,a,-,-,a,-,-,-,-,a,a,-,-,-,a,-,a,a,a,a,a,a,-,-,-,a,-,-,-,-,a,-,-,-,-,-,-,-,-,-,-,-,-,-,a,a,a,a,b,b,b,b,b,-,-,-,b,-,-,-,-,b,-,-,-,-,-,-,b,b,b,-,b,-,-,-,-,-,-,-,-,-,b,b,b,-,-,-,-,-,-,b,-,b,-,-,-,-,-,-,-,-,-,-,-,-,-,-,-,-,-,-,-,a,-,-,-,-,-,-,-,-,-,a,-,-,-,a,-,-,a,a,-,-,-,a,-,-,a,-,a,-,-,-,-,-,-,-,-,-,-,-,a,a,-,-,-,a,a
267,1.6991541,1.77833,a,a,-,-,a,a,a,a,a,a,a,-,a,a,a,a,a,a,a,a,a,-,a,-,-,-,-,a,a,a,a,a,a,a,a,a,-,-,-,-,a,a,a,-,a,a,-,a,a,a,a,a,a,a,a,a,a,a,-,-,b,b,b,b,b,b,a,-,a,-,-,a,a,a,a,a,a,a,a,a,a,a,a,a,b,-,a,a,-,b,-,-,b,b,b,b,b,-,b,b,b,-,b,b,b,b,b,b,b,b,-,a,a,a,a,a,a,a,a,a,a,a,-,a,a,a,a,a,a,a,a,a,a,-,a,a,a,a,a,a,a,a,-,a,a,a,-,a,a,a,a,a,a,a,-,a,a,a,a,a,a,a,-,a,a,-,-,a,-,a,a,a,a,a,a,a,a,a,a,a,a,a,-,a,a,a,a,-,-,a,a,a,a,a,a,a,a,a,a,-,a,a,a,a,a,a,a,a,a,a,a,-,a,a,a,a,a,a,a,a,-,a,a,a,a,a,a,a,a,a,a,a,a,a,a,a,a,-,a,a,a,a,a,a,a,a,a,a,b,b,b,b,b,b,b,b,b,b,b,b,b,b,b,b,-,b,b,b,b,b,b,b,b,b,b,b,b,b,b,b,b,b,b,b,b,b,b,b,b,b,b,-,b,b,-,b,b,b,b,b,-,-,a,a,a,a,a,-,-,-,-,a,a,a,a,a,a,a,a,a,b,a,a,a,a,a,a,a,a,a,a,a,a,a,a,-,-,a,a,b,-,-,-,b,b,b,b,b,b,b,b,b,b,b,b,b,b,b,b,b,b,b,b,b,b,b,b,b,b,b,b,b,a,b,b,b,b,b,b,b,b,b,-,b,-,b,b,-,b,b,b,b,b,b,b,b,b,b,b,b,b,b,b,b,b,b,b,b,b,b,b,b,b,b,b,b,-,b,-,b,b,b,-,b,b,b,-,b,b,-,-,b,b,b,b,b,b,b,b,b,b,b,b,b,b,b,b,b,b,-
268,1.7879969,1.79167,b,b,b,-,-,-,-,a,b,b,b,-,b,a,b,b,b,b,b,b,b,-,b,b,b,b,b,b,b,b,b,b,b,b,-,b,b,b,b,b,b,b,b,b,-,b,b,-,b,b,b,-,b,-,b,b,b,b,b,b,b,b,b,b,-,b,b,b,b,b,b,b,b,b,b,b,b,b,-,b,b,-,b,b,-,-,b,b,b,b,b,-,b,-,b,b,b,a,b,b,b,b,b,b,a,a,a,b,a,b,b,a,a,a,b,b,-,b,-,-,b,-,b,b,b,-,-,-,b,b,b,-,b,-,b,b,-,b,b,a,b,b,b,-,b,b,-,b,b,b,a,a,a,a,a,a,-,a,a,a,a,a,a,a,a,a,a,-,-,b,a,a,a,a,a,a,b,a,b,-,a,b,b,b,b,b,b,b,b,b,b,b,b,-,b,b,b,b,b,b,b,b,b,b,b,b,b,b,b,b,-,b,b,b,a,b,b,a,a,a,a,-,a,a,b,a,a,-,b,a,a,-,a,a,a,a,a,a,a,-,-,a,a,-,b,b,b,b,-,b,a,-,a,a,b,b,b,b,b,b,b,b,b,b,b,a,a,a,a,a,a,a,a,a,a,a,-,a,a,a,-,a,a,a,a,a,b,a,b,a,a,a,a,a,a,a,a,a,a,-,a,a,a,b,b,b,b,b,b,b,b,b,b,b,b,b,b,b,b,b,b,b,b,b,b,-,b,b,b,b,b,b,b,a,a,a,b,b,a,a,a,a,a,a,a,a,a,a,-,-,a,a,a,a,-,a,a,a,a,a,a,a,a,a,a,a,a,a,a,a,a,a,a,b,b,b,a,a,a,a,a,a,a,a,a,a,a,b,a,a,a,b,a,-,a,-,b,b,b,b,b,b,b,b,a,-,b,b,b,b,b,a,b,-,a,b,b,b,b,b,b,a,b,b,b,b,b,-,b,b,-,b,b,b,b,b,-,b,b,b,b,b,b,b,b,b,b,b,b,b
269,1.0695021,1.13667,a,a,a,a,a,a,a,a,a,a,a,a,a,a,a,a,a,a,a,a,a,-,a,a,a,a,a,a,a,a,a,a,a,a,a,a,a,a,a,a,a,a,a,a,-,b,b,b,b,a,b,b,a,a,a,a,a,a,a,a,-,a,a,a,a,a,a,a,a,-,-,a,a,a,a,a,a,a,a,a,a,a,a,a,a,-,a,a,a,a,a,a,a,a,a,a,a,a,a,a,a,a,a,a,a,a,a,a,a,a,b,b,b,b,b,b,b,b,b,b,b,b,b,-,b,b,b,b,b,-,b,-,b,b,b,b,-,b,b,b,a,a,a,a,a,a,-,a,a,a,a,a,-,a,a,a,a,-,a,a,a,a,a,a,a,a,a,a,-,a,a,a,a,a,a,a,a,a,a,a,a,a,a,b,b,b,b,a,a,-,a,-,a,a,a,a,a,a,a,-,a,a,a,a,a,a,a,a,a,a,a,a,a,a,a,-,a,a,a,a,a,a,a,a,a,a,a,a,a,a,a,-,a,a,a,a,a,a,a,a,a,-,a,a,a,a,a,a,b,b,b,b,b,b,b,b,b,b,b,b,b,b,b,b,b,b,b,b,b,-,b,b,b,b,-,b,b,b,b,b,b,b,-,b,b,b,b,-,b,b,b,b,b,-,-,b,b,b,b,b,b,b,b,b,b,b,b,b,b,b,b,b,b,b,b,b,b,b,b,b,b,b,b,-,b,b,b,b,b,-,b,b,b,b,b,b,b,b,b,a,a,a,a,a,-,a,a,-,a,a,a,a,a,a,a,a,a,a,-,a,a,a,a,a,a,a,-,-,a,a,a,a,a,a,a,a,a,-,a,a,a,a,a,a,a,a,a,a,a,a,a,a,a,a,a,a,a,a,a,a,a,-,a,a,a,b,b,b,b,b,b,b,-,b,b,b,-,b,b,b,b,b,b,b,b,b,b,b,b,a,a,a,a,a,a,a,a,a,a,a,a,a,a,a,a,a,a,a,a,a
270,1.3731321,1.45833,-,b,a,a,b,-,a,b,a,a,a,a,a,b,b,b,b,b,a,-,b,b,b,a,a,a,a,b,b,-,b,-,b,b,-,a,a,a,a,a,b,a,b,b,b,b,a,b,b,a,-,b,b,-,b,b,b,-,a,a,b,-,b,a,a,a,a,b,a,b,b,-,-,-,b,b,b,a,-,a,a,-,-,-,a,a,b,b,b,-,a,a,a,-,-,-,b,b,b,b,-,b,b,a,b,b,b,-,b,a,b,b,b,b,a,a,a,a,a,-,-,a,a,-,a,a,a,a,a,-,a,-,a,a,a,a,-,a,b,b,a,a,a,a,a,a,a,a,-,b,a,a,-,a,b,-,a,a,-,a,b,b,b,a,b,b,b,-,a,a,b,b,-,b,b,b,-,b,a,-,b,-,b,a,a,a,-,a,a,a,-,-,a,a,a,a,b,-,a,a,-,a,-,-,a,a,a,a,a,a,a,a,a,a,-,-,b,a,a,a,a,a,a,-,a,a,a,a,a,a,-,a,a,a,a,a,a,-,a,a,a,a,-,a,a,a,-,a,a,a,b,b,b,b,-,-,b,b,b,b,a,a,b,b,b,a,a,a,b,a,a,a,a,a,a,a,b,b,b,b,b,b,-,-,b,b,b,b,b,b,b,b,b,b,b,b,b,b,-,b,b,b,b,b,b,b,-,b,b,b,b,b,b,b,b,-,b,b,b,b,b,b,-,b,b,b,b,b,b,b,b,b,-,b,b,b,b,b,b,a,a,a,a,a,-,a,a,-,-,a,a,a,a,a,a,a,a,a,a,a,a,a,a,a,a,-,-,a,a,a,a,a,a,a,a,a,a,a,a,a,-,-,a,a,-,a,a,a,a,a,-,a,a,-,a,a,a,a,a,a,-,a,-,a,a,b,b,b,b,b,b,a,b,a,a,b,b,b,a,b,-,a,a,b,-,b,a,-,-,a,-,a,b,b,b,-,b,b,b,b,b,b,-,a,a,b,b,a,a,a
271,1.7636117,1.72333,-,b,a,a,b,b,a,b,a,a,a,a,a,b,b,b,b,b,a,-,b,b,b,a,a,a,a,b,b,b,b,b,b,b,b,a,a,a,a,a,b,a,b,b,b,b,a,b,-,a,-,b,b,b,b,-,b,b,a,a,b,b,b,a,a,-,a,b,b,b,b,b,b,b,b,-,b,b,b,a,a,a,-,a,-,a,b,b,b,a,b,-,a,a,b,b,b,b,b,b,-,b,-,a,b,b,b,a,a,a,a,a,a,a,a,a,a,a,a,a,-,a,a,a,a,a,a,a,a,a,a,-,a,a,-,a,-,-,a,-,a,-,a,a,a,a,a,a,a,a,a,a,-,a,-,a,-,a,-,-,b,b,b,-,a,a,a,-,a,a,-,a,a,a,a,a,a,a,a,a,a,-,a,-,-,a,b,a,a,-,a,a,a,a,a,a,a,a,a,-,a,a,a,a,a,a,a,a,a,a,a,a,a,a,a,b,b,a,a,a,b,a,a,a,b,a,a,a,b,a,a,a,a,a,a,a,a,a,a,a,a,a,a,a,a,-,a,a,a,a,b,-,b,b,b,b,-,b,b,b,a,a,a,-,a,a,a,a,a,a,-,a,a,a,b,a,b,b,b,b,b,b,b,b,-,b,b,-,a,a,a,a,a,b,-,-,b,b,b,b,a,a,b,b,-,a,-,a,a,a,a,a,a,b,-,b,-,b,b,b,b,a,b,b,b,b,b,-,b,b,b,b,b,b,b,a,a,a,-,-,b,b,b,b,a,a,a,b,a,a,a,-,b,a,a,-,a,a,-,b,b,b,b,-,a,a,a,-,a,a,a,a,a,b,b,b,a,-,a,a,-,a,b,a,b,a,-,a,a,a,a,a,a,-,a,a,a,a,a,a,a,-,a,a,b,b,b,b,b,b,b,b,-,b,b,b,b,b,b,b,b,a,a,b,b,b,a,b,-,a,b,a,b,b,b,b,b,b,b,b,b,b,b,b,b,b,b,b,b,b
272,1.8011522,1.77833,a,a,a,a,-,b,a,b,a,a,a,a,a,b,b,b,a,a,b,b,b,b,b,b,-,b,a,b,-,b,-,b,b,b,b,b,b,b,-,b,b,b,b,-,b,b,b,b,b,b,b,b,b,b,b,-,b,-,b,a,b,-,a,a,-,-,a,a,a,-,-,b,b,b,b,-,a,b,a,a,a,-,a,-,a,-,b,a,b,a,b,a,-,a,a,a,a,a,a,a,-,-,-,a,b,b,b,a,b,-,b,b,b,b,-,a,-,a,a,a,a,-,a,a,a,a,a,a,-,a,a,a,b,b,a,a,a,a,b,-,a,a,a,a,a,a,-,b,b,b,b,b,b,b,b,b,-,b,b,b,b,b,b,b,b,b,b,-,-,b,-,b,b,b,b,b,b,b,b,b,b,b,b,-,-,b,a,b,b,a,a,a,a,a,a,-,a,a,-,a,a,a,-,a,a,a,a,a,b,a,a,b,a,a,a,b,b,a,a,a,-,a,a,a,a,a,a,a,a,a,a,a,-,a,a,a,-,a,a,-,a,a,a,a,a,a,-,a,a,b,-,b,b,b,a,b,-,b,b,b,a,a,a,-,a,a,a,a,a,b,b,-,b,b,-,b,b,b,b,b,b,b,-,b,b,a,a,b,a,a,a,a,a,-,b,-,b,b,-,b,a,a,b,b,b,a,-,a,a,a,-,a,a,b,b,b,-,b,b,-,b,a,-,b,b,b,b,b,b,b,b,b,b,b,-,-,a,a,-,-,b,-,-,b,-,a,a,a,-,a,a,a,a,a,-,a,a,a,a,a,a,a,a,a,a,a,a,-,-,a,a,-,a,a,a,a,a,a,-,a,a,-,-,a,a,a,a,a,a,a,a,a,a,a,-,a,a,a,a,a,a,a,a,a,a,a,a,a,a,a,a,b,-,b,b,b,b,b,b,b,b,a,a,b,b,b,-,b,-,-,-,a,b,b,b,-,b,b,b,b,b,b,b,a,a,b,b,a,a,a
273,1.7035702,1.77833,-,-,a,a,-,-,-,-,a,a,a,a,a,-,-,-,-,a,a,-,-,-,-,a,a,a,a,-,a,a,-,a,-,-,-,a,a,a,a,a,-,a,-,-,-,-,b,-,-,-,b,b,-,-,-,b,b,b,b,b,-,-,b,b,-,b,-,-,b,-,b,-,-,-,b,-,-,b,-,-,b,b,b,b,b,-,b,b,b,-,b,-,-,-,b,b,b,-,b,b,b,b,b,-,a,a,a,a,a,-,b,b,b,b,a,b,b,b,b,b,b,b,-,b,b,b,-,-,b,b,b,b,-,-,-,-,-,b,b,b,-,-,b,-,b,-,-,-,-,-,-,b,b,-,b,b,-,-,-,b,b,b,b,-,b,b,b,-,b,b,b,b,b,b,b,b,b,b,-,-,b,b,b,a,a,a,-,a,a,a,a,-,a,-,-,-,-,a,-,-,-,-,-,-,-,a,a,-,a,a,a,a,a,-,a,b,a,a,-,-,a,a,-,-,a,-,-,-,a,-,-,a,-,-,a,-,a,-,-,-,-,a,-,-,a,a,-,a,a,-,a,a,a,-,-,-,-,a,a,a,a,a,a,a,a,b,b,b,b,-,b,b,b,b,a,a,a,-,-,-,a,-,-,a,a,a,a,a,a,a,a,a,a,a,-,a,a,-,-,-,a,a,a,-,-,a,a,a,a,a,a,a,a,a,-,-,a,a,-,-,a,a,-,a,a,-,a,a,-,a,a,-,-,-,a,a,a,a,a,a,a,a,a,a,a,-,a,a,-,-,-,a,a,-,-,a,-,a,-,a,a,a,a,a,-,a,-,a,-,a,-,-,a,a,-,a,-,a,-,a,a,a,a,-,a,-,a,-,-,-,-,-,a,a,a,-,a,-,-,-,a,-,-,a,a,-,-,a,a,a,-,a,-,a,a,-,-,-,a,a,a,b,b,b,b,b,b,-,-,b,-,b,b,b,-,b,-,-,b,-,b,b,-,b,b,-,b,b,b,b
274,1.0164808,1.11,-,-,b,b,a,-,b,-,-,-,-,b,-,a,-,a,-,-,-,-,-,-,-,b,b,b,b,-,-,-,-,-,-,a,a,a,a,a,a,a,-,a,-,a,-,-,a,-,b,a,-,b,-,-,b,-,-,-,a,a,-,b,b,-,-,-,-,-,-,b,b,b,-,-,-,-,b,-,-,b,-,-,-,b,-,-,-,-,a,-,a,-,b,-,-,-,-,-,-,-,-,a,-,-,b,b,b,-,-,-,a,-,-,-,a,-,b,-,-,-,-,b,b,-,-,-,-,-,-,-,-,-,-,-,-,-,-,-,-,-,b,-,b,-,-,b,-,-,-,a,-,-,-,-,a,-,-,-,-,b,-,-,a,-,-,a,a,a,b,b,-,-,-,-,-,-,-,-,b,-,-,b,a,-,-,-,b,a,a,-,b,-,-,-,-,-,-,-,a,-,b,-,-,-,b,b,b,-,-,-,b,a,-,-,b,b,b,-,-,-,b,-,-,-,b,-,-,b,b,-,-,b,b,-,-,-,-,b,-,-,b,-,-,b,b,-,-,b,a,-,-,-,-,-,b,b,-,-,-,-,-,-,-,-,b,-,-,b,-,-,-,-,-,-,b,b,b,a,-,-,b,-,-,-,-,-,b,-,-,-,-,a,-,b,-,-,a,-,-,a,a,a,a,b,-,-,-,a,a,a,a,-,-,-,-,-,-,-,-,b,-,a,b,-,-,-,-,-,-,-,-,-,b,-,b,a,a,-,-,b,b,b,b,b,-,-,-,b,b,-,-,b,b,b,b,-,-,-,-,b,b,b,b,b,-,-,-,-,-,b,-,-,-,a,a,-,-,-,-,-,-,-,b,-,b,-,-,-,-,-,-,-,-,-,-,-,a,a,-,-,-,-,a,-,b,a,-,-,-,-,a,b,-,-,-,-,-,-,b,a,a,-,b,-,-,-,b,-,-,b,a,-,-,-,-,-,-,-,-,a,-,-,-,-,-,a,-,-,a,b
275,0.513852,0.58333,b,b,b,b,-,b,b,b,b,b,b,b,b,b,b,b,b,b,b,b,b,b,b,b,b,b,b,-,b,-,-,b,b,a,-,a,a,a,a,a,a,a,a,a,a,a,a,-,-,a,a,a,a,-,a,-,a,a,a,a,a,-,a,-,a,a,a,-,a,a,a,a,a,a,a,a,a,a,a,a,-,-,-,a,a,-,a,a,a,-,a,a,a,a,-,-,a,a,a,a,a,a,a,-,b,b,b,b,a,a,a,a,a,a,-,a,-,a,a,a,a,a,-,a,-,-,a,a,a,a,a,a,a,a,a,a,a,-,a,a,a,a,a,-,a,-,a,a,a,a,-,a,a,a,a,a,-,-,a,a,a,a,a,-,a,a,a,-,a,a,a,a,a,a,a,a,-,a,-,-,a,-,a,a,a,a,a,a,a,a,a,a,-,a,a,-,a,a,-,-,-,a,a,-,a,-,a,a,a,a,a,a,b,b,b,b,b,-,b,-,b,-,b,b,b,b,b,b,b,-,b,b,b,b,-,b,b,b,b,b,-,b,b,b,b,b,b,b,b,-,-,b,-,-,b,-,b,b,b,b,b,b,b,b,b,b,b,b,b,b,b,-,-,-,-,-,a,-,-,a,-,-,-,a,a,a,a,a,a,a,a,a,a,a,a,a,-,a,-,a,a,a,a,a,-,a,-,a,a,a,a,a,a,a,a,a,a,-,a,a,a,a,a,a,a,a,a,a,a,a,a,-,-,-,-,a,a,a,a,b,b,b,b,b,b,b,b,b,b,b,b,b,b,-,-,b,-,-,b,b,b,b,b,b,b,-,-,b,b,b,-,b,b,b,b,b,b,b,b,b,-,b,b,b,b,-,b,-,b,b,b,-,b,b,b,b,b,-,-,b,b,-,b,b,b,b,-,-,b,b,b,b,b,b,b,-,-,b,b,-,b,b,b,b,b,b,b,b,b,b,b,b,b,b,-,b,-,-,b,b,b,b,-,b,b,-,a,b,a,b
276,1.7256886,1.77833,b,b,b,b,b,b,-,-,b,b,b,b,b,b,b,b,b,-,b,b,b,b,-,-,b,-,-,b,b,b,b,b,b,b,-,b,-,-,b,b,-,b,b,b,b,-,b,b,b,b,b,b,b,-,-,b,-,b,-,-,-,-,b,-,b,b,b,-,b,b,b,b,-,b,b,b,-,b,b,b,b,b,b,-,b,b,b,b,b,-,b,b,b,b,-,-,b,b,b,b,-,b,b,-,b,b,b,b,b,b,b,b,b,b,-,b,b,b,-,b,-,-,b,b,b,b,b,b,b,b,b,b,b,b,b,b,-,b,b,-,b,b,b,b,b,-,b,b,b,-,-,b,-,b,-,-,b,b,b,-,b,b,b,b,b,-,-,b,b,b,b,b,-,b,b,b,-,b,b,b,b,b,-,b,b,b,b,b,-,b,b,-,-,-,-,b,-,b,b,b,b,-,a,a,a,a,a,a,a,a,a,-,a,a,a,-,a,a,-,a,a,a,a,b,a,b,b,-,b,b,b,b,b,-,b,b,b,b,-,b,b,b,b,b,-,-,b,b,-,a,a,a,a,a,a,a,-,a,a,a,a,a,a,a,a,b,b,b,b,b,b,b,-,b,b,b,b,b,b,b,-,b,b,-,b,b,b,b,a,a,a,a,a,a,a,a,a,a,a,a,-,a,a,a,-,a,a,a,-,a,a,a,a,a,a,-,b,b,b,-,b,b,b,b,-,-,b,b,b,b,-,b,b,b,-,b,b,b,b,a,a,a,a,a,a,a,-,-,a,a,-,a,a,a,a,a,a,a,-,-,a,a,a,a,a,-,a,a,a,a,-,a,a,a,a,a,a,a,a,a,-,a,a,a,-,a,a,a,a,a,a,a,a,a,-,-,a,a,a,a,a,a,a,a,a,a,b,b,b,-,b,b,b,b,b,b,-,b,-,b,b,b,-,b,b,b,b,b,b,b,-,b,-,-,a,-,-,a,a,a,a,b,b,a,b,b,b,b,b,b
277,1.4492142,1.38667,a,-,a,a,a,a,a,-,a,a,-,a,a,a,a,a,a,-,a,-,-,a,a,a,a,a,a,a,a,a,a,a,-,a,a,a,a,a,a,a,a,a,a,a,a,a,a,b,a,a,a,-,a,-,a,a,a,a,a,a,a,a,a,-,a,a,a,a,a,a,-,a,a,a,a,a,a,b,b,b,b,a,b,-,b,a,a,a,a,b,b,b,b,b,-,b,b,b,b,b,-,b,b,b,b,b,b,b,b,b,b,b,b,b,-,b,b,b,b,-,-,b,b,b,-,b,b,b,-,-,b,b,b,b,b,b,b,b,b,-,-,b,b,b,b,b,b,b,-,b,b,b,b,b,b,b,b,b,-,b,-,b,b,b,b,b,b,b,b,b,b,b,-,b,b,b,b,b,-,b,b,b,b,-,b,b,b,b,b,b,b,b,-,b,b,-,b,b,b,b,b,b,-,b,b,b,b,-,b,b,b,b,-,b,-,-,b,b,-,b,b,b,b,b,b,b,b,b,b,b,b,b,b,b,-,b,b,b,-,b,-,b,b,b,b,b,b,b,-,b,-,-,b,b,b,b,-,-,b,b,-,b,b,b,b,a,-,a,a,a,-,-,-,a,a,-,a,a,a,-,a,-,-,a,a,b,a,a,a,a,a,a,a,a,a,-,-,-,a,a,a,a,a,a,a,a,a,a,a,a,a,a,a,a,a,a,-,-,a,a,a,a,-,a,a,-,-,a,a,-,a,a,-,a,a,a,a,a,a,a,a,a,a,a,-,-,a,-,a,a,a,a,-,a,a,a,a,-,a,-,a,a,-,a,a,-,-,a,a,a,-,a,a,a,a,a,a,a,a,a,-,a,a,-,a,b,b,a,b,a,-,b,a,-,-,a,a,b,b,b,b,a,b,b,b,b,b,a,a,a,a,-,a,-,a,a,a,a,a,a,a,a,a,a,-,a,a,a,b,b,b,b,b,b,b,b,-,b,-,b,b,-,b,b,b,b,a,b,b,b
278,1.9311723,1.945,-,-,b,b,-,-,b,-,b,b,b,b,b,b,-,-,-,-,b,-,-,-,-,b,b,b,b,-,-,b,-,-,-,b,b,b,b,b,b,b,-,b,b,-,-,-,b,a,-,a,-,-,-,-,-,-,a,a,b,b,-,-,-,-,-,-,a,-,a,a,a,-,a,-,-,-,-,a,a,-,a,-,-,-,-,-,a,a,b,-,b,-,-,b,-,-,-,-,b,b,-,b,-,-,a,a,a,-,a,-,a,a,a,a,-,-,-,-,-,-,-,-,-,-,-,a,-,-,-,a,a,a,-,-,-,-,a,-,a,-,-,-,-,-,b,-,-,b,-,b,-,-,-,-,b,-,-,-,b,-,b,b,b,b,b,b,b,-,-,-,-,b,b,b,b,b,-,b,-,b,b,-,b,-,-,b,b,b,b,b,-,-,-,-,-,-,b,-,b,-,-,-,-,-,b,-,-,-,b,-,b,a,-,-,-,b,b,-,-,b,a,-,-,-,b,-,-,-,b,-,-,-,-,b,b,-,-,b,-,-,-,-,-,b,-,-,-,-,-,-,-,-,-,-,-,-,-,-,-,-,b,b,b,-,a,b,a,a,a,-,-,a,-,-,-,-,a,a,-,-,-,-,-,-,a,a,a,-,a,a,a,a,a,-,-,-,-,a,-,-,b,b,-,a,-,a,-,b,b,a,a,a,a,a,-,-,-,-,-,-,-,a,a,-,-,-,-,-,-,-,a,-,-,-,-,a,a,a,a,-,a,a,a,b,b,-,-,b,b,-,b,b,b,-,-,-,-,b,-,b,b,b,b,b,-,-,-,-,b,b,-,-,-,b,b,b,-,b,-,-,-,-,b,-,b,-,-,-,-,-,-,-,-,-,-,b,-,-,-,-,-,-,-,-,b,-,-,-,b,-,-,b,-,b,b,-,-,-,b,-,-,b,b,b,-,-,b,b,-,b,b,b,b,b,-,-,b,b,-,-,-,-,-,b,b,-,a,a,a,b
279,1.6005329,1.52833,-,-,a,a,-,a,a,a,a,a,a,a,a,-,a,a,a,a,a,a,-,a,-,a,a,a,a,-,-,-,-,-,a,-,-,a,a,a,a,a,-,a,a,-,-,-,a,a,-,a,-,b,a,-,a,a,a,a,a,a,-,-,-,a,-,-,a,a,a,a,a,-,a,a,-,-,-,b,-,b,-,b,-,-,-,-,b,b,b,b,b,-,-,b,-,b,b,b,b,b,-,b,-,a,a,a,a,a,a,a,a,a,a,a,a,a,a,a,-,-,a,-,-,a,-,a,a,a,a,-,a,a,-,a,a,a,a,a,a,-,-,a,a,a,a,a,a,-,-,a,-,a,-,-,a,-,a,-,a,-,a,a,a,a,a,a,a,a,-,-,-,a,a,a,-,a,-,a,-,a,a,a,a,-,-,a,a,a,a,a,-,a,a,a,a,-,a,-,-,a,a,-,-,-,a,-,a,a,a,-,a,a,a,-,-,a,a,a,a,a,a,a,a,-,a,-,-,a,a,-,-,a,a,-,a,a,a,a,-,a,-,a,a,-,a,a,-,-,a,-,a,-,-,a,b,-,a,a,-,-,a,a,a,-,a,a,a,a,a,a,a,-,a,-,a,a,a,a,a,-,-,-,-,a,a,a,a,a,a,a,a,a,a,-,-,-,-,a,-,a,a,a,a,a,a,a,a,a,a,a,a,a,a,a,a,-,-,-,-,a,a,a,-,a,-,a,-,a,a,-,-,a,a,-,a,a,a,a,a,-,b,a,a,b,b,b,-,-,b,a,a,a,a,a,a,a,a,a,a,a,a,a,a,a,a,-,a,a,a,a,a,-,-,a,a,a,-,a,a,-,a,a,a,a,-,-,-,a,-,a,-,a,a,-,-,-,-,a,a,a,-,a,-,a,a,a,b,-,a,-,-,b,b,b,b,-,-,b,b,b,-,a,a,b,b,a,b,-,b,b,b,b,-,b,b,b,-,b,b,-,-,b,-,b,b,b,b,b,b,b
280,1.6213843,1.61167,a,-,a,a,a,-,a,a,a,a,a,a,a,a,a,a,a,-,b,-,b,-,-,b,a,b,a,-,-,-,a,a,-,a,-,a,a,a,a,a,a,a,a,-,a,-,a,-,-,a,-,a,-,-,a,-,a,-,a,a,-,a,a,-,a,a,a,-,a,a,-,-,a,-,-,-,-,a,-,a,a,a,-,-,-,-,a,a,a,a,a,a,-,a,-,-,a,-,a,a,a,a,b,-,a,a,a,-,a,-,a,a,a,a,-,a,-,a,-,-,-,-,a,-,-,-,a,-,a,a,-,a,-,-,a,a,a,-,a,a,a,a,-,-,a,a,a,a,-,a,-,-,-,-,a,-,a,-,-,a,a,a,a,a,a,a,a,a,-,a,a,a,a,a,a,a,-,a,-,-,a,-,a,b,b,b,b,b,b,-,-,b,-,-,b,-,b,b,-,b,b,-,b,-,b,-,a,a,a,-,-,a,a,-,a,-,a,a,-,a,a,-,-,-,a,-,-,b,b,-,-,b,-,-,-,-,b,b,-,-,b,b,-,-,-,b,b,-,-,b,b,-,-,b,-,a,a,-,-,a,b,b,a,a,a,a,a,a,a,-,-,-,-,a,-,-,-,-,-,-,-,-,a,a,-,a,a,-,b,b,b,b,b,b,b,b,-,-,b,-,b,b,b,b,b,b,-,b,b,b,b,b,b,-,-,-,b,-,-,-,b,b,b,-,-,b,-,a,a,-,a,-,-,-,-,a,a,a,a,b,b,b,b,b,-,b,b,b,-,-,b,b,b,-,-,-,-,b,b,b,b,b,b,b,b,-,-,b,-,b,-,-,-,b,b,b,-,b,b,b,-,b,b,-,b,b,b,-,-,b,-,-,b,b,-,b,-,-,-,-,b,-,-,b,b,b,-,b,b,b,b,b,b,b,b,b,-,-,b,-,-,b,b,b,b,b,b,-,b,b,-,b,b,-,-,-,-,b,-,b,-,-,-,b,b,-,b,b,b,b
281,0.5547092,0.59833,-,a,b,b,-,-,a,-,a,a,a,b,a,a,-,a,-,-,a,-,a,-,-,b,b,b,b,a,a,-,a,a,a,a,a,a,b,b,b,b,-,a,a,-,-,-,a,b,-,a,-,a,-,-,-,a,a,a,a,a,-,-,a,a,-,-,a,-,a,a,-,a,a,a,a,a,-,b,-,a,a,-,-,-,-,a,a,a,a,a,a,a,a,-,-,-,a,-,a,a,-,b,-,a,a,a,a,a,a,-,a,a,a,a,-,a,-,a,a,-,-,-,a,a,b,-,b,b,b,-,-,b,-,-,-,-,b,-,b,-,b,b,b,-,b,-,-,-,-,b,-,-,a,-,b,a,-,a,-,-,-,a,b,a,a,b,b,-,-,a,-,a,a,a,-,a,a,a,-,-,a,a,b,-,-,-,b,b,b,b,b,b,b,b,b,b,-,b,a,a,-,a,-,a,-,a,a,-,a,a,-,b,-,-,-,b,b,-,-,-,b,-,b,b,b,b,b,b,b,b,b,b,b,b,-,b,b,-,b,b,-,-,-,b,b,b,-,-,-,b,b,b,b,b,-,a,-,-,b,b,b,b,b,-,b,b,b,a,a,-,-,-,a,a,a,a,b,-,b,b,-,-,b,-,b,b,b,b,b,b,b,a,b,b,-,-,b,b,-,b,a,a,b,-,a,a,a,a,a,a,a,a,a,a,a,-,-,a,-,a,-,a,a,a,a,-,a,-,-,-,-,a,a,a,a,a,a,a,a,-,b,b,b,a,-,a,-,-,a,-,a,a,a,-,-,a,a,-,b,-,-,-,-,a,-,b,-,b,b,b,a,a,a,a,a,a,a,-,a,a,-,-,b,-,b,-,-,a,a,a,-,-,a,a,-,a,-,-,-,a,-,a,-,a,a,-,-,a,a,a,-,a,-,a,a,-,-,-,b,a,-,a,b,a,a,a,b,a,a,b,-,a,-,-,a,-,-,a,a,a,a,a,-,a,a,a,-,a,a,a
282,1.8190434,1.83333,b,-,a,a,b,b,b,-,a,a,a,a,a,-,b,b,b,b,a,b,b,-,b,a,a,a,a,-,-,b,b,b,b,b,-,a,a,a,a,a,-,a,b,b,b,-,a,-,b,a,b,b,b,b,b,-,b,b,a,a,b,b,b,b,b,-,b,b,a,b,b,b,b,b,-,b,b,a,b,b,-,b,b,b,b,b,a,a,a,-,a,b,b,b,-,-,b,b,a,a,-,a,-,a,b,b,a,a,a,-,a,a,a,a,-,a,-,a,a,a,a,a,-,a,a,-,a,a,a,a,-,a,b,a,b,b,-,a,b,-,b,a,a,a,a,a,a,a,b,a,b,b,b,b,a,b,-,-,b,-,b,b,a,b,b,a,a,b,b,b,-,b,a,a,a,a,b,a,b,b,a,-,a,-,-,a,b,b,b,b,b,-,b,-,b,-,b,b,b,b,b,b,-,b,a,a,a,a,a,a,a,a,a,-,-,a,a,-,a,a,b,-,a,-,b,-,b,b,b,-,b,b,b,-,b,b,b,b,-,-,b,b,b,b,b,b,b,b,b,a,-,a,a,a,-,a,a,a,a,a,a,a,a,-,b,a,a,a,a,a,-,a,a,-,-,a,a,a,-,a,-,a,a,a,-,a,a,-,a,a,a,b,a,a,-,-,-,b,b,-,b,b,-,b,b,a,b,a,a,a,a,a,a,a,-,-,-,a,-,-,a,a,a,-,a,a,a,-,a,-,a,a,a,-,a,a,a,a,a,-,a,a,a,a,a,b,b,a,a,a,a,a,a,-,-,-,b,b,b,a,a,a,a,a,b,-,b,b,-,b,b,b,b,b,b,b,b,b,b,-,b,b,a,-,a,b,b,-,b,b,-,-,b,-,b,-,b,b,-,-,-,b,b,b,b,b,b,b,b,b,b,b,b,b,b,b,-,b,a,b,-,b,a,b,b,b,a,-,b,a,b,b,b,-,b,b,b,b,-,b,b,b,b,b,b,-,b,b,b,a
283,1.2393662,1.16667,a,-,a,a,a,a,a,-,a,a,a,a,a,a,-,-,a,-,a,-,-,a,-,a,a,a,a,-,a,-,-,-,-,a,a,a,a,a,a,a,a,a,a,a,a,a,a,-,-,a,-,-,b,a,-,-,-,a,b,b,-,-,-,a,a,-,a,-,a,a,a,-,a,-,a,-,-,a,-,-,a,-,a,-,-,-,a,a,a,a,a,-,-,a,-,a,a,-,a,a,-,b,-,b,b,b,a,a,a,a,a,a,a,a,-,a,-,a,-,-,a,-,-,-,-,-,a,-,a,-,-,-,-,a,-,-,-,a,a,-,a,-,a,a,-,a,a,-,-,a,-,a,a,-,a,-,b,-,b,b,b,b,a,-,-,a,b,-,a,-,-,b,a,a,-,a,-,a,-,-,a,-,b,-,-,a,-,a,a,-,a,a,-,a,-,-,a,a,-,-,a,a,-,-,-,-,-,-,a,-,a,a,-,a,-,a,b,-,-,-,a,b,a,-,b,b,-,-,-,-,-,b,-,b,b,b,b,b,-,-,-,-,a,-,-,a,a,a,-,-,-,-,-,-,a,-,-,a,a,a,a,a,a,-,a,a,a,a,a,-,-,-,a,-,a,-,a,a,a,-,-,a,-,a,a,b,a,-,a,a,a,a,a,-,-,-,-,a,a,a,a,a,a,-,a,a,-,a,a,a,a,a,a,-,a,-,-,-,a,-,-,a,-,-,a,-,-,a,-,a,-,-,-,-,-,a,a,a,a,-,b,a,a,a,-,a,a,a,-,a,a,a,a,-,-,a,-,-,-,a,a,a,a,a,a,-,-,-,-,a,-,-,b,b,b,b,-,b,b,-,b,-,a,-,a,-,b,-,-,b,-,-,-,b,-,b,b,b,-,-,-,-,b,-,b,-,b,-,b,b,-,b,-,b,b,b,b,-,a,-,-,b,a,-,b,-,a,b,-,a,b,b,b,-,b,-,b,-,b,b,-,b,-,b,b,b,b,b,b,a
284,1.7378783,1.725,-,-,b,b,-,a,a,-,a,a,a,b,a,a,-,-,a,a,a,-,a,-,-,a,a,a,a,a,-,a,-,-,a,-,-,a,a,a,a,a,a,a,a,-,-,-,a,b,a,a,-,-,a,-,-,-,-,-,a,a,-,a,-,a,-,-,-,-,b,b,-,b,-,-,b,-,-,b,-,-,-,b,-,-,-,-,b,b,b,-,b,b,-,b,-,-,b,b,b,b,-,b,-,-,b,b,b,-,b,-,a,b,b,b,-,-,b,b,-,-,-,b,-,b,-,-,b,-,-,b,-,-,b,-,-,-,-,b,b,-,-,-,-,-,b,-,-,-,-,b,b,-,a,-,a,-,-,-,-,-,b,b,a,b,b,a,a,-,-,-,-,b,b,b,b,b,-,b,b,-,b,-,a,-,-,a,-,a,a,-,-,-,a,-,-,-,-,-,-,a,-,-,a,-,-,-,-,-,a,-,-,b,b,b,-,b,b,-,-,-,b,-,b,-,b,-,-,b,b,-,-,-,b,-,-,b,-,-,b,-,-,-,-,b,-,-,b,b,b,-,-,-,-,-,-,-,-,-,-,-,b,b,b,-,b,a,a,a,a,-,-,-,-,-,-,-,a,-,a,-,-,-,-,-,a,a,a,-,a,a,a,b,a,-,a,-,-,-,-,-,b,b,-,a,a,a,-,b,b,b,b,a,a,-,a,-,-,-,-,a,-,a,a,-,-,-,-,-,-,-,a,a,-,b,-,a,a,a,a,-,a,a,a,b,-,-,-,b,-,-,b,b,b,b,-,b,-,-,b,b,b,b,b,-,b,-,-,b,b,b,-,-,-,b,b,b,-,b,-,-,b,-,a,b,a,-,b,-,-,-,-,b,-,b,-,-,-,-,-,-,-,-,b,b,b,b,-,b,-,-,-,b,-,b,b,-,-,-,a,-,-,b,a,-,-,-,a,-,-,a,-,b,-,-,b,-,-,-,-,-,-,-,b,b,b,-,b,b,b,a
285,1.5837456,1.61167,-,-,a,a,-,-,a,-,a,-,-,a,-,-,-,-,-,-,b,-,-,-,-,b,-,b,-,-,-,-,-,-,-,-,-,-,b,a,a,a,-,b,-,-,-,-,a,-,-,b,-,-,-,-,-,-,-,-,b,b,-,-,-,-,-,b,-,-,b,-,-,-,-,-,-,-,-,b,-,-,-,-,-,-,-,-,b,b,b,-,b,-,-,-,-,-,-,-,b,b,-,b,b,-,a,a,a,-,a,-,a,a,a,a,-,-,-,-,-,-,-,-,-,-,-,-,-,-,-,-,-,-,-,-,-,-,-,-,-,-,-,-,-,-,-,-,-,-,-,-,-,-,-,-,-,-,-,-,-,-,-,-,b,-,-,b,a,-,-,-,a,a,-,a,a,a,-,a,-,-,a,-,a,a,a,a,-,a,a,-,-,-,-,-,-,-,-,-,-,-,-,-,-,-,-,-,-,-,a,-,-,a,-,-,-,-,a,-,-,-,a,-,-,-,a,-,-,-,a,-,-,-,-,-,-,-,-,-,-,-,-,-,-,-,-,-,-,-,-,-,-,-,-,-,-,-,-,-,-,-,a,a,a,a,a,b,b,b,b,-,-,-,-,-,-,-,-,-,-,-,-,-,-,-,-,b,b,-,-,-,-,-,a,-,-,-,-,-,-,-,a,a,-,-,-,a,-,a,a,b,b,b,b,-,-,-,b,-,-,-,-,b,-,-,-,-,-,-,-,-,-,-,-,-,-,-,b,-,-,a,-,-,-,b,-,-,-,-,-,-,-,-,b,-,-,-,-,-,-,b,-,-,-,-,-,-,-,-,-,-,-,-,-,-,a,-,-,-,-,-,-,-,-,-,b,-,-,-,-,-,-,-,-,-,-,-,-,-,-,-,-,-,-,-,a,-,-,-,-,-,-,a,-,a,a,-,-,-,a,-,-,a,a,-,-,-,a,-,-,a,-,a,-,-,-,-,-,-,-,-,-,-,-,a,a,-,-,a,a,a
286,1.7624961,1.77667,b,b,b,b,b,b,b,b,b,b,b,b,b,b,b,b,b,b,b,b,b,b,b,b,b,b,b,b,b,b,b,-,b,-,b,b,b,b,b,b,b,b,-,b,b,b,b,b,b,b,b,b,b,b,b,b,b,b,b,b,b,b,b,b,b,b,b,b,b,b,b,b,b,-,b,b,b,b,-,b,b,b,b,b,b,b,b,b,b,-,b,b,b,b,b,b,b,b,b,b,-,b,b,b,b,a,a,a,a,a,a,a,a,a,a,-,a,a,a,a,a,a,-,a,a,a,a,-,a,-,a,a,a,a,a,a,a,a,a,a,a,a,a,a,a,a,a,a,a,a,a,a,a,a,a,a,a,b,b,b,a,a,a,b,b,a,b,-,b,b,b,b,b,b,b,b,b,b,b,b,b,b,b,b,b,b,b,b,b,b,b,b,b,a,a,a,a,a,a,a,-,a,a,a,a,a,a,a,a,a,a,a,a,a,b,-,a,a,a,a,a,a,a,a,b,a,a,a,b,a,a,a,a,b,b,b,b,b,b,b,b,b,b,b,b,b,b,b,b,b,b,b,b,b,b,b,b,b,b,b,b,b,b,b,b,a,a,a,a,a,a,a,a,a,a,a,a,a,a,a,a,a,-,a,a,a,a,-,a,a,a,a,a,a,a,a,a,a,a,a,a,a,b,b,b,b,b,b,b,b,b,b,b,b,-,b,b,b,b,b,b,b,b,b,b,b,b,b,b,b,b,b,b,b,b,b,b,b,a,a,a,a,a,a,a,a,a,a,a,-,a,a,a,a,a,a,a,a,a,a,a,a,a,a,a,a,a,a,a,a,a,a,a,a,a,a,a,a,a,a,a,a,a,a,a,a,a,a,a,a,a,-,a,a,a,a,a,a,a,a,a,a,a,a,a,a,a,a,a,a,a,a,a,a,a,a,a,a,a,a,a,a,a,a,a,a,a,a,a,a,a,a,a,a,a,a,a,a,a,-,a,a,a,a,a,a,a,a,a,a
287,1.8608275,1.945,a,a,a,a,a,a,a,a,a,a,a,a,a,a,a,a,a,a,a,a,a,a,a,a,a,a,a,-,a,a,a,a,a,a,a,a,a,a,a,a,a,a,a,a,a,a,a,a,a,a,a,a,a,a,a,a,a,a,a,a,a,a,-,a,a,-,a,a,a,-,a,b,b,b,b,b,b,b,-,a,a,a,a,a,a,-,a,a,a,a,a,-,b,b,b,b,b,b,b,b,-,b,-,a,a,a,a,a,a,a,a,a,a,a,a,a,a,a,a,a,a,a,a,a,b,b,b,-,b,-,b,b,b,b,b,b,-,b,b,-,b,b,b,b,b,b,-,b,b,b,b,b,b,b,b,b,b,b,b,b,b,b,b,b,b,b,b,b,-,b,-,b,b,b,b,b,b,b,b,b,a,b,b,-,-,a,a,a,a,a,a,a,a,a,a,a,a,a,a,a,a,a,a,a,a,a,a,a,a,a,a,a,a,a,a,a,a,a,a,a,a,a,-,a,a,a,a,a,a,a,a,a,a,a,a,a,a,a,a,a,a,a,a,a,a,a,a,a,a,a,a,a,a,a,a,a,a,-,a,a,a,a,a,-,a,b,b,b,b,b,b,b,b,b,-,b,b,b,b,b,b,b,b,b,b,b,b,b,b,b,b,b,b,b,b,-,b,b,b,b,b,b,b,b,b,b,b,b,b,b,b,b,b,b,b,b,-,b,b,a,a,a,a,a,a,a,a,-,a,-,a,a,a,a,a,a,a,a,a,-,b,b,b,b,b,b,b,b,b,b,b,b,b,b,b,b,-,b,b,b,b,b,b,b,b,b,b,b,b,b,b,b,b,b,b,b,b,b,b,b,b,b,b,b,b,b,b,b,b,b,b,b,b,b,b,b,b,b,b,b,b,b,b,b,b,b,b,-,b,b,b,b,-,b,b,b,b,b,b,b,b,b,b,b,b,b,b,b,b,b,-,b,b,b,b,b,b,b,b,b,b,b,b,b,b,b,-,b,b,b
288,1.5597298,1.5,a,a,a,a,a,a,a,-,a,a,a,a,a,a,a,a,a,a,a,a,a,a,a,a,a,a,a,a,a,a,a,a,a,a,a,a,a,a,a,a,a,a,a,a,a,a,a,a,a,b,a,b,a,a,a,a,a,a,b,b,a,a,a,a,a,-,a,a,b,a,a,b,b,b,b,b,b,b,a,a,a,a,-,a,a,-,b,b,b,a,b,-,b,b,b,b,b,b,b,b,-,b,b,a,b,b,a,a,a,a,a,a,a,a,a,a,a,a,a,a,a,a,a,a,b,b,b,b,b,b,b,b,b,b,b,b,-,b,a,a,b,b,b,b,b,b,-,b,b,a,b,b,b,b,a,b,b,b,b,b,a,a,a,b,a,a,a,b,-,b,a,a,a,a,a,a,b,a,b,b,a,b,a,b,b,b,a,a,a,a,a,a,a,a,a,a,a,a,a,a,a,a,a,a,a,a,a,a,a,a,a,a,a,a,a,-,a,a,a,a,a,a,a,a,a,a,a,a,a,a,a,a,a,a,a,a,a,a,a,a,a,a,a,a,a,a,a,a,a,a,a,a,a,a,a,a,a,a,a,a,a,a,a,a,a,a,a,a,a,b,b,b,b,b,b,b,b,b,b,b,b,b,b,b,b,a,a,b,a,a,a,a,a,b,b,a,b,b,b,b,a,a,b,b,b,-,b,b,b,b,b,b,b,b,b,b,b,b,b,a,a,b,a,a,a,a,a,a,a,a,a,a,a,a,a,-,b,b,b,a,a,a,a,a,b,b,b,a,b,b,b,a,a,b,b,b,b,b,b,a,a,a,a,a,b,b,b,b,b,b,b,b,b,a,a,a,b,b,b,b,b,b,a,b,a,b,b,b,b,b,b,b,b,b,b,b,b,b,b,b,b,b,b,b,b,b,b,b,b,b,b,-,-,-,-,b,a,b,-,b,b,-,-,b,b,b,a,a,b,a,-,a,b,b,b,b,b,b,b,b,b,b,b,a,a,b,b,a,a,a
289,1.5169636,1.47167,a,a,a,a,a,a,a,-,a,a,a,a,a,a,a,-,a,-,a,-,a,-,a,a,a,a,a,-,-,-,a,-,a,a,a,a,a,a,a,a,-,a,a,-,-,a,a,-,a,a,-,b,b,b,-,-,-,-,a,a,-,b,b,-,b,-,-,-,a,-,-,b,-,b,-,b,b,a,b,b,b,-,b,-,-,-,a,a,a,-,a,-,b,-,-,b,b,-,a,a,-,a,-,b,b,b,b,a,a,a,a,-,-,-,-,a,-,a,a,a,a,-,-,a,-,b,-,a,a,a,a,a,-,-,a,a,-,a,a,-,-,-,-,a,a,-,a,-,a,a,a,-,-,a,a,a,a,a,-,a,-,a,a,-,a,a,a,a,a,-,-,a,a,a,a,a,-,a,-,-,a,-,a,-,-,a,b,a,a,b,-,-,a,a,a,-,a,-,-,-,-,-,a,a,a,a,-,a,a,-,-,a,-,-,a,a,a,a,a,-,a,a,a,-,a,-,-,-,a,-,-,-,a,-,-,a,a,-,-,a,-,-,a,a,-,a,a,-,-,a,-,-,a,a,a,a,-,-,a,a,b,b,b,-,b,a,a,a,a,a,a,a,a,a,a,a,-,-,-,a,a,-,a,a,a,a,a,-,b,b,b,b,b,a,-,-,a,-,a,a,b,b,-,-,-,b,b,b,b,b,b,b,b,b,b,b,-,b,b,b,-,b,-,b,-,-,-,-,b,b,-,b,-,b,-,a,a,a,a,-,a,a,a,a,-,a,-,a,-,a,a,a,a,a,-,-,a,a,a,a,a,a,a,a,-,-,-,-,-,a,-,a,a,a,a,a,a,-,a,a,a,-,a,a,a,b,-,-,-,-,b,b,b,-,b,-,-,-,-,-,-,b,b,-,a,b,-,-,a,a,a,b,a,b,b,-,-,a,b,b,b,b,b,-,-,b,b,-,a,b,-,b,a,-,a,a,-,a,a,-,a,a,-,b,b,-,-,b,b,b
290,1.70513,1.77833,a,a,b,b,a,a,a,a,a,a,a,b,a,a,-,a,a,-,a,a,a,a,a,b,b,b,b,-,a,a,-,a,a,a,a,a,b,b,b,b,-,a,a,-,a,a,b,b,a,a,-,a,a,a,a,a,a,a,b,b,a,a,-,a,a,b,-,-,a,-,a,-,a,-,a,-,a,a,a,a,a,a,a,a,-,-,a,a,b,-,b,a,a,a,a,a,b,-,a,a,a,b,a,b,b,b,b,-,b,a,a,b,b,b,a,a,a,a,-,a,a,a,a,a,-,a,a,-,a,a,a,a,a,-,a,a,a,a,b,a,-,-,a,-,a,a,-,a,-,b,a,a,a,a,b,a,a,a,-,a,b,b,b,a,a,b,b,a,-,a,b,a,a,a,a,a,-,a,b,a,a,-,b,a,a,b,a,a,a,-,a,a,a,-,a,a,a,a,a,-,a,a,a,a,-,a,a,a,b,-,a,a,-,a,a,b,b,a,a,-,a,a,a,a,b,a,a,a,a,a,a,-,a,a,a,a,a,a,-,a,-,b,-,b,b,b,b,b,b,b,b,b,b,b,-,b,-,b,-,b,a,a,a,b,a,-,b,b,b,a,a,a,a,a,a,a,a,a,a,a,a,a,a,a,a,b,b,-,a,a,a,b,a,b,b,b,b,b,b,b,b,b,b,-,b,a,b,a,a,a,a,a,a,b,-,b,a,b,b,b,-,b,-,b,b,b,b,-,-,a,a,-,-,a,-,a,a,b,b,b,b,b,b,a,a,a,a,a,-,-,-,a,a,a,-,a,a,a,a,-,-,-,a,a,a,a,a,-,a,a,-,a,-,a,a,a,a,a,a,a,a,a,b,a,b,a,a,a,a,a,a,a,-,a,a,-,a,a,a,-,a,a,-,a,a,-,b,b,b,b,b,a,-,-,a,b,b,b,a,b,b,b,a,b,b,-,a,b,b,a,-,b,b,b,b,-,b,b,b,b,-,b,b,b,b,b,b,b,b,a
291,1.9539632,1.945,a,-,a,a,a,a,a,-,a,a,a,a,a,a,-,-,-,a,a,a,a,-,a,a,a,a,a,a,a,-,a,a,a,a,-,a,a,a,a,a,-,a,-,-,-,a,a,-,-,b,a,-,a,a,a,a,a,a,a,a,a,a,a,-,a,a,a,b,b,b,-,b,b,-,b,-,b,b,-,b,-,b,b,-,-,-,b,b,b,-,b,-,b,-,-,-,-,-,b,b,-,b,b,b,b,b,b,-,b,-,b,-,b,b,-,-,-,b,b,b,-,b,b,b,-,-,b,-,-,b,b,-,b,b,a,-,-,a,a,a,-,a,-,a,a,a,a,a,a,a,a,-,-,a,a,a,-,a,a,a,a,a,a,a,a,a,a,-,a,a,a,a,a,a,a,a,-,a,-,-,a,-,a,b,b,b,b,b,b,-,b,b,b,b,-,b,b,b,b,-,b,-,b,b,-,-,-,-,b,b,b,b,b,b,b,b,b,-,b,b,b,b,a,b,b,-,-,-,b,-,b,b,-,-,b,b,b,b,-,-,b,b,b,b,b,b,-,b,-,-,a,-,a,a,-,a,a,a,a,a,a,a,a,a,a,a,-,a,a,a,a,-,-,-,a,a,a,a,a,a,a,a,a,a,a,a,a,-,a,a,b,b,b,-,b,b,b,-,-,b,b,b,-,-,-,b,-,b,b,b,b,b,b,b,-,-,b,b,b,-,b,b,-,-,-,-,b,b,b,-,-,b,b,b,b,b,b,b,b,a,a,a,a,a,-,a,a,-,-,a,a,a,a,-,a,a,a,-,-,a,a,a,a,a,a,-,a,-,a,a,-,a,a,a,a,a,a,-,a,a,a,-,a,a,a,a,-,a,-,-,-,-,a,-,a,a,a,a,-,-,a,-,-,-,-,-,-,-,b,b,b,b,-,b,b,b,-,b,b,-,b,a,a,-,a,-,a,a,a,a,a,a,-,a,a,-,a,a,a,a,a,a,-,a,a,a,a,a,a,a
292,1.4786933,1.5,b,b,b,b,b,b,b,b,b,b,b,b,b,b,b,b,-,b,b,b,b,b,b,b,b,b,b,-,-,b,-,b,b,b,b,b,b,b,b,b,-,b,-,-,b,-,b,-,a,a,-,-,-,-,b,-,b,b,b,b,-,b,b,-,-,b,b,-,b,-,b,b,-,b,b,b,-,b,b,b,b,-,-,-,b,-,b,b,b,b,b,b,b,b,b,-,b,-,b,b,b,b,b,-,b,b,b,b,b,b,b,b,b,b,b,b,-,-,b,-,b,-,-,-,-,-,b,b,b,b,-,-,-,-,b,b,-,-,b,b,b,b,b,b,-,-,b,-,b,b,-,-,b,-,b,b,b,-,b,-,b,b,b,b,b,b,b,-,-,-,b,b,b,b,b,b,-,b,b,-,b,b,b,b,b,b,-,b,b,b,-,b,b,b,-,-,b,b,-,b,-,b,-,-,-,-,-,b,b,-,b,b,b,-,-,b,b,b,-,b,b,-,b,b,b,b,b,b,b,b,-,b,-,-,b,b,b,b,b,b,b,-,b,-,-,b,-,b,b,-,b,b,b,-,-,b,-,b,b,-,b,b,b,b,b,a,a,-,a,a,a,-,a,a,a,-,a,-,-,-,a,a,a,a,-,a,a,a,a,a,a,a,a,-,a,a,-,a,a,a,a,a,a,-,a,a,a,a,a,a,a,a,a,a,a,-,a,-,a,a,-,b,-,-,-,b,b,-,-,-,b,-,b,b,-,b,b,b,b,a,a,a,a,a,-,-,a,a,a,a,a,a,a,a,-,-,a,a,a,a,a,a,a,a,a,-,-,a,a,a,a,-,a,a,a,a,a,a,-,a,a,a,a,a,-,-,-,a,a,-,a,-,a,a,a,a,a,-,-,a,a,a,a,a,a,a,a,a,a,a,a,a,a,a,a,a,-,a,a,-,a,a,a,a,-,-,a,-,-,a,a,a,a,a,a,-,-,a,a,-,a,a,a,a,a,-,a,a,a,a
293,0.6593053,0.72333,a,-,a,a,-,-,a,a,a,a,a,a,a,a,a,-,a,-,a,a,-,-,-,a,a,a,a,a,-,a,-,a,-,b,-,b,b,b,b,b,-,b,b,b,-,-,b,b,b,b,b,b,b,b,-,b,b,b,b,b,-,a,a,a,-,a,a,-,a,a,-,-,-,-,a,a,a,a,a,-,a,-,-,-,a,a,a,a,a,a,a,-,-,a,a,-,a,a,a,a,a,a,a,-,b,b,b,b,b,b,b,b,b,b,b,b,b,b,b,b,b,b,-,-,-,b,b,b,b,b,-,-,b,b,b,b,b,-,b,b,b,b,b,-,b,b,b,-,b,b,-,b,b,b,b,-,b,-,b,-,b,b,b,-,b,b,b,-,b,b,b,b,b,b,b,b,-,b,-,-,b,-,b,a,a,a,a,a,a,a,-,a,-,a,a,-,-,a,a,a,-,-,-,-,-,-,a,a,a,-,a,a,a,-,a,-,a,a,a,a,a,a,a,a,a,-,a,a,a,-,-,a,-,a,-,a,-,b,-,a,-,a,-,-,-,-,a,a,a,b,b,-,b,b,-,b,b,-,b,b,b,b,b,b,b,b,b,b,b,b,-,-,-,b,b,b,b,-,-,a,-,-,-,a,a,a,a,a,a,a,a,a,a,a,-,a,a,-,a,a,a,a,-,-,-,a,a,a,a,a,a,a,a,a,a,a,a,-,-,-,a,a,-,a,-,-,a,a,-,a,a,-,-,a,-,a,-,a,a,a,a,a,a,a,a,-,-,a,a,-,a,a,a,-,a,a,a,-,-,a,a,a,a,a,a,-,-,a,a,-,a,a,a,a,a,a,a,a,a,-,-,-,a,a,-,-,-,a,a,a,a,a,-,a,a,-,a,a,-,a,-,a,a,a,a,a,a,-,a,a,-,a,-,b,b,b,-,b,b,-,b,b,b,b,b,b,b,b,-,b,-,b,b,-,b,b,-,-,b,b,b,b,-,b,b,b,b,b,b,b
294,1.8872992,1.945,b,-,a,a,-,b,b,-,b,b,b,a,b,-,b,b,-,b,b,b,b,b,-,a,a,a,a,b,b,-,-,b,-,b,-,b,a,a,a,a,b,b,b,-,b,b,a,b,b,b,b,b,b,b,b,b,b,b,a,a,b,-,b,-,-,b,b,b,b,b,b,-,b,b,b,-,b,b,b,b,-,-,b,b,b,b,b,b,b,b,b,b,b,b,b,b,b,b,b,b,b,b,b,-,a,a,a,a,a,a,a,a,a,-,a,a,a,a,a,b,b,a,b,b,b,b,-,b,b,-,-,b,b,b,b,b,b,-,b,b,-,b,b,b,-,b,b,-,b,b,-,b,b,-,a,b,b,b,b,-,b,b,b,b,b,b,b,b,b,b,b,b,b,b,b,b,b,b,b,b,b,b,b,a,a,a,a,a,a,a,a,-,-,a,-,-,a,a,-,a,a,-,a,a,a,a,a,a,a,-,-,b,a,a,-,-,a,-,b,a,b,a,a,a,a,-,a,-,a,a,a,-,a,a,a,a,a,a,-,a,a,a,a,a,a,a,a,-,a,-,-,-,-,a,a,-,a,a,-,a,a,a,a,a,b,b,b,b,b,-,b,b,-,b,b,b,-,a,b,b,-,b,b,b,b,b,b,b,b,b,b,b,b,b,b,b,b,b,b,b,b,b,b,b,-,b,-,a,a,a,a,a,a,-,a,a,a,-,a,a,-,a,a,a,a,a,-,a,a,-,a,-,a,a,-,a,a,a,a,b,a,a,a,b,-,b,b,-,b,b,b,b,b,-,b,b,b,b,b,b,b,b,b,b,-,b,b,b,b,b,-,b,-,b,b,a,b,b,-,-,a,a,a,a,a,-,a,a,-,a,a,a,a,-,a,-,a,a,-,a,-,-,a,a,a,-,-,b,b,b,-,b,b,a,a,a,-,-,b,a,a,a,a,a,a,a,a,a,-,a,a,a,a,-,-,a,a,a,-,a,-,a,a,a,a,a,-,a,a,a
295,0.9520658,0.94333,a,a,a,a,-,a,a,-,a,a,-,a,-,-,-,-,a,a,a,a,-,a,-,a,a,a,a,-,a,-,-,-,-,-,-,a,a,a,a,a,a,a,-,-,-,-,a,-,-,a,-,b,-,a,a,-,a,-,a,a,-,-,-,-,-,a,-,-,a,-,-,-,a,-,a,-,-,a,-,-,a,-,-,-,-,-,a,a,a,a,a,-,-,-,-,-,-,a,a,a,-,a,a,-,b,a,a,a,a,a,a,a,a,-,-,a,-,a,-,-,a,-,a,-,-,a,a,-,-,a,-,-,-,a,a,-,-,-,a,a,-,-,-,a,-,-,a,-,a,a,-,a,a,-,a,-,a,-,-,a,-,a,a,-,-,a,a,-,a,-,a,-,-,a,a,a,-,-,-,a,a,-,a,-,b,b,b,b,b,-,-,-,-,-,-,b,-,-,-,-,-,-,-,-,-,-,-,b,b,-,b,b,-,-,b,-,b,-,-,-,b,b,-,-,b,-,-,-,b,b,-,-,b,-,-,-,b,b,-,b,-,-,-,b,-,-,b,b,-,-,-,b,-,-,-,-,-,-,-,-,-,b,-,b,b,a,-,a,a,a,-,-,-,-,-,a,-,a,-,-,-,a,a,-,-,b,-,b,b,b,b,b,b,-,-,b,b,b,-,-,b,b,b,-,-,b,b,b,b,b,b,b,-,b,-,-,-,-,-,b,-,-,b,b,-,b,-,b,b,b,-,-,b,-,-,b,b,b,b,a,a,a,a,a,-,-,a,a,-,a,-,a,a,-,-,a,-,-,a,-,a,a,-,a,a,-,-,-,-,a,-,a,a,a,a,a,a,a,a,-,a,a,a,-,a,-,a,-,-,-,-,-,-,-,-,a,a,-,-,-,-,a,a,-,a,-,-,-,-,-,b,-,-,b,b,-,-,-,b,-,-,b,b,b,-,-,b,b,-,b,-,b,b,-,-,-,-,-,b,-,-,-,-,b,b,-,a,-,b,b
296,0.3969563,0.43,b,-,b,b,b,b,b,-,b,b,b,b,b,b,b,b,-,-,b,b,-,b,-,b,b,b,b,b,b,b,b,b,b,b,-,b,b,b,b,b,-,b,-,b,b,b,b,b,-,b,-,b,b,-,b,b,b,b,b,b,b,b,b,b,b,b,b,-,b,a,a,a,a,-,-,-,a,a,a,-,-,a,a,a,a,a,a,a,a,a,a,a,a,-,-,-,-,a,a,a,a,a,a,a,a,a,a,-,a,a,a,a,a,a,a,-,a,a,a,a,a,a,a,a,-,-,a,-,a,a,-,b,-,-,b,b,-,b,b,a,b,-,b,-,b,-,b,b,b,b,-,-,-,b,b,-,-,b,b,b,b,b,b,b,b,b,b,b,-,b,b,b,b,b,b,b,b,b,-,b,b,b,b,a,a,b,b,b,b,b,b,b,b,-,-,b,b,-,b,b,-,b,b,b,-,b,b,-,b,b,b,b,-,b,b,b,b,b,-,-,a,a,-,a,a,-,-,a,a,a,a,a,-,a,a,-,-,a,b,b,-,-,-,b,b,b,b,b,b,b,-,b,b,b,-,-,b,b,-,-,b,b,b,b,b,a,a,a,a,-,a,-,a,a,-,a,b,b,b,-,b,b,-,b,b,b,b,-,b,b,b,b,b,b,b,b,-,b,-,-,b,b,b,-,b,b,b,b,b,a,a,a,a,a,a,a,a,-,a,a,-,b,b,-,b,b,b,b,b,b,b,-,-,-,b,b,b,b,b,b,a,a,a,a,a,-,a,-,a,-,-,a,a,a,a,-,a,a,a,a,a,a,a,a,a,a,-,a,a,a,a,-,a,a,a,a,-,a,a,a,-,-,a,-,-,a,-,-,a,a,a,-,a,a,a,-,-,a,a,-,a,a,a,a,a,a,a,a,-,-,-,a,-,a,a,-,-,a,a,a,-,a,a,a,a,-,a,-,-,a,-,a,-,-,a,-,-,-,b,-,b,-,-,b,b,-,-,b,b,b
297,0.984735,0.945,b,b,b,b,b,b,-,-,b,a,a,a,a,a,-,a,a,a,a,-,a,-,-,a,a,a,a,a,a,-,a,-,-,b,-,b,b,b,b,b,-,b,b,-,-,-,b,b,-,b,-,b,b,b,-,-,b,b,b,b,-,-,b,-,b,b,b,-,b,-,-,b,b,b,b,a,-,a,a,-,a,-,-,a,a,a,a,a,a,-,a,a,a,-,a,-,-,a,a,a,-,a,a,-,a,a,a,a,a,a,a,a,a,a,-,-,-,a,a,a,a,-,-,a,-,a,-,-,-,-,a,a,a,a,a,a,a,a,a,a,-,a,a,-,a,a,-,-,a,-,a,a,a,a,a,a,a,a,a,a,a,a,a,a,a,a,a,a,a,-,a,-,-,a,a,a,a,a,a,a,a,a,a,a,a,a,a,a,a,a,-,a,-,a,-,-,a,a,-,a,-,-,-,-,a,a,a,-,a,-,-,a,-,a,-,-,a,a,-,-,a,-,a,a,a,a,-,b,b,-,-,-,-,b,b,b,b,-,-,-,-,b,b,b,b,-,-,b,-,-,-,-,b,b,-,-,-,b,b,-,b,b,b,b,b,a,-,a,a,-,a,-,a,-,-,b,-,a,b,-,-,b,b,-,b,b,b,b,b,b,b,b,b,b,b,b,-,-,b,b,b,b,-,b,-,b,-,b,b,b,b,b,a,b,a,-,a,a,a,a,a,a,-,a,-,a,-,-,a,a,a,a,a,a,-,a,a,a,a,a,a,a,a,a,-,a,-,-,a,a,-,a,a,a,a,a,a,-,-,a,a,a,a,a,-,a,a,a,-,a,a,a,a,a,a,a,a,a,a,a,-,-,a,-,a,-,a,a,a,-,-,a,-,a,a,-,-,-,-,-,-,a,-,a,a,-,a,-,-,-,-,a,a,a,a,a,a,-,a,a,-,a,a,a,a,-,a,a,a,a,-,a,a,a,a,-,a,-,a,a,a,a,-,a,a,-,a,a,a,a
298,1.366172,1.445,a,-,a,a,-,-,a,-,a,a,-,a,a,-,-,-,-,-,a,a,-,-,-,a,a,a,a,-,-,a,-,-,-,-,-,a,a,a,a,a,a,a,-,-,a,-,a,-,b,a,b,-,-,-,a,-,-,a,a,a,a,-,b,-,-,a,b,-,b,-,b,-,b,b,-,-,-,b,b,-,b,-,-,-,-,-,b,b,b,a,b,-,-,-,-,-,-,-,a,a,a,a,a,-,a,a,a,a,a,-,b,b,b,-,-,b,-,-,-,-,-,-,b,-,-,-,-,b,-,-,-,a,-,-,a,-,a,a,a,a,-,-,-,-,-,a,-,-,-,a,-,-,a,-,a,-,-,-,a,-,a,a,a,-,a,a,a,-,-,-,a,a,a,a,a,a,a,a,-,-,a,-,a,b,b,b,b,b,b,-,-,-,-,-,b,-,-,-,-,a,-,-,a,-,a,-,a,-,a,-,a,a,-,-,-,b,a,-,-,-,a,-,-,-,a,-,-,-,a,-,-,-,-,a,a,-,a,a,a,-,a,-,-,-,-,-,-,a,-,-,-,a,-,-,-,-,-,a,-,-,a,a,a,a,a,b,b,b,b,b,-,-,-,-,-,-,b,-,-,b,b,b,-,-,-,b,b,-,b,a,a,a,a,-,a,a,-,-,b,-,b,b,-,-,-,b,b,b,b,b,b,b,b,b,-,-,b,-,b,-,-,b,-,-,b,-,-,-,-,-,-,-,-,-,b,b,b,b,b,a,a,a,a,a,-,-,-,a,-,-,-,a,-,-,a,-,-,-,-,b,b,b,b,b,b,-,b,-,-,b,-,b,b,b,b,b,-,-,b,-,-,-,b,-,b,a,-,-,-,-,a,-,-,-,-,-,-,a,-,-,-,a,a,a,a,-,a,-,-,-,a,a,a,a,a,-,-,-,a,-,-,b,b,b,-,b,b,b,-,b,-,b,-,-,b,-,-,-,b,b,-,-,-,b,b,-,-,b,b,b
299,1.6259859,1.66667,-,-,a,a,-,-,a,-,a,a,a,a,a,a,-,a,a,-,b,b,-,-,-,b,a,a,a,-,-,b,-,-,b,-,-,a,a,a,a,a,-,a,-,a,-,-,a,-,-,b,-,b,-,-,b,-,-,-,b,b,-,b,-,-,b,b,-,-,b,b,b,-,-,-,b,-,-,b,-,-,-,-,-,b,-,b,b,b,b,-,b,-,b,-,-,-,-,-,b,b,b,b,b,a,a,a,a,-,a,a,a,a,a,a,-,-,-,-,a,-,-,-,-,a,-,-,a,-,-,a,-,a,-,a,-,-,-,a,a,a,-,-,-,-,-,-,a,-,-,a,-,a,-,-,b,b,-,-,-,-,b,b,b,-,b,b,b,-,a,a,a,a,a,a,a,a,-,a,-,a,a,a,a,b,b,b,b,b,b,b,b,b,-,-,-,b,b,b,-,b,-,-,-,-,-,-,b,-,b,b,b,b,-,-,-,b,b,-,-,b,b,b,-,-,b,-,-,-,b,b,-,-,-,-,b,-,-,b,b,-,b,-,-,-,-,b,b,-,-,-,-,-,-,-,-,b,-,b,-,-,b,b,b,b,b,b,b,a,b,a,-,-,a,-,-,a,b,a,a,b,-,-,a,a,a,a,a,-,a,a,a,a,a,-,a,a,a,a,-,-,a,a,-,-,-,b,-,b,b,b,b,b,b,-,-,-,b,b,-,-,-,a,-,-,-,-,-,-,-,-,a,-,-,-,-,a,a,a,a,b,b,b,b,b,-,-,-,-,b,-,b,b,b,-,b,b,-,-,-,b,b,b,b,b,-,-,-,b,-,-,-,-,-,b,b,b,-,b,b,-,-,b,b,-,b,-,-,b,-,b,-,b,-,b,-,-,-,-,b,-,-,-,-,-,b,-,-,b,b,b,-,b,b,b,b,b,b,b,b,-,-,a,a,-,-,-,a,a,a,a,-,a,-,-,-,-,-,a,-,-,-,-,-,a,a,b,-,b,b,b
300,1.928907,2,b,-,b,b,b,b,b,-,b,b,b,b,b,b,b,b,b,-,b,b,b,b,b,b,b,b,b,b,-,-,b,b,b,-,b,b,b,b,b,-,b,b,b,b,b,-,b,b,-,b,b,b,b,b,b,b,-,b,b,b,b,b,-,b,b,b,-,-,b,b,-,b,b,b,-,b,b,b,b,b,b,b,b,-,b,b,b,b,-,b,b,b,b,b,b,b,b,b,b,b,b,b,b,a,a,a,a,a,-,a,a,b,b,b,b,b,-,b,-,b,b,a,b,b,b,b,b,b,b,b,-,b,b,b,b,-,b,b,b,b,b,b,-,b,b,b,-,a,b,a,b,b,b,-,-,a,a,a,a,a,a,a,a,a,a,a,a,-,a,a,a,a,a,a,a,a,a,a,a,a,a,a,a,a,a,a,-,-,a,a,-,a,-,a,-,-,a,a,-,a,a,a,a,a,-,a,a,a,a,a,a,a,-,-,a,a,a,a,b,-,a,a,a,a,a,a,a,a,a,a,a,-,-,-,-,a,a,a,a,-,-,a,a,a,a,a,a,a,a,a,a,a,a,a,a,a,a,-,a,a,a,a,a,a,-,b,b,b,b,-,b,-,b,-,-,b,b,b,b,b,b,b,-,b,b,b,b,b,b,b,b,-,b,b,b,b,b,b,b,b,b,-,b,-,b,b,a,-,a,a,a,a,a,a,a,a,a,-,-,a,a,a,a,b,a,a,a,a,a,-,a,a,-,-,a,a,a,a,a,b,b,b,b,b,b,b,b,-,b,b,b,b,b,b,b,b,b,b,b,b,b,b,b,b,b,b,b,b,b,b,-,-,-,b,b,a,-,b,b,a,a,-,b,a,b,-,a,a,a,-,a,a,a,a,a,a,a,a,a,-,a,-,a,a,a,a,a,a,a,a,a,a,a,a,a,a,a,a,a,-,a,a,a,a,a,a,a,a,-,a,a,a,a,a,a,a,a,-,a,-,-,-,a,-,a,a,-,-,a,a
301,1.5043104,1.55667,-,b,b,b,b,b,b,b,b,b,b,b,a,b,b,b,b,b,a,b,b,-,-,a,a,a,a,-,a,b,-,a,a,a,-,a,a,a,a,a,a,a,-,a,-,-,b,b,b,b,b,b,b,b,b,b,-,b,b,b,-,b,b,b,-,b,-,b,b,b,b,-,b,b,b,b,-,b,-,b,-,b,b,b,-,b,b,b,b,b,b,-,b,-,b,-,-,b,b,b,-,b,b,a,a,a,a,a,a,a,a,a,a,a,a,b,-,-,b,b,-,-,b,b,b,b,b,b,-,b,b,b,b,-,-,b,b,b,a,a,-,b,-,b,b,b,b,b,-,a,-,b,-,-,a,b,-,b,-,b,b,b,b,b,b,b,b,-,b,-,b,b,-,b,b,b,-,b,b,b,b,b,b,a,a,a,b,a,a,-,-,-,-,b,b,-,-,b,b,b,b,b,-,b,b,b,b,b,a,-,-,a,b,-,a,-,a,-,-,a,a,a,a,a,a,a,a,-,a,a,a,a,-,a,-,a,a,a,-,-,-,a,a,a,a,a,-,a,-,a,a,a,a,a,a,a,a,a,-,a,a,a,a,a,a,b,b,b,b,b,b,b,b,-,-,b,b,-,-,-,-,b,-,-,b,a,a,-,a,a,a,a,a,b,b,a,b,-,b,-,b,b,b,b,-,b,b,b,b,b,b,b,b,a,a,a,b,a,a,-,a,b,-,a,-,a,a,a,a,-,a,a,a,a,-,b,b,b,b,b,b,b,b,b,b,-,b,a,b,-,b,a,a,b,-,-,b,-,b,a,a,a,a,a,b,b,-,-,b,-,-,-,-,b,b,b,b,b,b,b,-,-,b,-,b,-,-,a,a,-,-,a,-,a,a,a,a,-,a,a,a,a,a,a,b,-,b,b,b,b,b,b,b,b,b,-,b,-,b,b,b,b,b,b,b,b,b,b,b,a,b,a,-,-,-,b,b,-,b,b,b,b,-,a,a,b,b,a,a,a
302,1.886605,1.945,-,-,b,b,-,-,-,-,b,b,b,b,b,-,-,-,-,-,b,-,-,-,-,b,b,b,b,-,-,-,-,-,-,-,-,a,a,a,a,a,-,a,-,-,-,-,b,-,-,b,-,-,-,-,-,-,-,-,b,b,-,-,-,-,-,b,-,-,b,-,-,-,-,-,-,-,-,b,-,-,-,-,-,-,-,-,b,b,b,-,b,-,-,-,-,-,-,-,b,b,-,b,a,-,a,a,a,-,a,-,b,b,b,b,-,-,-,-,-,-,-,-,-,-,-,-,-,-,-,-,-,-,-,-,-,-,-,-,b,a,-,-,-,-,-,-,-,-,-,-,-,-,-,-,b,-,-,-,-,-,b,b,b,-,b,b,b,-,-,-,b,b,b,b,b,b,-,b,-,-,b,-,b,a,a,b,-,b,b,-,-,-,-,-,-,-,-,-,-,-,-,-,-,-,-,-,-,-,b,-,-,b,-,-,-,a,a,-,-,-,a,-,-,-,a,-,-,-,a,-,-,-,-,-,-,-,-,-,-,-,-,-,-,-,-,-,-,-,-,-,-,-,-,-,-,-,-,-,-,-,a,a,a,b,a,b,b,b,b,-,-,-,-,-,-,-,-,-,-,-,-,-,-,-,-,b,b,-,b,b,b,b,b,-,-,b,-,-,-,-,b,b,-,-,-,b,-,b,b,b,a,b,a,-,-,-,a,-,-,-,-,a,-,-,-,-,-,-,-,-,-,-,-,-,-,a,a,a,a,b,b,b,b,b,-,-,-,b,-,-,-,b,b,-,-,-,-,-,-,b,b,b,b,-,-,-,-,-,-,-,-,-,-,b,b,b,-,-,-,-,-,-,b,-,b,-,-,-,-,-,-,-,-,-,-,-,-,-,-,-,-,-,-,-,a,-,-,-,-,-,-,b,-,b,b,-,-,-,b,-,-,b,b,-,-,-,b,-,-,b,-,b,-,-,-,-,-,-,-,-,-,-,-,b,b,-,-,b,b,b
303,0.7083106,0.78,b,b,a,b,-,-,-,b,a,a,a,b,a,b,-,b,b,b,a,-,-,-,b,b,b,b,b,a,a,-,a,a,a,-,a,b,b,b,b,b,a,a,a,a,a,-,a,-,a,a,a,-,-,a,-,-,a,-,-,-,-,-,a,a,a,a,-,a,a,-,-,-,-,-,a,-,a,a,a,a,a,a,a,a,-,a,a,a,a,a,a,a,a,a,a,a,a,a,b,b,a,b,b,b,b,b,b,-,b,b,b,b,b,b,a,a,a,a,a,-,-,a,a,a,a,-,a,-,-,a,a,-,a,a,-,-,-,-,b,b,-,a,-,a,a,a,a,a,a,b,-,a,-,a,b,a,-,-,a,a,b,b,b,a,-,-,a,-,a,a,-,-,-,-,-,-,-,-,a,-,-,a,b,b,b,b,-,b,b,-,b,-,-,b,-,-,b,-,b,-,b,-,-,b,-,-,-,b,a,b,b,a,-,b,b,-,a,-,-,-,a,-,-,b,a,b,b,-,b,b,-,b,b,b,b,b,b,b,b,-,b,-,-,b,-,-,b,-,b,-,b,b,b,b,b,b,b,b,b,b,b,b,b,b,b,b,b,b,b,a,-,b,-,b,b,-,b,a,b,-,b,-,b,b,-,b,b,b,b,b,b,b,b,-,b,b,b,b,-,b,b,b,b,-,-,b,-,b,b,b,b,b,b,-,-,b,b,b,b,b,-,b,b,b,-,-,b,b,b,-,b,b,-,b,-,b,b,b,b,a,a,a,a,a,-,-,-,a,a,a,a,a,a,-,-,a,-,-,-,a,a,a,a,a,a,a,-,-,a,a,a,a,-,a,a,a,a,-,a,a,a,a,a,b,-,b,-,-,b,b,b,-,b,-,-,-,-,b,b,b,-,b,-,-,b,-,-,b,b,-,b,b,b,b,b,b,b,b,b,-,-,b,b,b,-,b,b,-,-,b,-,b,b,b,b,-,-,b,-,b,-,b,b,b,b,b,b,b,b,b
304,0.8687129,0.90333,b,b,b,b,b,b,-,b,b,b,b,b,b,a,a,a,a,a,b,a,a,a,a,b,b,b,b,a,-,a,a,a,a,a,a,a,a,a,a,a,a,a,a,a,-,b,a,b,b,a,b,b,b,b,b,b,b,b,a,a,b,b,-,-,b,a,b,-,a,b,-,b,b,b,b,b,b,a,b,b,b,b,b,b,b,b,a,a,a,-,a,-,b,-,b,b,b,b,a,a,a,a,a,-,b,b,b,a,b,a,a,a,a,a,a,a,a,a,-,a,-,a,a,a,-,a,-,-,a,a,b,b,a,-,b,a,a,a,-,a,a,b,a,a,a,a,-,a,a,-,a,b,b,-,a,b,b,b,b,b,a,a,a,b,a,a,a,b,-,b,a,a,a,a,a,a,b,a,-,b,a,b,a,b,b,b,a,b,b,a,a,a,a,a,a,a,a,a,a,-,a,a,a,a,a,a,a,a,b,a,a,b,a,a,a,b,b,a,a,a,b,a,a,a,b,a,a,a,b,a,a,a,a,a,a,a,-,a,-,-,a,a,a,a,a,a,a,a,a,a,a,a,-,a,a,a,a,a,a,a,b,b,b,b,b,a,a,a,b,-,b,b,b,b,-,a,a,-,a,a,-,a,a,a,a,b,b,a,b,b,b,b,b,a,a,b,a,b,a,b,b,b,b,b,-,b,-,b,b,b,b,b,b,b,b,b,b,b,b,b,b,b,b,b,b,b,-,b,b,b,b,b,b,b,b,-,b,b,b,a,a,a,a,a,b,b,b,a,b,b,a,a,a,-,a,a,a,a,a,a,a,a,a,a,-,a,a,a,a,a,a,a,b,a,a,a,b,b,b,b,-,b,a,b,-,b,b,b,b,b,b,b,b,b,b,b,-,b,b,b,b,b,-,b,b,b,b,b,b,b,b,b,b,b,b,b,a,b,b,b,-,b,b,b,b,b,b,b,b,b,a,b,-,a,a,-,b,b,-,b,b,b,b,b,b,b,b,b,b,b
305,1.7130272,1.68167,a,a,b,b,a,a,b,-,b,b,b,b,a,a,a,a,a,a,a,a,a,a,a,a,a,a,a,-,-,-,a,-,a,a,a,a,a,a,a,a,a,a,a,-,a,a,b,a,a,b,a,a,a,a,a,a,-,-,b,b,a,-,b,b,b,b,b,b,b,b,b,b,b,b,b,b,b,b,a,a,a,a,a,a,-,a,b,b,b,a,b,a,-,a,a,-,a,-,b,b,b,b,b,b,a,a,a,b,a,b,a,a,a,a,-,a,a,a,a,a,a,a,-,a,a,a,a,-,a,a,a,a,a,a,a,a,a,a,-,a,-,a,-,a,a,a,a,a,a,-,a,a,a,a,b,a,a,a,-,-,b,b,b,a,b,b,b,a,a,a,b,b,b,b,b,-,a,b,-,a,b,a,b,a,a,a,b,a,a,b,b,b,b,b,a,-,a,a,a,-,-,a,a,-,a,a,a,a,a,a,a,a,a,a,a,-,a,a,-,a,a,a,a,-,a,a,a,a,a,a,a,a,a,a,a,a,a,-,a,a,a,a,a,-,a,-,a,a,a,a,a,-,a,a,a,a,a,a,a,a,-,a,-,a,a,b,b,b,b,-,a,-,-,a,a,b,b,a,b,b,b,-,-,a,a,a,a,-,a,a,a,a,a,a,-,a,a,a,a,a,b,b,a,a,-,b,a,b,b,b,b,b,b,a,a,a,b,a,a,a,a,-,a,a,a,-,-,b,b,b,b,b,b,b,b,b,b,b,b,b,b,b,b,b,b,b,b,a,b,-,b,a,a,-,b,b,b,-,b,-,a,a,a,a,b,b,-,b,b,b,b,b,b,b,b,b,b,b,b,b,b,b,b,b,b,b,b,-,b,b,b,b,b,b,b,b,b,b,b,b,b,b,b,b,b,b,b,b,b,b,b,b,b,b,b,b,b,b,b,b,-,b,b,b,b,b,b,b,b,a,-,a,b,-,b,-,b,b,b,b,b,b,-,b,b,b,b,b,b,b
306,1.5739526,1.5,a,a,a,a,-,a,a,a,a,a,a,a,a,-,a,-,-,a,a,a,-,-,a,a,a,a,a,a,a,a,-,a,a,-,a,a,a,a,a,a,a,a,a,a,-,a,a,b,a,a,a,-,-,a,a,a,a,-,a,a,a,a,a,-,-,-,a,a,b,-,-,a,a,a,a,a,a,b,a,a,a,a,a,a,a,-,a,a,a,a,a,a,-,-,-,-,a,-,a,a,-,a,-,b,b,b,b,b,b,a,a,a,a,a,-,a,a,-,a,a,a,a,a,-,a,a,a,-,-,a,-,-,b,b,a,a,a,a,a,-,-,b,b,b,b,b,-,-,b,a,b,b,b,b,a,b,b,b,b,b,a,a,a,b,a,a,a,a,-,-,-,a,a,a,a,a,a,a,-,a,a,a,a,-,-,b,b,b,b,-,b,b,b,b,b,b,b,b,b,b,-,b,-,b,b,b,b,b,a,-,a,a,-,a,a,a,a,-,a,b,a,b,a,b,a,b,b,b,a,b,b,-,b,b,-,b,b,b,b,b,b,b,b,b,b,-,b,b,b,-,b,-,-,b,b,b,-,b,b,b,a,a,a,-,a,a,a,a,a,b,b,-,b,b,-,b,b,a,b,a,-,a,a,a,a,b,a,-,a,a,a,a,a,a,a,-,b,-,b,b,a,a,b,b,b,a,-,a,a,a,a,a,a,b,b,b,-,b,b,-,b,a,b,b,b,b,b,b,b,b,b,b,b,b,b,b,b,b,b,-,b,b,b,b,b,b,b,b,b,b,b,b,b,b,b,b,b,b,b,b,b,b,b,b,b,b,b,-,b,-,b,b,b,b,b,b,-,b,b,b,-,-,b,b,b,b,-,b,-,b,b,-,b,-,-,b,-,b,b,b,b,b,b,b,b,b,b,b,b,b,-,b,-,b,b,b,b,-,b,b,b,b,b,a,a,a,b,a,a,b,-,b,b,b,b,b,-,-,b,-,b,b,b,b,b,b,b,b,b,b
307,1.0981442,1.18,b,b,a,a,b,b,a,b,a,a,a,a,a,b,b,b,b,b,a,b,b,b,b,a,a,a,a,b,b,b,b,b,b,b,b,a,a,a,a,a,b,a,b,b,b,b,a,b,b,-,b,b,b,b,-,b,b,b,a,a,b,b,b,b,b,a,-,b,a,b,b,b,b,b,b,-,a,a,a,a,a,a,a,a,a,a,a,a,a,a,a,a,a,a,a,a,a,a,a,a,-,a,a,a,b,b,b,a,-,a,a,a,a,a,a,a,a,a,a,a,a,a,a,a,a,a,a,a,a,a,a,-,b,b,b,b,-,b,a,-,b,b,b,b,b,-,b,b,b,b,-,b,b,b,b,-,b,b,-,b,b,b,b,b,b,b,a,b,b,-,a,a,a,a,a,a,b,a,b,b,a,b,a,a,b,b,b,b,b,-,a,a,a,a,a,a,a,a,a,-,a,a,a,a,a,a,a,a,b,a,a,b,a,a,a,-,a,a,a,-,b,a,a,a,b,a,a,-,b,a,a,-,a,a,-,a,a,a,-,a,a,a,a,-,a,a,a,a,a,a,a,a,a,a,a,a,a,a,a,a,b,b,b,b,b,b,b,b,b,a,a,a,a,a,a,b,b,b,b,b,b,b,b,-,b,a,a,b,a,a,a,a,a,b,b,-,-,b,b,b,b,b,b,b,b,b,-,b,b,b,b,b,b,b,b,b,b,a,a,a,a,b,a,a,b,b,b,b,b,b,-,b,b,b,b,b,b,b,b,b,b,b,b,b,-,a,a,b,a,-,a,b,b,a,a,a,a,a,a,b,b,b,b,b,-,a,a,-,a,a,a,a,-,b,b,b,a,-,a,a,a,a,b,-,b,a,a,a,a,-,a,a,a,a,a,a,a,a,a,a,a,a,a,a,b,a,a,-,a,-,a,b,a,b,b,a,a,a,b,-,a,a,a,a,a,a,a,a,a,b,a,a,b,b,b,-,b,b,-,b,b,b,b,b,b,b,b,b,b,b
308,1.3764914,1.40333,-,a,b,b,a,a,b,a,b,b,b,b,b,a,a,a,a,a,b,-,a,-,a,b,b,b,b,a,-,a,a,a,a,a,a,b,b,b,b,b,a,b,a,a,-,a,b,a,a,b,a,a,a,a,a,a,-,a,b,b,a,a,a,a,-,b,a,a,b,-,-,-,a,-,a,a,a,a,a,a,a,a,a,a,a,a,a,a,a,a,a,a,a,a,a,a,a,a,a,a,a,a,a,a,a,a,a,a,a,b,a,a,a,a,a,a,a,a,a,-,-,b,-,a,a,a,a,a,a,-,a,a,a,a,a,a,a,-,b,b,a,-,a,a,a,a,a,a,b,b,b,b,b,b,b,b,b,-,b,-,b,b,b,b,b,b,b,b,b,b,b,b,b,-,b,b,b,b,b,b,b,b,b,b,a,a,a,a,a,-,a,a,a,a,a,a,a,a,a,a,a,a,a,a,a,a,a,a,a,b,b,a,b,b,b,a,a,b,b,b,a,b,b,b,a,b,b,b,a,b,b,b,b,b,b,b,b,b,b,b,b,b,b,b,b,b,b,b,b,b,b,-,b,b,b,b,b,b,b,b,a,a,a,a,a,a,a,a,a,a,a,a,-,a,a,a,b,b,b,b,b,b,b,-,b,b,b,-,b,b,b,b,b,b,b,b,b,b,b,b,b,b,b,b,b,b,-,b,b,b,b,b,b,b,b,b,a,b,b,b,a,a,a,-,a,a,a,a,a,a,-,a,a,a,a,b,b,b,b,a,a,a,a,a,a,a,a,a,a,a,a,a,a,a,a,a,a,a,-,a,a,a,a,a,a,a,a,a,a,a,a,a,a,a,a,a,a,a,a,a,a,a,a,a,-,a,-,a,a,a,a,a,a,a,a,a,a,a,a,a,a,a,a,a,a,-,b,-,a,-,a,a,-,a,a,a,-,a,a,a,a,a,a,a,a,a,a,a,a,b,-,a,a,a,a,-,a,a,a,a,-,a,a,b,b,a,a,b,b,b
309,0.9080514,0.89,-,-,a,a,-,a,a,-,a,a,a,a,a,a,a,-,a,-,a,-,a,a,a,a,a,a,a,a,a,a,-,a,a,a,a,a,a,a,a,a,a,a,a,-,-,-,a,-,-,a,a,-,a,-,a,-,-,-,a,a,-,-,a,a,a,a,a,-,a,a,-,a,-,a,a,-,-,a,a,-,a,a,a,a,a,a,a,a,a,a,a,a,-,-,a,a,-,a,a,a,a,a,a,a,a,a,a,-,b,b,-,a,a,a,-,-,b,b,b,b,-,b,b,b,b,b,b,b,b,b,b,b,-,b,b,-,b,b,a,a,b,b,-,-,b,-,b,b,b,a,b,b,-,b,b,b,b,-,b,b,b,b,b,b,b,b,b,b,b,b,b,b,b,b,b,b,-,b,b,-,b,-,b,a,a,a,a,a,a,a,-,-,-,-,a,-,a,a,-,a,a,a,-,a,a,a,-,-,a,b,-,b,-,-,b,b,b,b,b,-,b,b,b,-,b,b,-,-,b,b,b,-,b,-,b,b,b,b,b,-,-,-,b,b,-,-,b,b,b,-,-,-,b,-,b,-,-,-,-,b,b,b,b,b,b,a,a,a,a,a,-,-,a,-,a,-,-,-,b,b,b,-,b,-,b,b,b,-,b,b,b,b,b,b,-,b,b,b,-,b,b,b,b,b,b,b,b,b,b,b,b,b,b,b,a,-,b,a,-,a,a,a,-,a,-,a,a,-,a,-,-,-,-,-,a,a,a,a,a,a,a,a,a,a,a,-,-,a,a,-,-,a,a,-,a,-,-,-,a,a,a,a,a,a,a,a,a,a,a,a,-,a,a,a,a,a,a,a,-,-,a,a,a,a,-,-,-,a,a,a,-,a,a,-,a,a,-,a,-,a,a,a,-,a,a,a,-,-,-,-,a,a,a,a,a,-,a,a,a,a,a,a,a,a,-,a,a,-,-,a,-,a,a,a,a,a,a,-,a,a,a,-,-,a,a,a,a,a,a,a
310,0.5651034,0.55333,a,-,a,a,a,a,-,a,a,a,a,a,a,a,-,-,-,-,a,a,a,a,-,a,a,a,a,-,a,a,-,a,a,a,a,a,a,a,a,a,a,a,a,-,a,a,a,b,a,a,a,a,a,-,a,b,b,b,a,a,b,b,b,a,a,-,a,a,a,a,-,a,a,-,a,a,a,a,b,b,-,b,b,-,b,b,a,a,a,-,a,b,b,b,b,b,b,-,a,a,-,a,-,-,a,a,a,b,b,b,b,b,b,b,a,-,b,b,b,b,b,b,b,b,b,b,b,b,b,b,b,a,a,a,a,a,a,-,b,-,a,-,a,-,a,a,a,-,a,-,a,-,a,-,b,a,a,a,a,a,b,b,b,a,b,b,b,a,a,a,-,b,b,b,b,b,a,b,a,a,b,a,b,-,-,a,-,a,a,a,a,b,-,b,b,b,-,-,b,b,-,-,b,b,b,b,b,b,a,b,-,b,b,b,b,b,b,b,b,-,b,b,b,b,b,b,b,b,b,b,b,-,b,b,-,-,-,b,b,b,b,b,b,b,b,b,b,b,-,-,-,b,b,b,b,b,b,b,-,-,b,b,b,-,b,a,a,a,a,b,b,b,-,b,b,b,b,b,b,b,-,b,-,b,-,b,b,b,-,b,b,b,b,-,b,-,a,a,a,a,b,b,a,a,a,b,a,b,b,b,b,b,b,-,a,a,-,-,a,a,-,a,a,a,a,a,a,b,a,a,a,a,a,a,a,a,a,a,a,-,a,a,a,a,a,a,a,-,a,a,a,a,a,a,a,a,a,a,-,a,a,a,a,a,-,-,a,a,a,a,-,-,a,a,a,a,a,-,a,a,a,a,a,a,-,a,a,a,-,-,-,a,-,-,a,a,a,a,a,a,a,a,a,-,a,a,a,a,a,a,a,a,-,a,a,a,a,-,a,-,a,a,a,a,-,a,a,a,-,a,a,a,a,-,a,a,a,a,a,a,a,-,a,a,a,a,-,a,a,a
311,1.0922905,1.16833,b,b,a,a,-,-,a,b,a,a,-,a,a,b,b,-,-,-,a,-,-,-,-,a,a,a,a,a,-,a,-,-,-,-,-,a,a,a,a,a,-,a,-,-,-,-,a,-,-,a,a,-,-,-,-,-,-,-,b,b,-,-,-,-,-,b,-,-,a,-,b,b,-,-,-,-,-,a,-,-,-,-,-,-,-,-,b,b,b,-,b,-,-,-,-,-,-,b,b,b,-,b,b,-,b,b,b,-,b,-,b,b,b,b,-,b,-,-,-,-,-,-,b,-,-,-,b,-,b,-,-,-,-,b,-,-,-,b,a,-,-,-,-,-,-,a,-,b,-,a,b,-,-,-,a,-,-,-,-,b,a,a,a,-,a,a,a,-,-,-,a,-,-,a,a,a,-,a,-,-,a,-,a,a,a,a,a,b,b,-,a,-,-,a,-,a,-,-,-,-,-,-,-,a,-,-,a,-,b,-,-,b,a,-,-,-,b,a,-,-,b,-,-,-,b,a,-,a,b,-,-,-,-,a,-,a,-,a,-,-,-,a,-,a,-,-,-,-,-,-,-,-,-,a,b,-,-,-,a,-,b,b,b,b,b,b,b,b,b,-,-,-,a,a,-,-,-,-,-,-,-,-,-,-,-,b,b,-,a,a,a,a,a,-,-,-,-,b,-,-,a,a,b,-,-,a,b,a,a,a,a,a,a,b,-,b,a,-,-,b,-,a,-,-,-,-,b,b,-,-,b,-,-,-,b,a,a,a,a,a,a,a,a,a,-,a,-,a,a,-,-,a,a,-,a,a,-,a,-,a,a,a,a,a,-,-,a,-,-,b,-,-,b,a,a,a,-,-,b,-,-,-,a,-,-,-,-,-,-,-,b,b,b,-,b,b,-,b,-,-,-,b,-,-,a,b,b,b,b,-,-,a,-,a,a,b,-,-,a,-,b,a,a,-,-,b,a,-,-,a,-,a,-,-,-,b,-,-,-,-,-,-,b,a,a,-,-,-,a,a
312,1.0952844,1.10833,a,a,b,b,a,-,b,a,b,b,b,b,b,-,a,a,a,a,b,a,a,a,a,b,b,b,b,a,a,a,-,a,-,a,a,a,a,a,a,a,a,a,-,-,-,a,a,a,a,a,a,a,a,a,-,a,a,a,a,a,a,a,a,-,a,a,a,a,b,a,a,-,-,a,a,-,-,a,a,a,a,a,a,a,a,a,a,a,a,a,a,a,a,a,-,a,-,-,b,b,-,b,b,-,b,b,b,a,b,a,b,b,b,b,-,-,a,a,a,a,a,a,a,a,a,a,a,-,a,a,a,a,a,a,a,a,a,-,b,-,a,a,a,a,-,a,a,a,a,-,a,a,a,a,b,a,a,a,a,a,b,b,b,a,b,b,b,-,a,-,b,b,-,b,b,b,b,b,b,b,b,b,b,a,a,a,a,a,a,a,a,a,-,a,-,a,-,a,a,-,a,a,a,a,a,a,a,-,a,a,a,a,-,a,a,-,a,a,a,a,a,a,a,-,a,b,-,-,a,b,b,-,b,-,-,-,b,b,-,b,b,b,-,b,b,b,-,b,b,b,-,b,b,b,b,-,b,-,b,b,b,b,b,b,b,a,-,a,a,b,b,-,-,a,-,a,a,a,a,a,a,a,a,a,a,a,a,-,b,b,b,b,b,b,b,-,-,b,-,b,b,b,-,-,b,b,-,b,b,b,b,b,b,-,b,b,-,-,-,b,b,b,b,-,b,-,b,b,b,b,b,-,b,-,b,b,b,b,b,a,a,a,a,a,-,b,b,a,-,b,-,a,a,b,b,b,-,-,-,a,a,a,b,b,b,b,b,b,-,b,-,-,b,b,b,b,-,b,b,-,b,b,b,b,b,-,-,b,b,-,b,b,b,b,b,b,-,b,b,b,b,b,b,b,b,-,a,a,a,-,-,b,-,b,b,a,-,a,b,-,a,b,b,a,a,-,b,a,a,b,a,b,-,a,a,b,b,b,-,b,-,-,a,b,b,a,a,b,b,b
313,0.7325196,0.82,-,-,b,b,b,b,b,b,b,b,b,b,b,b,-,-,b,b,b,-,b,b,b,b,b,b,b,b,-,b,b,-,-,-,b,b,b,b,b,b,-,b,-,b,b,-,b,b,-,b,b,b,b,-,b,b,-,b,b,b,-,b,b,b,b,b,-,b,b,b,b,b,b,b,-,-,-,a,-,-,-,a,-,a,a,-,a,a,a,a,a,a,a,a,-,-,-,a,b,b,a,a,b,b,b,b,b,-,b,b,b,b,b,b,a,-,-,b,-,-,b,b,-,b,-,b,b,-,-,b,-,-,b,-,b,b,-,b,b,b,b,b,b,b,b,b,b,b,-,b,b,-,b,a,b,-,a,-,-,a,a,a,a,a,a,a,a,-,a,a,a,a,a,a,a,a,a,a,a,a,a,a,a,b,b,b,b,b,b,-,b,b,b,b,-,-,-,b,-,b,b,b,-,b,b,-,-,b,b,-,b,b,b,b,b,b,b,b,-,b,b,b,a,b,b,-,-,b,b,b,b,b,b,b,b,b,-,b,b,b,b,b,b,-,-,b,b,b,b,b,-,-,b,-,a,a,b,b,-,-,b,b,b,b,b,b,b,b,b,-,-,-,b,b,b,-,a,a,-,a,a,a,a,b,a,a,a,a,a,a,a,a,a,-,-,a,a,-,-,a,a,a,-,-,a,a,-,a,a,a,a,a,a,a,a,-,a,-,a,a,-,a,a,a,a,a,a,-,a,a,a,a,-,a,a,-,-,a,a,a,a,a,a,a,-,a,-,-,-,-,a,a,a,-,a,a,-,a,a,a,a,a,a,a,a,a,a,a,-,-,-,-,a,a,a,a,a,-,a,a,-,-,a,a,-,-,a,a,a,a,-,a,-,-,-,a,-,a,-,a,a,a,-,a,a,a,a,-,a,-,a,a,a,-,a,a,a,-,a,a,-,a,a,a,a,a,a,-,-,a,a,a,-,a,a,a,a,-,b,-,-,-,-,b,b,-,a,-,-,b
314,1.4509716,1.555,a,-,a,a,-,a,a,-,a,a,a,a,a,a,-,-,-,a,a,a,-,-,a,a,a,a,a,a,a,a,-,a,-,-,a,a,a,a,a,a,a,a,a,-,a,a,a,a,-,a,a,-,-,a,-,-,a,-,a,a,-,-,a,a,a,a,-,a,a,a,-,a,a,a,-,a,-,a,a,-,a,a,a,a,a,-,a,a,a,-,a,a,-,a,a,-,a,-,a,a,-,a,a,-,a,a,a,a,a,a,a,a,a,a,a,-,a,a,a,a,a,a,-,a,a,-,-,a,a,a,-,a,-,a,a,-,-,a,a,a,-,a,a,a,-,a,-,-,a,a,a,-,a,a,a,a,a,a,-,-,a,a,a,a,a,a,a,a,a,-,b,a,-,b,b,b,b,b,b,b,b,b,b,a,a,a,a,a,a,-,a,a,-,a,-,a,a,a,a,a,a,a,a,a,-,-,a,-,a,a,-,a,a,a,a,-,a,a,-,a,a,a,-,a,-,-,b,b,b,b,b,-,b,b,b,-,-,b,b,-,-,b,b,-,-,b,b,b,-,b,-,b,b,b,-,-,-,-,-,b,b,b,b,b,b,b,b,b,a,b,-,b,b,a,a,a,a,a,-,-,a,-,a,a,-,a,a,b,b,b,b,b,b,-,b,b,b,b,-,b,b,b,b,b,b,b,-,b,b,b,b,b,b,-,b,b,b,b,-,b,-,b,-,-,-,-,b,b,b,b,-,-,-,-,-,b,b,b,b,b,b,b,b,b,b,-,b,b,-,-,-,b,b,b,-,b,b,b,-,b,b,b,b,b,-,-,-,b,-,b,-,b,-,b,b,b,b,b,b,b,b,b,b,b,b,-,b,a,b,-,b,b,-,b,-,b,-,b,b,b,-,-,-,-,a,-,b,-,a,a,-,a,-,a,a,-,-,-,a,a,a,a,a,a,-,a,a,a,a,a,-,a,-,-,-,-,-,b,b,b,-,-,a,b,b,-,a,a,a,a
315,1.5519041,1.54333,-,-,b,a,-,b,b,-,b,b,b,b,a,a,a,a,-,-,a,a,a,-,-,a,a,a,a,-,-,a,-,a,-,a,-,a,a,a,a,a,a,a,a,a,a,-,a,-,a,b,-,b,a,-,a,a,a,a,a,a,-,-,-,a,-,-,-,-,a,a,a,a,-,a,-,-,-,-,a,b,b,-,-,b,-,b,b,b,b,-,b,b,b,-,b,-,b,b,b,b,-,b,-,-,a,a,a,a,b,b,b,b,b,b,-,-,-,b,b,-,-,a,b,-,-,-,b,b,-,-,-,b,b,-,b,-,b,-,b,-,b,b,-,-,b,-,b,b,-,b,-,-,-,b,b,b,b,-,b,-,b,b,b,-,b,b,b,b,b,-,-,b,b,b,b,b,-,b,b,b,b,b,b,-,-,b,b,a,a,-,b,-,-,a,b,b,-,a,-,-,-,-,a,a,-,a,a,-,a,a,-,a,-,b,b,b,b,-,-,b,b,-,b,-,b,-,b,b,b,b,b,-,b,-,b,-,b,b,b,-,b,-,-,b,-,b,b,b,b,b,b,b,b,b,b,-,b,b,-,-,b,b,b,-,b,a,a,a,a,-,a,-,-,a,-,a,-,-,a,-,-,-,a,-,a,a,a,-,a,a,a,a,a,-,-,-,a,a,-,a,a,a,-,a,-,a,a,a,a,a,a,a,a,a,-,a,-,-,-,a,-,a,a,a,a,-,-,b,b,-,-,b,b,-,-,b,b,b,b,-,b,a,a,b,b,-,-,a,a,a,-,a,a,-,-,a,-,a,a,a,a,a,a,a,-,a,-,a,a,a,-,a,-,a,a,a,a,a,a,a,a,a,a,-,a,b,b,a,b,b,b,a,b,b,b,-,b,a,a,-,-,-,-,-,a,-,a,-,b,b,-,b,-,-,a,a,a,a,a,a,a,a,a,a,a,a,a,-,-,a,-,a,-,-,-,-,-,a,-,a,-,-,a,a,a,a,-,a,a,a
316,1.5321367,1.55667,-,a,a,a,-,a,a,a,a,a,-,a,a,-,a,-,a,-,b,b,-,-,b,b,-,a,a,b,b,-,-,b,-,b,b,b,b,b,-,b,-,b,-,-,b,-,b,b,-,b,b,b,b,b,b,b,b,b,b,b,-,-,-,b,-,b,b,-,b,b,b,-,-,b,-,b,b,b,b,b,-,b,b,-,-,-,b,b,b,b,b,-,b,a,a,-,-,-,a,a,b,-,a,-,a,a,a,a,a,a,a,a,a,-,a,-,-,a,a,-,a,-,-,-,-,a,-,b,b,-,a,a,-,a,a,a,a,-,a,a,a,a,a,a,-,-,a,-,a,a,-,-,b,b,b,b,b,b,-,-,b,b,b,b,b,b,b,b,-,b,b,b,b,b,b,b,b,b,b,-,b,-,b,a,a,a,a,-,a,-,-,-,-,-,-,-,a,a,a,a,-,-,-,a,-,-,a,a,a,-,a,a,-,-,-,a,a,-,-,a,-,a,-,-,a,b,-,b,b,b,-,-,b,b,-,-,b,b,b,b,b,b,b,b,-,b,b,b,b,-,b,b,b,-,-,-,-,b,b,-,b,b,b,b,b,a,-,a,a,-,-,-,a,-,-,a,a,a,a,-,-,a,-,a,-,a,a,a,a,b,b,-,b,-,b,b,-,b,-,b,b,b,b,b,-,b,b,b,b,b,-,b,b,b,b,b,b,-,-,b,-,-,-,-,b,b,-,-,b,-,b,b,b,b,-,-,b,b,b,a,a,-,-,a,-,-,a,-,-,-,-,a,a,a,a,-,a,-,-,a,a,a,a,a,a,-,-,a,a,a,-,a,-,b,b,b,b,b,-,b,b,-,-,b,b,-,-,b,b,-,b,b,b,-,-,-,-,b,b,b,-,b,-,b,b,-,-,b,b,b,b,b,-,b,b,b,b,b,b,-,a,a,a,-,-,a,-,a,a,-,-,a,a,-,-,a,-,-,-,a,a,-,-,a,a,a,a,-,a,a
317,1.8510962,1.83333,-,b,b,b,b,b,b,b,b,b,b,b,b,b,b,b,a,a,a,a,-,a,-,a,a,a,a,-,-,a,a,b,b,b,-,b,b,b,b,b,-,b,b,b,-,b,b,b,b,b,b,b,b,b,b,b,b,b,b,b,b,b,-,b,b,-,b,b,b,b,b,-,b,b,b,-,b,b,b,a,a,a,a,-,a,a,a,a,a,a,a,a,a,-,-,a,-,a,a,a,-,a,-,b,b,b,b,b,b,b,b,-,b,b,b,b,b,b,-,b,b,-,b,b,-,-,b,b,b,b,-,b,-,b,-,b,-,b,-,-,-,b,b,b,b,b,b,b,b,b,b,a,a,a,a,-,a,-,a,a,a,a,a,a,a,a,a,a,-,a,-,a,a,a,-,a,-,-,b,b,-,b,-,-,-,b,b,b,b,b,b,b,b,b,b,b,b,b,b,b,b,b,b,b,b,b,b,b,b,-,a,b,a,a,a,a,-,-,-,a,a,a,-,a,a,a,-,a,a,a,a,a,a,a,-,a,b,a,a,-,a,b,b,-,b,-,b,b,b,b,b,b,-,-,b,b,b,-,b,b,b,b,b,-,b,a,a,a,a,-,-,a,a,a,-,a,-,a,a,a,-,-,a,a,a,a,a,a,a,a,a,a,a,-,-,-,-,-,-,a,a,a,a,a,a,a,a,a,a,a,a,a,a,-,a,-,-,a,a,a,a,a,a,a,-,a,a,a,a,-,a,-,a,a,a,a,a,a,a,-,b,b,b,b,-,-,-,b,-,b,b,b,b,b,b,-,b,b,-,b,b,b,b,b,b,b,b,b,-,-,-,-,b,b,b,-,-,b,-,b,-,b,b,-,b,-,b,-,b,b,b,b,b,-,b,-,b,-,b,b,-,b,-,b,-,b,b,b,b,b,-,b,-,b,b,b,b,b,b,-,-,b,b,b,b,b,b,b,b,b,-,b,b,b,b,b,b,b,b,b,b,b,-,b,b,b,b,b,b,b
318,1.0595867,1.11167,-,-,a,a,-,a,a,-,a,a,a,a,a,a,a,a,-,-,a,a,-,a,a,a,a,a,a,a,a,a,a,a,-,-,-,a,a,a,a,a,-,a,-,-,a,-,a,a,a,a,-,-,a,-,a,a,-,a,a,a,a,a,a,a,a,-,a,-,a,a,a,a,-,a,a,-,a,a,-,b,-,a,a,-,-,a,a,a,a,a,a,a,-,-,-,a,a,-,a,a,-,a,-,-,b,b,b,-,b,b,b,b,b,b,-,b,b,-,b,b,b,b,b,b,b,-,-,b,b,b,-,-,b,b,b,b,b,b,b,-,b,b,b,b,b,b,b,-,-,b,-,b,b,-,b,b,-,b,-,b,b,b,b,b,b,b,b,b,-,b,-,b,b,b,b,b,b,b,b,b,b,b,b,-,-,b,b,b,b,b,b,-,-,b,-,-,b,-,-,a,a,-,-,-,-,-,a,a,a,-,a,a,a,a,-,a,a,a,a,a,a,-,a,a,a,-,a,-,a,a,-,-,a,a,-,a,-,a,-,a,a,a,a,a,a,a,a,a,-,-,b,b,b,b,a,a,-,-,-,a,b,b,a,-,a,a,a,a,a,a,a,a,a,-,a,-,a,a,-,a,a,a,a,a,a,a,a,-,a,a,a,a,a,-,a,-,a,a,-,-,a,a,-,a,a,a,-,a,a,a,a,a,a,-,-,a,-,a,-,a,-,a,a,a,a,-,a,-,a,-,a,-,-,a,a,a,a,a,a,-,a,a,a,a,a,a,a,a,a,a,-,a,a,a,a,-,a,a,-,a,a,a,a,a,-,-,a,-,a,a,a,-,-,a,a,a,a,a,a,-,-,-,a,a,a,-,a,-,a,b,-,a,b,-,b,b,b,b,-,b,b,-,b,b,b,b,b,b,b,b,-,b,-,b,b,b,b,b,b,-,b,b,b,b,-,-,b,b,b,b,b,b,-,b,b,b,-,b,b,-,-,b,-,b,b,b,-,b,b,b
319,1.8920667,1.945,a,-,a,a,-,a,a,a,a,a,a,a,a,-,a,a,a,-,a,a,a,a,-,a,a,a,a,-,-,a,a,a,a,a,-,a,a,a,a,a,a,a,a,a,a,a,a,a,a,b,a,b,b,-,b,-,-,-,b,b,-,b,b,-,b,-,b,b,b,b,b,-,-,-,b,b,a,a,a,a,a,-,a,a,a,-,a,a,a,-,a,a,-,-,-,a,a,a,a,a,-,a,-,b,b,b,b,b,b,-,b,b,b,b,b,b,-,-,b,-,-,b,b,-,b,b,b,b,-,b,b,b,-,b,-,b,b,b,b,-,b,-,a,a,a,a,a,-,-,a,-,-,-,a,a,-,a,-,a,a,a,a,a,a,a,a,a,a,a,a,-,a,a,a,a,a,a,a,-,a,a,a,a,-,-,a,a,a,a,a,-,a,a,a,a,a,-,a,a,-,a,a,-,a,a,a,a,a,a,-,a,a,a,a,-,a,a,-,a,-,b,b,-,b,b,b,b,-,b,-,b,-,-,b,-,-,-,b,-,-,b,b,b,b,b,b,b,b,-,b,-,b,-,-,b,-,b,b,b,b,b,b,b,-,b,a,a,a,a,-,-,-,a,a,a,a,a,a,a,-,a,-,a,a,a,a,a,a,a,a,a,a,a,-,a,-,a,-,-,a,a,a,-,a,a,a,a,a,a,a,a,a,a,a,a,-,-,a,-,-,-,a,a,a,a,a,a,a,a,a,-,a,-,a,a,a,a,a,-,-,b,b,b,b,b,-,b,b,b,b,b,b,b,b,b,b,-,-,b,b,b,b,b,b,b,-,-,b,-,-,b,b,b,b,b,b,-,-,-,b,-,-,b,b,b,-,a,a,-,a,-,a,a,a,-,-,-,a,-,a,a,-,a,a,a,a,a,a,b,b,-,b,b,b,b,b,-,b,b,-,b,b,b,b,b,b,b,b,a,a,a,a,a,a,a,a,a,a,-,a,a,a,-,a,a,-,a,a,a,a
320,1.8295447,1.835,a,a,a,a,-,a,a,-,a,a,a,a,a,-,-,a,-,-,a,a,a,a,a,a,a,a,a,a,a,-,-,-,-,-,-,b,b,b,b,b,b,b,-,-,b,-,b,b,b,b,-,b,-,-,-,b,-,b,b,b,b,b,b,-,b,-,b,-,b,b,b,-,b,b,b,b,b,b,b,b,-,a,-,a,-,a,a,a,a,-,b,a,a,a,a,a,-,b,-,a,-,a,-,a,a,a,a,-,a,-,a,a,a,a,a,a,a,a,a,a,-,-,-,-,a,a,a,-,a,a,-,a,a,a,a,-,-,-,a,-,-,a,a,a,a,a,-,-,a,a,-,a,a,a,a,a,-,-,a,-,a,a,a,-,a,a,a,-,-,b,-,a,a,a,a,b,a,b,b,-,b,-,b,-,-,a,a,a,b,a,-,a,-,-,-,-,b,-,-,b,b,b,b,-,b,b,b,-,b,b,-,b,-,-,-,b,b,b,-,-,b,b,b,b,b,-,b,-,b,b,-,-,b,b,-,-,b,b,b,-,b,b,b,b,b,b,b,b,-,-,b,b,b,b,b,-,b,b,b,b,b,b,b,-,b,a,a,a,a,a,-,a,a,a,b,b,-,a,-,-,b,b,b,b,b,b,b,b,b,b,b,b,b,b,b,-,-,-,b,-,b,b,-,b,b,b,b,b,b,b,b,b,a,b,b,b,-,-,-,b,b,-,-,-,-,b,b,-,-,b,b,b,b,-,a,b,b,a,a,-,b,b,b,b,b,-,-,-,b,-,b,b,b,-,-,b,-,b,b,b,b,b,b,-,b,-,-,b,-,b,-,-,-,b,b,b,-,-,b,b,b,-,b,b,b,b,b,b,b,-,-,-,-,b,b,b,b,-,b,b,-,b,b,-,a,a,-,a,a,a,a,a,a,a,a,-,a,a,a,a,-,a,a,a,-,a,a,-,a,b,-,-,b,b,b,b,b,-,b,b,-,-,b,b,b,b,-,b,b,b
321,0.4234549,0.47167,a,b,b,b,b,b,b,b,b,b,b,b,b,b,b,b,b,b,b,b,b,b,b,b,b,b,b,b,b,b,b,b,b,b,a,a,b,a,a,a,a,a,a,a,a,a,a,a,a,a,a,a,a,a,a,a,a,a,a,a,a,a,a,a,a,-,a,a,a,a,a,a,a,a,a,a,a,a,a,a,a,a,a,a,a,-,a,a,a,a,a,a,a,a,a,a,a,b,a,a,-,a,-,a,a,a,a,a,a,a,a,a,a,a,a,a,a,a,a,a,a,a,a,a,b,b,b,b,b,b,b,b,b,b,b,b,-,b,b,-,a,a,a,a,a,a,-,a,a,a,a,a,a,a,a,a,a,a,a,a,a,a,a,b,a,a,b,b,-,b,-,b,b,b,b,b,b,b,b,b,b,b,b,-,-,a,a,a,a,a,a,a,a,a,a,b,b,b,b,b,b,b,b,b,a,b,b,b,b,b,b,b,b,b,b,b,b,b,b,b,b,b,b,b,b,b,b,b,b,b,b,b,b,b,b,b,b,b,b,b,b,b,b,b,b,b,b,b,b,b,b,b,b,b,b,b,b,b,b,b,b,b,b,-,b,a,a,a,a,a,a,a,a,a,a,a,a,a,a,a,a,a,a,a,a,-,-,a,a,a,a,a,a,a,a,-,a,a,a,a,a,a,a,a,a,a,-,a,a,a,a,a,a,a,a,a,-,a,a,a,a,a,a,a,a,a,a,a,a,a,a,a,a,a,a,a,a,a,a,-,a,a,a,b,b,b,b,-,a,a,a,a,a,a,a,a,a,a,a,a,a,a,a,a,a,a,a,a,a,a,a,a,a,a,a,a,a,a,a,a,a,a,a,a,a,a,a,a,a,a,a,a,a,a,a,a,a,a,a,a,a,a,a,a,a,a,a,a,a,a,a,a,a,a,a,a,-,a,a,a,a,a,a,a,a,a,a,a,a,a,a,a,a,a,a,a,a,a,a,a,a,a,a,a,a,a,a,a,a,a
322,1.3917953,1.405,a,a,a,a,a,a,a,a,a,a,a,a,a,a,a,-,a,-,a,a,a,a,a,a,a,a,a,-,a,a,a,a,a,a,a,a,a,a,a,a,a,a,-,a,-,a,a,a,a,-,-,b,b,-,-,b,b,b,b,b,b,-,b,b,b,b,b,b,b,b,b,b,-,b,b,-,b,b,-,b,b,b,b,b,b,b,b,b,b,-,b,b,b,b,b,b,b,b,b,b,-,b,b,b,b,b,b,-,b,b,b,b,b,b,b,-,b,b,b,b,b,b,-,b,b,b,-,b,-,-,b,-,b,b,-,b,-,b,b,b,b,b,-,b,-,b,b,b,b,b,b,b,b,b,b,b,b,b,b,b,b,b,b,b,b,b,b,-,b,b,b,b,b,b,b,b,b,b,b,b,a,a,a,a,a,a,-,b,a,b,-,b,a,a,-,b,b,b,b,b,-,b,b,-,b,b,b,b,b,b,b,b,-,b,b,b,b,b,b,b,b,-,b,b,b,b,b,b,b,-,b,b,b,b,b,b,b,b,b,b,-,b,b,b,-,-,b,b,b,b,-,-,b,b,b,b,b,b,-,b,b,b,b,b,b,a,a,a,a,a,-,-,a,a,a,a,-,a,a,a,a,a,a,a,a,a,a,a,a,a,a,a,b,-,b,b,b,b,b,b,b,b,b,b,-,b,-,b,b,b,b,b,b,b,b,-,b,-,b,-,-,b,b,b,b,b,b,b,b,-,b,b,b,b,b,b,b,b,b,a,a,a,a,a,a,a,a,a,a,a,a,a,a,a,a,a,a,-,a,a,a,a,a,a,-,a,-,a,a,a,a,a,-,a,a,a,a,a,a,a,-,a,a,b,a,b,b,b,b,b,b,-,b,b,b,b,-,b,b,b,b,b,b,b,b,-,b,-,a,a,a,a,a,a,a,a,a,a,a,a,a,a,a,a,-,a,a,a,a,a,a,a,a,a,a,a,a,-,a,-,a,a,-,a,a,-,-,a,a,a
323,1.7292441,1.77833,b,b,-,-,b,b,b,b,b,b,b,-,b,b,b,-,b,b,a,a,a,a,a,a,b,a,b,a,a,a,a,a,-,a,a,a,a,a,a,-,a,a,a,a,a,a,a,a,-,b,-,b,b,b,b,b,b,b,b,b,b,b,b,-,b,b,b,b,b,b,b,b,b,b,b,b,-,b,b,-,b,b,b,b,b,b,b,b,-,b,-,-,b,b,b,b,b,b,b,b,-,b,b,b,b,b,b,b,a,a,-,a,a,-,a,a,a,a,a,a,a,a,-,-,a,a,a,a,a,a,-,a,a,-,a,a,a,a,a,a,a,a,a,a,a,a,a,-,a,a,a,a,a,a,a,a,a,b,b,b,a,a,-,b,b,b,b,b,-,b,b,b,-,b,b,b,-,b,b,b,b,b,b,a,a,a,a,a,a,-,-,a,a,a,a,a,a,a,a,a,a,a,a,a,-,a,a,a,a,a,a,a,a,a,a,-,a,a,-,a,a,a,a,a,a,a,a,a,a,a,a,a,a,a,a,a,a,b,a,a,-,a,a,a,a,a,a,a,a,a,a,a,a,a,a,a,a,a,a,a,a,a,a,a,-,b,b,b,b,-,b,b,b,b,b,b,b,b,b,b,b,b,b,-,b,b,b,b,b,b,b,-,b,b,b,b,b,b,b,b,b,b,b,b,b,b,a,a,a,-,a,a,a,a,a,a,a,a,a,a,a,a,a,a,a,a,-,a,a,a,a,a,a,a,a,a,-,a,a,a,-,-,-,a,a,a,a,a,a,a,b,b,b,a,a,a,a,a,a,a,a,a,a,a,a,a,a,a,a,a,a,a,a,a,a,a,a,a,a,a,a,a,a,a,-,a,a,a,b,b,b,a,-,b,a,a,a,a,a,a,a,a,a,a,a,a,a,a,a,a,a,a,a,a,a,-,a,a,a,a,a,a,a,a,a,a,a,a,a,a,a,a,a,a,a,a,a,a,-,a,a,a,a,a,a,a,a,a,a,a
324,1.8288982,1.83333,b,b,b,b,b,b,b,b,b,b,b,b,b,b,-,-,-,b,b,b,-,b,b,b,b,b,b,b,b,-,b,b,b,-,b,b,b,b,b,b,b,b,b,b,b,-,a,-,a,a,a,a,-,a,a,a,a,a,a,a,a,-,a,a,a,a,a,a,a,-,a,a,a,a,a,a,a,a,-,-,a,a,a,a,a,a,a,a,a,a,a,a,a,a,-,a,-,-,a,a,a,a,a,a,a,a,a,a,a,a,a,a,a,a,a,-,a,a,a,a,a,a,-,-,a,a,a,a,a,a,-,-,b,b,b,b,b,b,b,b,b,b,-,b,b,b,b,-,b,b,b,b,b,b,b,b,-,-,a,a,b,b,b,a,a,b,a,a,a,a,a,a,a,a,a,a,a,a,-,a,a,a,a,b,b,b,b,b,b,-,b,b,b,b,b,b,b,-,-,-,b,b,-,b,b,-,-,b,b,b,b,b,b,b,b,b,b,b,-,b,b,-,b,-,b,b,-,b,b,b,-,b,-,b,-,b,b,b,b,b,b,b,b,b,b,b,b,b,b,-,b,b,b,b,b,b,b,b,b,b,b,b,b,b,b,a,a,a,a,a,a,a,a,a,a,a,a,a,-,a,a,a,a,a,a,a,a,-,a,a,a,a,a,a,a,a,a,a,a,-,a,a,-,a,-,a,a,a,a,a,a,a,a,a,-,-,a,a,a,a,a,a,a,a,a,a,-,a,-,a,-,a,-,a,a,a,a,a,a,b,b,b,b,b,b,b,b,b,b,b,b,b,b,b,-,b,b,b,-,b,b,b,b,b,b,b,-,b,b,-,b,b,b,b,b,b,b,b,b,b,-,-,b,-,b,b,b,b,-,b,b,b,-,b,b,-,b,b,-,b,b,-,b,-,b,b,b,-,b,b,b,b,-,b,b,-,b,b,b,-,b,b,b,b,b,-,b,b,b,b,b,b,b,b,b,b,b,-,-,b,-,b,b,b,b,b,b,b,b,b
325,1.7531476,1.77833,a,a,a,a,a,a,-,-,a,a,a,a,a,-,a,a,a,a,b,b,b,b,b,b,a,b,a,-,b,b,b,a,a,a,a,a,a,a,a,a,a,a,a,a,b,b,b,b,b,b,b,b,b,b,b,b,b,b,b,b,b,b,b,-,b,-,a,a,a,a,a,a,a,a,a,a,a,a,a,a,a,a,a,a,a,-,a,a,a,a,a,a,a,b,b,b,b,b,b,b,-,b,-,b,b,b,b,b,b,b,b,b,b,b,b,b,b,b,b,b,b,b,b,b,b,b,b,b,b,b,b,b,b,b,b,b,-,-,b,-,a,b,b,b,b,b,-,b,b,-,a,a,a,a,a,a,a,-,a,a,a,a,a,a,a,a,a,a,-,a,-,a,a,a,a,a,a,a,a,a,a,a,a,-,-,b,b,b,b,b,b,b,b,b,b,b,b,b,b,b,b,b,b,b,-,b,b,b,b,b,b,b,-,b,b,b,b,b,a,-,a,a,a,a,a,a,a,a,b,b,b,b,b,b,b,b,b,b,b,b,b,b,b,b,b,b,b,b,b,b,b,b,b,b,b,b,b,b,b,b,b,b,b,-,b,a,a,a,a,a,a,a,a,a,a,a,a,a,a,a,a,a,a,a,a,a,a,-,a,a,a,a,a,a,a,-,b,b,b,b,b,b,b,b,b,b,b,b,b,b,b,b,b,b,b,b,-,b,b,b,b,b,b,a,a,a,a,a,a,a,a,a,-,a,a,a,a,a,a,-,b,b,b,b,b,b,b,b,-,b,b,b,b,b,b,b,b,b,b,b,b,b,b,b,b,b,b,b,b,b,b,b,b,b,b,b,b,b,b,b,b,b,b,b,b,b,b,a,b,b,b,b,b,b,b,b,b,b,b,b,-,b,b,b,b,b,b,b,b,b,b,b,-,b,b,b,b,b,b,b,b,b,b,b,b,b,b,b,b,b,-,b,b,b,b,-,b,b,b,b,b,b,b,b,b,b,b,b,b,b
326,1.5786587,1.63833,-,-,a,a,-,a,a,a,a,a,a,a,a,-,a,a,b,-,b,-,b,-,b,b,b,b,b,-,-,b,-,a,a,a,a,a,a,a,a,a,-,a,-,-,a,a,a,-,-,a,-,b,-,-,a,-,a,a,a,a,-,b,-,b,b,b,-,-,b,-,-,b,b,b,b,-,-,b,-,b,-,-,b,-,-,b,b,b,b,b,b,-,-,b,b,b,-,b,b,b,b,-,b,-,a,a,a,a,a,a,a,a,a,a,a,a,-,a,a,a,-,-,-,-,-,-,a,a,a,a,a,a,a,-,-,-,-,-,a,a,a,a,-,a,-,-,-,a,-,a,a,-,-,a,a,-,-,a,-,-,a,a,a,a,a,a,a,-,-,-,a,a,a,a,a,a,-,a,-,-,a,a,a,a,a,a,-,a,a,-,a,-,-,a,a,a,-,-,-,-,-,a,a,-,a,-,a,-,a,-,-,a,-,a,-,a,a,a,a,-,a,a,-,a,a,a,a,a,a,a,-,a,a,-,-,a,-,b,a,-,-,a,-,a,a,a,a,-,-,-,a,a,a,-,-,-,a,-,a,-,a,a,a,a,a,b,b,b,b,b,b,b,-,-,-,-,b,b,-,b,b,b,-,-,-,b,b,-,b,b,b,b,b,-,b,b,-,a,-,b,b,b,b,-,-,b,b,b,b,b,-,b,b,-,-,-,b,b,-,b,-,b,b,-,-,b,b,-,-,b,-,b,b,b,b,-,b,b,b,a,a,a,a,a,a,-,-,a,-,a,-,a,a,a,a,a,a,-,-,a,a,a,a,a,-,a,-,-,a,a,a,a,a,a,a,a,-,-,a,a,-,a,a,-,a,a,-,-,-,a,a,b,b,b,-,b,-,-,-,-,b,b,-,-,b,-,b,b,b,b,b,b,b,b,b,b,-,b,b,-,-,b,b,b,b,b,b,-,b,b,-,b,b,b,b,b,-,-,b,-,b,b,-,b,b,-,b,b,b,b
327,0.4311555,0.445,b,b,b,b,b,-,b,b,b,a,a,a,a,a,-,-,-,a,a,-,-,a,a,a,a,a,a,a,a,-,a,a,a,a,a,a,a,a,a,a,-,a,a,a,-,-,a,-,a,a,-,a,a,a,a,-,a,a,a,a,-,-,-,a,-,-,a,a,a,-,a,-,a,a,-,a,a,a,a,a,a,-,a,-,a,a,a,a,a,a,a,a,a,a,-,a,-,-,a,a,-,a,-,a,a,a,a,a,a,a,a,a,a,a,a,a,a,a,-,a,a,-,a,a,-,-,-,-,b,b,b,-,b,b,b,b,b,b,b,-,-,b,b,b,b,b,-,b,b,b,b,b,b,b,b,b,b,b,b,b,-,b,b,-,b,b,b,b,-,b,-,b,b,b,b,b,b,b,b,-,b,b,b,-,-,a,a,a,a,a,a,a,-,-,a,a,a,a,a,-,-,b,-,b,b,b,-,-,a,-,a,a,a,a,a,a,a,a,-,b,b,-,b,-,b,a,a,a,a,a,a,a,a,-,a,-,a,a,-,-,a,a,a,-,a,a,a,a,-,-,a,-,-,-,b,-,b,b,-,b,a,a,b,-,b,a,a,a,a,a,a,a,a,-,a,a,-,a,-,a,a,a,a,a,b,a,a,b,b,b,b,b,b,b,-,-,b,-,b,b,b,b,b,b,b,b,b,b,b,b,b,b,b,b,b,b,-,b,b,-,b,b,b,b,b,b,-,b,b,-,b,-,b,-,b,b,b,b,b,-,a,a,a,a,a,a,a,a,-,a,a,a,a,a,a,a,a,a,a,a,a,a,a,a,a,a,a,a,a,a,-,a,-,a,a,a,-,a,-,a,a,a,a,a,a,-,b,-,b,-,-,b,b,b,b,b,b,b,-,-,b,-,-,b,b,b,b,-,b,b,b,b,b,b,b,b,b,b,b,-,-,b,b,b,-,-,b,b,-,b,b,b,b,b,-,-,-,b,b,b,b,b,-,b,b,b,b,b,b,b
328,0.9806526,0.95833,-,-,b,b,-,b,a,-,a,a,a,b,a,b,-,-,a,-,b,-,-,-,-,a,a,a,a,-,a,-,-,-,-,-,-,b,a,a,a,a,-,b,a,-,-,a,a,-,a,b,a,-,-,-,-,-,a,a,a,a,-,-,-,-,-,b,-,-,a,-,-,-,-,-,-,-,-,a,-,-,-,-,-,-,-,a,a,a,a,-,a,-,-,-,-,-,-,-,a,a,-,a,a,-,a,a,a,-,a,-,b,a,a,a,-,-,-,-,-,b,-,-,-,-,-,-,-,-,-,-,-,-,-,b,-,-,-,b,a,a,-,b,b,-,-,-,-,-,-,a,-,-,-,-,b,-,-,-,-,-,a,a,b,-,a,b,b,-,-,-,b,-,a,a,-,a,-,a,-,-,a,-,b,-,a,a,-,b,b,-,-,b,-,-,-,-,-,b,-,-,-,-,-,-,-,-,-,-,a,-,-,b,-,-,-,b,b,-,-,a,a,-,-,-,b,-,-,-,b,-,-,-,-,a,-,-,a,-,-,-,-,-,-,-,-,-,-,-,-,-,a,-,-,-,b,-,a,a,-,-,b,b,-,b,a,b,-,b,b,-,-,-,-,-,b,-,-,-,-,-,-,-,-,-,-,a,a,-,b,b,b,b,b,-,-,b,-,-,-,-,b,b,-,-,-,a,-,b,b,b,b,a,-,-,-,b,-,-,-,-,-,a,-,-,-,-,-,-,b,-,-,-,-,-,-,b,b,a,a,b,a,a,a,b,-,-,-,b,-,a,-,-,b,-,a,-,-,a,-,b,b,b,b,-,-,-,-,a,-,-,-,-,-,b,b,b,-,-,-,-,-,-,a,-,a,-,b,-,-,-,-,-,-,-,-,-,-,-,-,-,-,-,-,b,b,-,-,-,-,-,-,b,-,b,b,-,-,-,b,-,-,b,b,-,b,-,b,-,-,b,-,b,-,-,-,b,-,-,-,-,-,-,-,b,b,-,-,b,b,b
329,0.9919791,0.95833,-,b,b,b,b,b,b,b,b,b,b,b,b,b,b,b,-,b,b,-,b,b,b,b,b,b,b,b,-,-,a,-,a,-,-,a,a,a,a,a,a,a,a,-,a,a,a,-,-,a,a,a,a,-,a,-,a,a,a,a,-,-,a,a,a,-,a,a,a,-,-,a,a,a,a,-,a,a,-,-,b,-,-,-,b,b,b,b,b,b,b,b,b,b,b,b,b,-,b,b,-,b,-,-,b,b,b,b,b,b,b,b,b,b,-,b,b,b,b,b,b,b,-,b,b,b,b,b,b,b,-,b,-,-,b,-,b,-,b,-,-,-,b,b,b,b,b,-,b,b,-,-,b,-,b,b,b,-,b,b,b,b,b,-,b,b,b,b,-,b,-,b,b,b,b,b,b,b,b,b,b,b,b,b,b,b,b,b,b,-,-,b,-,b,a,a,-,a,-,a,-,-,a,-,a,a,a,a,a,-,a,a,a,a,a,a,a,a,a,a,a,a,a,-,a,-,-,a,a,a,a,a,a,a,a,a,a,a,a,a,-,a,-,a,a,a,-,a,a,a,-,a,-,a,-,a,-,-,a,a,a,a,a,-,a,a,a,a,a,a,a,a,-,a,a,a,-,-,a,a,a,-,-,b,a,a,a,a,a,a,a,a,a,-,a,-,-,a,a,a,a,a,a,a,a,a,-,a,a,a,a,a,a,a,a,a,a,a,a,a,-,a,a,a,-,a,-,a,-,a,a,a,-,-,b,a,a,a,b,-,a,a,a,a,-,-,a,-,a,-,a,a,a,a,a,a,a,a,a,a,a,a,a,a,-,a,a,a,-,a,-,a,-,a,a,a,a,a,a,-,a,-,a,-,a,-,a,a,a,a,a,a,-,-,-,a,a,a,-,a,a,-,a,a,a,-,-,b,b,b,b,b,b,b,b,-,b,b,b,-,b,b,b,b,b,b,b,-,b,a,a,a,a,a,a,a,-,-,a,a,-,a,-,a,a,-,a,a,a,a
330,1.3817679,1.39,a,a,a,a,-,a,a,-,a,a,a,a,a,-,a,a,-,a,a,a,-,a,a,a,a,a,a,a,-,a,a,a,-,a,a,a,a,a,a,a,a,a,-,a,a,a,a,b,a,a,a,a,a,a,a,b,-,a,a,a,a,-,a,a,a,-,a,-,a,-,-,a,-,a,a,a,-,a,a,a,a,b,b,b,-,b,b,b,b,-,a,a,-,a,a,a,-,a,a,a,-,a,-,a,a,a,a,a,a,a,a,a,a,a,a,a,a,a,a,-,a,-,a,a,a,a,a,a,a,a,-,a,-,a,a,a,a,a,a,-,a,b,b,-,b,b,b,b,-,b,b,b,-,b,b,-,b,b,-,b,b,b,b,b,b,b,b,-,b,b,-,b,b,b,b,b,b,b,b,-,b,b,b,b,b,b,b,b,b,b,b,b,b,-,b,-,a,a,a,a,a,a,a,a,a,a,a,-,a,a,a,a,a,a,a,a,a,a,-,a,a,a,-,a,a,a,a,a,a,-,a,a,a,-,a,a,a,a,a,a,-,a,-,b,b,-,a,a,a,a,a,a,-,-,a,a,a,a,a,a,a,a,a,-,a,a,a,a,a,a,a,a,a,-,a,a,a,-,a,a,a,a,a,a,-,a,a,b,b,b,b,b,b,b,-,-,b,b,-,b,b,b,b,b,b,b,b,b,b,b,b,b,b,b,b,b,b,-,b,b,-,b,b,b,b,-,b,-,a,a,a,-,a,a,a,a,a,a,a,-,a,a,a,a,-,a,a,a,a,a,a,a,a,-,a,a,a,a,a,a,a,a,a,a,a,a,-,a,-,a,-,a,-,a,a,a,-,a,a,a,-,a,a,a,a,-,a,a,a,a,-,a,a,-,-,-,a,-,-,a,a,a,-,a,a,a,a,a,a,-,-,a,a,a,a,-,-,-,a,a,a,a,a,a,a,a,a,a,a,a,a,a,-,a,-,-,-,-,a,a,a,a,-,a,a,a,a,a,a,a
331,1.5524851,1.55667,b,-,b,b,-,b,-,-,b,b,b,b,b,-,b,-,-,-,b,-,-,-,b,b,b,b,b,-,b,-,b,-,-,b,b,b,b,b,b,b,-,b,b,-,b,b,b,-,b,b,-,b,-,b,b,b,b,b,b,b,b,b,b,b,b,-,-,b,b,a,a,-,-,a,-,-,a,a,a,-,a,a,a,a,a,a,a,a,a,-,a,-,-,a,-,-,-,-,a,a,-,a,-,-,a,a,a,a,a,a,a,a,a,a,-,a,a,a,a,a,-,a,a,a,a,-,a,a,-,a,a,a,a,a,-,a,a,-,a,-,-,-,a,-,a,a,a,-,a,a,-,a,a,a,a,-,-,-,-,-,a,a,a,-,a,a,a,a,a,a,-,a,a,a,a,a,a,a,a,a,a,a,a,-,-,a,a,a,a,a,-,a,a,a,a,-,a,-,a,-,a,b,-,b,b,-,b,b,b,-,b,b,b,b,b,b,b,b,-,b,b,b,-,b,b,b,b,b,b,-,-,-,-,b,-,-,-,b,-,-,-,b,-,b,b,-,-,b,b,b,-,b,b,-,-,-,a,-,a,a,b,b,a,-,a,a,a,a,a,a,-,-,a,-,a,a,a,a,-,a,a,a,-,a,a,a,a,-,a,a,a,a,b,-,b,-,-,-,b,b,b,b,b,-,b,b,b,b,b,b,b,b,b,b,b,b,-,-,b,-,a,a,a,a,-,-,a,-,-,a,a,a,-,-,a,a,a,a,a,-,-,b,b,b,b,b,-,b,b,b,-,b,b,b,b,-,b,-,b,b,b,b,b,b,b,b,b,b,b,b,-,b,b,b,b,b,-,b,b,-,b,b,b,b,b,-,b,b,b,-,-,b,b,b,b,b,b,b,b,b,-,b,b,b,b,-,b,-,-,-,b,b,b,b,b,-,b,-,b,-,b,b,b,b,-,-,b,-,-,a,b,b,a,-,a,-,-,a,-,a,-,-,a,a,a,a,a,a,a,a
332,1.6496823,1.65167,-,-,a,a,-,-,a,a,a,a,a,a,a,-,a,-,a,a,a,-,-,a,-,a,a,a,a,a,a,-,a,-,-,a,-,a,a,a,a,a,-,a,-,-,-,-,b,-,b,b,b,b,-,b,-,b,-,-,b,b,-,-,-,b,b,-,-,-,b,-,-,-,b,b,-,-,-,b,-,-,b,b,-,-,-,-,b,b,b,-,b,-,-,-,-,-,-,-,b,b,-,b,-,-,b,a,a,a,a,-,a,a,a,a,-,-,a,a,-,-,-,-,-,a,-,-,-,-,-,a,-,-,-,-,a,-,-,-,a,-,-,-,-,a,-,-,-,-,-,a,-,-,-,a,a,-,-,-,-,-,a,a,a,-,a,a,a,-,a,-,-,a,a,a,a,a,-,a,-,-,a,-,a,-,-,a,-,a,a,a,-,a,-,-,-,-,a,a,-,-,-,a,-,-,-,-,-,-,a,-,a,a,a,-,-,-,a,a,-,-,a,a,-,a,a,-,-,-,a,-,-,-,-,-,-,-,a,a,-,a,-,a,-,-,-,-,b,-,-,a,-,a,a,-,-,-,-,-,-,-,a,a,a,-,a,a,a,a,a,-,-,-,-,-,-,-,a,a,a,-,-,a,-,-,-,a,a,a,a,a,a,a,a,-,-,-,a,a,-,a,a,a,-,b,b,b,-,b,b,b,b,b,b,b,-,b,-,-,-,-,-,b,b,-,-,b,b,b,b,b,-,-,b,-,-,b,b,b,b,-,a,a,a,a,-,-,a,a,-,a,a,a,a,-,-,a,a,-,-,a,a,a,a,a,-,a,-,a,-,a,-,-,-,a,a,a,a,-,a,-,a,-,a,-,-,-,-,-,a,-,-,-,-,-,-,-,-,a,-,a,-,a,a,-,a,-,-,a,a,a,a,a,-,a,a,a,a,-,a,-,-,a,a,-,-,-,a,-,-,a,a,a,a,-,-,-,a,a,-,a,-,-,-,a,a,-,-,a,a,a
333,1.6524485,1.64,-,-,a,a,a,-,a,-,a,a,a,a,a,-,-,-,-,-,a,-,-,-,-,a,a,a,a,-,-,-,-,-,-,-,-,a,a,a,a,a,-,b,-,-,-,-,a,a,-,a,-,-,-,-,-,-,a,-,a,a,-,-,-,a,a,-,-,-,a,a,a,-,-,-,-,-,-,a,-,-,-,-,b,-,-,-,b,b,b,-,b,-,-,-,-,-,-,-,b,b,-,b,-,b,b,b,b,b,a,-,a,a,a,a,-,a,-,a,-,a,a,-,-,-,-,-,-,-,-,a,-,-,-,-,-,a,a,a,a,-,-,-,-,-,-,-,-,-,-,a,a,-,-,-,a,-,-,a,-,-,-,a,a,a,a,a,a,-,-,-,-,a,a,a,a,a,-,a,-,-,a,-,a,-,-,b,-,b,b,b,b,-,-,b,-,-,-,-,-,-,-,-,b,b,-,-,-,-,b,b,-,b,-,-,-,b,b,-,-,-,a,-,-,-,a,-,-,-,a,-,a,-,-,-,-,-,-,-,-,-,-,-,-,-,-,-,a,-,-,-,-,-,-,-,-,-,-,-,-,-,b,b,b,-,b,a,a,a,a,a,-,-,-,-,-,-,-,-,-,-,-,-,a,-,-,a,a,-,a,a,a,a,a,a,-,-,-,-,-,a,a,a,-,-,a,a,-,a,a,a,a,a,a,-,-,-,-,-,-,-,-,a,a,-,a,-,-,a,-,-,-,-,-,b,-,b,a,b,b,-,a,a,a,a,-,-,-,-,-,a,b,a,b,-,-,-,-,-,-,b,b,b,b,-,-,-,-,-,-,b,-,-,-,b,b,b,-,-,-,-,-,-,b,-,b,-,-,-,-,b,-,b,-,b,b,-,-,-,-,-,-,-,-,-,b,-,-,-,b,b,-,b,-,b,b,-,-,-,b,-,-,b,b,-,-,b,b,b,-,b,-,b,-,-,-,-,-,b,-,-,b,-,-,b,b,-,-,b,b,b
334,1.5060944,1.515,-,-,a,a,-,-,a,-,a,a,a,a,a,-,-,-,-,-,a,-,-,a,a,a,a,a,a,a,-,-,-,-,-,-,-,a,a,a,a,a,-,b,-,-,-,-,a,-,-,a,-,-,a,-,-,-,-,a,a,a,-,a,-,-,-,-,-,-,a,-,-,a,a,a,-,-,-,a,-,-,-,-,-,b,-,-,b,b,b,-,b,-,-,-,-,-,-,-,b,b,-,b,-,-,b,b,b,-,a,-,a,a,a,a,-,-,a,-,-,-,-,-,-,a,-,a,-,-,-,a,-,-,-,a,-,-,-,-,a,-,-,-,-,a,-,-,a,-,a,a,-,a,a,-,a,-,-,-,-,-,-,a,a,-,a,a,a,-,a,a,-,a,a,a,a,a,-,a,-,-,a,-,a,-,-,b,-,b,b,-,-,-,-,-,-,b,-,-,-,-,b,-,b,-,b,b,b,-,b,-,b,b,-,-,-,b,b,-,-,-,a,-,a,-,a,-,-,-,a,-,a,-,-,a,-,a,a,-,-,-,-,-,a,-,-,-,-,-,-,-,-,-,-,-,-,-,-,-,-,-,b,b,b,-,b,a,a,a,a,-,-,-,-,-,-,-,-,-,-,-,-,-,-,-,-,-,a,-,a,a,a,a,a,-,a,-,-,a,a,a,a,a,a,-,-,a,-,a,a,a,a,a,a,-,-,-,-,a,-,-,-,a,-,-,-,-,-,a,-,-,-,-,-,-,b,b,a,b,b,-,a,a,a,a,-,-,-,-,-,-,-,a,b,-,-,-,b,b,-,b,b,b,b,-,-,-,-,-,-,-,-,b,b,b,b,b,-,-,b,b,-,b,b,-,b,-,-,-,-,-,b,b,-,-,b,-,-,-,-,-,-,-,-,b,b,-,b,-,b,b,-,b,-,b,b,-,-,-,b,-,-,b,b,-,-,-,b,b,-,b,-,b,-,-,-,-,-,-,-,b,-,-,-,b,b,-,-,b,b,b
335,1.2278236,1.22333,b,b,b,-,-,b,b,b,b,b,b,b,b,b,b,-,b,b,b,b,b,-,-,b,b,b,b,b,-,b,b,-,b,b,-,b,b,b,b,b,b,b,b,b,b,-,b,-,-,a,a,a,a,a,a,a,a,a,a,a,a,a,a,a,a,-,a,a,a,a,-,a,-,-,-,a,-,a,a,a,a,a,a,-,a,a,a,a,a,a,a,a,a,a,a,a,-,-,a,a,-,a,-,a,a,a,b,b,b,-,-,b,b,b,-,b,b,b,b,b,-,-,b,b,b,b,-,-,b,-,b,b,b,b,b,-,-,-,b,-,b,-,b,-,b,b,b,-,b,b,b,b,-,-,b,-,-,b,b,b,b,b,b,b,b,b,b,-,b,b,-,b,b,b,b,b,b,b,b,-,b,b,b,-,-,a,-,a,a,-,-,a,a,a,a,a,a,a,a,-,-,b,-,-,-,b,b,b,b,b,-,b,b,b,-,b,b,b,-,-,b,b,b,b,b,-,b,b,b,-,-,b,b,b,b,b,b,b,b,-,b,b,b,b,-,-,b,-,b,b,b,b,b,b,a,a,a,a,a,-,b,a,a,-,a,a,a,a,b,-,a,a,-,-,b,b,-,b,b,b,-,-,-,-,b,b,b,b,b,b,b,b,b,b,b,-,b,-,b,-,b,b,b,-,-,b,b,b,b,-,a,a,a,-,a,a,-,-,a,a,a,a,a,a,-,a,a,a,-,-,-,-,a,a,a,a,a,a,a,-,b,b,b,b,b,b,b,b,b,-,b,a,a,a,a,a,a,a,a,a,a,a,a,a,-,-,-,a,-,a,a,-,a,a,a,a,-,a,a,a,a,-,a,-,a,-,-,a,a,-,-,a,a,a,a,a,a,-,a,-,a,-,-,a,a,a,a,a,a,a,-,a,a,a,a,a,a,-,a,a,a,b,b,b,b,-,b,b,b,b,b,b,-,-,-,b,-,b,-,b,b,b,-,b,b,b,-,b,b,b
336,1.9410823,2,-,b,b,b,-,b,b,b,b,b,b,b,b,b,b,-,b,-,b,b,-,b,-,b,b,b,b,b,b,b,b,b,b,b,-,b,b,b,b,b,-,b,b,-,b,-,b,b,b,b,-,-,b,b,b,b,b,b,b,b,b,b,b,-,-,-,b,-,b,-,b,b,-,b,b,b,b,b,b,-,-,a,a,a,a,a,a,a,a,a,a,a,a,-,a,-,-,a,a,a,-,a,-,-,b,b,b,b,b,b,b,a,b,b,b,b,-,b,-,b,-,b,b,b,b,-,b,b,b,b,b,-,b,b,b,b,-,b,b,-,b,b,b,b,b,b,b,b,-,b,b,b,b,-,b,-,b,-,b,-,-,b,b,-,b,b,b,b,-,b,-,b,-,b,b,b,b,b,b,b,b,b,b,a,a,a,a,a,a,a,a,-,a,a,a,-,-,a,a,a,a,a,-,a,-,a,a,a,a,-,a,a,a,a,a,-,a,a,a,-,a,-,a,a,a,a,a,a,a,a,a,-,a,a,a,a,a,a,a,-,a,a,a,a,a,a,a,a,a,-,a,a,a,a,a,-,a,a,a,a,a,a,a,-,a,b,b,b,b,b,b,b,b,b,b,b,b,-,-,-,b,b,-,b,-,b,b,b,b,b,b,b,b,b,b,-,b,b,b,b,b,b,-,b,b,b,-,b,b,b,b,b,b,b,b,b,b,b,b,b,-,b,b,-,-,b,-,b,b,-,b,b,b,b,b,b,b,b,b,-,b,b,b,b,b,b,-,b,-,-,b,-,b,b,b,b,b,b,b,b,b,b,b,b,b,b,b,b,-,b,b,b,b,b,b,-,b,b,b,-,b,-,b,b,b,b,b,b,b,b,-,a,b,b,b,b,b,b,b,b,b,b,b,b,b,b,b,b,b,b,b,b,b,b,b,-,b,b,b,b,-,b,b,b,-,b,b,b,-,b,b,b,b,-,b,b,b,b,b,-,b,-,b,b,b,-,b,b,b,b
337,0.3571893,0.33333,-,-,a,a,-,a,a,-,a,a,a,a,a,-,-,-,-,-,a,-,-,-,-,a,a,a,a,-,-,-,-,-,-,-,-,a,a,a,a,a,-,a,a,-,-,-,a,-,-,a,-,a,-,-,-,-,-,-,a,a,-,-,-,-,-,-,-,-,a,a,-,-,-,-,-,-,-,a,-,-,-,-,-,-,-,-,a,a,a,-,a,-,-,-,-,-,-,-,a,a,-,a,-,-,a,b,b,-,a,-,a,a,a,a,-,-,-,a,-,-,-,-,-,-,-,-,-,-,a,-,-,-,-,-,-,-,-,-,a,-,-,-,-,-,-,-,-,-,-,a,-,-,-,-,a,-,-,-,-,-,a,a,a,-,a,a,a,-,-,-,-,a,a,a,a,a,-,a,-,-,a,-,a,-,-,b,-,b,b,-,-,-,-,-,-,-,a,-,a,-,-,-,-,-,-,-,-,-,b,-,-,b,-,-,-,b,b,-,b,-,b,-,-,-,b,-,-,-,b,-,-,-,-,-,-,-,-,-,-,-,-,-,-,-,-,b,-,-,-,-,-,-,-,-,-,-,-,-,-,-,b,b,b,-,b,a,a,a,a,-,-,-,-,-,-,-,-,-,-,-,-,-,-,-,-,a,a,-,a,a,a,a,a,-,-,-,-,-,-,-,a,a,-,-,-,a,-,a,a,a,a,a,a,-,-,-,-,-,-,-,-,a,-,a,-,-,-,-,-,-,-,-,-,-,-,a,a,a,a,-,a,a,a,a,-,-,-,-,-,-,-,a,a,-,-,-,-,-,-,a,a,a,a,a,-,-,-,-,-,-,-,-,-,a,a,a,-,-,-,-,-,-,a,-,a,-,-,-,a,-,-,-,-,-,-,-,-,-,-,-,-,a,-,-,a,-,a,-,-,-,-,a,-,a,a,-,-,-,a,-,-,a,a,-,-,-,a,-,-,a,-,a,-,-,a,-,-,-,-,-,-,-,-,a,a,-,-,a,a,a
338,0.9239367,0.97167,a,-,a,a,a,a,a,-,a,a,a,a,a,a,a,-,-,-,a,-,-,a,-,a,a,a,a,-,-,-,-,-,-,a,a,a,a,a,a,a,-,a,a,-,-,-,a,-,a,a,-,a,-,-,-,-,-,a,a,a,-,-,a,-,-,-,-,-,a,-,-,a,a,-,-,a,-,a,-,-,-,a,-,-,-,a,a,a,a,-,a,a,-,-,-,a,-,-,a,a,-,a,-,-,a,a,a,-,a,-,a,a,a,a,a,-,a,-,-,-,a,-,-,a,a,-,a,a,a,-,-,-,-,-,-,-,-,-,b,-,-,b,-,-,-,-,-,-,-,b,b,-,-,-,b,-,b,-,-,b,b,b,b,b,b,b,b,-,-,b,-,b,b,b,b,b,-,b,-,a,b,-,a,a,a,a,-,b,a,a,-,-,a,a,-,-,-,-,-,-,-,-,-,-,-,-,a,-,a,-,-,a,-,-,-,a,a,a,-,-,a,a,-,-,a,-,-,-,b,-,b,-,-,-,-,-,b,-,-,b,-,b,-,-,-,-,-,-,-,-,-,-,-,-,-,-,a,-,-,-,a,a,b,-,b,a,a,a,a,-,-,-,-,a,-,-,-,-,-,-,a,-,-,-,-,a,a,a,a,a,a,a,a,-,-,-,a,a,-,b,b,b,b,-,-,b,-,b,b,b,b,b,b,b,b,-,b,b,-,b,-,b,-,-,b,-,-,-,-,-,b,-,-,-,-,b,b,b,b,-,a,a,a,a,-,a,a,a,a,a,a,a,a,-,a,-,-,-,a,a,a,a,a,a,-,-,-,-,-,-,-,-,-,b,b,b,-,b,-,-,-,-,b,-,b,-,b,-,-,-,-,b,-,b,-,b,-,b,-,-,-,-,b,b,b,-,b,-,-,a,-,a,-,a,a,-,-,-,a,-,-,a,a,-,-,-,a,-,-,a,-,a,a,-,-,-,-,-,-,a,a,a,a,a,a,a,-,a,a,a
339,0.8563883,0.91667,-,a,a,a,a,-,-,a,a,a,a,a,a,a,-,-,a,-,a,-,-,-,a,a,a,a,a,a,a,a,-,-,a,-,a,a,a,a,b,b,b,b,b,-,a,a,a,a,a,a,-,a,a,a,-,-,a,a,a,a,-,a,-,-,a,-,a,a,a,-,-,a,-,a,-,a,-,a,a,a,a,-,-,-,-,-,a,a,a,-,a,-,b,-,-,-,-,-,b,b,-,b,-,-,a,a,a,-,a,-,a,a,a,a,-,-,-,-,a,a,a,-,a,a,-,a,-,-,-,a,-,a,-,-,a,a,a,b,b,-,-,-,-,-,b,b,-,b,b,-,b,b,b,b,b,-,b,-,-,-,b,b,b,b,b,b,b,b,-,b,-,b,b,b,b,b,-,b,b,b,b,-,b,b,b,b,-,b,b,b,b,-,b,b,b,b,b,-,-,b,b,-,b,-,-,b,-,-,a,-,-,a,-,-,b,a,a,a,a,a,a,a,-,a,a,-,a,-,a,-,-,-,-,a,a,a,a,a,a,-,-,a,-,a,a,-,-,a,-,a,a,-,-,b,b,-,b,b,b,b,a,b,b,-,b,a,a,a,a,a,-,-,-,a,a,a,a,a,a,-,-,a,a,a,-,a,a,a,a,a,a,a,a,-,-,-,-,a,-,-,a,a,a,a,-,a,-,a,-,a,a,a,a,a,-,-,a,a,-,a,-,a,-,-,-,a,a,a,a,-,a,a,a,a,a,a,a,a,a,-,a,a,a,a,a,a,a,-,-,-,-,a,a,-,a,-,a,a,-,a,a,a,a,a,a,-,-,a,-,-,-,a,-,a,a,a,a,a,-,a,a,-,a,a,-,a,a,a,-,a,a,-,a,-,-,a,-,a,a,-,-,a,a,a,a,-,a,a,-,-,a,a,a,a,a,-,-,a,a,a,-,a,a,-,a,a,a,-,-,a,a,a,-,a,a,-,a,-,a,-,a,a,-,a,a,-,-,a,a,a
340,1.8644593,1.84833,b,-,b,b,b,b,b,b,b,b,b,b,b,-,b,-,b,b,a,-,b,a,a,b,b,b,b,-,-,-,-,a,a,a,-,a,a,a,a,a,a,a,-,-,a,a,a,a,a,a,a,a,-,-,a,a,-,a,a,a,a,a,a,a,a,-,a,a,a,-,a,a,a,a,-,-,-,a,-,-,a,a,a,a,a,a,a,a,a,a,a,a,a,a,a,a,-,-,a,a,-,a,-,a,a,a,a,-,b,b,b,b,b,b,b,b,b,b,b,b,-,b,-,b,b,b,b,-,b,-,b,b,b,-,b,b,-,-,b,-,-,b,-,b,b,b,a,a,-,a,-,-,-,-,a,a,a,a,-,a,a,a,a,a,a,a,a,a,a,b,-,a,a,a,b,b,-,b,-,b,b,b,b,b,b,b,b,b,b,b,b,-,b,b,b,b,b,b,b,-,-,b,b,b,-,b,b,b,b,b,b,b,b,b,b,b,b,b,b,b,b,b,b,-,b,a,a,a,a,-,-,a,a,a,a,a,a,-,a,a,a,a,a,a,a,a,a,a,a,-,a,-,-,a,a,a,a,a,-,a,a,a,a,-,a,b,a,a,a,-,a,-,a,a,a,-,a,b,a,a,-,-,b,-,b,b,b,b,b,b,b,b,b,-,-,-,b,b,b,b,b,b,b,b,-,b,b,b,b,b,b,b,b,b,-,b,b,b,-,b,b,b,-,b,-,b,b,b,b,b,b,b,b,-,-,b,b,b,b,-,b,b,b,b,b,-,b,b,-,-,b,b,b,-,-,-,b,b,b,b,b,b,b,b,b,b,b,b,-,b,-,b,b,a,a,a,b,b,-,a,a,-,a,-,a,b,b,-,b,-,b,-,b,-,b,-,b,b,-,b,b,-,b,b,b,-,b,b,b,b,-,b,-,b,b,b,b,b,b,b,b,b,b,-,-,b,b,b,-,b,b,b,b,b,b,b,b,b,-,b,b,a,-,b,a,a,-,a,a,a
341,1.679025,1.765,a,a,a,a,a,a,a,a,a,a,a,a,a,a,a,-,-,-,a,a,a,a,a,a,a,a,a,-,a,a,a,a,a,a,a,a,a,a,a,a,a,a,a,-,a,a,a,b,a,a,a,-,a,a,a,a,-,a,a,a,a,a,a,a,a,-,a,-,-,-,-,a,a,a,a,a,b,b,b,b,b,b,b,b,b,b,-,-,b,b,b,-,b,b,b,b,b,b,b,a,-,b,-,b,b,b,b,b,b,b,b,b,b,b,a,b,b,b,b,b,b,b,b,b,b,b,b,b,b,b,-,-,b,b,b,b,b,b,b,-,b,b,a,-,a,-,-,a,a,a,a,a,a,a,a,-,a,a,a,a,a,a,a,a,a,a,a,-,-,a,-,-,-,a,a,-,a,-,-,a,a,a,a,-,-,-,b,b,b,b,b,b,b,b,b,b,b,b,b,b,b,-,b,b,b,b,-,b,b,b,b,b,b,b,b,b,b,b,b,b,b,b,b,b,b,b,b,b,b,b,b,b,b,b,b,b,b,b,-,b,b,b,b,b,b,b,b,b,b,b,b,b,b,b,b,b,b,b,b,b,b,b,b,-,b,b,b,b,-,b,-,b,b,b,b,b,a,a,a,a,a,a,a,a,-,-,-,-,b,a,a,a,a,-,a,-,a,a,a,a,a,a,a,a,a,a,a,a,a,a,b,-,-,b,b,b,-,b,b,b,b,-,b,b,b,b,b,b,b,-,a,-,a,a,a,a,a,a,a,-,b,b,b,b,b,b,-,b,b,-,b,b,b,b,b,-,b,b,b,b,b,b,b,-,b,-,-,b,b,b,b,b,a,a,-,-,b,b,b,b,b,b,b,b,b,b,-,b,b,b,b,-,b,b,b,b,b,b,b,b,b,b,b,b,-,b,b,b,b,b,b,-,-,b,b,b,b,b,b,b,b,b,b,b,b,b,b,b,b,a,-,a,-,a,a,a,a,a,a,a,a,a,a,a,a,a,-,a,a,a