id,lsm_ss_num,mean_ss_num,lsm_ov_num,mean_ov_num,ft_lsm,ft_raw,norm_mean_ss,C1_148601,C1_103654,1-112445,1-992824,C1_578991,C1_1375096,T1G11,C1_1603770,1_2211035,F21M12,1_2696684,1-2844111,1_3941506,C1_3355726,C1_3899681,C1_3868089,C1_4833319,C1_4617576,1_5923549,C1_6315998,C1_5157747,C1_5693045,C1_6109358,1-5628596,1-4395913,1-5206479,1-4142402,C1_6761513,C1_6839609,C1_6572582,C1_7254045,C1_7667369,C1_7928543,C1_8128648,C1_8326355,MSAT1.3,1-8014943,1-9343234,1-9496666,1-9781260,C1_9583475,NGA392,C1_9981308,C1_9999988,C1_11017860,C1_10796568,1-11655171,C1_12173075,C1_12131853,T27K12,C1_12368713,C1_13770945,C1_15969439,C1_16295560,C1_16469234,C1_16734993,C1_16875351,C1_16809188,1-16874305,1-17355484,C1_17497406,C1_17800536,C1_18903091,C1_19169769,C1_19187615,1_18040860,C1_19584168,C1_20532842,NGA128,C1_21416160,C1_21426785,C1_22238945,C1_22569225,C1_22970466,C1_22679925,C1_23423667,C1_24316033,F5I14,C1_25080434,C1_25589166,C1_25500148,C1_26232300,C1_26026938,C1_26047779,C1_26446396,C1_26318713,1_26278413,MSAT1.1,1-26278221,C1_26623284,1-25717715,C1_27879038,C1_28255729,C1_28791009,C1_28844794,C1_29018816,C1_28971592,C1_29789967,MSAT1.5,NGA692,1_27650244,1-28666569,1_30116495,C2_73452,MSAT2.5,2_311554,2_518639,C2_584278,2_948610,C2_1182733,2-1798324,MSAT2.18,MSAT2.38,2_4354761,C2_4158127,C2_4150835,C2_4294074,C2_4066448,C2_3027446,C2_4685148,C2_5281237,C2_2021779,C2_6242269,C2_6311417,C2_6831885,C2_6713259,C2_6997430,C2_7425903,C2_7408993,C2_7911815,C2_8004125,C2_8313596,C2_8746594,C2_8620417,C2_9171125,C2_8995275,C2_9044852,C2_9366688,At2g22200,2_9256494,C2_9721752,C2_10046161,C2_10356638,C2_10394880,C2_10709402,C2_10888438,C2_11200483,C2_11334521,C2_11930850,MSAT2.41,C2_12037234,C2_12509560,C2_12705676,C2_13090523,2-12656716,C2_13341906,C2_13460251,C2_14937406,C2_14770433,C2_14655068,2_13148965,MSAT2.7,2-13265029,C2_15425844,2_14801461,2-14003272,2-15986145,C2_16916847,C2_17106201,C2_18220776,2_17844202,2_16908453,2.Frag50,2.T1024,MSAT2.9,2_18253446,C2_18135222,2_18701082,C2_18611594,C2_18708968,MSAT2.22,C2_19267581,2-18752604,3_166828,3_620734,NGA172,C3_291385,3-2072648,3-2231413,C3_1168987,C3_931430,C3_1646322,C3_2180846,C3_2497708,C3_3623963,C3_4648688,C3_5333186,C3_5364027,C3_5385684,C3_5457918,C3_5631875,C3_6231641,C3_6497728,C3_6342492,C3_6548423,C3_6736628,C3_6822360,C3_7046389,3_7307956,C3_7478226,C3_7514637,3-7391896,C3_7916975,C3_8206469,C3_8440916,MSAT3.5,MSAT3.6,C3_8679453,C3_9399580,C3_9501499,3-9747158,C3_9833012,C3_9623043,C3_9981431,3.GAPABX,C3_10250478,C3_10332905,C3_10808061,MSAT3.32,C3_11119765,C3_11311504,C3_11427757,C3_14093267,C3_12674068,C3_11920382,C3_15194862,C3_12021844,C3_15414721,C3_16001509,C3_16001979,C3_16390427,C3_16860212,C3_16836255,C3_16998392,C3_17263959,C3_17609487,C3_17909819,C3_17942649,C3_18396211,C3_19161491,C3_19825573,C3_19902009,C3_20092575,C3_20197905,C3_23403229,C3_23319286,C3_20876948,C3_21548896,C3_22293827,C3_22081936,3_19930733,MSAT3.28,3_21728447,3_22146587,3-21632379,4.F6N15,4_208623,4.FRI,MSAT4.8,C4_70965,C4_262249,C4_284743,C4_358595,C4_449005,C4_778610,C4_885880,C4_1416972,C4_3312521,C4_2727033,C4_2501103,C4_2283992,C4_2173404,C4_2025256,C4_1752869,C4_5318483,4_2126308,4_4804292,C4_5538105,DET1,ICE7,MSAT4.17,4-7077771,MSAT4.35,C4_7048455,C4_7257361,4_7448542,C4_7846214,C4_7989009,C4_7920219,C4_8184029,4-8297594,4-8078388,C4_8848473,C4_9316828,C4_10569729,4_10482089,C4_11338567,4-11325921,4-11579700,4-11984495,4-12403706,Msat4.19,4_12900428,C4_12642999,C4_13033934,C4_13459120,4_14385343,C4_14061988,C4_14353186,C4_14616423,C4_14773912,4_15087654,C4_15290929,C4_15468948,C4_16257723,C4_15737310,C4_16227364,C4_17223137,C4_17129502,C4_16947346,C4_17272166,C4_17528470,C4_17722374,C4_18038808,C4_18134495,4-17803605,4-17608717,MSAT4.30,MSAT4.37,5_43840,5-625179,5-872097,5-1213621,5_476540,C5_44449,C5_125518,C5_253030,5.MUK11D,C5_791233,C5_896146,C5_2167867,5_2192806,5_2799359,C5_2953003,C5_2755458,C5_3069342,C5_3389662,C5_3620399,C5_3913044,5_4223381,5_4721336,NGA151,5_5318959,5.nga106,C5_4659907,C5_4486243,C5_4285595,C5_5298594,C5_5445545,C5_5931591,C5_5993524,C5_5806039,C5_6688659,MSAT5.14,ICE5,AthCDPK9,C5_6891226,C5_7197383,C5_7423327,C5_8040504,C5_7957606,C5_7896409,5-7278798,C5_8350672,5-7842900,C5_8885932,C5_9076201,C5_11583536,C5_9821626,C5_9941038,C5_9608499,C5_11137211,C5_9991762,C5_9995956,C5_10131040,C5_12209645,C5_10742542,C5_11977761,C5_12639802,C5_13402555,C5_13007508,C5_13126793,C5_13566961,C5_13475381,MSAT5.1,C5_15232940,C5_15276554,C5_15434591,C5_15907702,C5_15907734,C5_16033069,5_16368524,C5_16814354,5_16964745,MSAT5.9,C5_17485719,C5_17136953,C5_17590247,5-17629093,C5_18091244,C5_18325171,NGA129,5-20408706,C5_19731984,C5_19383918,C5_20250252,5-20915132,C5_20730288,C5_21106454,5-22414510,C5_21736606,MSAT5.13,C5_22635947,C5_22788570,C5_23025468,C5_23770825,C5_24200037,C5_24599755,C5_24796521,C5_25214399,C5_25341145,C5_25538680,C5_25708060,5_25301310,5.MBK5,C5_26396744,C5_26758064,5_26121185,MSAT5.18,5-26120843
,,,,,,,,1,1,1,1,1,1,1,1,1,1,1,1,1,1,1,1,1,1,1,1,1,1,1,1,1,1,1,1,1,1,1,1,1,1,1,1,1,1,1,1,1,1,1,1,1,1,1,1,1,1,1,1,1,1,1,1,1,1,1,1,1,1,1,1,1,1,1,1,1,1,1,1,1,1,1,1,1,1,1,1,1,1,1,1,1,1,1,1,1,1,1,1,1,1,1,1,1,1,1,1,1,1,1,2,2,2,2,2,2,2,2,2,2,2,2,2,2,2,2,2,2,2,2,2,2,2,2,2,2,2,2,2,2,2,2,2,2,2,2,2,2,2,2,2,2,2,2,2,2,2,2,2,2,2,2,2,2,2,2,2,2,2,2,2,2,2,2,2,2,2,2,2,2,2,2,2,2,2,2,2,2,2,2,3,3,3,3,3,3,3,3,3,3,3,3,3,3,3,3,3,3,3,3,3,3,3,3,3,3,3,3,3,3,3,3,3,3,3,3,3,3,3,3,3,3,3,3,3,3,3,3,3,3,3,3,3,3,3,3,3,3,3,3,3,3,3,3,3,3,3,3,3,3,3,3,3,3,3,3,3,3,3,3,3,3,4,4,4,4,4,4,4,4,4,4,4,4,4,4,4,4,4,4,4,4,4,4,4,4,4,4,4,4,4,4,4,4,4,4,4,4,4,4,4,4,4,4,4,4,4,4,4,4,4,4,4,4,4,4,4,4,4,4,4,4,4,4,4,4,4,4,4,4,4,4,4,4,4,4,5,5,5,5,5,5,5,5,5,5,5,5,5,5,5,5,5,5,5,5,5,5,5,5,5,5,5,5,5,5,5,5,5,5,5,5,5,5,5,5,5,5,5,5,5,5,5,5,5,5,5,5,5,5,5,5,5,5,5,5,5,5,5,5,5,5,5,5,5,5,5,5,5,5,5,5,5,5,5,5,5,5,5,5,5,5,5,5,5,5,5,5,5,5,5,5,5,5,5,5,5,5,5,5,5,5,5,5,5,5,5
,,,,,,,,0,0.186,1.357,3.304,4.465,5.08,5.843,6.238,7.504,8.849,9.351,10.047,11.113,12.008,12.321,12.597,13.675,13.96,14.832,15.548,15.917,16.076,16.199,17.128,17.357,18.109,18.386,19.71,19.967,20.359,21.495,23.849,24.826,25.934,26.543,27.563,28.716,30.153,31.36,31.651,32.531,33.607,34.817,35.319,37.257,38.707,40.938,43.916,44.081,45.678,47.308,49.812,50.754,51.255,52.128,52.546,52.66,52.725,54.397,56.517,57.287,57.856,59.058,61.459,61.867,64.033,65.629,66.396,68.618,71.681,72.097,75.022,75.502,76.164,76.701,78.47,80.81,83.846,86.852,89.442,89.772,92.522,92.951,93.144,94.075,94.571,95.945,96.448,97.71,98.551,98.897,100.754,101.169,102.395,102.663,102.846,103.287,104.631,106.481,106.955,107.429,108.942,111.091,0,3.946,5.404,8.38,12.021,14.551,17.402,18.904,21.955,22.247,22.498,24.462,27.497,27.634,27.644,27.706,27.876,28.373,28.969,30.048,30.808,32.471,32.634,33.796,36.563,36.772,39.528,42.191,42.494,44.072,44.362,45.398,45.843,46.231,46.801,47.7,49.188,49.926,50.248,51.347,51.461,52.359,53.132,53.908,54.771,55.415,56.744,57.664,59.628,60.093,61.188,62.546,63.772,64.346,64.771,65.219,65.632,66.924,67.053,67.984,69.181,70.045,70.808,73.572,75.142,75.588,76.286,77.858,78.487,79.078,79.524,80.05,80.212,80.732,81.378,82.673,82.844,83.647,85.542,86.92,0,1.436,3.905,6.31,8.347,9.566,10.802,11.167,11.84,12.347,13.874,15.611,17.916,18.79,18.982,19.45,19.469,19.718,22.388,22.826,22.959,23.317,23.613,24.685,24.756,26.475,27.199,27.474,29.384,29.815,32.348,33.636,35.012,35.833,36.711,38.337,39.158,40.218,41.093,41.989,42.582,44.183,45.635,46.945,47.502,50.173,52.498,53.411,53.591,54.393,54.711,55.063,55.203,55.666,57.162,58.299,58.473,59.128,59.736,60.102,60.978,61.553,62.2,63.531,64.234,64.783,69.599,73.096,74.461,75.535,75.891,77.635,77.983,79.34,79.784,80.094,80.162,82.432,83.801,85.984,86.743,89.501,0,1.473,2.791,4.408,6.311,7.226,7.838,8.005,9.678,12.754,13.509,19.217,20.035,22.109,24.295,24.474,24.861,25.381,25.721,27.598,28.971,30.299,31.209,36.746,39.251,40.079,41.555,42.395,42.875,43.517,43.97,46.217,46.522,46.768,47.301,48.066,48.828,50.12,51.451,53.333,53.867,56.085,56.443,57.214,58.378,59.264,60.332,62.073,63.534,64.424,65.358,66.314,67.202,67.493,68.578,70.164,70.748,72.315,72.751,73.407,73.509,73.677,76.815,77.126,77.403,77.755,79.234,80.544,81.356,81.92,83.627,84.475,86.59,88.597,0,0.741,2.007,2.763,3.8,4.871,5.079,5.128,6.442,7.191,7.41,8.779,9.606,9.845,10.948,11.575,11.641,11.955,12.797,13.198,14.871,15.25,15.267,15.741,15.913,16.737,17.004,17.017,18.112,18.374,18.948,19.442,19.54,21.081,22.209,22.621,22.752,23.535,23.706,23.923,24.491,24.686,24.913,25.832,26.692,27.135,29.995,31.782,34.514,35.915,36.196,36.6,37.821,38.619,39.028,39.39,39.999,40.167,40.509,40.539,40.691,40.824,41.097,41.503,42.294,44.299,47.197,48.251,49.254,50.316,50.781,50.808,51.565,52.777,53.467,54.163,55.223,55.631,56.958,57.622,59.109,59.51,61.557,62.941,63.974,64.204,64.841,65.72,66.697,67.883,69.82,71.042,71.677,73.754,73.839,74.283,75.373,76.149,77.467,78.297,78.759,78.981,80.364,80.828,82.581,83.529,84.825,85.94,86.442,88.431,90.755
1,1.0895204,1.13143,43.338093,48.7619,21.0000000000001,21,-0.866108474193796,-,BB,AA,AA,BB,BB,BB,BB,BB,BB,BB,AA,AA,-,-,BB,AA,AA,AA,-,AA,AA,AA,AA,AA,AA,AA,AA,AA,-,-,AA,AA,AA,AA,AA,AA,AA,AA,AA,AA,-,AA,AA,AA,AA,AA,AA,AA,BB,AA,BB,BB,AA,AA,-,AA,AA,AA,AA,AA,-,-,AA,AA,AA,AA,AA,AA,-,-,AA,AA,AA,AA,AA,-,AA,-,AA,AA,AA,AA,AA,AA,AA,AA,AA,AA,AA,AA,AA,AA,AA,AA,AA,-,-,AA,AA,AA,AA,AA,-,BB,BB,BB,BB,BB,-,AA,BB,BB,BB,BB,BB,BB,BB,BB,BB,BB,BB,-,BB,BB,-,-,AA,AA,-,AA,AA,AA,AA,-,AA,AA,AA,-,AA,AA,AA,AA,AA,-,AA,AA,AA,-,AA,-,AA,-,-,AA,AA,AA,-,AA,AA,AA,AA,AA,-,AA,AA,AA,-,AA,-,AA,AA,AA,AA,AA,AA,AA,AA,AA,AA,AA,AA,AA,AA,AA,AA,AA,BB,BB,-,AA,AA,-,-,AA,AA,AA,AA,AA,AA,AA,AA,AA,AA,AA,AA,AA,AA,AA,AA,-,AA,BB,AA,-,-,AA,-,AA,AA,BB,AA,AA,AA,AA,BB,-,BB,BB,-,BB,-,BB,-,-,BB,-,BB,BB,BB,BB,BB,BB,BB,BB,BB,BB,-,-,BB,BB,BB,BB,BB,BB,BB,BB,BB,BB,BB,BB,BB,BB,BB,BB,BB,BB,BB,BB,-,BB,BB,BB,-,BB,BB,-,-,BB,BB,BB,BB,BB,BB,-,BB,BB,BB,BB,BB,-,BB,BB,BB,-,BB,BB,BB,BB,BB,BB,BB,BB,BB,BB,BB,BB,AA,AA,AA,AA,BB,BB,BB,BB,-,BB,-,BB,BB,-,BB,BB,BB,BB,BB,BB,-,BB,BB,BB,-,-,BB,BB,AA,AA,BB,BB,-,AA,AA,AA,AA,BB,BB,-,-,AA,AA,AA,AA,AA,AA,AA,AA,AA,-,-,AA,AA,-,AA,AA,AA,AA,AA,AA,-,AA,-,AA,AA,AA,AA,AA,-,-,AA,AA,AA,AA,AA,AA,AA,AA,AA,AA,AA,AA,AA,-,AA,AA,-,-,AA,AA,-,AA,AA,-,-,AA,AA,AA,AA,AA,-,-,AA,AA,AA,AA,AA,AA,AA,AA,AA,AA,AA,AA,AA,AA,AA,AA,AA,AA,-,AA,AA,-,AA,AA,AA,AA,AA,AA,AA,-,AA,AA,AA,AA,AA,AA,AA,AA,-,AA
2,1.300702,1.26167,42.296114,42.8333,22.0000000000002,22,-0.658332523210041,AA,AA,AA,AA,-,AA,-,AA,AA,AA,AA,AA,AA,AA,AA,-,AA,AA,AA,AA,-,AA,AA,AA,AA,AA,AA,AA,-,AA,AA,AA,AA,AA,AA,AA,AA,AA,AA,AA,AA,AA,BB,BB,BB,BB,BB,BB,BB,BB,BB,-,BB,BB,BB,BB,-,BB,BB,BB,-,BB,BB,BB,BB,BB,BB,BB,BB,BB,BB,-,BB,-,BB,AA,BB,BB,-,BB,BB,-,BB,BB,BB,-,BB,BB,BB,BB,BB,BB,BB,BB,BB,BB,BB,BB,BB,BB,-,BB,BB,AA,AA,AA,AA,AA,AA,AA,AA,BB,BB,BB,BB,BB,BB,BB,-,BB,BB,BB,BB,BB,-,BB,BB,BB,BB,BB,BB,BB,BB,BB,BB,BB,-,BB,-,BB,BB,BB,-,BB,BB,BB,BB,BB,BB,-,-,BB,BB,BB,BB,BB,BB,BB,-,BB,BB,BB,BB,BB,BB,BB,BB,-,BB,BB,BB,BB,-,BB,BB,BB,BB,BB,BB,BB,BB,BB,BB,BB,BB,BB,BB,BB,BB,BB,-,-,BB,BB,BB,BB,BB,BB,BB,BB,BB,BB,BB,BB,BB,BB,BB,BB,AA,AA,AA,AA,AA,AA,AA,-,AA,AA,-,AA,AA,BB,AA,BB,AA,BB,BB,-,BB,BB,-,BB,BB,BB,BB,BB,BB,BB,-,BB,BB,-,BB,BB,BB,BB,BB,BB,BB,BB,BB,BB,BB,BB,BB,BB,BB,BB,BB,BB,BB,AA,BB,BB,BB,BB,BB,-,BB,BB,BB,BB,BB,BB,BB,BB,BB,AA,BB,BB,BB,-,BB,-,BB,BB,BB,BB,BB,BB,-,BB,BB,BB,BB,BB,BB,BB,BB,BB,BB,BB,BB,BB,BB,BB,-,BB,BB,BB,BB,BB,BB,-,-,BB,BB,BB,-,BB,BB,BB,BB,BB,BB,BB,BB,BB,BB,BB,BB,BB,-,BB,BB,BB,BB,BB,BB,AA,AA,AA,AA,AA,AA,AA,AA,-,-,AA,AA,AA,AA,AA,AA,-,AA,AA,-,AA,AA,AA,AA,AA,AA,AA,AA,AA,AA,AA,AA,AA,AA,AA,AA,AA,AA,AA,AA,AA,AA,AA,AA,AA,AA,AA,AA,AA,-,AA,AA,AA,-,AA,AA,AA,AA,AA,AA,AA,AA,AA,AA,AA,AA,AA,AA,-,AA,AA,AA,AA,AA,AA,AA,AA,-,AA,AA,AA,AA,AA,AA,AA,-,AA,AA,AA,AA,AA,AA,AA,AA,-,AA,AA,AA,AA,-,AA,AA,AA,AA,AA,AA,AA,AA,AA,BB,AA
3,1.3627844,1.38833,39.213033,40.1667,39.9999999999991,40,-0.484094810520424,AA,AA,AA,AA,AA,AA,AA,AA,BB,BB,BB,AA,BB,AA,AA,AA,AA,AA,BB,AA,AA,AA,AA,AA,AA,AA,AA,-,AA,AA,AA,-,AA,AA,AA,AA,AA,AA,AA,AA,AA,AA,AA,AA,-,AA,AA,AA,AA,AA,AA,AA,AA,AA,AA,AA,AA,AA,AA,AA,-,-,AA,AA,AA,AA,AA,AA,AA,-,BB,BB,BB,BB,BB,BB,-,AA,BB,BB,BB,BB,BB,BB,AA,BB,BB,BB,BB,AA,BB,-,BB,BB,BB,BB,BB,BB,BB,BB,BB,BB,BB,BB,AA,BB,BB,BB,BB,BB,BB,BB,BB,BB,BB,BB,BB,BB,BB,BB,BB,BB,BB,BB,BB,BB,BB,BB,BB,BB,-,-,AA,-,AA,AA,-,AA,AA,BB,AA,AA,AA,AA,BB,AA,-,AA,AA,AA,AA,AA,-,BB,AA,BB,BB,BB,-,BB,BB,BB,BB,BB,BB,BB,BB,BB,-,BB,BB,BB,BB,BB,BB,BB,BB,BB,BB,BB,BB,AA,BB,BB,BB,BB,AA,AA,AA,-,AA,AA,AA,BB,BB,AA,AA,AA,AA,AA,AA,AA,AA,AA,AA,AA,AA,AA,-,AA,AA,AA,-,AA,AA,-,AA,AA,AA,AA,AA,AA,AA,-,BB,AA,AA,AA,BB,BB,BB,BB,BB,BB,BB,BB,BB,BB,BB,BB,BB,BB,BB,BB,BB,BB,BB,BB,BB,BB,BB,BB,BB,BB,BB,BB,BB,BB,BB,BB,BB,BB,BB,BB,BB,BB,BB,AA,BB,-,-,AA,AA,AA,AA,AA,AA,AA,AA,AA,AA,AA,AA,AA,AA,BB,BB,-,BB,BB,-,AA,BB,AA,AA,BB,AA,AA,AA,AA,AA,AA,-,AA,AA,BB,BB,BB,BB,BB,BB,BB,BB,BB,BB,-,BB,BB,BB,BB,BB,BB,BB,BB,BB,BB,BB,BB,BB,BB,BB,AA,AA,AA,AA,AA,AA,BB,-,AA,AA,AA,AA,AA,AA,AA,AA,-,AA,AA,-,AA,AA,BB,BB,BB,BB,BB,BB,AA,AA,AA,BB,BB,BB,BB,BB,BB,BB,-,BB,BB,BB,BB,BB,BB,BB,BB,-,AA,AA,AA,BB,AA,-,AA,AA,AA,AA,AA,AA,AA,AA,AA,AA,AA,AA,AA,AA,AA,-,-,AA,AA,BB,-,AA,AA,AA,-,AA,BB,AA,BB,BB,BB,BB,BB,BB,-,AA,BB,AA,AA,AA,AA,AA,AA,AA,AA,AA,BB,-,AA,AA,-,AA,AA,AA,AA,AA,AA,AA,AA,AA,AA,AA,AA,-,AA
4,0.6994426,0.77833,38.791336,44.1667,20,20,-1.43797031193787,AA,-,AA,-,AA,BB,BB,-,BB,-,BB,BB,AA,BB,AA,AA,-,AA,AA,AA,-,AA,AA,-,AA,-,-,-,AA,AA,AA,-,AA,AA,AA,AA,AA,AA,AA,AA,-,AA,AA,AA,AA,-,-,-,AA,AA,-,AA,-,AA,AA,AA,-,AA,AA,-,AA,-,AA,AA,AA,AA,AA,AA,AA,AA,AA,AA,-,AA,AA,AA,AA,AA,AA,AA,AA,AA,AA,AA,AA,-,AA,AA,AA,AA,AA,AA,AA,-,AA,AA,AA,-,AA,AA,AA,AA,AA,BB,BB,BB,BB,BB,BB,BB,BB,BB,BB,BB,AA,BB,BB,-,-,-,BB,BB,BB,BB,BB,BB,BB,BB,BB,-,BB,-,-,BB,-,-,BB,BB,BB,BB,-,-,-,BB,BB,BB,BB,BB,BB,BB,BB,BB,-,BB,BB,BB,BB,BB,BB,BB,-,BB,BB,BB,BB,BB,BB,BB,BB,BB,BB,BB,BB,BB,-,BB,-,BB,BB,BB,BB,-,BB,BB,BB,BB,BB,BB,BB,BB,BB,BB,BB,BB,BB,-,BB,BB,BB,BB,BB,BB,-,BB,BB,-,BB,-,BB,AA,AA,-,AA,-,AA,-,AA,AA,-,BB,BB,BB,AA,BB,BB,-,AA,AA,AA,AA,-,AA,-,-,-,AA,-,AA,AA,-,-,AA,AA,-,AA,AA,AA,AA,AA,-,-,-,-,AA,-,AA,AA,AA,AA,AA,BB,AA,AA,AA,AA,BB,BB,BB,BB,BB,-,-,BB,-,BB,BB,BB,AA,-,AA,AA,-,-,AA,AA,AA,AA,AA,AA,AA,AA,AA,AA,AA,AA,AA,AA,-,-,AA,AA,AA,-,-,AA,AA,AA,AA,AA,AA,AA,AA,AA,-,AA,-,AA,AA,-,AA,AA,AA,AA,AA,-,-,-,-,-,AA,AA,-,AA,-,-,AA,AA,AA,AA,AA,AA,AA,AA,AA,-,AA,AA,AA,AA,-,-,AA,AA,-,AA,-,AA,AA,-,AA,AA,AA,AA,AA,AA,AA,-,AA,AA,-,AA,AA,-,AA,AA,AA,AA,AA,AA,AA,-,AA,AA,AA,AA,AA,AA,AA,AA,AA,AA,-,AA,AA,AA,AA,AA,-,AA,-,-,AA,-,AA,AA,AA,AA,-,AA,AA,-,AA,AA,AA,AA,AA,AA,AA,AA,-,AA,AA,AA,AA,AA,-,AA,AA,AA,AA,AA,AA,AA,AA,-,-,AA,AA,-,AA,AA,-,AA,AA,AA,AA,AA,AA,BB,AA
5,0.7742091,0.83333,46.06649,49.1667,32.9999999999993,33,-1.32298397225148,AA,AA,AA,AA,AA,AA,AA,AA,AA,AA,AA,AA,AA,-,AA,AA,AA,AA,AA,AA,-,AA,-,AA,AA,AA,AA,-,AA,-,AA,AA,-,AA,-,AA,AA,AA,AA,AA,AA,AA,AA,-,-,-,AA,BB,AA,AA,AA,AA,AA,-,AA,-,AA,AA,AA,AA,-,AA,AA,-,AA,BB,AA,AA,AA,AA,AA,AA,AA,-,-,-,AA,AA,AA,-,-,AA,-,AA,-,AA,AA,AA,AA,AA,AA,AA,-,AA,AA,AA,AA,-,AA,AA,-,AA,AA,-,BB,BB,BB,BB,BB,-,BB,BB,BB,BB,BB,BB,BB,BB,BB,-,-,BB,BB,BB,BB,BB,BB,BB,BB,BB,BB,BB,-,BB,BB,-,BB,BB,BB,AA,-,BB,BB,BB,BB,BB,BB,BB,BB,BB,BB,-,-,BB,BB,BB,BB,BB,BB,BB,BB,BB,BB,BB,BB,BB,BB,-,BB,-,BB,BB,BB,BB,-,BB,BB,BB,-,BB,BB,-,BB,AA,AA,BB,BB,BB,BB,BB,BB,BB,-,BB,BB,-,BB,BB,-,BB,-,-,BB,-,BB,BB,-,-,BB,-,-,BB,AA,AA,-,AA,BB,-,-,-,AA,AA,-,AA,AA,AA,AA,AA,AA,AA,-,-,AA,AA,AA,AA,AA,AA,AA,AA,AA,AA,-,-,-,AA,-,AA,AA,-,-,-,-,-,BB,BB,AA,-,BB,AA,AA,AA,AA,BB,AA,-,AA,AA,-,AA,AA,AA,-,AA,AA,AA,AA,AA,AA,AA,-,AA,AA,AA,-,AA,AA,AA,AA,AA,AA,AA,AA,-,-,BB,-,-,AA,AA,AA,AA,AA,AA,BB,BB,BB,BB,BB,BB,BB,BB,BB,BB,BB,BB,AA,BB,BB,-,-,BB,-,-,-,BB,BB,BB,BB,BB,BB,-,-,BB,BB,BB,BB,BB,BB,BB,AA,AA,AA,AA,-,-,-,AA,AA,AA,AA,AA,AA,AA,AA,AA,-,AA,AA,AA,AA,AA,AA,AA,AA,AA,AA,-,AA,AA,AA,AA,-,AA,AA,AA,AA,AA,-,AA,AA,AA,AA,AA,AA,-,AA,AA,-,AA,-,AA,AA,AA,AA,AA,AA,AA,AA,AA,-,AA,AA,-,AA,AA,AA,-,AA,AA,AA,AA,-,AA,AA,AA,AA,AA,AA,AA,-,AA,AA,AA,-,-,AA,AA,-,AA,AA,AA,-,AA,AA,AA,AA,-,-,-,AA,AA,AA,AA,AA,AA,-,AA,AA,AA
6,1.8768504,1.91667,41.9768,45.8333,20.4999999999994,20.5,1.07978936474238,AA,-,AA,AA,AA,AA,AA,AA,AA,AA,AA,AA,AA,AA,-,-,-,AA,AA,AA,AA,AA,-,AA,AA,AA,AA,AA,AA,-,AA,AA,AA,AA,AA,AA,AA,AA,AA,AA,AA,AA,AA,-,AA,-,AA,-,AA,-,AA,-,-,AA,AA,-,AA,-,AA,AA,AA,AA,AA,AA,AA,AA,AA,AA,AA,AA,AA,AA,AA,AA,AA,AA,AA,AA,-,BB,BB,BB,BB,BB,BB,BB,BB,BB,BB,AA,BB,BB,BB,BB,-,BB,BB,BB,BB,BB,BB,BB,BB,AA,AA,AA,AA,AA,AA,AA,AA,AA,AA,AA,AA,AA,AA,AA,AA,AA,AA,AA,BB,BB,BB,-,BB,BB,BB,BB,-,BB,-,BB,BB,-,-,BB,BB,BB,-,BB,-,BB,BB,-,BB,BB,BB,BB,-,BB,BB,BB,BB,BB,AA,-,AA,AA,BB,BB,BB,AA,AA,AA,AA,AA,AA,-,AA,AA,AA,AA,AA,AA,AA,AA,AA,AA,AA,AA,AA,BB,BB,BB,BB,AA,AA,BB,AA,-,AA,AA,AA,AA,BB,AA,AA,AA,AA,-,AA,AA,AA,AA,AA,AA,AA,AA,AA,AA,AA,AA,AA,-,AA,-,AA,BB,BB,BB,-,BB,BB,AA,AA,AA,AA,AA,AA,-,AA,AA,-,AA,AA,AA,AA,AA,AA,-,AA,AA,AA,AA,-,AA,AA,-,-,-,AA,AA,AA,AA,AA,AA,AA,-,AA,AA,AA,AA,AA,BB,BB,BB,BB,AA,BB,-,BB,BB,BB,BB,BB,BB,BB,-,BB,-,BB,-,BB,BB,BB,-,BB,BB,BB,BB,BB,BB,BB,BB,-,-,BB,BB,BB,BB,BB,AA,BB,BB,-,BB,BB,BB,BB,BB,BB,BB,BB,BB,BB,-,-,BB,BB,BB,BB,BB,BB,-,-,BB,BB,BB,BB,BB,-,BB,BB,BB,BB,BB,BB,AA,AA,AA,AA,AA,AA,-,AA,AA,-,AA,-,AA,AA,AA,AA,AA,-,AA,AA,AA,AA,AA,AA,AA,-,AA,AA,AA,-,AA,-,AA,-,AA,AA,AA,AA,AA,AA,-,-,AA,AA,AA,AA,AA,AA,AA,AA,AA,AA,AA,-,AA,-,AA,AA,AA,-,AA,AA,AA,-,AA,AA,-,AA,AA,AA,-,AA,AA,BB,BB,BB,-,BB,BB,BB,-,BB,BB,BB,BB,BB,-,BB,BB,-,BB,BB,BB,BB,BB,BB,-,BB,-,BB,BB,-,-,BB,BB,BB,BB,-,BB,-,BB
7,0.8021087,0.90167,44.158347,49.8889,21.4999999999997,21.5,-1.21546499851305,-,BB,BB,BB,BB,BB,BB,BB,BB,BB,BB,BB,BB,BB,BB,BB,BB,BB,BB,BB,BB,BB,-,BB,BB,BB,BB,BB,-,BB,BB,BB,-,-,BB,BB,BB,BB,BB,BB,BB,BB,BB,BB,-,BB,BB,BB,BB,BB,BB,BB,BB,-,BB,-,BB,BB,BB,BB,BB,-,BB,BB,BB,BB,BB,BB,BB,BB,BB,AA,AA,AA,-,-,AA,AA,AA,AA,-,AA,-,AA,AA,AA,AA,AA,AA,-,AA,AA,AA,AA,-,-,-,AA,AA,AA,AA,AA,AA,BB,BB,BB,BB,BB,BB,BB,BB,BB,BB,BB,BB,-,BB,BB,BB,-,BB,BB,BB,BB,BB,-,BB,BB,BB,BB,BB,BB,BB,BB,BB,BB,BB,-,BB,BB,-,-,BB,BB,-,BB,BB,BB,BB,BB,BB,-,-,BB,BB,-,BB,BB,-,BB,-,BB,BB,BB,BB,BB,BB,BB,-,-,BB,BB,BB,BB,BB,BB,BB,BB,BB,BB,BB,BB,BB,AA,AA,AA,AA,AA,AA,AA,AA,AA,-,AA,-,AA,BB,BB,BB,-,-,BB,BB,BB,BB,-,BB,BB,BB,BB,BB,BB,BB,BB,BB,-,BB,BB,BB,BB,BB,BB,BB,BB,BB,-,BB,BB,BB,BB,BB,-,BB,BB,BB,-,BB,BB,BB,BB,BB,BB,-,BB,BB,-,BB,BB,BB,AA,AA,AA,AA,AA,AA,-,AA,AA,AA,AA,AA,AA,AA,AA,AA,BB,BB,BB,BB,BB,BB,-,BB,BB,AA,AA,AA,AA,AA,AA,-,AA,AA,AA,-,AA,AA,-,AA,AA,AA,AA,AA,AA,AA,AA,-,AA,-,AA,AA,AA,BB,BB,AA,AA,AA,AA,AA,AA,AA,AA,AA,AA,-,AA,AA,-,AA,AA,AA,AA,AA,AA,-,AA,-,AA,AA,AA,AA,AA,AA,AA,-,AA,AA,AA,AA,AA,AA,AA,AA,AA,AA,-,AA,AA,-,AA,AA,AA,AA,AA,AA,AA,AA,-,AA,AA,AA,AA,AA,AA,AA,AA,AA,-,AA,AA,AA,-,AA,AA,AA,AA,AA,AA,AA,-,AA,AA,AA,AA,AA,AA,-,AA,AA,AA,AA,AA,AA,AA,-,-,-,-,AA,AA,AA,AA,AA,AA,AA,AA,-,AA,AA,-,AA,AA,AA,AA,AA,AA,-,AA,AA,AA,AA,AA,AA,AA,AA,AA,AA,AA,AA,AA,AA,AA,-,AA,AA,-,AA,AA,AA,-,-,-,AA,AA,AA,AA,-,AA,-,AA
8,1.6510753,1.72333,48.062322,52.6667,27.5000000000002,27.5,0.339128042047994,BB,-,BB,BB,BB,BB,BB,-,AA,AA,AA,AA,AA,AA,AA,AA,-,-,AA,-,AA,AA,-,AA,AA,AA,AA,-,-,-,AA,AA,-,-,-,AA,AA,AA,AA,AA,AA,AA,-,-,-,-,AA,AA,AA,-,AA,AA,AA,AA,AA,AA,AA,-,AA,AA,AA,AA,AA,AA,AA,AA,-,-,AA,AA,AA,AA,-,AA,AA,-,BB,BB,-,-,BB,AA,AA,AA,-,AA,AA,AA,AA,AA,AA,-,AA,AA,AA,AA,AA,-,AA,AA,AA,AA,AA,-,AA,AA,BB,-,BB,BB,BB,BB,BB,BB,-,-,-,BB,BB,-,-,-,BB,BB,BB,-,BB,BB,BB,BB,BB,BB,AA,AA,BB,AA,AA,AA,AA,AA,AA,-,AA,AA,AA,AA,AA,AA,AA,AA,-,-,AA,-,AA,BB,BB,-,-,-,AA,AA,BB,-,BB,BB,BB,BB,BB,BB,BB,BB,BB,BB,BB,BB,BB,BB,-,BB,-,AA,BB,BB,BB,BB,AA,AA,AA,-,-,BB,-,-,AA,-,-,BB,AA,-,AA,AA,-,-,-,AA,-,AA,AA,-,AA,AA,AA,AA,AA,-,AA,AA,-,AA,AA,AA,-,-,AA,-,-,AA,AA,AA,AA,-,-,AA,AA,AA,BB,AA,AA,AA,-,AA,-,-,-,AA,-,-,AA,AA,AA,AA,AA,-,AA,AA,AA,-,AA,AA,AA,AA,AA,AA,AA,BB,BB,BB,BB,BB,BB,-,BB,BB,BB,BB,-,AA,BB,BB,AA,-,-,-,BB,BB,BB,BB,BB,BB,BB,BB,AA,-,BB,AA,-,BB,-,BB,BB,BB,BB,-,-,BB,BB,BB,AA,AA,AA,AA,AA,-,AA,AA,AA,-,AA,AA,AA,AA,AA,AA,AA,AA,AA,AA,AA,AA,AA,-,AA,-,AA,AA,AA,AA,-,BB,BB,BB,BB,BB,BB,-,BB,BB,BB,-,-,BB,BB,-,AA,-,-,BB,-,BB,BB,BB,BB,BB,-,-,BB,-,-,BB,-,BB,-,BB,BB,BB,-,-,BB,-,-,-,BB,BB,BB,-,BB,AA,BB,BB,-,AA,-,BB,BB,BB,BB,BB,-,BB,BB,-,BB,BB,BB,-,BB,-,-,-,-,BB,-,BB,BB,BB,-,BB,BB,BB,BB,BB,BB,BB,-,BB,BB,BB,-,BB,-,BB,-,BB,-,-,-,BB,BB,BB,-,BB,-,BB,BB,-,-,BB,-,BB
9,0.7318755,0.70833,45.716044,48.1667,39.0000000000004,39,-1.65786294567236,-,-,BB,BB,-,BB,BB,-,BB,BB,BB,BB,BB,-,-,-,AA,-,AA,-,-,-,-,AA,BB,AA,BB,-,-,-,AA,-,-,-,-,AA,AA,AA,AA,AA,-,AA,-,-,AA,-,AA,-,-,AA,-,AA,-,-,-,-,-,-,AA,BB,-,-,-,-,-,AA,-,AA,AA,AA,-,-,-,-,-,-,-,AA,-,-,-,-,-,-,-,-,AA,AA,AA,-,AA,-,-,-,AA,AA,AA,-,AA,AA,-,AA,AA,-,BB,BB,BB,-,BB,-,BB,-,BB,BB,-,-,-,-,-,-,-,-,-,-,-,-,-,-,-,-,-,BB,-,-,-,-,-,-,BB,-,-,-,-,-,-,-,BB,-,-,BB,-,-,-,-,BB,BB,-,-,-,-,-,BB,BB,-,BB,BB,BB,-,-,-,BB,BB,-,BB,BB,BB,-,BB,-,BB,BB,-,BB,-,BB,BB,BB,AA,AA,AA,-,-,-,-,-,-,-,-,-,-,-,-,-,-,-,-,-,-,AA,-,-,AA,-,-,-,-,AA,AA,-,-,AA,-,-,BB,AA,-,-,-,BB,-,-,-,BB,-,-,-,-,-,-,AA,-,-,AA,-,-,-,-,-,-,-,-,-,-,-,-,-,-,-,-,-,AA,AA,AA,AA,AA,AA,AA,AA,AA,-,-,-,-,-,-,-,-,-,-,-,-,-,-,-,-,AA,AA,-,AA,BB,BB,BB,BB,-,-,BB,-,BB,-,-,BB,BB,-,-,-,BB,-,BB,BB,BB,BB,BB,BB,-,-,-,-,-,BB,-,BB,BB,-,-,-,-,-,-,-,-,-,-,-,-,BB,BB,BB,BB,BB,BB,AA,AA,AA,BB,-,-,-,AA,AA,AA,-,AA,AA,-,-,-,-,-,-,AA,AA,AA,AA,AA,AA,-,-,-,-,-,-,-,-,AA,AA,-,-,-,AA,-,-,-,AA,-,-,-,-,-,-,-,-,-,-,-,-,-,-,-,-,-,-,-,-,-,-,BB,-,-,-,-,-,BB,-,BB,BB,-,-,-,BB,-,BB,BB,BB,BB,-,-,BB,-,-,BB,-,BB,-,-,-,-,-,BB,-,-,-,-,-,BB,BB,-,-,BB,BB,BB
10,1.896717,1.88833,39.943549,39,52.9999999999997,53,0.876918377658209,BB,BB,BB,BB,BB,BB,BB,-,BB,BB,BB,BB,BB,-,-,BB,-,-,AA,AA,-,AA,AA,AA,BB,AA,BB,-,AA,-,-,AA,-,-,AA,AA,AA,AA,AA,AA,AA,AA,-,-,AA,-,AA,AA,-,-,-,BB,BB,-,BB,BB,-,BB,BB,BB,-,-,-,-,BB,BB,-,BB,BB,-,BB,AA,-,-,-,-,BB,BB,BB,BB,-,-,-,-,-,-,BB,BB,BB,BB,BB,-,-,BB,-,BB,-,-,BB,BB,BB,BB,BB,AA,AA,AA,AA,-,AA,-,AA,AA,AA,AA,-,AA,-,AA,-,-,-,-,AA,-,-,-,-,-,-,AA,AA,-,-,AA,AA,-,-,-,BB,AA,-,AA,AA,-,AA,-,-,AA,AA,AA,AA,AA,-,-,AA,AA,AA,-,-,-,AA,AA,AA,AA,AA,AA,AA,-,BB,-,BB,BB,BB,BB,BB,BB,BB,BB,-,BB,BB,-,BB,BB,BB,BB,-,BB,BB,-,BB,-,BB,-,-,BB,BB,-,-,-,BB,-,-,BB,BB,BB,-,-,BB,-,BB,BB,-,-,-,BB,BB,-,BB,-,BB,BB,-,-,BB,-,-,BB,BB,-,-,-,-,BB,-,-,BB,-,-,-,BB,BB,-,BB,BB,-,-,BB,BB,AA,-,AA,BB,AA,-,-,-,AA,AA,-,AA,AA,AA,AA,AA,AA,AA,AA,BB,-,-,-,-,-,-,-,BB,-,BB,-,-,-,-,-,-,BB,BB,-,BB,BB,BB,BB,BB,BB,BB,BB,BB,BB,-,BB,BB,BB,-,-,BB,BB,-,BB,-,AA,AA,AA,AA,AA,-,-,AA,AA,-,AA,-,AA,-,-,BB,-,BB,BB,BB,BB,-,-,-,BB,BB,BB,BB,BB,BB,BB,BB,BB,BB,BB,BB,-,BB,BB,-,BB,-,BB,BB,-,BB,-,-,BB,BB,BB,BB,BB,BB,BB,-,-,BB,-,-,BB,-,-,BB,BB,BB,BB,-,BB,-,BB,BB,-,BB,BB,BB,-,-,BB,BB,BB,-,BB,-,-,-,BB,-,BB,-,BB,-,-,BB,-,-,-,-,AA,AA,AA,AA,AA,AA,AA,AA,-,-,AA,AA,AA,-,AA,AA,-,AA,-,AA,-,-,AA,AA,AA,-,-,-,-,-,AA,-,-,-,-,-,AA,AA,AA,AA,AA,AA,AA
11,1.2785972,1.37333,53.280981,58.7778,21.0000000000002,21,-0.517625245832955,BB,BB,BB,BB,-,AA,AA,-,AA,AA,AA,AA,AA,-,-,-,-,BB,AA,-,BB,-,-,BB,AA,BB,AA,-,AA,-,-,-,-,AA,-,AA,AA,AA,AA,AA,-,AA,AA,-,AA,-,AA,AA,-,AA,-,AA,AA,-,AA,-,-,AA,AA,AA,AA,AA,-,-,-,AA,-,-,AA,AA,-,-,-,AA,AA,-,AA,AA,AA,-,-,-,-,-,-,-,AA,AA,AA,-,AA,AA,AA,AA,-,-,-,-,AA,AA,AA,AA,AA,BB,BB,BB,BB,BB,BB,-,AA,BB,BB,BB,-,-,-,BB,-,BB,-,AA,-,BB,BB,-,BB,-,BB,BB,-,-,-,-,BB,BB,BB,-,AA,AA,-,-,-,AA,AA,-,-,-,-,AA,-,-,-,-,AA,AA,-,-,-,-,AA,AA,AA,AA,AA,AA,AA,-,-,-,AA,AA,AA,AA,AA,AA,-,AA,-,-,AA,-,AA,BB,BB,BB,BB,BB,BB,-,BB,BB,-,-,BB,-,-,BB,-,BB,-,-,-,BB,BB,BB,BB,BB,BB,BB,BB,BB,BB,BB,-,BB,BB,-,-,-,BB,-,BB,BB,BB,-,-,BB,BB,-,-,-,-,AA,AA,AA,AA,AA,AA,AA,AA,AA,-,-,-,AA,-,AA,AA,-,-,-,AA,AA,-,-,-,-,AA,AA,AA,AA,AA,AA,AA,BB,BB,BB,BB,-,-,-,-,-,-,BB,-,AA,-,AA,-,-,-,AA,-,AA,AA,-,AA,AA,AA,AA,AA,AA,AA,AA,-,-,-,AA,AA,AA,-,-,-,BB,-,AA,AA,AA,AA,AA,AA,-,-,-,AA,-,-,AA,-,AA,AA,-,-,-,-,-,-,-,-,AA,AA,-,-,AA,AA,AA,AA,AA,AA,AA,AA,AA,AA,-,-,AA,-,AA,AA,AA,AA,AA,AA,-,-,-,-,BB,BB,BB,BB,BB,BB,-,-,BB,-,-,-,BB,-,BB,BB,BB,-,BB,BB,BB,-,-,BB,BB,BB,BB,BB,BB,-,BB,-,AA,-,-,BB,-,-,BB,-,BB,-,-,BB,-,BB,-,BB,-,BB,BB,BB,BB,-,BB,BB,-,-,-,BB,BB,-,-,AA,-,-,AA,AA,AA,AA,AA,-,-,-,AA,-,AA,-,-,-,-,-,-,-,BB,BB,-,-,BB,BB,BB
12,1.4709989,1.555,44.852964,50.3889,19.9999999999997,20,-0.0851358465390817,AA,-,AA,AA,-,AA,AA,AA,AA,AA,AA,AA,AA,-,-,-,-,AA,AA,-,-,AA,-,AA,AA,AA,AA,-,-,-,-,-,-,AA,-,AA,AA,AA,AA,AA,-,AA,-,-,AA,-,AA,-,-,AA,-,AA,-,-,-,-,-,-,AA,AA,-,-,AA,-,-,AA,-,-,AA,AA,-,-,-,-,-,-,-,AA,-,-,AA,-,-,-,-,AA,AA,AA,AA,-,AA,-,AA,-,-,-,-,-,AA,AA,AA,AA,AA,-,BB,BB,BB,-,BB,-,BB,BB,BB,BB,-,-,-,BB,BB,BB,-,-,-,BB,-,-,-,-,-,-,-,-,-,-,-,-,-,-,BB,BB,-,-,-,-,-,-,-,-,-,BB,-,-,-,-,BB,-,BB,-,-,-,BB,BB,BB,-,BB,BB,BB,-,BB,-,BB,BB,BB,BB,BB,BB,BB,BB,BB,BB,BB,-,BB,AA,BB,BB,AA,AA,AA,-,-,AA,-,AA,-,-,-,AA,-,-,AA,-,-,-,-,-,-,-,AA,-,-,AA,-,-,-,-,AA,AA,AA,AA,AA,-,-,AA,AA,-,AA,-,AA,-,-,-,-,-,AA,-,AA,BB,AA,-,-,AA,-,-,-,-,-,-,AA,-,-,-,AA,AA,-,-,-,-,AA,-,AA,AA,AA,AA,AA,AA,AA,BB,BB,AA,-,-,-,-,-,-,BB,-,BB,-,-,-,-,-,-,BB,BB,BB,BB,BB,BB,BB,BB,BB,-,BB,-,-,BB,BB,BB,BB,-,-,BB,BB,BB,BB,BB,BB,BB,BB,BB,-,-,-,BB,BB,-,BB,BB,BB,-,-,-,BB,-,-,-,BB,-,BB,-,-,-,BB,BB,BB,BB,BB,BB,BB,BB,BB,BB,BB,-,BB,BB,-,BB,BB,BB,BB,-,-,-,BB,-,BB,BB,BB,BB,BB,-,-,-,-,-,BB,-,BB,-,BB,BB,BB,BB,-,-,-,-,-,BB,-,BB,-,-,-,-,-,-,BB,-,-,-,-,BB,BB,BB,-,-,BB,-,-,BB,BB,BB,-,-,-,-,BB,BB,BB,BB,-,-,-,BB,-,BB,AA,AA,AA,-,AA,AA,AA,AA,AA,AA,AA,-,-,-,-,-,AA,-,-,-,-,AA,AA,AA,-,-,AA,AA,AA
13,1.3682041,1.45833,41.843139,45.6667,26.5000000000005,26.5,-0.311839843763077,-,-,BB,BB,-,-,-,-,AA,AA,AA,BB,AA,-,AA,-,-,-,AA,-,-,-,-,BB,BB,BB,BB,-,-,-,-,-,-,-,-,AA,BB,BB,BB,BB,-,AA,-,-,-,-,BB,-,-,BB,-,-,-,-,-,-,-,-,BB,BB,-,BB,BB,-,BB,BB,-,-,BB,BB,-,-,-,-,-,BB,BB,BB,-,-,-,-,-,-,-,-,BB,BB,BB,-,BB,BB,-,-,-,-,-,-,BB,BB,BB,BB,BB,-,BB,BB,BB,-,BB,-,AA,BB,BB,BB,-,BB,-,-,-,BB,-,-,-,-,-,-,-,-,-,-,BB,-,-,-,-,-,-,BB,BB,BB,AA,-,-,-,-,-,AA,AA,-,-,AA,-,-,-,-,-,-,-,AA,AA,AA,AA,AA,AA,AA,AA,-,-,-,-,BB,BB,BB,BB,BB,BB,BB,BB,-,BB,BB,-,BB,AA,AA,AA,-,AA,AA,-,-,-,-,-,AA,-,-,AA,-,-,-,-,-,-,AA,-,AA,-,AA,-,-,BB,-,-,-,-,AA,-,-,BB,BB,BB,-,-,BB,-,-,-,BB,BB,-,-,-,-,-,-,BB,-,-,-,-,-,-,-,-,-,-,-,-,-,-,-,-,-,-,-,-,-,-,-,BB,BB,BB,BB,AA,BB,BB,BB,BB,BB,-,-,-,-,BB,-,-,BB,-,-,-,-,BB,-,AA,BB,BB,-,AA,AA,AA,BB,AA,-,-,AA,-,-,AA,-,BB,BB,-,-,-,AA,-,BB,BB,BB,BB,AA,AA,-,-,-,AA,-,AA,-,-,AA,-,-,AA,-,AA,-,AA,-,-,-,-,-,-,BB,BB,AA,AA,AA,AA,AA,AA,AA,AA,-,-,AA,-,-,AA,AA,AA,-,-,-,AA,-,-,AA,AA,AA,AA,AA,-,-,-,AA,-,-,-,-,-,AA,AA,AA,-,-,-,-,-,-,AA,-,AA,-,AA,-,-,-,-,-,-,-,AA,-,-,-,AA,AA,AA,-,-,AA,AA,-,-,-,BB,BB,-,BB,-,BB,BB,-,-,-,AA,-,-,AA,AA,BB,BB,-,AA,AA,-,AA,-,AA,-,-,-,-,-,-,-,-,-,AA,-,AA,AA,-,AA,AA,AA,AA
14,1.9345401,2,41.270089,44.8333,24.5000000000001,24.5,1.82602425981251,BB,-,BB,BB,BB,-,BB,-,BB,BB,BB,BB,BB,-,-,-,-,-,BB,BB,-,BB,BB,BB,BB,BB,BB,-,-,-,-,BB,BB,-,-,BB,BB,BB,BB,BB,-,BB,-,BB,-,BB,BB,BB,-,BB,-,BB,BB,-,BB,-,-,-,BB,BB,BB,-,-,-,BB,BB,-,-,BB,-,-,-,-,-,-,-,BB,BB,-,-,BB,-,-,-,-,BB,BB,BB,BB,-,BB,-,-,-,BB,-,-,-,BB,BB,BB,BB,BB,-,AA,AA,AA,-,AA,-,AA,AA,AA,AA,-,-,-,AA,-,AA,AA,-,-,-,-,-,-,-,-,-,-,-,-,-,-,-,AA,-,AA,AA,-,-,-,-,AA,AA,-,-,-,AA,-,-,-,AA,-,-,AA,-,-,AA,AA,AA,AA,-,AA,AA,BB,-,-,BB,BB,BB,BB,BB,BB,BB,-,BB,-,-,BB,-,BB,-,-,-,-,AA,AA,-,AA,-,AA,BB,BB,BB,-,-,BB,-,-,-,-,BB,-,BB,-,-,BB,BB,-,BB,-,BB,BB,BB,BB,-,BB,-,BB,-,BB,-,BB,-,-,-,BB,BB,-,-,-,BB,-,-,BB,-,-,-,BB,-,-,-,-,-,BB,BB,BB,-,-,-,AA,-,AA,AA,-,-,-,-,BB,AA,AA,AA,AA,BB,BB,BB,BB,-,BB,BB,-,BB,BB,BB,-,-,BB,-,-,-,-,-,-,BB,BB,-,BB,BB,BB,BB,BB,-,-,BB,BB,-,-,BB,BB,BB,-,BB,-,BB,-,BB,BB,BB,BB,BB,BB,BB,-,-,BB,BB,BB,-,BB,BB,-,BB,BB,-,-,-,-,BB,-,-,-,-,BB,BB,BB,BB,-,AA,AA,AA,AA,AA,-,-,-,AA,-,-,AA,AA,AA,-,-,-,AA,-,-,AA,AA,AA,AA,AA,-,-,-,-,AA,-,-,-,BB,AA,AA,AA,-,AA,-,-,-,-,AA,-,-,AA,-,-,-,AA,-,-,-,AA,AA,-,-,AA,-,-,AA,-,-,-,AA,-,AA,-,AA,AA,-,AA,-,AA,AA,AA,-,-,AA,AA,-,AA,AA,-,-,-,AA,-,-,AA,-,AA,AA,AA,-,-,AA,-,-,-,-,-,AA,AA,AA,-,BB,AA,BB,AA
15,1.1902611,1.165,36.849542,37.6667,41.0000000000001,41,-0.834268330869748,BB,-,BB,BB,-,-,BB,BB,BB,BB,BB,BB,BB,BB,BB,-,BB,-,BB,BB,-,-,-,BB,BB,BB,BB,-,-,-,BB,BB,BB,BB,BB,BB,BB,BB,BB,BB,BB,BB,BB,BB,-,BB,BB,BB,-,-,-,BB,BB,BB,-,-,BB,-,BB,BB,-,BB,BB,-,BB,BB,-,BB,BB,BB,BB,-,AA,-,AA,AA,AA,AA,AA,-,-,-,AA,-,AA,AA,AA,AA,AA,-,AA,AA,AA,AA,-,AA,-,-,AA,AA,AA,AA,AA,BB,BB,BB,AA,AA,AA,AA,AA,AA,AA,AA,-,AA,AA,AA,-,-,AA,AA,-,-,-,-,AA,-,-,-,AA,AA,AA,-,AA,AA,AA,AA,AA,AA,-,AA,AA,AA,BB,-,-,BB,-,BB,BB,BB,BB,-,BB,BB,-,BB,BB,-,BB,BB,BB,BB,BB,BB,BB,BB,BB,BB,BB,BB,BB,BB,BB,BB,-,BB,BB,-,BB,-,BB,AA,AA,AA,AA,AA,AA,-,AA,-,AA,-,-,-,AA,AA,-,AA,AA,AA,AA,AA,-,AA,-,AA,AA,AA,-,AA,-,-,AA,BB,AA,AA,AA,-,AA,AA,AA,AA,AA,-,BB,-,BB,BB,-,-,BB,-,BB,AA,AA,BB,BB,-,BB,BB,BB,BB,BB,BB,-,BB,-,-,BB,-,BB,-,-,-,BB,-,-,-,BB,BB,BB,BB,BB,AA,AA,AA,AA,-,-,-,-,-,-,AA,AA,AA,AA,AA,AA,AA,-,AA,AA,AA,AA,-,AA,AA,BB,AA,BB,AA,BB,BB,-,BB,-,-,BB,BB,BB,-,BB,BB,BB,BB,BB,BB,BB,BB,BB,BB,-,BB,BB,BB,-,-,BB,BB,-,BB,-,BB,BB,BB,-,-,BB,BB,-,-,AA,BB,BB,BB,AA,AA,AA,AA,AA,AA,AA,AA,-,-,-,AA,-,AA,AA,-,-,AA,-,AA,-,AA,AA,AA,AA,AA,AA,AA,-,AA,AA,AA,-,AA,AA,AA,AA,AA,AA,AA,AA,-,AA,AA,AA,AA,AA,-,AA,AA,AA,AA,AA,AA,AA,-,AA,AA,AA,AA,-,AA,-,-,-,AA,AA,AA,AA,AA,AA,AA,AA,AA,AA,AA,AA,-,-,AA,AA,AA,AA,AA,AA,-,AA,AA,AA,AA,-,AA,AA,AA,-,-,AA,-,AA,AA,-,AA,AA,-,-,AA,AA,-,-,AA,AA,AA
16,0.9847548,1.015,44.073977,44.8333,39.5000000000001,39.5,-0.997371806961887,-,-,AA,AA,-,-,AA,-,AA,AA,AA,AA,AA,-,-,-,-,-,AA,-,-,-,-,AA,AA,AA,AA,-,-,-,-,-,-,-,-,AA,AA,AA,AA,AA,-,AA,-,-,-,-,AA,-,-,AA,-,-,-,-,-,-,-,-,AA,AA,-,-,-,-,-,AA,-,-,AA,-,-,-,-,-,-,-,-,AA,-,-,-,-,-,-,-,-,AA,AA,BB,-,BB,-,-,-,-,-,-,-,BB,BB,-,BB,BB,-,BB,BB,BB,-,BB,-,BB,BB,BB,BB,-,-,-,-,-,-,-,-,-,-,-,-,-,-,-,-,-,-,-,-,-,-,-,-,BB,BB,-,-,-,-,-,-,-,-,-,BB,-,-,-,-,BB,-,-,-,-,-,BB,BB,BB,-,BB,BB,BB,-,-,-,BB,BB,BB,BB,BB,BB,-,BB,-,-,BB,-,BB,AA,AA,AA,-,AA,AA,-,-,-,-,-,-,-,-,-,-,-,-,-,-,-,-,-,-,-,AA,-,-,AA,-,-,-,-,AA,-,-,-,AA,-,-,-,AA,-,-,-,AA,-,-,-,-,-,-,-,-,-,-,-,-,-,-,-,-,-,-,-,-,-,-,-,-,-,-,-,-,-,-,-,BB,BB,BB,BB,BB,AA,AA,AA,AA,-,-,-,-,-,-,-,-,-,-,-,-,-,-,-,-,AA,AA,-,AA,AA,AA,AA,AA,-,-,AA,-,-,-,-,AA,AA,-,-,-,AA,-,AA,AA,AA,AA,AA,AA,-,-,-,AA,-,-,-,-,AA,-,-,-,-,-,-,-,-,-,-,-,-,-,AA,AA,AA,AA,AA,AA,AA,AA,AA,-,-,-,AA,-,-,-,AA,AA,-,-,-,-,-,-,AA,AA,AA,AA,AA,-,-,-,-,-,-,-,-,-,AA,AA,AA,-,-,-,-,-,-,AA,-,-,-,-,-,-,-,-,-,-,-,-,-,-,-,-,-,-,-,-,-,AA,-,-,-,-,-,-,AA,-,AA,AA,-,-,-,AA,-,-,AA,AA,-,-,-,AA,-,-,AA,-,AA,-,-,-,-,-,-,-,-,-,-,-,AA,AA,-,-,AA,AA,AA
17,1.8696411,1.89,55.183111,55,47.5,47.5,0.967421566101701,-,AA,AA,BB,BB,BB,BB,BB,BB,BB,BB,BB,AA,BB,-,-,AA,-,AA,AA,AA,AA,AA,AA,AA,AA,AA,AA,-,-,-,AA,AA,-,-,AA,AA,AA,AA,AA,AA,AA,AA,AA,-,AA,AA,BB,-,AA,AA,-,AA,AA,AA,-,AA,AA,AA,AA,-,AA,AA,AA,AA,AA,-,AA,AA,AA,-,AA,AA,-,AA,-,AA,AA,AA,AA,AA,AA,AA,AA,AA,AA,AA,AA,AA,-,AA,AA,AA,BB,BB,BB,BB,-,BB,BB,AA,BB,BB,BB,BB,BB,BB,BB,BB,BB,BB,AA,AA,AA,AA,AA,AA,AA,AA,AA,AA,AA,-,AA,BB,AA,BB,-,BB,-,BB,-,BB,BB,BB,BB,-,BB,BB,BB,BB,BB,BB,BB,-,BB,BB,BB,BB,BB,-,-,-,AA,AA,AA,-,AA,-,AA,-,AA,AA,AA,-,AA,AA,AA,AA,AA,AA,AA,-,AA,AA,AA,-,AA,AA,-,AA,-,AA,AA,AA,AA,AA,AA,AA,-,AA,-,AA,AA,AA,AA,AA,AA,AA,-,AA,AA,-,-,AA,AA,AA,-,AA,AA,AA,AA,AA,AA,AA,-,AA,-,AA,AA,AA,-,-,AA,AA,AA,AA,AA,AA,AA,-,AA,AA,AA,-,AA,AA,AA,AA,AA,-,AA,AA,AA,-,AA,AA,AA,AA,-,AA,-,AA,AA,AA,AA,AA,AA,AA,AA,AA,AA,AA,AA,AA,AA,AA,AA,AA,AA,AA,AA,-,AA,AA,-,AA,AA,-,-,AA,AA,-,AA,AA,-,-,-,AA,AA,AA,AA,AA,-,AA,AA,AA,AA,AA,AA,AA,AA,AA,AA,-,AA,AA,AA,AA,AA,AA,AA,AA,AA,-,AA,-,-,AA,AA,AA,AA,AA,AA,AA,AA,AA,BB,BB,BB,BB,BB,BB,BB,BB,-,BB,BB,BB,BB,BB,BB,BB,BB,BB,BB,BB,BB,BB,BB,-,BB,BB,BB,-,-,BB,BB,BB,BB,BB,BB,BB,BB,BB,BB,-,-,BB,BB,BB,BB,BB,BB,BB,BB,BB,BB,-,BB,-,-,BB,BB,BB,-,-,BB,BB,BB,BB,-,-,BB,BB,-,-,BB,BB,BB,-,BB,BB,-,BB,-,-,-,BB,BB,BB,BB,BB,BB,BB,BB,-,BB,BB,BB,BB,BB,BB,BB,-,-,BB,BB,BB,BB,BB,BB,BB,BB,BB,-,BB,BB,-,-,BB,BB,BB,BB,BB,-,-,BB,BB,BB
18,1.5859228,1.63833,46.422193,51,24.5000000000006,24.5,0.118584280558254,BB,BB,BB,BB,BB,-,BB,BB,BB,BB,BB,BB,BB,BB,BB,BB,BB,AA,BB,BB,BB,-,BB,BB,BB,BB,BB,BB,-,-,BB,-,BB,-,BB,BB,BB,BB,BB,BB,BB,BB,-,BB,BB,BB,BB,BB,BB,BB,BB,BB,BB,BB,BB,-,BB,BB,BB,BB,AA,AA,AA,-,AA,AA,AA,AA,AA,-,-,AA,AA,AA,AA,-,AA,AA,AA,AA,AA,AA,AA,AA,AA,AA,AA,AA,AA,AA,AA,BB,BB,BB,BB,BB,BB,BB,BB,BB,BB,BB,BB,BB,BB,BB,BB,BB,BB,BB,BB,BB,BB,BB,AA,BB,-,BB,BB,-,BB,BB,BB,-,-,BB,BB,BB,-,BB,BB,-,BB,BB,-,AA,AA,AA,-,AA,AA,AA,AA,AA,AA,AA,AA,AA,AA,AA,AA,-,-,AA,AA,AA,AA,AA,-,AA,AA,AA,AA,AA,AA,AA,AA,AA,AA,AA,AA,AA,AA,AA,AA,AA,AA,AA,AA,AA,AA,AA,AA,AA,-,-,AA,AA,AA,-,-,AA,AA,AA,BB,AA,AA,AA,AA,AA,BB,AA,AA,AA,-,AA,-,AA,AA,AA,AA,AA,-,AA,AA,AA,AA,AA,AA,AA,AA,AA,-,-,AA,AA,AA,AA,AA,AA,AA,-,AA,AA,-,BB,BB,-,-,BB,BB,-,BB,BB,-,BB,BB,BB,BB,BB,BB,BB,-,BB,BB,BB,BB,BB,BB,BB,BB,BB,BB,BB,BB,BB,BB,BB,BB,BB,BB,BB,BB,BB,BB,-,BB,BB,BB,BB,BB,BB,BB,BB,BB,BB,BB,BB,BB,BB,BB,BB,BB,BB,BB,BB,BB,BB,BB,-,BB,BB,BB,-,-,BB,BB,BB,BB,BB,BB,BB,BB,BB,BB,BB,BB,-,BB,BB,BB,BB,BB,BB,-,BB,BB,-,-,BB,-,BB,BB,BB,BB,BB,BB,BB,BB,BB,BB,BB,BB,BB,-,BB,-,BB,BB,BB,BB,BB,BB,BB,BB,BB,BB,BB,-,BB,BB,BB,BB,BB,BB,BB,BB,BB,BB,-,BB,BB,BB,BB,BB,BB,-,-,BB,BB,BB,BB,BB,BB,BB,-,BB,AA,AA,AA,AA,AA,AA,BB,AA,AA,AA,AA,-,AA,-,AA,AA,-,AA,BB,-,AA,AA,-,-,AA,BB,BB,BB,BB,BB,BB,BB,-,BB,BB,BB,BB,BB,BB,BB,BB,BB,BB,BB,BB,BB,BB,BB,BB,BB,BB,BB,BB,BB,BB,BB,BB,BB,BB,BB,BB,BB,BB
19,1.5035316,1.5,41.024015,43,47.0000000000004,47,-0.182159918419296,BB,BB,BB,BB,BB,BB,BB,-,BB,BB,BB,BB,BB,-,BB,BB,BB,BB,BB,-,-,-,BB,BB,BB,BB,BB,-,-,BB,-,-,-,AA,AA,AA,AA,BB,BB,BB,BB,BB,-,-,AA,AA,AA,AA,AA,AA,-,AA,AA,-,-,AA,-,AA,AA,AA,-,AA,AA,-,-,BB,-,-,AA,-,-,AA,AA,AA,-,-,-,AA,BB,BB,-,BB,BB,BB,BB,BB,BB,BB,BB,BB,BB,BB,-,BB,-,BB,BB,BB,BB,BB,AA,BB,AA,-,AA,AA,AA,AA,AA,AA,AA,AA,AA,AA,AA,AA,-,AA,-,-,-,-,-,AA,-,AA,-,-,-,-,-,-,-,AA,AA,AA,AA,-,AA,AA,AA,-,AA,-,AA,-,AA,AA,-,AA,-,AA,-,AA,AA,AA,-,AA,-,AA,AA,AA,AA,AA,AA,AA,AA,BB,BB,-,BB,BB,BB,BB,-,BB,BB,BB,BB,BB,BB,BB,BB,AA,AA,AA,AA,AA,AA,-,-,-,-,-,-,BB,BB,-,BB,-,-,BB,BB,BB,-,BB,BB,BB,BB,-,BB,BB,BB,-,BB,BB,BB,-,BB,BB,BB,BB,BB,-,BB,BB,-,-,-,AA,BB,BB,-,-,-,-,BB,BB,BB,BB,-,BB,-,-,BB,BB,BB,-,-,-,BB,BB,-,BB,BB,BB,BB,BB,-,BB,BB,BB,BB,BB,BB,AA,AA,AA,AA,AA,AA,AA,-,AA,-,AA,AA,AA,-,-,-,-,-,AA,BB,AA,AA,-,BB,BB,BB,BB,BB,-,BB,BB,-,-,-,-,BB,BB,BB,BB,BB,BB,BB,BB,BB,BB,BB,BB,BB,-,-,BB,AA,-,BB,BB,BB,BB,-,-,BB,BB,BB,-,BB,BB,BB,BB,-,BB,-,BB,BB,BB,BB,BB,AA,AA,AA,AA,-,AA,-,-,AA,-,AA,AA,AA,-,AA,AA,AA,AA,-,AA,AA,AA,AA,AA,AA,-,AA,AA,-,AA,AA,-,AA,BB,-,BB,-,-,-,BB,BB,-,BB,BB,BB,-,-,AA,BB,BB,BB,BB,BB,BB,-,-,-,BB,BB,BB,-,-,BB,-,BB,BB,BB,-,BB,BB,-,BB,-,BB,BB,-,BB,BB,BB,-,BB,BB,BB,BB,BB,BB,BB,BB,BB,BB,BB,BB,BB,BB,-,BB,BB,BB,BB,BB,BB,BB,-,BB,BB,BB,BB,BB,BB,BB
20,1.7890489,1.86167,47.332058,52.4583,21.5,21.5,0.834268330869748,-,-,AA,AA,-,-,AA,-,AA,AA,AA,AA,AA,-,AA,-,-,-,BB,-,-,-,-,BB,AA,AA,AA,-,-,BB,-,-,-,-,AA,AA,AA,AA,AA,AA,-,AA,AA,-,AA,-,AA,-,-,AA,-,AA,AA,-,-,-,-,AA,AA,AA,AA,-,-,-,AA,-,-,-,AA,-,-,AA,-,-,-,-,-,AA,-,-,-,-,-,-,-,-,BB,BB,BB,-,AA,-,-,BB,BB,-,-,-,BB,BB,-,BB,-,-,AA,AA,AA,AA,AA,AA,BB,BB,BB,BB,BB,-,-,-,-,BB,BB,-,-,-,-,-,-,-,AA,-,-,-,-,AA,-,-,-,AA,AA,-,-,AA,AA,AA,-,-,AA,AA,AA,AA,AA,AA,-,-,AA,-,-,AA,-,-,-,AA,AA,AA,AA,AA,AA,-,-,-,-,AA,AA,AA,-,AA,-,AA,AA,-,AA,AA,AA,-,-,AA,AA,AA,AA,-,-,AA,-,-,-,-,AA,AA,-,-,-,-,-,-,AA,-,-,-,AA,-,-,AA,-,-,AA,AA,BB,AA,-,-,BB,BB,BB,-,BB,-,-,-,BB,-,-,-,BB,-,-,-,-,BB,-,-,BB,-,-,-,-,-,-,-,BB,BB,-,BB,-,-,-,-,-,-,-,BB,BB,BB,BB,-,BB,AA,BB,BB,BB,-,-,-,-,BB,-,BB,-,-,BB,-,-,-,-,-,-,BB,-,-,BB,BB,BB,BB,BB,-,-,-,AA,AA,-,AA,AA,AA,-,-,-,AA,AA,AA,AA,AA,AA,AA,AA,-,AA,-,-,-,AA,AA,-,AA,-,AA,AA,-,-,-,-,AA,AA,-,-,-,BB,BB,BB,BB,BB,-,BB,BB,BB,BB,-,-,BB,BB,-,-,BB,-,AA,-,-,-,AA,AA,-,AA,-,-,-,AA,-,-,-,-,-,-,AA,-,-,AA,AA,-,AA,AA,-,AA,-,AA,AA,AA,-,AA,AA,AA,-,-,AA,-,-,-,-,-,-,-,-,-,-,-,-,AA,-,BB,-,-,BB,BB,-,AA,-,AA,AA,-,-,AA,AA,-,-,AA,AA,-,-,-,AA,-,BB,BB,BB,BB,-,-,BB,BB,-,-,-,-,-,-,-,BB,BB,-,-,BB,BB,BB
21,0.7344925,0.805,46.323507,49.8333,25.5,25.5,-1.36870519610166,-,-,BB,BB,BB,AA,-,AA,AA,AA,AA,AA,AA,AA,AA,AA,AA,AA,AA,-,-,AA,-,AA,AA,AA,AA,AA,AA,AA,-,AA,AA,AA,AA,AA,AA,AA,AA,AA,AA,AA,AA,-,AA,-,AA,BB,-,AA,AA,AA,AA,-,AA,-,AA,AA,AA,AA,AA,AA,AA,AA,AA,BB,AA,AA,AA,AA,AA,-,AA,BB,AA,BB,-,BB,AA,AA,AA,AA,AA,-,AA,AA,AA,AA,AA,AA,AA,AA,AA,AA,AA,AA,-,AA,AA,AA,AA,AA,AA,BB,BB,BB,AA,AA,AA,-,AA,AA,AA,AA,AA,AA,AA,AA,AA,AA,AA,AA,AA,AA,AA,AA,AA,AA,AA,AA,AA,-,AA,AA,AA,AA,AA,AA,-,AA,-,AA,AA,AA,AA,AA,AA,AA,AA,AA,AA,AA,AA,-,AA,AA,AA,AA,AA,-,AA,AA,AA,AA,AA,AA,AA,AA,AA,AA,BB,AA,AA,AA,-,AA,-,AA,AA,AA,AA,AA,AA,AA,AA,AA,AA,AA,AA,AA,-,AA,AA,AA,AA,-,AA,AA,-,AA,AA,AA,AA,AA,AA,AA,AA,-,AA,-,AA,AA,AA,AA,AA,AA,BB,AA,AA,AA,AA,AA,-,AA,AA,AA,AA,BB,BB,BB,BB,BB,BB,-,BB,BB,BB,BB,-,-,-,BB,-,AA,-,AA,AA,BB,-,-,BB,BB,BB,BB,BB,BB,-,BB,BB,BB,BB,BB,BB,BB,BB,AA,BB,BB,BB,BB,BB,BB,BB,BB,BB,-,-,BB,BB,BB,BB,BB,BB,BB,BB,BB,BB,BB,AA,AA,AA,AA,AA,AA,AA,BB,AA,AA,AA,AA,AA,AA,AA,AA,-,AA,AA,AA,AA,AA,AA,AA,AA,AA,AA,AA,AA,-,AA,AA,AA,AA,AA,-,-,AA,AA,-,AA,AA,AA,-,-,-,AA,AA,AA,AA,AA,BB,AA,AA,AA,AA,-,AA,AA,-,AA,AA,AA,AA,AA,AA,AA,AA,AA,AA,AA,AA,AA,AA,AA,AA,AA,AA,-,AA,-,AA,-,-,AA,AA,AA,AA,AA,AA,AA,AA,AA,AA,AA,AA,AA,AA,AA,AA,AA,AA,AA,AA,-,AA,AA,AA,AA,AA,AA,AA,-,AA,AA,AA,AA,AA,AA,-,AA,AA,AA,AA,AA,AA,AA,AA,AA,-,AA,AA,AA,AA,AA,AA,AA,AA,AA,-,AA,AA,AA,AA,-,AA,AA,AA,AA,AA,-,AA,AA,AA,AA,AA,AA,AA,AA,AA,AA,AA
22,0.6485573,0.73667,46.77552,51.1111,22.0000000000001,22,-1.53863345924602,-,-,BB,BB,BB,BB,BB,BB,BB,BB,BB,BB,BB,BB,BB,BB,-,BB,BB,BB,BB,-,BB,BB,BB,BB,BB,BB,-,BB,-,BB,-,BB,BB,BB,BB,BB,BB,BB,BB,BB,BB,-,-,BB,BB,BB,BB,BB,-,BB,-,BB,-,BB,-,-,BB,BB,BB,AA,-,-,BB,-,AA,-,AA,AA,-,-,AA,AA,AA,-,AA,AA,AA,AA,-,AA,AA,AA,AA,-,AA,AA,AA,-,AA,AA,AA,AA,-,AA,-,-,AA,AA,-,AA,-,-,AA,AA,AA,AA,AA,-,AA,AA,AA,AA,AA,-,-,AA,-,AA,AA,AA,-,AA,AA,-,AA,AA,AA,AA,AA,-,AA,-,AA,-,AA,-,AA,-,AA,AA,AA,AA,-,-,AA,AA,AA,AA,-,-,AA,AA,AA,AA,AA,AA,-,AA,AA,AA,AA,-,AA,AA,AA,-,-,-,-,AA,AA,AA,AA,AA,AA,AA,AA,AA,AA,-,AA,AA,AA,AA,AA,AA,AA,AA,-,AA,AA,AA,AA,AA,AA,-,AA,AA,AA,-,AA,AA,-,-,AA,AA,AA,-,AA,AA,AA,AA,-,-,AA,-,AA,AA,AA,AA,-,AA,AA,AA,AA,AA,BB,-,BB,-,-,BB,BB,BB,BB,BB,-,-,BB,BB,BB,BB,-,-,-,-,BB,-,-,BB,BB,-,BB,-,-,-,-,BB,BB,BB,BB,-,BB,BB,BB,BB,BB,BB,-,BB,BB,-,BB,BB,BB,BB,BB,BB,BB,-,-,BB,-,BB,BB,AA,AA,AA,AA,AA,AA,-,-,-,-,-,-,AA,AA,AA,AA,AA,AA,AA,AA,AA,AA,AA,AA,AA,AA,-,AA,AA,AA,AA,-,AA,-,AA,AA,-,AA,-,AA,-,AA,AA,AA,-,-,-,-,AA,-,AA,AA,-,AA,AA,AA,AA,AA,AA,AA,AA,-,-,AA,AA,AA,-,AA,AA,-,AA,-,AA,AA,AA,AA,AA,AA,AA,AA,-,-,AA,AA,AA,AA,AA,AA,AA,AA,AA,AA,-,-,AA,AA,-,AA,-,AA,-,AA,AA,-,AA,-,-,AA,AA,-,AA,AA,-,AA,AA,AA,AA,AA,AA,AA,-,-,-,AA,AA,-,AA,AA,-,-,-,AA,-,AA,AA,AA,-,AA,AA,AA,-,AA,AA,AA,AA,-,-,AA,AA,-,-,AA,AA,-,AA,-,AA,AA,-,AA,AA,AA,AA
23,1.437934,1.485,43.510026,47.8333,29.0000000000003,29,-0.238866065783992,AA,AA,AA,AA,AA,-,AA,-,AA,AA,AA,AA,AA,-,AA,-,AA,AA,AA,-,AA,-,AA,AA,AA,AA,AA,-,AA,AA,-,-,AA,AA,AA,AA,AA,AA,AA,AA,AA,AA,AA,-,-,-,AA,AA,AA,AA,-,AA,AA,AA,AA,AA,-,-,AA,AA,-,-,BB,BB,BB,BB,-,BB,BB,BB,BB,-,BB,BB,BB,BB,BB,BB,BB,-,-,-,-,BB,-,BB,BB,BB,BB,BB,BB,-,-,-,-,-,-,BB,BB,BB,-,BB,AA,-,AA,AA,AA,AA,AA,AA,AA,AA,AA,AA,-,AA,-,AA,AA,-,AA,AA,-,AA,AA,-,AA,AA,AA,AA,BB,-,AA,-,-,AA,AA,AA,AA,AA,-,AA,AA,-,AA,AA,AA,AA,AA,AA,AA,AA,AA,-,AA,-,AA,AA,AA,-,AA,AA,AA,AA,AA,AA,AA,AA,AA,-,BB,AA,AA,AA,-,AA,AA,BB,-,BB,BB,-,BB,AA,AA,BB,BB,BB,BB,BB,BB,BB,BB,BB,-,BB,-,-,-,BB,-,-,BB,BB,BB,-,BB,-,BB,BB,-,BB,BB,BB,BB,BB,BB,-,-,BB,BB,BB,BB,BB,BB,-,-,-,BB,BB,-,-,BB,BB,BB,BB,-,BB,BB,BB,BB,BB,-,BB,BB,-,BB,BB,-,BB,BB,-,-,BB,BB,BB,BB,BB,BB,-,BB,BB,BB,BB,BB,AA,BB,BB,AA,-,BB,AA,AA,-,AA,AA,AA,AA,AA,AA,AA,AA,AA,AA,-,AA,AA,-,AA,AA,AA,AA,AA,-,AA,BB,AA,-,-,AA,AA,AA,AA,AA,-,AA,AA,AA,AA,AA,AA,AA,AA,AA,-,AA,AA,AA,-,AA,-,AA,-,AA,AA,-,AA,AA,-,AA,AA,AA,-,-,AA,AA,AA,AA,AA,BB,BB,BB,BB,BB,BB,-,BB,AA,BB,BB,AA,AA,AA,-,AA,-,AA,-,AA,AA,AA,AA,AA,AA,AA,AA,-,-,-,AA,AA,AA,-,AA,AA,AA,AA,AA,-,AA,-,-,AA,AA,-,AA,BB,-,-,-,BB,AA,BB,-,BB,AA,-,AA,AA,-,-,AA,-,AA,AA,AA,-,AA,-,-,AA,AA,-,AA,AA,AA,-,AA,AA,-,AA,AA,AA,AA,AA,AA,AA,AA,AA,AA,-,AA,-,AA,-,AA,-,AA,-,AA,-,AA,-,AA,AA,-,AA,AA,AA,AA
24,1.8180951,1.88833,45.994703,51.1111,21.0000000000003,21,0.876918377658209,-,-,AA,AA,-,-,-,-,BB,BB,BB,AA,BB,-,-,-,-,-,BB,-,-,-,-,-,AA,BB,BB,-,-,-,-,-,-,-,-,AA,BB,AA,BB,BB,-,AA,-,-,-,-,BB,-,-,AA,-,-,-,-,-,-,-,-,BB,AA,-,-,-,-,-,AA,-,-,AA,-,-,-,-,-,-,-,-,AA,-,-,-,-,-,-,-,-,BB,BB,AA,-,BB,-,-,-,-,-,-,-,AA,AA,BB,BB,AA,-,AA,BB,BB,-,BB,-,BB,BB,BB,BB,-,-,-,-,-,-,-,-,-,-,-,-,-,-,-,-,-,-,-,-,-,-,-,-,BB,BB,-,-,-,-,-,-,-,-,-,-,-,-,-,-,-,-,-,-,-,-,BB,BB,BB,-,BB,AA,-,-,-,-,BB,BB,BB,BB,BB,BB,-,BB,-,-,BB,-,AA,BB,BB,BB,-,BB,AA,-,-,-,-,-,-,-,-,-,-,-,-,-,-,-,-,-,-,-,AA,-,-,BB,-,-,-,AA,AA,-,-,-,BB,-,-,-,AA,-,-,-,AA,-,-,-,-,-,-,-,-,-,-,-,-,-,-,-,-,-,-,-,-,-,-,-,-,-,-,-,-,-,-,-,AA,AA,AA,AA,AA,AA,AA,AA,AA,-,-,-,-,-,-,-,-,-,-,-,-,-,-,-,-,AA,AA,-,AA,AA,AA,AA,BB,-,-,BB,-,-,-,-,AA,BB,-,-,-,BB,-,BB,BB,BB,BB,BB,BB,-,-,-,BB,-,-,-,-,BB,-,-,-,-,-,-,-,-,-,-,-,-,-,BB,AA,BB,BB,AA,BB,AA,BB,AA,-,-,-,-,-,-,-,AA,AA,-,-,-,-,-,-,AA,AA,AA,AA,AA,-,-,-,-,-,-,-,-,-,BB,BB,BB,-,-,-,-,-,-,BB,-,AA,-,-,-,-,-,-,-,-,-,-,-,-,-,-,-,-,-,-,-,BB,-,-,-,-,-,-,BB,-,BB,BB,-,-,-,AA,-,-,BB,AA,-,-,-,BB,-,-,BB,-,BB,-,-,-,-,-,-,-,-,-,-,-,BB,BB,-,-,BB,BB,AA
25,1.437195,1.47167,49.397966,53,23.4999999999999,23.5,-0.269414642558672,-,-,AA,AA,-,-,AA,-,AA,AA,AA,AA,AA,-,-,-,-,-,AA,-,-,-,-,AA,AA,AA,AA,-,-,-,-,-,-,AA,-,AA,AA,AA,AA,AA,-,AA,-,-,AA,AA,AA,-,-,AA,-,-,AA,-,-,-,-,BB,BB,BB,BB,BB,-,-,BB,BB,BB,-,BB,-,BB,-,-,-,-,-,-,BB,-,-,-,-,BB,-,BB,-,BB,BB,BB,-,BB,-,-,-,-,-,-,-,BB,BB,BB,BB,BB,-,BB,BB,BB,-,BB,-,BB,BB,BB,BB,-,-,BB,-,-,-,-,-,-,-,-,BB,-,BB,BB,-,-,BB,-,-,-,-,-,-,BB,BB,-,BB,-,-,-,-,AA,-,-,BB,-,-,-,-,BB,-,-,-,-,-,BB,BB,BB,-,BB,BB,BB,BB,BB,BB,BB,BB,BB,BB,BB,BB,-,BB,-,-,BB,-,BB,AA,AA,AA,-,AA,AA,-,-,-,-,-,-,-,-,-,-,AA,-,-,-,-,-,-,-,-,BB,-,-,BB,-,-,BB,BB,BB,-,-,-,AA,-,-,-,AA,-,-,-,AA,AA,AA,AA,AA,-,-,AA,-,-,-,-,-,-,AA,AA,-,AA,AA,-,-,-,-,-,-,-,-,BB,-,-,-,-,AA,AA,BB,BB,BB,BB,BB,BB,BB,-,-,-,-,-,-,-,AA,-,-,-,-,-,-,-,AA,AA,AA,-,AA,AA,AA,AA,AA,-,-,AA,AA,-,-,AA,-,-,-,-,-,AA,-,AA,AA,AA,AA,AA,AA,-,-,AA,AA,-,-,-,BB,AA,-,AA,-,-,-,AA,-,-,-,-,AA,-,AA,AA,AA,AA,AA,AA,AA,AA,AA,AA,-,-,-,AA,AA,-,-,AA,AA,AA,AA,-,-,-,-,AA,AA,AA,AA,AA,-,-,-,-,-,-,-,-,-,AA,AA,AA,AA,-,-,-,-,-,AA,-,-,-,-,-,-,-,-,AA,-,-,-,-,-,-,-,BB,-,-,-,-,BB,-,-,AA,-,-,-,AA,AA,AA,AA,-,AA,AA,AA,-,AA,AA,AA,AA,-,-,AA,-,-,AA,-,AA,-,-,-,-,AA,-,-,-,-,-,-,BB,BB,-,BB,BB,BB,BB
26,1.4479247,1.45833,35.114822,37,38.4999999999996,38.5,-0.311839843763077,-,BB,BB,BB,BB,BB,BB,-,-,BB,-,BB,-,BB,-,BB,BB,BB,-,BB,-,-,BB,BB,BB,BB,BB,BB,BB,BB,-,AA,-,AA,AA,AA,AA,AA,AA,AA,AA,AA,AA,AA,-,-,AA,BB,AA,AA,-,AA,AA,AA,AA,AA,AA,AA,AA,AA,AA,AA,AA,AA,AA,AA,AA,AA,AA,AA,BB,BB,-,BB,-,BB,BB,BB,BB,-,-,BB,BB,BB,-,-,BB,BB,BB,BB,BB,BB,-,-,-,BB,-,BB,BB,BB,BB,BB,BB,BB,BB,-,BB,BB,BB,BB,BB,BB,BB,BB,AA,BB,BB,-,-,BB,BB,BB,-,BB,-,-,BB,BB,BB,-,-,-,-,BB,BB,BB,BB,-,BB,BB,BB,BB,BB,-,BB,BB,BB,BB,-,BB,BB,BB,BB,BB,BB,-,-,-,BB,BB,BB,BB,BB,-,BB,BB,BB,-,BB,BB,BB,-,BB,BB,BB,-,BB,-,-,BB,BB,BB,BB,BB,BB,BB,-,BB,BB,BB,-,BB,BB,BB,-,-,-,BB,-,BB,BB,BB,BB,-,BB,BB,BB,-,-,-,BB,BB,BB,-,BB,BB,BB,BB,BB,BB,BB,BB,AA,-,BB,BB,BB,BB,BB,BB,BB,BB,BB,BB,BB,BB,BB,-,BB,BB,-,-,AA,AA,-,-,AA,AA,-,BB,-,BB,BB,-,BB,BB,-,BB,BB,BB,-,BB,-,BB,BB,AA,-,-,AA,AA,-,-,AA,-,AA,AA,AA,AA,AA,-,-,-,AA,-,AA,AA,AA,AA,BB,BB,BB,BB,BB,-,BB,BB,-,-,BB,-,BB,BB,BB,BB,BB,BB,-,BB,BB,BB,BB,BB,-,-,BB,-,BB,-,BB,BB,BB,-,BB,-,-,BB,-,-,-,BB,BB,BB,-,BB,-,BB,BB,BB,BB,AA,AA,AA,AA,-,-,AA,-,AA,AA,AA,AA,AA,AA,AA,AA,-,-,-,-,-,AA,AA,-,AA,-,-,AA,AA,AA,-,AA,-,AA,AA,AA,AA,-,-,AA,AA,AA,AA,AA,AA,-,-,AA,AA,AA,AA,-,AA,-,AA,-,AA,AA,AA,-,AA,AA,AA,-,AA,AA,-,AA,AA,AA,-,-,-,-,AA,AA,-,-,-,AA,AA,AA,AA,AA,AA,-,AA,AA,AA,AA,AA,-,AA,AA,AA,AA,AA,-,AA,AA,-,-,-,AA,AA,AA,-,-,-,AA,AA
27,1.7346722,1.695,45.05117,45,64.5000000000001,64.5,0.257930977441349,-,-,BB,AA,-,AA,-,-,AA,AA,AA,AA,BB,AA,-,-,-,-,BB,-,-,-,-,BB,BB,BB,BB,-,BB,BB,BB,-,-,-,BB,BB,BB,BB,BB,BB,BB,BB,-,BB,BB,-,BB,-,-,BB,-,BB,BB,-,-,-,BB,BB,BB,BB,-,-,-,BB,BB,-,BB,-,BB,BB,BB,BB,BB,-,BB,-,-,BB,BB,-,-,BB,-,-,-,BB,BB,BB,BB,BB,BB,-,BB,-,-,BB,BB,-,BB,BB,-,BB,-,-,BB,BB,BB,BB,BB,-,BB,BB,BB,BB,-,-,BB,BB,-,BB,-,BB,BB,BB,BB,-,BB,BB,BB,-,-,-,-,-,BB,-,BB,-,-,-,-,BB,BB,-,-,-,-,-,BB,-,-,AA,AA,AA,AA,-,-,AA,AA,-,AA,AA,AA,-,AA,AA,AA,AA,AA,BB,-,AA,AA,AA,-,BB,-,BB,BB,-,BB,-,BB,-,-,BB,-,BB,BB,-,BB,BB,BB,-,-,BB,BB,-,-,-,BB,BB,BB,BB,BB,BB,BB,-,BB,-,-,BB,BB,BB,AA,AA,BB,AA,-,AA,AA,AA,AA,-,AA,AA,AA,AA,AA,-,-,AA,AA,-,-,-,AA,AA,-,-,AA,AA,-,BB,-,-,BB,BB,-,-,-,-,-,-,-,-,-,-,-,-,AA,BB,BB,-,BB,AA,AA,-,AA,AA,AA,AA,-,-,AA,AA,AA,-,AA,-,-,AA,AA,-,-,AA,AA,-,AA,AA,AA,AA,AA,-,AA,-,-,AA,AA,AA,AA,AA,AA,BB,-,BB,-,BB,BB,BB,BB,BB,BB,-,AA,BB,-,BB,BB,BB,-,BB,BB,-,BB,-,BB,-,BB,-,-,BB,BB,AA,-,AA,BB,AA,AA,-,AA,AA,AA,AA,AA,AA,-,-,AA,AA,-,AA,AA,AA,-,AA,AA,AA,AA,AA,AA,AA,AA,AA,AA,AA,AA,-,-,AA,-,-,-,AA,AA,AA,AA,-,AA,-,-,-,AA,-,AA,-,AA,BB,-,AA,-,-,AA,-,-,BB,BB,BB,-,BB,-,BB,-,-,BB,-,-,BB,BB,BB,-,BB,-,BB,BB,-,-,BB,BB,BB,BB,BB,BB,BB,-,-,BB,-,-,BB,-,BB,-,BB,-,-,-,BB,-,-,BB,-,-,BB,BB,BB,-,BB,BB,BB
28,1.2014764,1.18,48.776235,50.1667,53.5000000000002,53.5,-0.763059807524348,BB,BB,BB,BB,-,BB,BB,-,AA,AA,AA,AA,AA,AA,AA,AA,-,AA,AA,AA,AA,-,AA,AA,AA,AA,AA,-,-,-,-,AA,-,-,AA,AA,AA,AA,AA,AA,AA,AA,-,-,AA,-,AA,-,-,AA,-,BB,AA,AA,AA,-,-,-,AA,AA,-,AA,AA,AA,-,AA,AA,-,AA,AA,AA,AA,AA,-,AA,-,AA,AA,AA,-,-,AA,-,AA,-,AA,AA,AA,AA,AA,AA,AA,-,AA,-,-,AA,AA,AA,AA,AA,AA,AA,-,BB,BB,BB,-,BB,BB,BB,BB,BB,BB,BB,BB,BB,-,-,BB,-,BB,BB,-,BB,-,BB,-,BB,BB,-,-,BB,-,-,BB,BB,BB,BB,BB,BB,BB,BB,BB,BB,BB,BB,BB,BB,BB,-,-,BB,BB,-,BB,-,-,-,-,BB,BB,BB,-,BB,BB,-,-,BB,BB,BB,BB,BB,BB,BB,BB,-,BB,BB,BB,BB,-,BB,BB,BB,AA,BB,AA,AA,AA,-,-,AA,-,-,-,AA,AA,AA,AA,-,-,AA,-,AA,-,-,-,AA,AA,-,AA,AA,-,AA,-,AA,-,AA,AA,AA,AA,-,AA,AA,AA,AA,AA,AA,AA,AA,AA,AA,-,AA,AA,-,BB,-,AA,-,AA,AA,AA,-,AA,AA,AA,AA,BB,AA,AA,AA,AA,-,-,-,AA,-,AA,AA,AA,AA,AA,AA,AA,AA,AA,AA,AA,-,-,-,AA,AA,AA,-,-,AA,AA,AA,AA,-,AA,-,AA,AA,-,AA,AA,AA,AA,AA,-,-,AA,AA,AA,AA,AA,AA,AA,-,AA,AA,AA,-,AA,AA,AA,AA,AA,AA,AA,-,AA,AA,AA,AA,AA,-,AA,-,AA,AA,AA,AA,-,AA,AA,-,AA,-,-,AA,AA,AA,AA,AA,AA,AA,BB,BB,AA,AA,-,-,BB,-,-,BB,BB,AA,-,AA,AA,-,-,-,AA,AA,AA,AA,AA,-,-,-,-,AA,AA,AA,AA,AA,AA,AA,AA,AA,-,AA,-,-,AA,AA,AA,AA,-,AA,AA,AA,AA,-,AA,-,-,-,AA,-,-,-,AA,-,-,-,AA,AA,AA,AA,-,AA,AA,-,AA,AA,AA,AA,-,-,AA,AA,AA,-,AA,AA,AA,-,-,AA,-,-,AA,AA,AA,AA,-,-,AA,-,-,-,-,AA,-,-,AA,AA,AA,AA,AA,AA,AA
29,1.9250761,1.95833,45.881415,50.3333,25.5000000000001,25.5,1.42765102094646,-,-,AA,AA,-,-,AA,-,BB,AA,BB,AA,AA,-,AA,AA,-,AA,AA,AA,AA,AA,AA,AA,AA,AA,AA,AA,AA,AA,AA,AA,-,AA,AA,AA,AA,AA,AA,AA,AA,AA,AA,-,AA,AA,AA,AA,-,AA,-,AA,AA,AA,AA,-,AA,AA,AA,AA,AA,AA,BB,BB,-,AA,BB,-,-,BB,BB,BB,BB,BB,-,BB,BB,BB,BB,BB,-,BB,BB,-,BB,BB,BB,BB,BB,BB,BB,BB,BB,BB,-,-,-,BB,BB,BB,BB,BB,BB,BB,AA,AA,AA,BB,AA,-,BB,AA,AA,AA,AA,-,BB,BB,-,BB,BB,BB,AA,-,AA,-,AA,-,-,AA,AA,AA,AA,AA,AA,AA,AA,-,AA,AA,AA,AA,AA,AA,-,AA,AA,AA,AA,AA,AA,AA,AA,AA,AA,-,AA,-,AA,AA,AA,AA,AA,AA,AA,AA,AA,-,-,AA,AA,AA,AA,AA,AA,AA,-,AA,-,-,AA,BB,BB,AA,AA,AA,AA,BB,BB,BB,BB,BB,BB,BB,-,-,BB,BB,-,BB,BB,BB,BB,BB,BB,-,BB,-,AA,-,BB,BB,-,BB,BB,BB,BB,-,-,-,BB,-,AA,BB,BB,-,BB,-,AA,BB,BB,-,BB,BB,BB,BB,BB,BB,BB,BB,BB,BB,-,BB,-,-,-,AA,AA,AA,AA,AA,AA,AA,-,BB,BB,-,BB,BB,BB,BB,BB,BB,BB,AA,AA,BB,AA,BB,-,-,-,-,BB,BB,BB,AA,BB,-,BB,BB,BB,BB,-,AA,AA,BB,AA,AA,AA,BB,AA,BB,BB,AA,-,AA,-,BB,BB,AA,BB,-,BB,AA,BB,BB,BB,BB,BB,AA,AA,BB,BB,BB,AA,-,AA,AA,AA,AA,-,AA,-,-,AA,-,AA,-,AA,AA,-,-,AA,AA,AA,AA,AA,BB,BB,BB,BB,BB,-,-,BB,-,BB,BB,BB,AA,AA,-,-,BB,BB,BB,-,AA,AA,AA,AA,AA,BB,-,BB,BB,BB,BB,-,BB,-,BB,BB,BB,AA,-,AA,AA,AA,AA,AA,AA,AA,AA,AA,AA,AA,AA,AA,-,AA,AA,AA,AA,AA,-,AA,AA,-,AA,AA,AA,BB,AA,AA,-,-,-,AA,BB,BB,BB,BB,BB,BB,-,BB,BB,-,AA,AA,-,-,AA,AA,-,AA,AA,AA,AA,AA,AA,AA,-,AA,AA,BB,BB,BB,-,BB,AA,AA,BB,BB,AA,AA,BB
30,1.779888,1.72333,48.166408,48.3333,60.0000000000002,60,0.339128042047994,BB,-,BB,BB,BB,BB,BB,-,AA,AA,AA,AA,AA,AA,-,AA,-,-,AA,AA,-,AA,AA,AA,AA,AA,AA,-,AA,-,AA,-,-,-,AA,AA,AA,AA,AA,AA,AA,-,AA,AA,AA,AA,AA,AA,-,AA,-,AA,AA,AA,AA,-,-,AA,AA,AA,-,AA,AA,AA,AA,BB,AA,AA,AA,AA,-,AA,AA,AA,AA,AA,AA,AA,AA,-,AA,AA,-,AA,AA,AA,AA,AA,AA,AA,AA,AA,-,-,-,-,AA,-,AA,AA,AA,AA,AA,BB,BB,BB,BB,-,BB,BB,BB,BB,BB,BB,AA,BB,BB,BB,BB,-,BB,-,BB,-,-,BB,BB,BB,BB,-,-,BB,BB,BB,BB,BB,BB,-,BB,AA,BB,BB,BB,BB,BB,BB,BB,-,BB,BB,-,-,BB,-,BB,-,BB,BB,BB,BB,BB,BB,BB,-,BB,BB,BB,BB,-,BB,BB,BB,BB,BB,-,BB,BB,BB,-,-,BB,-,BB,AA,AA,-,BB,AA,AA,AA,AA,AA,AA,AA,AA,AA,-,-,-,AA,-,-,AA,AA,AA,AA,AA,AA,AA,-,AA,AA,AA,AA,-,AA,BB,-,AA,-,AA,AA,-,-,AA,AA,AA,AA,AA,AA,AA,AA,AA,AA,AA,AA,AA,AA,AA,-,-,AA,AA,AA,AA,-,AA,-,AA,AA,-,AA,-,-,AA,AA,AA,AA,AA,-,AA,AA,AA,BB,AA,AA,AA,AA,AA,AA,AA,-,-,-,-,-,-,AA,-,AA,AA,AA,-,AA,AA,AA,AA,AA,AA,AA,AA,AA,AA,AA,-,BB,AA,-,-,AA,AA,AA,AA,AA,AA,AA,AA,AA,AA,AA,AA,AA,AA,AA,AA,-,AA,-,-,-,-,AA,AA,AA,-,-,AA,AA,AA,AA,-,-,AA,-,-,AA,AA,AA,AA,BB,AA,BB,BB,AA,-,-,AA,BB,-,BB,BB,BB,AA,-,AA,AA,-,-,AA,AA,AA,-,AA,AA,AA,-,AA,AA,-,AA,AA,-,-,AA,AA,AA,-,AA,-,-,-,AA,AA,AA,AA,AA,AA,-,AA,-,-,AA,AA,AA,AA,AA,AA,AA,AA,AA,-,AA,-,AA,AA,AA,-,AA,AA,AA,AA,AA,AA,AA,AA,-,-,AA,AA,AA,AA,AA,AA,AA,AA,AA,AA,AA,AA,AA,AA,-,AA,AA,AA,AA,AA,AA,AA,-,AA,-,AA,AA,AA,AA,-,AA,AA,AA
31,1.7410113,1.71,50.24451,50.8333,60.0000000000003,60,0.292490654292253,-,-,AA,AA,-,-,AA,-,AA,AA,AA,AA,AA,AA,AA,AA,-,-,AA,-,AA,-,AA,AA,AA,AA,AA,AA,-,-,AA,AA,AA,AA,-,AA,AA,AA,AA,AA,AA,AA,AA,AA,-,AA,AA,-,-,BB,-,AA,AA,AA,-,-,-,-,AA,AA,-,-,AA,-,-,AA,-,AA,AA,-,-,-,-,-,BB,-,BB,BB,BB,BB,-,BB,BB,BB,-,BB,BB,BB,BB,BB,BB,-,-,BB,-,BB,-,BB,BB,BB,BB,BB,BB,-,AA,AA,AA,-,AA,-,AA,AA,AA,AA,AA,-,-,AA,-,-,AA,-,-,AA,-,-,AA,AA,AA,-,-,-,-,-,AA,-,AA,-,AA,AA,-,AA,-,AA,AA,AA,-,-,AA,AA,AA,-,-,-,AA,AA,-,-,-,AA,AA,AA,AA,-,AA,AA,AA,-,AA,AA,AA,AA,AA,AA,AA,AA,-,AA,-,AA,AA,-,AA,AA,AA,AA,AA,AA,AA,AA,AA,AA,-,AA,-,AA,AA,AA,-,-,-,-,-,-,-,AA,-,AA,AA,-,AA,AA,-,-,-,-,AA,AA,AA,-,BB,-,BB,-,BB,-,BB,BB,BB,-,-,-,BB,-,BB,-,BB,BB,-,-,-,BB,-,BB,BB,BB,-,BB,-,-,-,AA,-,-,AA,-,AA,AA,-,AA,AA,AA,AA,AA,AA,AA,AA,AA,AA,-,-,-,-,AA,AA,-,-,-,-,AA,AA,-,AA,AA,-,AA,AA,AA,AA,AA,AA,AA,AA,AA,AA,AA,-,AA,AA,AA,AA,AA,-,-,-,AA,AA,AA,AA,AA,AA,AA,AA,AA,AA,-,AA,-,-,AA,AA,AA,AA,-,-,-,AA,-,-,-,AA,-,-,-,AA,AA,AA,AA,AA,BB,BB,BB,BB,BB,BB,BB,BB,BB,BB,-,-,BB,BB,-,-,-,-,AA,-,AA,AA,AA,AA,AA,AA,-,-,AA,AA,AA,-,AA,AA,AA,AA,AA,AA,AA,AA,-,AA,-,AA,AA,-,-,-,-,AA,AA,AA,AA,AA,AA,AA,AA,-,AA,AA,AA,AA,-,-,-,AA,AA,AA,-,-,-,-,AA,AA,AA,AA,-,-,AA,AA,AA,-,AA,AA,AA,AA,AA,AA,-,AA,AA,-,AA,AA,-,-,AA,-,AA,AA,AA,AA,AA,AA,AA,AA,AA,-,AA,AA,AA
32,1.6084383,1.63833,40.885446,45.5,22.5000000000005,22.5,0.118584280558254,-,-,AA,AA,-,-,AA,AA,AA,AA,AA,AA,AA,AA,-,-,-,-,AA,AA,-,-,-,AA,AA,AA,AA,-,-,-,-,AA,-,-,AA,AA,AA,AA,AA,AA,-,AA,-,-,-,-,AA,AA,AA,BB,-,-,-,-,BB,-,-,BB,BB,BB,BB,-,-,-,-,BB,AA,-,AA,-,-,AA,-,AA,-,-,-,AA,BB,-,-,-,-,-,-,BB,BB,BB,BB,-,BB,-,-,-,-,-,-,-,BB,BB,AA,BB,AA,-,BB,BB,BB,-,BB,-,BB,BB,BB,BB,-,-,BB,-,-,BB,-,-,-,-,-,BB,-,-,-,-,-,AA,AA,-,-,-,-,-,BB,AA,BB,-,-,-,-,-,-,AA,AA,-,-,AA,AA,-,AA,-,-,-,-,-,AA,AA,AA,AA,AA,AA,AA,-,-,-,BB,AA,AA,AA,AA,AA,-,AA,-,-,BB,-,AA,AA,AA,BB,BB,AA,AA,-,-,AA,-,-,-,-,-,-,-,-,-,AA,-,AA,-,-,AA,AA,BB,-,-,BB,-,-,-,BB,BB,-,-,-,BB,-,AA,-,BB,BB,-,-,BB,-,-,-,-,BB,-,BB,-,-,-,-,-,-,-,-,-,-,-,-,-,-,AA,AA,-,-,BB,BB,-,-,BB,BB,AA,AA,BB,BB,BB,BB,BB,BB,BB,BB,-,BB,BB,BB,-,BB,-,-,-,-,-,-,-,-,BB,BB,BB,BB,BB,BB,BB,BB,BB,-,-,BB,BB,-,-,-,BB,BB,-,BB,-,BB,-,BB,BB,BB,BB,BB,BB,-,BB,BB,AA,-,BB,-,-,BB,-,-,-,-,BB,-,BB,-,-,-,-,-,AA,AA,BB,AA,AA,BB,AA,AA,AA,AA,-,-,AA,-,-,AA,AA,AA,AA,-,AA,-,-,AA,-,AA,AA,AA,AA,AA,-,-,-,-,-,AA,-,-,-,AA,AA,AA,AA,-,AA,-,-,-,AA,-,AA,AA,-,-,BB,-,-,-,BB,-,-,-,-,BB,BB,BB,-,-,BB,-,BB,-,-,-,-,-,-,BB,BB,AA,AA,AA,-,-,AA,AA,AA,AA,AA,AA,AA,AA,AA,-,-,AA,-,AA,AA,-,-,-,BB,-,-,-,-,BB,-,BB,BB,-,BB,BB,BB,BB
33,1.54826,1.57,40.933491,44.1667,36.0000000000001,36,0.00369710027280443,-,-,AA,AA,-,-,AA,-,AA,AA,AA,AA,AA,-,-,-,-,-,AA,-,-,-,-,AA,AA,AA,AA,-,-,-,-,-,-,-,-,AA,AA,AA,AA,AA,-,AA,-,-,-,-,AA,-,-,AA,-,-,-,-,-,-,-,-,BB,BB,-,-,-,-,-,BB,-,-,BB,-,-,-,-,-,-,-,-,BB,-,-,-,-,-,-,-,-,BB,BB,BB,-,BB,-,-,-,-,-,-,-,BB,BB,BB,BB,BB,-,BB,BB,BB,-,BB,-,BB,BB,BB,BB,-,-,-,-,-,-,-,-,-,-,-,-,-,-,-,-,-,-,-,-,-,-,-,-,AA,AA,-,-,-,-,-,-,-,-,-,AA,-,-,-,-,AA,-,-,-,-,-,-,AA,AA,-,AA,AA,AA,-,-,-,AA,AA,AA,AA,AA,AA,-,AA,-,-,AA,-,AA,BB,BB,BB,-,BB,BB,-,-,-,-,-,-,-,-,-,-,-,-,-,-,-,-,-,-,-,BB,-,-,BB,-,-,-,BB,BB,-,-,-,BB,-,-,-,BB,-,-,-,BB,-,-,-,-,-,-,-,-,-,-,-,-,-,-,-,-,-,-,-,-,-,-,-,-,-,-,-,-,-,-,-,BB,BB,BB,BB,BB,AA,AA,AA,AA,-,-,-,-,-,-,-,-,-,-,-,-,-,-,-,-,AA,AA,-,BB,BB,BB,BB,BB,-,-,BB,-,-,-,-,BB,BB,-,-,-,BB,-,BB,BB,BB,BB,BB,BB,-,-,-,BB,-,-,-,-,BB,-,-,-,-,-,-,-,-,-,-,-,-,-,BB,BB,BB,BB,AA,AA,AA,AA,AA,-,-,-,-,-,-,-,AA,BB,-,-,-,-,-,-,BB,BB,BB,BB,BB,-,-,-,-,-,-,-,-,-,BB,BB,BB,-,-,-,-,-,-,BB,-,BB,-,-,-,-,-,-,-,-,-,-,-,-,-,-,-,-,-,-,-,BB,-,-,-,-,-,-,BB,-,BB,BB,-,-,-,BB,-,-,AA,AA,-,-,-,AA,-,-,AA,-,AA,-,-,-,-,-,-,-,-,-,-,-,AA,AA,-,-,AA,AA,-
34,1.8407229,1.835,46.391846,49,43.4999999999999,43.5,0.743420496902133,AA,AA,AA,AA,AA,AA,AA,AA,AA,AA,AA,AA,AA,AA,AA,AA,AA,AA,AA,AA,AA,AA,AA,AA,AA,AA,AA,AA,AA,AA,AA,AA,AA,AA,AA,AA,AA,AA,AA,AA,AA,AA,AA,AA,-,AA,AA,AA,AA,-,AA,AA,AA,AA,AA,AA,AA,AA,AA,AA,AA,AA,AA,AA,AA,AA,AA,AA,AA,-,AA,AA,AA,AA,AA,AA,AA,AA,AA,AA,AA,AA,AA,AA,AA,-,AA,AA,AA,AA,AA,AA,AA,AA,AA,AA,AA,AA,AA,AA,AA,AA,AA,BB,BB,BB,BB,BB,BB,BB,AA,AA,AA,AA,AA,AA,AA,AA,AA,AA,AA,AA,AA,AA,AA,AA,AA,AA,AA,AA,BB,AA,AA,-,BB,BB,BB,BB,BB,BB,BB,BB,BB,BB,BB,BB,-,BB,BB,BB,BB,BB,BB,BB,BB,BB,BB,BB,-,BB,BB,BB,BB,BB,BB,BB,BB,BB,-,BB,BB,BB,BB,BB,BB,BB,BB,BB,BB,BB,BB,BB,BB,BB,BB,BB,BB,BB,BB,-,BB,BB,BB,BB,BB,BB,BB,BB,BB,BB,BB,BB,BB,BB,BB,BB,BB,BB,BB,BB,BB,BB,BB,BB,BB,BB,BB,AA,AA,AA,AA,AA,AA,AA,AA,AA,AA,AA,AA,AA,AA,-,AA,AA,AA,AA,AA,AA,AA,AA,AA,AA,AA,AA,AA,AA,AA,AA,AA,AA,AA,AA,AA,AA,AA,AA,AA,AA,AA,AA,AA,AA,AA,AA,AA,AA,AA,AA,AA,BB,AA,AA,AA,AA,AA,AA,AA,AA,AA,AA,AA,AA,AA,AA,AA,AA,AA,-,AA,AA,AA,AA,AA,AA,AA,AA,AA,AA,AA,AA,AA,AA,AA,AA,-,AA,AA,AA,BB,BB,BB,BB,BB,BB,BB,BB,BB,BB,BB,BB,BB,BB,BB,BB,BB,BB,BB,BB,BB,BB,BB,BB,BB,BB,BB,BB,BB,BB,BB,BB,BB,BB,BB,BB,BB,BB,BB,BB,BB,BB,BB,BB,BB,BB,BB,BB,BB,BB,BB,BB,BB,BB,BB,BB,BB,BB,BB,-,BB,-,BB,BB,BB,BB,BB,BB,BB,BB,BB,BB,BB,BB,BB,BB,BB,BB,BB,AA,AA,AA,AA,AA,AA,AA,AA,AA,AA,AA,AA,AA,AA,AA,AA,AA,AA,AA,AA,BB,BB,BB,BB,AA,-,AA,AA,AA,AA,AA,AA,AA,AA,AA,AA,AA,AA,AA,AA,AA,AA,AA,AA,AA,AA,AA,AA,AA,AA,AA,AA,AA,AA,AA,AA,AA,AA,AA,AA,AA,AA,AA
35,1.5684178,1.555,44.133149,45.1667,57,57,-0.0851358465390817,AA,AA,AA,AA,AA,AA,-,AA,AA,AA,AA,AA,AA,AA,AA,AA,AA,AA,AA,AA,AA,AA,AA,AA,AA,AA,AA,-,AA,AA,AA,AA,AA,AA,AA,AA,AA,AA,AA,AA,AA,AA,AA,AA,BB,BB,BB,BB,BB,BB,BB,BB,BB,BB,BB,-,AA,AA,AA,AA,AA,AA,AA,AA,AA,AA,AA,AA,AA,BB,BB,BB,BB,BB,BB,BB,BB,BB,BB,BB,BB,BB,-,BB,BB,BB,BB,BB,BB,BB,BB,BB,BB,-,BB,BB,BB,BB,BB,BB,BB,BB,BB,AA,AA,AA,AA,-,AA,AA,AA,AA,AA,AA,AA,AA,AA,AA,AA,-,AA,AA,AA,AA,AA,AA,AA,AA,AA,-,AA,AA,AA,AA,AA,AA,AA,AA,AA,AA,AA,AA,AA,AA,AA,AA,AA,AA,AA,-,AA,AA,AA,AA,AA,AA,AA,-,AA,AA,AA,AA,AA,AA,AA,AA,AA,BB,BB,BB,BB,BB,BB,BB,BB,BB,BB,BB,-,BB,BB,BB,BB,AA,AA,AA,-,AA,AA,AA,AA,AA,AA,AA,AA,BB,-,BB,BB,-,BB,BB,-,BB,BB,BB,BB,-,AA,AA,AA,AA,AA,AA,-,AA,AA,AA,AA,AA,AA,AA,AA,AA,AA,AA,AA,AA,BB,BB,BB,BB,BB,BB,BB,BB,BB,BB,BB,BB,BB,-,BB,BB,-,BB,BB,-,BB,BB,BB,-,BB,BB,BB,BB,-,BB,BB,BB,BB,BB,BB,BB,BB,AA,AA,AA,AA,AA,AA,AA,AA,AA,AA,AA,AA,AA,AA,AA,AA,AA,AA,AA,AA,AA,AA,BB,AA,AA,AA,AA,AA,AA,AA,AA,AA,AA,AA,AA,AA,AA,-,AA,AA,AA,-,AA,AA,AA,AA,AA,AA,AA,AA,-,AA,AA,AA,AA,AA,AA,AA,AA,AA,-,AA,AA,-,AA,AA,AA,AA,AA,AA,AA,AA,AA,AA,BB,BB,BB,BB,BB,BB,BB,-,BB,-,BB,-,BB,BB,BB,BB,BB,BB,-,BB,BB,BB,BB,BB,BB,BB,BB,BB,BB,BB,BB,BB,-,BB,BB,BB,BB,BB,BB,BB,BB,BB,BB,BB,BB,BB,BB,AA,-,AA,AA,AA,AA,AA,-,AA,AA,AA,AA,AA,AA,AA,AA,AA,BB,AA,AA,AA,AA,AA,AA,AA,AA,AA,AA,AA,AA,AA,AA,AA,AA,-,AA,AA,AA,AA,AA,AA,AA,AA,AA,AA,AA,-,AA,AA,AA,AA,AA,AA,AA,AA,AA,AA,AA,AA,AA,AA,AA,AA,AA
36,1.7117697,1.765,46.59352,51.5,20.5000000000004,20.5,0.422628442276567,AA,AA,AA,AA,AA,AA,AA,AA,AA,AA,AA,AA,AA,AA,AA,AA,AA,AA,AA,AA,AA,AA,AA,AA,AA,AA,AA,-,AA,AA,AA,BB,BB,BB,BB,BB,BB,AA,AA,AA,AA,AA,AA,AA,AA,AA,AA,AA,AA,AA,AA,AA,AA,AA,AA,AA,AA,AA,AA,AA,AA,-,AA,AA,AA,AA,AA,AA,AA,-,AA,AA,AA,AA,AA,-,AA,AA,AA,AA,AA,AA,AA,AA,AA,AA,AA,AA,AA,-,AA,AA,AA,AA,AA,AA,AA,AA,AA,AA,AA,AA,AA,BB,BB,BB,BB,-,BB,BB,BB,BB,BB,BB,BB,BB,BB,BB,BB,BB,BB,BB,BB,BB,BB,BB,BB,-,BB,-,AA,AA,AA,AA,AA,AA,AA,-,-,AA,AA,AA,AA,BB,AA,AA,AA,AA,AA,AA,AA,AA,AA,AA,AA,AA,AA,AA,-,AA,AA,AA,AA,AA,AA,AA,AA,BB,BB,BB,BB,BB,BB,BB,BB,BB,BB,BB,BB,BB,AA,AA,BB,BB,BB,BB,BB,BB,BB,BB,BB,BB,BB,BB,BB,BB,BB,BB,BB,BB,BB,BB,BB,BB,-,BB,BB,BB,BB,BB,BB,BB,BB,BB,BB,BB,BB,BB,BB,BB,BB,BB,BB,BB,BB,BB,BB,BB,BB,BB,BB,BB,BB,BB,BB,BB,BB,BB,BB,BB,BB,BB,BB,BB,BB,-,BB,BB,BB,BB,BB,BB,BB,BB,BB,BB,BB,BB,BB,BB,BB,BB,BB,BB,BB,BB,BB,BB,BB,BB,BB,BB,BB,BB,BB,BB,BB,BB,BB,BB,BB,BB,BB,BB,BB,BB,BB,BB,BB,BB,BB,BB,BB,BB,BB,BB,BB,BB,BB,BB,BB,BB,BB,BB,BB,BB,-,BB,BB,BB,BB,BB,BB,BB,BB,BB,BB,BB,BB,BB,BB,BB,-,BB,BB,BB,BB,BB,BB,BB,BB,BB,BB,BB,BB,BB,BB,BB,BB,BB,BB,BB,BB,BB,BB,BB,BB,BB,BB,BB,BB,BB,BB,BB,BB,BB,BB,BB,BB,BB,BB,BB,BB,BB,BB,BB,BB,BB,-,BB,BB,BB,BB,BB,BB,AA,-,BB,BB,AA,AA,BB,BB,AA,BB,BB,BB,AA,BB,-,BB,BB,BB,BB,-,BB,BB,BB,BB,BB,BB,BB,BB,BB,BB,BB,BB,BB,BB,BB,BB,BB,AA,BB,BB,-,BB,BB,BB,BB,BB,BB,BB,BB,BB,BB,BB,BB,BB,BB,BB,BB,BB,BB,BB,BB,BB,BB,BB,BB,BB,BB,BB,BB,BB,BB,BB,BB,BB,BB
37,1.1022825,1.16667,42.830721,43.6667,32.9999999999996,33,-0.813503913319191,AA,AA,AA,AA,AA,-,AA,AA,AA,AA,AA,AA,AA,-,AA,AA,-,AA,AA,AA,AA,AA,AA,AA,AA,AA,AA,AA,-,-,-,-,AA,AA,AA,AA,AA,AA,AA,AA,AA,AA,AA,AA,AA,AA,AA,BB,AA,AA,AA,BB,-,AA,AA,AA,AA,AA,AA,AA,-,BB,BB,BB,BB,BB,-,BB,BB,-,BB,AA,AA,AA,AA,AA,-,AA,AA,AA,AA,AA,-,AA,AA,AA,AA,AA,AA,AA,AA,AA,AA,AA,AA,AA,AA,AA,AA,AA,-,-,AA,AA,AA,AA,AA,AA,AA,-,AA,AA,AA,AA,AA,AA,AA,AA,AA,AA,AA,AA,AA,AA,AA,AA,AA,AA,AA,-,BB,-,BB,-,BB,BB,-,BB,BB,BB,BB,BB,BB,BB,BB,BB,BB,BB,BB,BB,BB,-,-,-,BB,BB,BB,-,-,-,BB,BB,BB,BB,BB,BB,BB,BB,BB,BB,BB,BB,BB,BB,BB,BB,BB,BB,BB,BB,BB,BB,BB,AA,AA,AA,AA,AA,AA,-,AA,AA,AA,AA,AA,AA,AA,AA,AA,AA,AA,AA,AA,AA,AA,AA,-,AA,BB,BB,BB,BB,-,BB,BB,BB,BB,BB,BB,BB,BB,-,BB,-,BB,BB,BB,BB,BB,-,BB,-,BB,BB,-,BB,-,BB,-,BB,BB,-,-,BB,BB,-,BB,BB,BB,BB,BB,BB,BB,BB,BB,BB,BB,BB,BB,-,BB,BB,BB,BB,BB,AA,AA,AA,AA,AA,AA,AA,AA,-,-,-,AA,BB,AA,BB,BB,BB,BB,BB,BB,BB,BB,BB,BB,BB,BB,BB,BB,BB,BB,BB,BB,BB,BB,-,BB,BB,BB,-,BB,BB,BB,BB,BB,BB,-,BB,BB,BB,-,BB,-,-,BB,BB,BB,BB,BB,BB,-,BB,BB,-,-,BB,BB,BB,BB,BB,BB,BB,BB,BB,BB,BB,BB,BB,BB,BB,BB,BB,-,BB,BB,BB,BB,BB,BB,BB,BB,BB,BB,BB,BB,BB,BB,BB,BB,BB,BB,BB,BB,BB,BB,-,BB,BB,BB,BB,BB,BB,BB,-,BB,BB,BB,-,BB,BB,BB,-,-,AA,BB,BB,BB,BB,-,BB,BB,BB,BB,BB,BB,BB,BB,BB,BB,-,BB,BB,-,BB,BB,BB,-,BB,BB,BB,BB,BB,BB,BB,BB,BB,BB,BB,BB,BB,BB,BB,BB,BB,-,-,BB,AA,AA,AA,AA,AA,AA,AA,AA,AA,AA,AA,AA,AA,AA,AA,AA,AA,AA,AA
38,1.4876097,1.555,50.914605,55.8333,25.0000000000001,25,-0.0851358465390817,-,-,AA,AA,-,-,AA,-,AA,AA,AA,AA,AA,-,-,-,-,-,AA,-,-,-,-,AA,AA,AA,AA,-,-,-,-,-,-,-,-,AA,AA,AA,AA,AA,-,AA,-,-,-,-,AA,-,-,AA,-,-,-,-,-,-,-,-,BB,BB,-,-,-,-,-,BB,-,-,BB,-,-,-,-,-,-,-,-,BB,-,-,-,-,-,-,-,-,-,BB,BB,-,BB,-,-,-,-,-,-,-,BB,BB,-,BB,BB,-,BB,BB,-,-,-,-,BB,BB,BB,-,-,-,-,-,-,-,-,-,-,-,-,-,-,-,-,-,-,-,-,-,-,-,-,-,BB,BB,-,-,-,-,-,-,-,-,-,BB,-,-,-,-,BB,-,-,-,-,-,BB,BB,BB,-,BB,BB,BB,-,-,-,BB,BB,BB,BB,BB,BB,-,BB,-,-,BB,-,BB,AA,AA,AA,-,AA,AA,-,-,-,-,-,-,-,-,-,-,-,-,-,-,-,-,-,-,-,BB,-,-,BB,-,-,-,BB,BB,-,-,-,AA,-,-,-,AA,-,-,-,BB,-,-,-,-,-,-,-,-,-,-,-,-,-,-,-,-,-,-,-,-,-,-,-,-,-,-,-,-,-,-,-,AA,AA,AA,AA,AA,BB,BB,BB,BB,-,-,-,-,-,-,-,-,-,-,-,-,-,-,-,-,AA,AA,-,AA,AA,AA,AA,AA,-,-,AA,-,-,-,-,AA,AA,-,-,-,-,-,AA,AA,AA,AA,-,-,-,-,-,AA,-,-,-,-,AA,-,-,-,-,-,-,-,-,-,-,-,-,-,AA,AA,AA,AA,AA,AA,AA,AA,AA,-,-,-,AA,-,-,-,-,-,-,-,-,-,-,-,AA,-,AA,AA,AA,-,-,-,-,-,-,-,-,-,AA,AA,AA,-,-,-,-,-,-,AA,-,AA,-,-,-,-,-,-,-,-,-,-,-,-,-,-,-,-,-,-,-,BB,-,-,-,-,-,-,AA,-,-,AA,-,-,-,AA,-,-,AA,AA,-,-,-,AA,-,-,AA,-,AA,-,-,-,-,-,-,-,-,-,-,-,BB,BB,-,-,BB,BB,BB
39,0.9971195,0.98667,38.055182,39.3333,53.5,53.5,-1.02824454763981,-,-,BB,AA,-,BB,BB,-,AA,AA,-,AA,-,-,-,BB,-,-,AA,-,-,-,-,AA,AA,AA,AA,BB,BB,BB,-,-,BB,BB,-,AA,AA,BB,BB,BB,AA,BB,AA,AA,AA,AA,BB,-,-,BB,AA,AA,AA,AA,-,AA,AA,AA,BB,BB,-,AA,AA,-,BB,BB,BB,BB,AA,BB,BB,BB,-,BB,BB,-,-,BB,-,-,BB,-,BB,BB,-,-,AA,AA,AA,-,AA,-,-,BB,-,-,-,BB,AA,AA,-,AA,AA,AA,AA,AA,AA,-,AA,BB,AA,AA,AA,AA,-,-,-,BB,BB,BB,BB,-,BB,-,BB,BB,BB,BB,BB,-,BB,BB,-,BB,-,-,BB,-,BB,AA,-,BB,-,BB,BB,-,BB,BB,BB,BB,BB,BB,BB,BB,BB,BB,-,-,BB,-,-,BB,BB,AA,-,BB,BB,-,AA,AA,BB,-,-,BB,BB,BB,AA,BB,AA,AA,BB,-,BB,-,AA,AA,-,AA,AA,BB,BB,-,BB,BB,BB,-,-,BB,-,BB,-,-,BB,-,BB,-,BB,-,AA,-,BB,AA,BB,-,-,-,-,-,-,BB,AA,BB,BB,BB,AA,-,-,BB,AA,BB,BB,-,-,BB,-,BB,-,-,BB,BB,BB,BB,BB,BB,BB,BB,BB,-,BB,BB,-,-,-,BB,-,BB,-,BB,-,BB,AA,AA,-,AA,AA,AA,-,AA,AA,-,BB,BB,-,-,AA,AA,AA,AA,-,-,AA,AA,AA,AA,-,-,-,AA,AA,AA,AA,AA,AA,-,-,AA,AA,-,AA,AA,AA,AA,AA,-,-,AA,BB,AA,AA,AA,AA,AA,-,BB,BB,BB,-,BB,-,-,BB,AA,BB,BB,-,BB,BB,BB,BB,-,BB,-,BB,BB,-,AA,AA,AA,AA,AA,AA,AA,AA,AA,-,-,BB,-,BB,BB,-,AA,AA,-,-,-,AA,AA,AA,-,AA,AA,-,AA,AA,-,-,-,AA,-,AA,-,AA,AA,AA,AA,AA,-,AA,AA,AA,AA,AA,-,-,-,AA,AA,-,-,-,AA,-,AA,-,AA,-,AA,-,AA,AA,-,AA,AA,AA,-,AA,AA,-,-,-,-,-,-,AA,AA,-,AA,AA,AA,AA,AA,AA,AA,-,AA,AA,-,-,AA,BB,AA,-,BB,BB,-,BB,BB,BB,BB,-,BB,BB,AA,AA,BB,BB,-,AA,AA
40,1.274322,1.36,46.235928,51.5,24.5,24.5,-0.538878777973129,-,BB,BB,BB,-,-,-,-,BB,BB,BB,BB,BB,BB,-,BB,-,-,BB,-,-,-,BB,BB,BB,BB,BB,BB,-,-,-,-,-,-,-,BB,BB,AA,AA,AA,-,AA,AA,-,-,-,AA,AA,-,AA,AA,AA,AA,-,AA,-,-,AA,AA,AA,-,-,AA,BB,BB,AA,-,-,BB,BB,-,-,-,BB,-,-,-,BB,BB,-,-,BB,-,-,BB,BB,BB,BB,BB,-,BB,BB,BB,BB,-,-,-,BB,BB,BB,BB,-,BB,-,AA,AA,AA,AA,BB,-,BB,BB,BB,BB,AA,-,BB,BB,BB,-,-,-,BB,BB,BB,-,BB,BB,-,-,-,-,-,BB,-,-,BB,-,BB,BB,BB,-,-,-,BB,-,BB,BB,BB,-,-,BB,BB,BB,BB,-,BB,-,BB,-,BB,BB,BB,AA,BB,BB,AA,-,-,-,AA,AA,AA,AA,AA,AA,AA,AA,AA,-,AA,AA,AA,BB,BB,BB,BB,BB,BB,BB,-,-,-,BB,-,BB,-,BB,BB,-,-,BB,BB,BB,-,BB,-,-,BB,-,BB,BB,BB,-,BB,BB,BB,BB,-,-,BB,BB,-,-,BB,-,-,BB,BB,BB,BB,-,-,-,-,BB,-,BB,-,-,-,BB,-,BB,BB,BB,BB,BB,BB,BB,-,-,-,BB,-,-,-,-,-,BB,BB,BB,BB,BB,BB,BB,BB,BB,AA,-,-,-,-,AA,AA,AA,AA,-,-,-,-,-,-,AA,-,AA,AA,AA,AA,AA,AA,AA,AA,AA,-,AA,-,-,AA,-,AA,AA,-,AA,BB,BB,-,BB,BB,BB,-,BB,BB,BB,-,BB,BB,-,-,-,-,BB,-,-,BB,-,-,BB,BB,BB,-,-,BB,-,BB,-,BB,BB,BB,BB,BB,BB,BB,BB,-,-,BB,-,-,BB,-,AA,AA,-,AA,-,AA,AA,AA,AA,AA,AA,AA,AA,AA,-,-,-,-,AA,AA,-,-,AA,AA,AA,-,-,AA,-,-,AA,AA,-,AA,-,-,AA,-,-,-,AA,-,AA,AA,-,AA,AA,AA,AA,-,-,-,AA,AA,AA,AA,-,BB,BB,-,AA,AA,AA,AA,-,-,-,AA,-,-,AA,AA,AA,AA,-,BB,BB,-,-,-,BB,BB,-,-,BB,-,-,-,-,BB,BB,-,BB,BB,-,-,BB,BB,BB
41,1.4867513,1.49833,35.874,39,37.4999999999998,37.5,-0.212318700538012,-,-,AA,AA,-,AA,AA,-,AA,AA,AA,AA,AA,AA,AA,-,-,AA,AA,-,AA,AA,-,AA,AA,AA,AA,AA,AA,-,AA,AA,AA,-,AA,-,AA,AA,AA,AA,AA,AA,-,-,-,-,BB,BB,BB,-,-,-,BB,-,-,-,BB,BB,BB,BB,BB,BB,BB,-,BB,BB,BB,-,AA,AA,-,AA,-,AA,-,AA,-,AA,AA,AA,AA,-,-,AA,-,-,AA,AA,AA,AA,AA,-,-,-,AA,AA,-,AA,AA,AA,AA,AA,AA,AA,AA,AA,AA,-,AA,AA,AA,AA,AA,AA,AA,-,AA,AA,-,AA,-,-,-,-,-,AA,AA,AA,AA,AA,-,AA,-,AA,-,BB,-,-,BB,BB,BB,BB,BB,BB,-,-,BB,BB,-,BB,-,-,BB,BB,BB,-,-,BB,BB,-,BB,BB,BB,-,BB,BB,BB,BB,BB,BB,BB,BB,BB,BB,BB,BB,AA,BB,BB,-,BB,-,BB,AA,AA,AA,AA,AA,AA,-,-,-,-,AA,AA,-,-,AA,-,AA,AA,AA,-,-,AA,AA,AA,AA,AA,AA,AA,AA,-,AA,-,AA,AA,-,-,-,AA,AA,-,AA,AA,AA,-,-,AA,-,AA,AA,AA,AA,-,AA,-,AA,AA,-,-,AA,-,-,-,-,AA,-,-,BB,-,-,BB,BB,BB,-,BB,BB,-,BB,BB,BB,BB,BB,BB,AA,AA,AA,AA,-,-,-,AA,-,-,AA,AA,BB,AA,BB,-,BB,BB,-,-,BB,BB,BB,BB,BB,BB,BB,BB,-,-,BB,-,-,BB,BB,BB,BB,BB,BB,BB,BB,BB,BB,BB,BB,BB,BB,BB,BB,-,BB,BB,-,BB,-,BB,BB,BB,-,-,BB,-,BB,BB,-,-,-,BB,BB,BB,BB,BB,BB,BB,BB,BB,BB,BB,BB,-,-,BB,BB,BB,-,-,BB,BB,BB,BB,-,BB,-,-,BB,BB,BB,BB,BB,BB,-,-,-,BB,-,BB,-,BB,BB,-,BB,-,BB,BB,-,-,-,BB,-,BB,BB,BB,BB,-,-,BB,BB,BB,-,-,-,BB,BB,-,BB,-,-,-,-,BB,-,BB,-,-,-,BB,BB,BB,BB,BB,-,BB,-,BB,BB,BB,BB,BB,BB,-,-,BB,-,BB,AA,BB,AA,-,AA,AA,-,-,-,-,AA,-,AA,-,AA,AA,AA,AA,AA,AA,AA
42,0.9702409,0.93,49.357129,49.8333,60.4999999999997,60.5,-1.14143892149066,-,AA,AA,AA,AA,-,AA,-,AA,AA,AA,AA,AA,-,AA,AA,-,-,AA,AA,-,AA,-,AA,AA,AA,AA,-,AA,AA,-,-,-,AA,AA,AA,AA,AA,AA,AA,-,AA,-,-,-,-,AA,-,-,AA,AA,-,-,AA,-,-,-,AA,AA,AA,-,-,AA,AA,-,-,-,-,BB,BB,BB,-,BB,-,BB,-,-,BB,-,-,BB,BB,-,-,-,-,BB,AA,BB,-,BB,-,-,-,AA,AA,-,AA,AA,AA,-,AA,-,-,BB,BB,BB,BB,BB,-,BB,BB,BB,BB,BB,-,-,AA,-,BB,BB,-,-,-,-,-,-,AA,AA,-,AA,AA,AA,AA,-,AA,-,AA,AA,-,-,AA,AA,-,AA,AA,-,-,-,AA,BB,-,-,-,BB,-,-,BB,-,BB,BB,BB,BB,BB,BB,BB,BB,-,BB,-,-,BB,BB,BB,BB,BB,BB,BB,BB,-,BB,BB,BB,-,-,BB,BB,BB,BB,AA,BB,-,-,-,-,BB,-,-,BB,BB,-,-,-,-,AA,-,AA,-,AA,-,-,AA,-,-,-,AA,AA,-,-,-,AA,AA,AA,-,AA,-,-,AA,AA,AA,AA,AA,-,-,-,-,AA,-,AA,-,AA,-,-,-,AA,AA,AA,-,AA,AA,-,-,-,BB,BB,BB,-,-,BB,BB,BB,BB,BB,-,BB,AA,AA,AA,AA,-,AA,-,-,AA,-,-,AA,AA,-,-,AA,-,-,AA,AA,AA,AA,-,AA,AA,AA,AA,AA,-,-,-,-,-,-,AA,AA,AA,BB,-,-,AA,-,AA,AA,AA,AA,AA,AA,-,AA,-,-,AA,-,AA,-,AA,-,-,-,-,AA,AA,AA,-,AA,-,-,AA,AA,AA,AA,AA,-,-,AA,AA,AA,AA,-,-,AA,AA,AA,-,AA,AA,AA,AA,AA,-,-,-,-,AA,AA,AA,AA,AA,-,AA,-,AA,AA,AA,-,-,-,AA,AA,AA,AA,AA,-,-,-,-,AA,-,AA,-,-,-,-,AA,AA,AA,-,AA,-,AA,AA,AA,-,-,BB,AA,-,-,AA,BB,BB,-,BB,-,BB,BB,BB,BB,BB,-,BB,-,BB,-,-,BB,BB,-,-,-,BB,BB,BB,BB,BB,BB,-,-,-,-,-,BB,-,-,-,-,-,BB,BB,BB,-,BB,BB,BB
43,1.4713526,1.445,42.009589,43.3333,51.9999999999999,52,-0.335214709370681,-,AA,AA,AA,-,-,AA,-,AA,AA,AA,AA,AA,-,AA,-,-,-,AA,AA,-,-,-,-,AA,-,AA,-,-,-,-,-,-,AA,AA,AA,AA,-,-,AA,AA,AA,AA,AA,-,-,BB,BB,-,AA,-,AA,-,AA,AA,-,AA,AA,-,-,AA,AA,-,BB,BB,BB,AA,AA,AA,AA,-,-,-,-,AA,AA,-,AA,AA,AA,-,-,-,AA,-,-,AA,AA,AA,AA,AA,-,-,-,AA,-,AA,-,AA,AA,AA,AA,AA,BB,BB,BB,BB,-,BB,BB,-,BB,BB,BB,AA,-,BB,-,BB,-,-,BB,-,BB,BB,BB,AA,AA,AA,AA,AA,AA,-,BB,-,AA,-,-,BB,-,BB,-,BB,-,BB,-,BB,-,BB,BB,BB,-,BB,BB,BB,BB,BB,BB,BB,-,BB,BB,BB,BB,BB,BB,BB,-,BB,-,BB,BB,BB,BB,BB,BB,BB,BB,BB,-,BB,BB,BB,-,-,BB,BB,BB,BB,-,BB,BB,-,-,BB,BB,BB,-,BB,BB,-,AA,-,-,AA,AA,AA,-,AA,AA,AA,AA,-,-,-,AA,AA,AA,-,-,AA,AA,AA,-,AA,AA,AA,-,AA,AA,AA,-,AA,AA,AA,-,AA,AA,AA,AA,AA,AA,AA,AA,AA,-,-,AA,AA,-,-,AA,AA,-,AA,AA,AA,-,AA,AA,AA,AA,AA,-,-,AA,AA,AA,AA,-,AA,-,AA,AA,AA,AA,AA,AA,AA,AA,-,-,AA,AA,AA,AA,AA,AA,BB,BB,BB,-,BB,-,BB,BB,-,BB,-,-,-,-,BB,-,-,BB,-,BB,BB,BB,BB,BB,BB,-,BB,BB,AA,AA,AA,-,-,AA,-,AA,AA,-,AA,AA,AA,AA,-,AA,-,AA,BB,-,-,AA,BB,-,-,-,-,AA,-,-,AA,AA,AA,AA,-,AA,AA,-,-,-,AA,AA,AA,AA,AA,AA,AA,AA,-,-,AA,AA,-,AA,-,AA,-,AA,AA,AA,-,-,AA,AA,AA,-,-,AA,-,-,AA,AA,AA,-,AA,-,AA,-,-,AA,-,AA,AA,AA,-,-,-,-,AA,-,AA,-,AA,AA,AA,AA,AA,AA,AA,BB,AA,AA,-,-,AA,AA,AA,AA,-,-,-,AA,AA,-,AA,AA,AA,-,-,AA,-,AA,AA,AA,AA,AA,-,AA,AA,AA,-,AA,AA,AA
44,0.483779,0.555,45.444983,50.3889,25.5,25.5,-1.84596866648033,BB,-,BB,AA,BB,-,AA,-,AA,AA,AA,AA,AA,-,AA,-,AA,-,AA,-,AA,-,AA,AA,AA,AA,AA,-,AA,-,AA,AA,-,-,-,AA,AA,BB,BB,BB,-,BB,BB,-,-,BB,BB,-,-,BB,BB,BB,-,-,-,-,-,-,BB,BB,-,BB,BB,BB,BB,BB,-,BB,BB,BB,BB,AA,-,AA,AA,-,-,-,AA,-,AA,AA,-,AA,AA,AA,-,-,AA,-,AA,-,AA,-,AA,-,-,-,AA,AA,-,AA,AA,-,AA,AA,-,AA,-,AA,AA,AA,AA,-,AA,AA,AA,AA,-,-,AA,AA,AA,AA,AA,-,-,AA,AA,-,-,AA,AA,AA,AA,-,AA,AA,AA,AA,-,-,AA,-,AA,-,AA,AA,-,AA,-,AA,AA,AA,AA,AA,AA,AA,AA,-,AA,AA,AA,AA,AA,AA,AA,-,AA,-,AA,AA,AA,AA,AA,AA,AA,AA,-,AA,AA,AA,AA,BB,BB,BB,BB,BB,BB,BB,-,-,BB,-,BB,BB,BB,BB,BB,BB,-,-,BB,BB,BB,BB,-,-,BB,AA,-,AA,-,AA,-,AA,AA,-,AA,AA,AA,AA,-,-,AA,AA,AA,-,AA,-,AA,AA,AA,-,AA,AA,-,-,AA,-,-,-,-,BB,-,BB,-,-,BB,-,-,BB,-,-,-,BB,-,-,BB,BB,BB,BB,BB,BB,BB,BB,BB,BB,BB,-,-,-,-,-,BB,BB,AA,-,-,AA,-,AA,AA,AA,AA,-,AA,-,AA,AA,AA,AA,AA,-,-,AA,-,-,AA,-,AA,AA,-,-,AA,-,AA,AA,AA,AA,AA,AA,AA,AA,-,-,AA,AA,AA,-,-,AA,-,AA,AA,AA,AA,AA,-,AA,AA,-,-,AA,AA,AA,AA,AA,AA,AA,AA,AA,AA,AA,-,-,AA,AA,-,AA,AA,-,-,-,AA,AA,AA,AA,-,AA,-,AA,AA,AA,AA,AA,AA,-,AA,AA,AA,-,-,AA,AA,AA,AA,-,AA,AA,-,AA,AA,-,AA,AA,-,AA,AA,AA,AA,AA,-,AA,AA,-,AA,AA,-,-,AA,-,-,AA,AA,-,AA,AA,AA,AA,AA,AA,-,-,AA,AA,AA,AA,AA,AA,AA,AA,AA,AA,-,-,AA,-,-,AA,AA,AA,-,AA,-,-,-,-,-,-,-,AA,-,AA,AA,AA,-,AA,AA,AA
45,1.8846909,1.89,45.123056,48,39.4999999999999,39.5,0.967421566101701,-,AA,AA,AA,AA,AA,-,AA,AA,AA,AA,AA,AA,AA,-,AA,AA,AA,AA,AA,AA,AA,-,AA,AA,AA,AA,AA,AA,-,-,AA,AA,AA,-,AA,AA,AA,AA,AA,AA,AA,-,AA,AA,-,AA,BB,AA,AA,AA,AA,AA,-,-,AA,AA,AA,AA,AA,AA,BB,BB,BB,BB,BB,-,BB,BB,BB,BB,BB,-,-,BB,-,BB,AA,AA,AA,-,-,AA,AA,-,AA,AA,AA,AA,AA,AA,AA,AA,AA,-,AA,AA,AA,AA,AA,AA,-,AA,-,AA,AA,AA,AA,AA,AA,AA,AA,AA,AA,AA,AA,-,AA,AA,AA,AA,-,-,AA,AA,AA,BB,-,BB,BB,BB,BB,-,-,BB,-,BB,BB,-,AA,-,BB,BB,BB,BB,-,-,BB,-,-,-,BB,-,-,BB,BB,BB,-,BB,BB,BB,BB,BB,BB,BB,BB,BB,BB,-,-,BB,BB,BB,BB,BB,BB,-,BB,BB,BB,BB,-,BB,AA,AA,BB,-,BB,BB,BB,-,BB,BB,-,BB,-,BB,-,BB,-,-,-,-,BB,BB,BB,BB,-,BB,BB,BB,BB,BB,BB,BB,BB,BB,-,BB,-,AA,AA,AA,-,AA,AA,AA,BB,BB,BB,BB,BB,BB,-,BB,-,BB,BB,BB,BB,BB,BB,-,-,-,BB,-,-,AA,BB,AA,AA,-,AA,-,BB,-,AA,AA,AA,AA,AA,AA,BB,AA,AA,AA,AA,AA,-,AA,-,-,AA,-,-,-,AA,-,-,-,AA,AA,AA,-,AA,AA,AA,AA,AA,AA,AA,AA,AA,AA,BB,AA,BB,-,BB,BB,BB,BB,-,BB,BB,BB,BB,BB,BB,-,BB,BB,BB,-,BB,AA,-,BB,BB,-,BB,-,-,-,BB,BB,BB,-,BB,BB,BB,-,-,-,-,BB,BB,BB,BB,BB,BB,BB,BB,BB,BB,BB,BB,BB,BB,-,BB,BB,BB,BB,-,BB,BB,-,BB,BB,BB,BB,BB,-,BB,-,BB,BB,BB,BB,BB,-,BB,BB,BB,BB,BB,BB,-,BB,-,BB,BB,BB,BB,BB,AA,-,AA,-,-,-,AA,-,AA,-,AA,AA,AA,AA,AA,-,AA,AA,AA,-,-,AA,AA,-,AA,AA,AA,AA,AA,AA,AA,AA,AA,-,AA,AA,-,-,-,AA,AA,AA,-,AA,AA,AA,-,AA,AA,AA,AA,-,-,AA,AA,AA,AA,AA,AA,AA,AA,AA,AA
46,1.0696446,1.14,41.669972,46.8333,22.5000000000007,22.5,-0.844786437150715,BB,BB,BB,BB,-,BB,BB,BB,BB,-,-,AA,-,AA,AA,AA,AA,AA,-,-,AA,-,AA,AA,AA,AA,AA,-,-,AA,-,AA,AA,AA,AA,-,AA,AA,AA,AA,-,-,AA,AA,-,-,AA,AA,AA,AA,AA,-,BB,BB,-,-,-,BB,BB,BB,-,BB,BB,BB,-,BB,-,-,BB,BB,BB,BB,-,BB,-,-,BB,BB,BB,-,BB,BB,-,BB,BB,BB,-,BB,BB,-,BB,BB,-,AA,AA,-,AA,-,AA,AA,BB,AA,AA,-,-,-,-,BB,-,AA,AA,AA,AA,-,AA,-,AA,-,-,AA,-,AA,-,-,AA,AA,AA,-,BB,BB,BB,BB,-,BB,BB,BB,-,BB,BB,BB,BB,-,BB,BB,BB,BB,-,-,BB,BB,BB,-,BB,BB,BB,-,-,-,BB,BB,BB,BB,BB,BB,BB,BB,BB,-,BB,-,BB,BB,BB,BB,BB,BB,BB,BB,BB,-,BB,-,BB,AA,AA,AA,-,AA,AA,AA,-,-,AA,AA,AA,-,AA,AA,-,AA,AA,-,AA,-,-,-,AA,AA,AA,AA,-,AA,-,AA,BB,BB,BB,BB,BB,-,BB,BB,AA,BB,BB,-,BB,BB,BB,BB,BB,-,BB,BB,BB,-,BB,BB,BB,-,-,-,-,BB,BB,-,-,BB,BB,-,-,-,AA,AA,BB,BB,AA,-,BB,BB,AA,AA,BB,BB,BB,BB,BB,BB,BB,-,BB,-,BB,BB,-,AA,AA,AA,-,AA,AA,-,AA,AA,AA,AA,AA,AA,AA,AA,AA,AA,AA,AA,AA,AA,-,-,-,-,AA,AA,-,-,AA,-,AA,AA,AA,AA,AA,AA,AA,AA,-,AA,AA,AA,AA,AA,-,AA,AA,-,-,AA,AA,AA,AA,-,AA,AA,-,-,AA,AA,AA,AA,AA,AA,AA,AA,AA,AA,AA,-,AA,AA,-,-,AA,-,-,AA,AA,AA,AA,-,-,AA,-,AA,AA,AA,-,AA,AA,-,AA,AA,-,AA,AA,AA,AA,AA,-,AA,-,AA,AA,AA,AA,AA,-,-,-,AA,AA,AA,-,BB,-,AA,AA,-,BB,BB,-,BB,BB,BB,AA,-,-,-,BB,BB,-,-,BB,BB,AA,-,AA,AA,AA,-,AA,-,AA,AA,AA,AA,AA,-,AA,-,-,AA,-,AA,-,AA,AA,AA,-,AA,AA,-,AA,-,-,AA,AA,BB,-,AA,BB,AA
47,1.1609207,1.18,48.485194,48.1667,53.0000000000003,53,-0.763059807524348,-,AA,AA,AA,AA,AA,-,AA,AA,AA,AA,AA,AA,-,AA,AA,AA,AA,AA,AA,AA,-,AA,AA,AA,AA,AA,AA,AA,AA,-,AA,-,-,AA,AA,AA,AA,AA,AA,AA,AA,-,AA,-,AA,AA,AA,-,AA,AA,BB,AA,AA,AA,AA,AA,AA,AA,AA,AA,AA,AA,-,BB,AA,BB,BB,-,-,BB,AA,AA,AA,AA,-,AA,-,AA,-,-,AA,AA,AA,-,-,AA,AA,AA,AA,AA,AA,AA,-,AA,-,AA,-,AA,AA,AA,AA,AA,-,AA,AA,AA,AA,AA,-,AA,AA,AA,AA,-,AA,-,AA,AA,AA,AA,AA,-,-,AA,AA,AA,AA,AA,AA,-,AA,AA,AA,AA,AA,AA,AA,-,AA,AA,AA,AA,AA,AA,AA,-,AA,AA,-,AA,-,AA,AA,AA,AA,-,AA,AA,AA,AA,AA,AA,AA,AA,AA,AA,AA,AA,AA,AA,AA,AA,AA,AA,AA,AA,AA,-,AA,AA,AA,AA,BB,BB,BB,BB,BB,BB,BB,BB,BB,BB,BB,-,BB,-,BB,BB,BB,BB,-,AA,AA,-,AA,-,AA,AA,AA,AA,AA,AA,-,AA,AA,AA,AA,AA,AA,AA,-,-,AA,AA,-,-,AA,BB,BB,BB,BB,BB,BB,BB,BB,BB,BB,BB,-,-,BB,BB,BB,BB,AA,-,AA,-,-,-,AA,-,-,AA,AA,-,AA,-,-,AA,AA,AA,AA,AA,AA,AA,AA,AA,AA,AA,AA,AA,-,AA,AA,AA,AA,BB,BB,BB,-,BB,-,BB,BB,BB,BB,BB,BB,BB,BB,BB,BB,BB,BB,BB,BB,BB,BB,BB,BB,BB,-,BB,BB,BB,BB,BB,BB,BB,BB,BB,BB,-,-,BB,-,BB,BB,-,BB,BB,BB,BB,BB,BB,BB,BB,BB,BB,BB,BB,BB,BB,BB,BB,BB,AA,AA,AA,AA,AA,AA,AA,AA,-,-,AA,-,AA,AA,AA,-,-,AA,-,-,AA,AA,AA,AA,AA,AA,AA,AA,-,AA,AA,-,-,AA,-,AA,AA,AA,AA,AA,AA,AA,AA,AA,AA,AA,AA,BB,BB,BB,BB,-,BB,BB,-,-,BB,BB,-,BB,BB,BB,BB,-,BB,-,BB,BB,BB,-,BB,BB,BB,BB,BB,BB,BB,BB,BB,BB,BB,BB,BB,BB,BB,BB,BB,BB,BB,BB,BB,BB,BB,BB,-,BB,BB,BB,BB,BB,BB,BB,BB,BB,-,AA,-,AA,AA,AA,AA,AA
48,1.494762,1.5,41.218138,43.5,45.0000000000001,45,-0.182159918419296,-,-,BB,BB,-,-,BB,-,BB,BB,BB,BB,BB,-,-,-,-,-,BB,-,-,-,-,BB,BB,-,BB,-,-,-,-,-,-,-,-,BB,-,BB,BB,BB,-,BB,-,-,-,-,BB,-,-,AA,-,-,-,-,-,-,-,-,AA,BB,-,-,-,-,-,-,-,-,BB,-,-,-,-,-,-,-,-,BB,-,-,-,-,-,-,-,-,BB,BB,BB,-,BB,-,-,-,-,-,-,-,BB,BB,-,BB,-,-,BB,BB,BB,-,BB,-,BB,BB,BB,BB,-,-,-,-,-,-,-,-,-,-,-,-,-,-,-,-,-,-,-,-,-,-,-,-,BB,-,-,-,-,-,-,-,-,-,-,BB,-,-,-,-,BB,-,-,-,-,-,-,BB,BB,-,BB,-,BB,-,-,-,-,AA,AA,AA,AA,AA,-,AA,-,-,AA,-,AA,-,-,BB,-,BB,BB,-,-,-,-,-,-,-,-,-,-,-,-,-,-,-,-,-,-,-,BB,-,-,BB,-,-,-,BB,BB,-,-,-,BB,-,-,-,BB,-,-,-,BB,-,-,-,-,-,-,-,-,-,-,-,-,-,-,-,-,-,-,-,-,-,-,-,-,-,-,-,-,-,-,-,BB,BB,BB,-,BB,AA,AA,AA,AA,-,-,-,-,-,-,-,-,-,-,-,-,-,-,-,-,AA,BB,-,BB,BB,BB,BB,BB,-,-,-,-,-,-,-,BB,BB,-,-,-,BB,-,AA,AA,AA,AA,AA,AA,-,-,-,-,-,-,-,-,AA,-,-,-,-,-,-,-,-,-,-,-,-,-,BB,BB,BB,BB,-,AA,AA,AA,AA,-,-,-,AA,-,-,-,AA,AA,-,-,-,-,-,-,AA,AA,AA,AA,AA,-,-,-,-,-,-,-,-,-,AA,AA,AA,-,-,-,-,-,-,AA,-,-,-,-,-,-,-,-,-,-,-,-,-,-,-,-,-,-,-,-,-,AA,-,-,-,-,-,-,AA,-,AA,AA,-,-,-,AA,-,-,AA,AA,-,-,-,AA,-,-,AA,-,AA,-,-,-,-,-,-,-,-,-,-,-,AA,AA,-,-,AA,AA,AA
49,1.9288689,1.945,44.634354,44.8333,43.5000000000007,43.5,1.22324032738863,-,-,AA,AA,-,-,AA,-,AA,AA,AA,AA,AA,-,-,-,-,-,AA,-,-,-,-,AA,AA,AA,AA,-,-,-,-,-,-,-,-,AA,AA,AA,AA,AA,-,AA,-,-,-,AA,AA,-,-,AA,-,-,-,-,-,-,AA,-,AA,AA,-,-,-,-,AA,AA,AA,-,AA,-,-,-,-,-,-,-,-,BB,-,-,-,-,BB,-,BB,-,BB,BB,BB,-,BB,BB,-,-,-,-,-,-,BB,BB,-,BB,BB,BB,BB,BB,BB,-,BB,BB,BB,BB,BB,BB,-,BB,-,-,-,-,-,-,-,-,-,-,-,-,-,BB,-,-,-,-,-,-,-,-,BB,-,BB,-,-,-,-,-,BB,-,-,BB,-,BB,-,-,BB,-,-,-,-,BB,BB,BB,BB,BB,BB,BB,BB,-,-,-,BB,BB,BB,BB,BB,BB,-,BB,-,-,BB,-,BB,AA,AA,AA,AA,AA,AA,AA,-,-,-,AA,-,-,AA,-,-,AA,-,-,-,-,-,-,AA,-,AA,-,-,AA,-,-,BB,BB,BB,-,-,-,BB,-,AA,BB,BB,-,-,-,BB,-,-,-,-,-,-,BB,BB,-,-,-,BB,-,-,-,-,-,-,-,-,-,-,-,BB,-,-,-,-,-,-,-,BB,BB,BB,BB,BB,BB,AA,AA,AA,BB,-,-,-,-,-,BB,-,-,-,-,-,-,-,BB,-,BB,BB,-,BB,BB,BB,BB,BB,-,-,BB,-,-,BB,-,BB,BB,BB,-,-,BB,BB,BB,BB,BB,BB,BB,BB,-,-,-,BB,-,-,-,-,BB,-,-,-,-,-,-,-,BB,-,-,-,BB,-,BB,BB,BB,BB,BB,BB,BB,BB,BB,-,-,-,BB,-,-,BB,BB,BB,-,-,-,-,-,-,BB,BB,BB,BB,BB,-,-,-,-,-,-,BB,-,-,BB,BB,BB,-,BB,BB,-,-,-,BB,-,BB,-,-,-,-,-,-,-,-,-,-,-,-,-,-,BB,-,-,BB,-,BB,-,-,-,-,-,-,BB,-,BB,BB,-,-,-,BB,-,-,BB,BB,BB,-,-,BB,-,-,BB,BB,BB,-,-,-,-,-,-,BB,-,-,-,-,BB,BB,-,-,BB,BB,BB
50,1.9414768,1.83333,51.722297,49.3333,70.5000000000001,70.5,0.672170865541125,AA,-,AA,AA,-,-,AA,AA,AA,AA,AA,AA,AA,AA,-,-,AA,-,AA,-,-,-,-,AA,AA,AA,AA,AA,AA,-,AA,AA,AA,AA,AA,AA,AA,AA,AA,AA,AA,AA,-,AA,AA,AA,AA,AA,-,AA,-,-,AA,-,-,AA,AA,AA,AA,AA,AA,AA,AA,AA,-,-,-,-,AA,BB,BB,BB,BB,-,BB,BB,BB,BB,BB,BB,BB,-,-,BB,BB,BB,-,BB,BB,BB,BB,-,BB,BB,-,BB,-,BB,BB,BB,-,BB,-,BB,BB,BB,-,BB,-,-,AA,AA,AA,-,AA,AA,AA,AA,AA,AA,AA,AA,-,AA,AA,AA,-,AA,AA,AA,AA,-,AA,AA,AA,AA,-,AA,AA,-,-,AA,AA,AA,-,AA,AA,AA,-,AA,-,-,-,AA,AA,AA,-,AA,-,AA,-,AA,AA,-,-,AA,AA,-,AA,-,-,AA,AA,AA,AA,AA,AA,AA,-,AA,AA,-,AA,-,-,BB,BB,BB,BB,BB,-,BB,-,BB,BB,BB,-,-,BB,BB,BB,BB,BB,BB,-,-,BB,BB,BB,BB,BB,BB,BB,BB,-,AA,BB,-,AA,AA,AA,AA,AA,AA,AA,AA,-,-,AA,-,-,AA,AA,-,AA,AA,AA,AA,-,AA,AA,-,-,AA,AA,AA,AA,AA,AA,BB,-,-,-,BB,-,BB,BB,-,BB,BB,BB,BB,BB,-,BB,AA,AA,AA,AA,-,AA,AA,AA,-,-,-,AA,-,-,AA,AA,AA,AA,AA,AA,-,-,-,AA,AA,AA,AA,AA,AA,AA,-,AA,AA,AA,AA,AA,AA,AA,AA,-,-,AA,AA,AA,AA,AA,AA,AA,AA,AA,AA,-,AA,AA,AA,-,AA,AA,AA,-,-,AA,-,-,AA,AA,-,-,-,AA,AA,AA,AA,AA,-,BB,BB,BB,BB,BB,BB,BB,-,-,BB,BB,-,-,BB,BB,BB,-,-,-,BB,-,BB,BB,-,-,BB,-,BB,-,BB,BB,BB,BB,BB,BB,BB,BB,BB,-,-,-,-,BB,BB,BB,BB,BB,BB,-,BB,BB,-,-,BB,-,-,BB,-,BB,-,BB,BB,BB,-,BB,-,-,-,-,-,BB,BB,BB,-,BB,BB,BB,-,BB,BB,BB,BB,BB,BB,BB,BB,BB,BB,BB,BB,BB,BB,BB,BB,BB,BB,BB,-,-,-,BB,BB,BB,BB,BB,BB,-,BB,BB,BB
51,1.901598,1.835,47.331253,46.6667,52,52,0.743420496902133,BB,BB,BB,BB,-,BB,BB,-,AA,AA,AA,AA,AA,AA,-,-,AA,-,AA,-,-,-,AA,AA,AA,-,AA,AA,-,AA,AA,-,AA,-,-,AA,AA,-,AA,AA,AA,BB,-,-,AA,AA,AA,-,AA,BB,AA,-,-,AA,-,-,-,AA,AA,AA,-,-,AA,AA,AA,BB,AA,AA,BB,-,-,AA,AA,-,-,AA,-,BB,-,AA,AA,-,AA,-,AA,-,BB,BB,AA,AA,AA,-,AA,AA,-,-,AA,AA,BB,BB,-,AA,BB,BB,AA,AA,AA,-,AA,BB,BB,AA,AA,AA,BB,BB,-,-,-,BB,BB,BB,-,BB,BB,BB,BB,BB,-,BB,BB,-,BB,BB,BB,BB,-,-,BB,AA,BB,BB,-,BB,BB,BB,BB,-,-,BB,BB,-,BB,BB,-,BB,-,-,-,-,AA,AA,BB,BB,AA,BB,-,-,BB,-,AA,AA,AA,AA,AA,AA,BB,AA,BB,BB,AA,BB,BB,AA,AA,AA,-,AA,AA,-,AA,-,AA,AA,AA,AA,AA,-,-,AA,AA,AA,-,AA,-,AA,AA,AA,AA,AA,AA,AA,AA,AA,AA,-,AA,AA,AA,AA,AA,AA,AA,-,AA,AA,AA,AA,BB,-,AA,AA,AA,-,AA,-,-,AA,AA,AA,-,-,-,AA,-,AA,-,AA,AA,-,AA,AA,-,-,-,AA,AA,-,AA,-,BB,BB,BB,BB,AA,AA,AA,AA,-,-,AA,-,-,AA,AA,AA,AA,-,-,AA,-,AA,AA,AA,-,BB,BB,-,BB,BB,BB,AA,BB,AA,-,BB,AA,AA,-,-,AA,AA,-,-,-,BB,AA,AA,-,AA,AA,BB,BB,AA,-,-,BB,-,-,AA,-,BB,AA,AA,AA,AA,-,-,AA,AA,-,-,-,AA,AA,AA,AA,BB,BB,AA,AA,BB,BB,AA,AA,AA,AA,BB,-,-,BB,AA,AA,-,AA,AA,-,AA,-,AA,AA,AA,AA,AA,-,AA,AA,AA,-,AA,AA,AA,-,AA,AA,AA,AA,-,AA,AA,-,AA,AA,AA,-,-,AA,-,AA,AA,AA,-,-,AA,AA,-,AA,-,AA,-,-,AA,-,AA,BB,AA,AA,AA,-,-,AA,BB,-,BB,BB,AA,-,-,AA,-,-,BB,AA,AA,-,AA,AA,-,-,AA,-,AA,AA,-,AA,-,AA,AA,-,AA,AA,-,AA,AA,AA,-,-,AA,AA,AA
52,1.591868,1.61167,38.774668,39.5,40.9999999999999,41,0.0628919974069845,BB,-,BB,BB,BB,-,BB,BB,BB,BB,-,BB,-,BB,-,BB,BB,BB,BB,BB,BB,BB,BB,BB,BB,BB,BB,BB,BB,-,BB,-,BB,BB,BB,BB,BB,BB,BB,BB,-,BB,BB,BB,-,-,BB,BB,-,BB,BB,BB,-,BB,BB,BB,BB,BB,BB,BB,BB,BB,BB,BB,BB,-,-,BB,BB,-,BB,BB,BB,BB,BB,BB,BB,BB,BB,BB,BB,BB,BB,BB,-,AA,AA,AA,AA,AA,BB,AA,AA,AA,AA,AA,AA,AA,AA,AA,-,AA,-,BB,BB,BB,BB,BB,BB,-,BB,BB,BB,BB,-,BB,-,BB,BB,-,BB,BB,BB,BB,-,BB,-,BB,BB,-,BB,-,BB,-,BB,-,BB,-,BB,-,BB,BB,BB,BB,BB,-,-,BB,BB,BB,-,-,-,BB,BB,BB,-,BB,BB,-,-,BB,BB,BB,-,BB,BB,BB,BB,-,-,-,BB,BB,BB,BB,BB,BB,BB,BB,AA,AA,BB,-,-,AA,-,AA,AA,-,AA,AA,AA,AA,BB,BB,BB,BB,BB,BB,BB,BB,AA,AA,AA,AA,-,AA,AA,AA,AA,AA,AA,AA,-,AA,BB,AA,AA,-,AA,AA,-,-,AA,AA,AA,AA,AA,-,AA,-,AA,AA,-,-,AA,-,-,AA,AA,-,AA,AA,BB,BB,BB,BB,BB,-,BB,-,BB,-,BB,BB,BB,BB,BB,BB,-,BB,-,-,BB,AA,-,AA,AA,AA,AA,AA,AA,-,-,-,BB,AA,-,AA,-,AA,AA,AA,AA,-,-,AA,AA,AA,AA,AA,AA,-,AA,-,AA,AA,-,-,AA,AA,BB,BB,BB,BB,BB,BB,BB,BB,BB,BB,-,BB,BB,BB,-,BB,BB,BB,-,-,BB,-,-,BB,BB,-,-,BB,-,BB,BB,BB,-,BB,BB,BB,BB,-,BB,BB,BB,BB,BB,BB,-,BB,BB,BB,BB,-,BB,BB,-,BB,BB,BB,BB,-,BB,BB,BB,BB,BB,BB,BB,BB,BB,-,BB,BB,BB,BB,BB,BB,BB,-,BB,BB,BB,BB,BB,-,BB,BB,-,AA,BB,-,-,-,BB,BB,BB,BB,BB,BB,-,BB,BB,-,BB,-,BB,BB,-,-,BB,-,-,-,-,BB,BB,-,AA,BB,BB,BB,BB,BB,BB,-,BB,BB,BB,-,BB,AA,AA,AA,AA,-,AA,AA,AA,AA,AA,AA,AA,AA,AA,AA,AA,AA,AA,-,AA,AA
53,0.6388909,0.72167,41.433216,46.6667,24.4999999999998,24.5,-1.62932215828965,AA,AA,AA,AA,AA,AA,AA,AA,AA,AA,-,AA,AA,AA,AA,AA,AA,AA,AA,AA,AA,AA,AA,AA,AA,AA,AA,AA,-,AA,AA,AA,AA,AA,AA,AA,AA,AA,AA,AA,-,AA,AA,AA,AA,AA,AA,AA,AA,AA,AA,AA,AA,-,AA,AA,AA,AA,AA,AA,AA,AA,AA,AA,-,AA,AA,AA,AA,-,-,-,BB,BB,BB,BB,BB,-,BB,BB,BB,BB,-,BB,BB,-,BB,BB,BB,BB,BB,AA,AA,AA,-,AA,AA,-,AA,AA,-,AA,AA,-,BB,BB,BB,BB,BB,BB,BB,BB,BB,BB,BB,-,-,AA,BB,-,BB,BB,BB,BB,BB,-,BB,BB,BB,-,AA,-,AA,AA,-,AA,AA,AA,AA,AA,AA,AA,AA,AA,AA,AA,-,AA,AA,AA,-,AA,-,AA,AA,AA,AA,-,AA,-,-,AA,AA,AA,-,AA,AA,AA,AA,AA,AA,-,-,AA,AA,AA,-,AA,AA,AA,AA,-,AA,-,BB,BB,BB,BB,BB,-,BB,BB,BB,BB,BB,BB,BB,BB,BB,-,-,BB,-,BB,BB,BB,BB,BB,BB,BB,BB,BB,BB,BB,BB,-,BB,BB,BB,BB,BB,-,BB,BB,BB,BB,BB,-,BB,BB,BB,BB,BB,-,BB,BB,BB,BB,-,BB,BB,BB,BB,BB,BB,BB,BB,-,BB,-,BB,BB,BB,BB,BB,BB,BB,BB,BB,BB,-,BB,-,BB,BB,BB,-,BB,BB,BB,BB,BB,BB,BB,BB,BB,BB,BB,BB,BB,BB,BB,BB,BB,BB,-,-,BB,BB,AA,AA,AA,AA,AA,AA,-,AA,AA,-,AA,AA,AA,AA,-,-,BB,BB,BB,BB,BB,BB,BB,-,BB,BB,BB,-,BB,BB,BB,-,BB,BB,-,BB,BB,-,BB,BB,BB,BB,-,-,AA,AA,AA,BB,AA,AA,BB,BB,AA,AA,BB,BB,BB,BB,AA,-,AA,-,AA,AA,AA,AA,AA,-,AA,AA,-,AA,AA,AA,AA,AA,AA,AA,AA,AA,AA,-,AA,-,AA,AA,AA,AA,-,AA,AA,AA,AA,AA,AA,-,AA,BB,BB,BB,BB,-,BB,BB,-,BB,BB,BB,BB,BB,-,BB,-,BB,BB,BB,BB,BB,BB,BB,BB,BB,BB,BB,BB,BB,BB,BB,BB,BB,-,-,BB,BB,AA,BB,BB,BB,BB,BB,BB,-,BB,-,BB,-,BB,BB,BB,BB,-,BB,BB,-,BB,BB,BB,BB,BB,BB,BB
54,1.7145588,1.77833,38.212639,41.6667,25.5000000000001,25.5,0.517625245832955,-,-,AA,AA,AA,-,AA,-,AA,AA,-,AA,-,AA,-,AA,-,-,BB,BB,BB,BB,BB,BB,AA,BB,AA,-,-,-,-,-,-,-,BB,BB,BB,BB,BB,BB,BB,BB,BB,BB,-,BB,BB,-,BB,BB,-,-,BB,-,-,BB,-,BB,BB,BB,-,BB,BB,BB,-,BB,-,-,BB,-,BB,BB,-,-,BB,BB,BB,BB,-,-,-,-,BB,-,BB,BB,BB,BB,BB,-,BB,-,BB,BB,-,BB,BB,-,BB,BB,-,-,BB,AA,AA,AA,AA,-,AA,AA,AA,AA,AA,AA,AA,-,-,AA,-,AA,-,AA,-,-,-,BB,-,-,-,AA,-,-,AA,-,-,-,-,AA,AA,AA,-,-,-,AA,-,AA,-,-,-,AA,AA,AA,-,-,AA,-,-,AA,AA,AA,-,AA,AA,AA,-,AA,AA,AA,AA,-,AA,-,-,AA,BB,BB,-,BB,-,AA,AA,-,AA,-,BB,BB,-,AA,AA,-,-,-,-,AA,AA,AA,-,-,-,-,AA,-,-,AA,-,-,-,AA,AA,AA,-,AA,-,AA,-,-,AA,AA,-,-,AA,-,-,AA,AA,-,AA,-,AA,AA,-,-,AA,-,-,-,-,AA,-,-,-,-,AA,-,AA,-,-,-,AA,AA,AA,AA,-,AA,-,-,-,AA,AA,AA,AA,AA,-,AA,AA,BB,-,BB,BB,-,-,-,BB,BB,-,-,-,-,-,-,BB,-,-,-,AA,-,-,-,BB,BB,BB,BB,BB,-,BB,BB,-,BB,-,BB,BB,BB,BB,BB,-,BB,BB,BB,BB,BB,-,BB,-,BB,-,-,-,BB,BB,BB,BB,-,-,-,BB,-,BB,-,-,BB,BB,-,-,BB,-,BB,BB,BB,BB,BB,BB,AA,AA,BB,-,-,-,AA,-,-,-,AA,AA,-,-,-,-,BB,BB,-,BB,BB,BB,BB,-,BB,-,-,-,-,BB,-,BB,BB,BB,BB,BB,-,BB,BB,-,BB,BB,BB,BB,BB,-,-,-,BB,-,BB,-,-,-,-,-,-,BB,-,BB,-,-,-,BB,AA,AA,-,AA,-,-,-,-,AA,AA,-,AA,AA,AA,-,-,AA,AA,-,-,-,AA,-,-,AA,AA,AA,AA,-,-,-,AA,-,-,-,AA,-,-,AA,AA,AA,-,-,AA,AA
55,1.7351302,1.765,40.695323,44.1667,36.5000000000006,36.5,0.422628442276567,AA,AA,AA,AA,-,-,-,AA,AA,AA,AA,AA,AA,AA,-,AA,AA,AA,AA,-,AA,AA,AA,AA,AA,AA,AA,-,-,-,AA,-,-,-,AA,AA,AA,AA,AA,AA,AA,AA,AA,AA,-,AA,AA,AA,AA,AA,AA,BB,-,-,AA,-,AA,AA,AA,AA,AA,AA,AA,AA,AA,AA,AA,AA,AA,-,-,AA,AA,AA,AA,AA,-,AA,-,-,AA,AA,-,AA,AA,AA,AA,AA,AA,AA,AA,AA,AA,AA,-,-,AA,AA,AA,AA,AA,AA,AA,AA,AA,AA,AA,-,AA,-,AA,AA,AA,BB,-,-,-,BB,BB,-,BB,AA,-,-,-,BB,BB,BB,-,-,-,-,-,-,-,-,BB,-,BB,BB,BB,BB,BB,BB,BB,-,BB,BB,-,-,-,-,-,BB,BB,BB,BB,-,-,-,-,BB,BB,BB,BB,BB,BB,BB,BB,-,BB,BB,BB,AA,AA,AA,-,AA,AA,AA,AA,AA,AA,AA,AA,AA,AA,AA,AA,-,AA,AA,AA,AA,BB,BB,BB,-,-,-,-,BB,BB,BB,-,BB,-,-,BB,BB,BB,BB,-,BB,-,BB,BB,BB,BB,BB,BB,-,-,-,BB,BB,BB,BB,BB,-,-,-,BB,BB,-,-,BB,-,-,BB,-,-,-,AA,AA,AA,AA,AA,AA,AA,AA,-,-,-,-,AA,-,AA,AA,AA,AA,AA,AA,AA,AA,AA,AA,AA,AA,-,AA,AA,AA,-,-,-,AA,BB,AA,BB,-,-,BB,-,BB,BB,BB,BB,BB,BB,BB,BB,BB,BB,BB,BB,-,BB,BB,-,BB,BB,BB,BB,BB,BB,BB,BB,BB,BB,BB,BB,BB,BB,BB,-,BB,-,BB,BB,BB,BB,BB,-,-,-,BB,-,BB,-,-,-,BB,-,-,BB,BB,BB,BB,BB,BB,BB,BB,BB,BB,BB,-,-,BB,-,BB,BB,BB,-,BB,-,BB,BB,-,BB,BB,BB,BB,BB,BB,-,BB,BB,BB,-,BB,BB,BB,BB,BB,BB,BB,-,BB,-,-,-,BB,BB,BB,-,-,BB,BB,BB,-,BB,BB,BB,-,BB,BB,BB,-,AA,AA,AA,AA,-,-,AA,-,-,-,-,-,-,AA,BB,-,-,AA,AA,-,AA,AA,-,BB,AA,AA,BB,BB,-,-,BB,BB,-,BB,BB,BB,BB,-,AA,AA,AA,AA,AA,AA,AA,AA,AA,-,AA,AA,AA
56,1.9428994,2,43.369401,42,51.8795180722883,52,1.82602425981251,AA,AA,AA,AA,AA,AA,AA,-,AA,AA,AA,AA,AA,-,AA,-,-,-,BB,-,-,-,-,BB,AA,BB,AA,BB,BB,-,-,-,BB,BB,-,BB,BB,BB,BB,BB,-,BB,BB,BB,BB,-,BB,-,-,BB,-,BB,-,BB,-,-,-,BB,BB,BB,BB,BB,-,-,BB,BB,BB,-,BB,-,BB,-,BB,-,-,BB,-,BB,-,BB,-,BB,-,-,-,-,BB,BB,BB,BB,BB,BB,-,-,-,-,-,-,BB,BB,BB,BB,BB,-,AA,AA,AA,-,AA,-,AA,AA,AA,AA,AA,-,-,AA,-,-,AA,-,-,-,AA,-,-,-,AA,-,-,AA,-,AA,AA,-,-,AA,AA,AA,AA,-,-,-,-,BB,-,-,-,BB,BB,-,BB,BB,BB,-,BB,BB,-,-,BB,BB,BB,BB,BB,BB,BB,-,BB,-,BB,BB,BB,BB,BB,BB,-,BB,-,-,BB,-,BB,AA,AA,AA,AA,AA,AA,AA,-,-,-,-,-,-,AA,AA,-,AA,-,AA,-,AA,AA,-,-,-,AA,-,AA,AA,-,-,-,-,AA,AA,-,-,AA,-,-,-,AA,-,-,-,AA,AA,-,-,-,AA,-,-,AA,-,-,-,AA,-,-,BB,BB,-,-,BB,BB,BB,-,BB,BB,-,BB,-,-,-,-,-,BB,BB,BB,BB,BB,AA,AA,-,AA,-,-,-,AA,-,-,-,AA,-,AA,-,-,-,AA,-,AA,AA,AA,AA,AA,AA,AA,AA,AA,-,AA,AA,-,AA,-,AA,AA,AA,-,AA,-,BB,-,BB,BB,BB,BB,BB,BB,-,-,BB,BB,-,-,BB,-,BB,-,-,BB,-,-,-,-,-,-,-,BB,-,-,BB,BB,BB,BB,BB,BB,BB,BB,BB,BB,-,BB,BB,BB,-,-,BB,BB,-,-,-,BB,-,-,BB,BB,BB,BB,BB,-,-,-,BB,-,BB,-,-,BB,BB,BB,BB,-,BB,BB,-,-,-,BB,BB,BB,-,BB,-,-,-,-,-,-,-,-,-,-,-,-,BB,-,-,-,BB,BB,BB,-,-,BB,-,-,BB,-,BB,BB,BB,-,BB,BB,BB,-,BB,BB,-,-,-,BB,BB,BB,BB,-,BB,BB,AA,-,AA,-,-,-,-,-,-,AA,AA,AA,AA,-,AA,AA,AA
57,1.9384142,2,42.809182,47.6667,23,23,1.82602425981251,-,BB,BB,BB,-,BB,BB,-,BB,BB,BB,BB,BB,-,BB,BB,-,BB,BB,-,BB,-,BB,BB,BB,BB,BB,BB,BB,BB,BB,BB,BB,BB,BB,BB,BB,BB,BB,BB,BB,BB,BB,BB,BB,BB,BB,BB,-,BB,BB,BB,BB,-,BB,BB,BB,BB,BB,BB,BB,BB,BB,-,BB,BB,AA,AA,AA,AA,AA,AA,AA,AA,AA,AA,-,AA,AA,AA,AA,-,AA,AA,AA,AA,AA,AA,AA,AA,AA,AA,-,AA,AA,AA,AA,BB,BB,BB,BB,-,BB,AA,AA,AA,AA,AA,AA,BB,BB,BB,BB,BB,BB,BB,-,-,BB,BB,BB,BB,-,BB,BB,BB,BB,BB,BB,BB,BB,BB,BB,BB,-,BB,BB,-,BB,BB,BB,BB,BB,BB,BB,BB,BB,BB,BB,AA,BB,BB,-,BB,BB,-,BB,BB,BB,BB,BB,BB,BB,BB,BB,BB,BB,BB,BB,-,BB,BB,BB,BB,BB,BB,BB,BB,BB,BB,BB,BB,BB,BB,BB,BB,BB,BB,BB,BB,BB,BB,BB,-,BB,-,BB,BB,BB,-,-,BB,-,BB,BB,BB,BB,-,BB,BB,BB,BB,BB,BB,BB,BB,BB,BB,BB,BB,BB,-,AA,BB,BB,BB,BB,BB,BB,BB,BB,BB,BB,BB,BB,BB,BB,BB,BB,-,-,BB,BB,BB,BB,BB,BB,BB,-,BB,BB,AA,AA,AA,-,-,AA,AA,AA,AA,AA,AA,AA,AA,AA,BB,BB,BB,BB,BB,-,BB,BB,BB,BB,BB,-,BB,BB,BB,BB,-,BB,BB,-,BB,BB,BB,BB,BB,BB,BB,BB,BB,-,BB,BB,BB,BB,-,BB,BB,BB,-,BB,BB,-,BB,BB,BB,-,BB,BB,BB,BB,BB,BB,BB,-,BB,BB,BB,-,BB,BB,-,BB,BB,BB,BB,BB,-,BB,BB,BB,BB,BB,BB,BB,BB,BB,BB,BB,BB,BB,BB,BB,BB,BB,-,BB,BB,BB,BB,BB,BB,-,BB,-,AA,AA,AA,AA,AA,-,-,AA,AA,-,AA,AA,-,AA,AA,AA,AA,-,AA,-,AA,AA,AA,AA,AA,AA,AA,AA,AA,AA,AA,AA,AA,AA,-,AA,AA,AA,AA,-,AA,AA,-,AA,-,AA,AA,AA,-,AA,AA,AA,AA,AA,AA,AA,AA,AA,AA,AA,AA,AA,AA,AA,AA,AA,AA,AA,-,AA,AA,AA,AA,-,AA,AA,AA,AA,-,AA,-,BB,-,-,AA,BB,BB,-,BB,BB,BB
58,1.918504,2,48.235299,53.3333,24.4999999999996,24.5,1.82602425981251,AA,-,AA,AA,-,AA,AA,-,AA,AA,AA,AA,AA,-,-,-,-,-,AA,-,AA,-,-,AA,AA,AA,AA,-,-,-,-,AA,-,-,AA,AA,AA,AA,AA,AA,-,AA,-,-,-,-,AA,BB,-,AA,AA,-,-,-,-,-,-,AA,AA,AA,BB,-,BB,-,-,-,-,-,AA,AA,-,AA,-,-,-,-,BB,BB,-,-,BB,-,-,-,-,BB,BB,BB,BB,-,BB,-,BB,-,-,-,BB,-,BB,BB,-,-,-,-,BB,BB,BB,BB,BB,-,AA,AA,AA,AA,-,-,-,AA,-,AA,AA,AA,-,AA,AA,-,-,-,-,AA,-,-,-,AA,-,-,-,-,AA,-,-,-,-,-,AA,-,-,AA,-,AA,-,-,-,AA,AA,-,AA,-,AA,AA,AA,AA,AA,AA,AA,AA,AA,-,-,-,-,AA,AA,AA,AA,AA,-,AA,-,-,AA,-,AA,-,-,AA,AA,AA,AA,-,-,-,-,AA,-,-,-,BB,-,-,BB,-,BB,-,-,BB,-,-,BB,-,-,BB,-,-,BB,BB,BB,-,-,BB,BB,-,-,-,BB,-,-,-,BB,-,-,-,-,BB,-,BB,-,BB,-,BB,-,BB,-,-,-,BB,-,-,-,AA,-,-,-,-,-,AA,-,-,-,-,BB,BB,-,-,-,BB,BB,BB,BB,-,-,-,-,-,-,BB,-,-,BB,-,-,-,-,-,-,BB,BB,-,AA,AA,AA,AA,AA,-,-,-,-,-,-,-,AA,AA,-,-,AA,AA,AA,AA,AA,AA,-,AA,AA,-,-,BB,-,-,-,-,-,AA,-,AA,-,-,-,-,BB,BB,-,-,BB,-,-,BB,BB,BB,BB,-,AA,AA,BB,AA,-,-,-,BB,-,-,BB,BB,BB,-,-,-,BB,-,-,BB,BB,BB,BB,-,-,-,-,BB,-,-,-,-,-,BB,BB,BB,-,-,-,-,-,-,BB,-,BB,-,BB,-,BB,-,-,-,-,BB,-,-,BB,-,BB,-,-,-,BB,BB,BB,BB,-,-,-,-,BB,BB,-,BB,BB,-,BB,BB,BB,-,BB,BB,BB,BB,-,BB,BB,BB,-,-,BB,BB,-,-,-,BB,-,-,BB,-,-,-,BB,BB,BB,-,-,BB,BB,BB
59,1.7679564,1.84833,50.309846,54,27.0000000000001,27,0.79815807910195,BB,-,BB,BB,-,BB,BB,BB,BB,BB,BB,BB,BB,-,-,BB,-,-,BB,-,BB,-,BB,BB,BB,BB,BB,BB,BB,-,-,AA,AA,AA,AA,AA,AA,AA,AA,AA,-,AA,AA,AA,-,-,AA,AA,AA,AA,AA,-,-,-,-,-,-,-,AA,AA,-,BB,-,-,BB,BB,-,-,BB,BB,BB,BB,-,-,BB,BB,-,BB,BB,BB,BB,-,-,-,-,BB,BB,BB,BB,BB,BB,-,-,-,BB,-,-,-,BB,BB,BB,-,BB,-,AA,AA,AA,-,AA,AA,BB,BB,BB,BB,BB,BB,BB,BB,-,BB,BB,-,BB,-,BB,-,BB,-,-,BB,BB,BB,BB,-,BB,BB,-,BB,BB,BB,BB,BB,-,-,-,AA,-,-,AA,AA,-,AA,-,-,AA,AA,AA,AA,AA,-,AA,AA,AA,AA,AA,AA,AA,AA,-,-,AA,AA,AA,AA,AA,AA,-,AA,AA,AA,AA,AA,AA,AA,AA,AA,AA,AA,AA,-,-,-,-,-,-,-,-,-,-,AA,AA,AA,AA,-,-,AA,-,-,AA,-,AA,AA,-,AA,AA,-,AA,AA,-,AA,AA,AA,AA,AA,AA,-,AA,-,AA,AA,AA,-,AA,AA,AA,AA,-,AA,-,AA,AA,-,-,-,-,-,-,AA,-,-,AA,-,-,-,AA,AA,AA,AA,-,AA,AA,AA,AA,AA,AA,BB,BB,BB,BB,-,-,BB,BB,BB,-,BB,-,-,BB,-,-,-,BB,BB,-,BB,BB,-,BB,AA,AA,AA,AA,-,-,AA,-,-,-,-,AA,AA,AA,-,-,AA,-,AA,AA,AA,-,AA,AA,AA,-,AA,AA,-,AA,-,-,AA,-,-,-,-,-,AA,-,AA,AA,AA,-,-,-,-,AA,AA,AA,BB,BB,BB,BB,BB,-,BB,-,BB,-,-,BB,BB,BB,-,BB,BB,BB,-,-,BB,BB,BB,BB,BB,-,BB,-,-,BB,BB,-,BB,-,BB,BB,BB,-,BB,-,BB,-,-,BB,BB,BB,BB,-,AA,BB,-,-,BB,-,BB,BB,BB,-,BB,BB,AA,BB,BB,-,-,BB,-,-,BB,BB,BB,-,BB,-,BB,BB,-,-,-,BB,BB,-,BB,BB,-,BB,BB,BB,-,-,-,BB,BB,-,BB,BB,BB,-,BB,-,BB,BB,BB,-,BB,BB,-,-,BB,BB,BB
60,1.4962964,1.47167,44.82957,45.3333,59.4999999999993,59.5,-0.269414642558672,AA,AA,AA,AA,AA,-,AA,-,AA,AA,AA,AA,AA,-,-,-,-,AA,AA,-,-,-,-,AA,AA,AA,AA,-,-,-,-,-,-,AA,-,AA,AA,AA,AA,AA,-,AA,-,-,-,-,BB,-,BB,BB,-,BB,-,-,-,BB,-,BB,BB,BB,-,-,-,-,-,-,BB,-,BB,-,-,-,-,-,-,-,BB,BB,-,-,-,-,-,-,-,AA,AA,AA,AA,AA,AA,-,AA,-,-,-,-,-,AA,AA,-,-,-,-,BB,BB,BB,-,BB,-,BB,BB,BB,BB,-,-,-,-,BB,-,-,BB,-,BB,BB,-,-,-,BB,-,-,-,-,-,-,-,-,-,-,-,-,-,-,-,-,-,AA,-,-,AA,-,AA,-,-,AA,-,-,-,-,AA,AA,AA,AA,AA,AA,AA,BB,BB,-,-,-,BB,BB,BB,BB,BB,BB,BB,-,BB,BB,-,BB,-,-,AA,-,AA,AA,-,-,AA,-,-,-,-,-,-,AA,-,-,-,-,-,-,-,BB,-,BB,-,BB,BB,-,-,-,BB,BB,BB,-,-,BB,BB,-,-,BB,BB,-,-,BB,BB,BB,-,-,-,-,-,-,BB,-,-,BB,-,-,-,BB,-,-,-,BB,-,-,-,-,-,-,-,-,-,BB,-,BB,BB,BB,-,BB,BB,-,AA,-,-,-,-,AA,-,-,-,AA,-,AA,-,AA,-,-,-,AA,-,BB,-,BB,AA,AA,AA,AA,-,-,-,-,AA,-,AA,AA,AA,-,-,-,AA,-,AA,AA,AA,-,AA,-,-,-,AA,-,-,-,-,-,AA,-,-,-,-,AA,AA,-,-,-,AA,-,-,-,AA,AA,AA,AA,-,BB,BB,BB,BB,-,BB,-,-,-,-,-,BB,BB,-,-,-,-,-,-,BB,BB,BB,BB,-,-,-,-,-,-,BB,-,-,BB,AA,AA,AA,-,-,AA,-,AA,-,AA,AA,AA,-,-,-,AA,AA,-,-,AA,-,-,-,-,-,-,AA,-,-,-,AA,AA,AA,-,-,-,-,-,AA,BB,BB,BB,BB,-,-,BB,-,-,BB,BB,BB,-,-,BB,-,BB,BB,-,AA,-,-,BB,-,-,-,AA,-,-,AA,-,AA,AA,-,AA,AA,AA,AA
61,1.7744204,1.86167,45.72922,51.0556,22.9999999999993,23,0.834268330869748,-,-,AA,AA,-,AA,AA,AA,AA,AA,AA,AA,AA,AA,-,-,AA,-,AA,-,-,AA,AA,AA,AA,AA,AA,AA,-,-,AA,AA,AA,AA,AA,AA,AA,AA,AA,AA,AA,AA,-,-,AA,-,AA,-,-,AA,-,-,-,AA,-,-,AA,-,AA,AA,BB,-,-,-,AA,AA,-,-,AA,-,-,-,-,-,-,-,-,AA,-,BB,BB,BB,BB,BB,BB,-,BB,BB,BB,BB,BB,BB,BB,-,BB,-,-,BB,BB,BB,BB,BB,BB,-,AA,AA,AA,AA,AA,-,AA,AA,AA,AA,AA,-,-,-,-,AA,-,-,-,-,AA,AA,-,BB,-,-,AA,-,-,AA,-,AA,AA,-,BB,AA,BB,BB,BB,-,BB,-,BB,BB,-,BB,-,BB,BB,BB,BB,-,-,BB,-,BB,BB,BB,BB,BB,BB,BB,BB,BB,-,-,BB,BB,BB,BB,BB,BB,BB,BB,-,-,BB,-,BB,BB,BB,BB,BB,BB,BB,-,-,BB,-,BB,BB,-,-,BB,BB,BB,BB,-,BB,BB,BB,-,BB,BB,BB,-,-,BB,-,BB,-,BB,BB,BB,BB,-,BB,BB,BB,BB,BB,-,BB,BB,AA,-,-,-,-,AA,AA,AA,-,-,AA,AA,AA,AA,AA,BB,AA,-,-,-,-,-,AA,AA,-,-,-,-,AA,-,-,AA,AA,AA,AA,AA,AA,BB,BB,BB,BB,-,-,-,-,BB,BB,-,BB,BB,-,BB,BB,-,-,BB,-,BB,BB,-,BB,BB,BB,BB,BB,-,-,BB,BB,BB,-,BB,BB,BB,BB,BB,-,BB,-,BB,BB,BB,BB,BB,BB,BB,BB,BB,BB,BB,-,BB,-,BB,BB,BB,-,BB,-,-,BB,BB,BB,BB,-,-,-,BB,BB,BB,BB,AA,AA,AA,AA,AA,-,-,AA,AA,AA,-,AA,AA,AA,-,-,AA,AA,-,AA,AA,AA,AA,AA,AA,AA,-,-,-,AA,AA,-,-,BB,BB,BB,BB,-,-,BB,BB,-,-,BB,BB,BB,-,BB,BB,-,BB,-,AA,BB,-,BB,BB,BB,BB,BB,BB,BB,BB,-,-,BB,-,-,AA,-,-,-,AA,-,AA,AA,AA,AA,-,AA,-,-,BB,BB,BB,BB,BB,BB,-,-,BB,BB,BB,-,BB,-,-,-,-,BB,-,-,BB,-,BB,BB,BB,-,BB,BB,BB
62,1.8824883,1.945,41.752582,45.8333,19.5000000000001,19.5,1.22324032738863,-,-,AA,-,-,-,-,-,AA,AA,AA,AA,AA,-,-,-,-,-,BB,-,-,-,-,AA,AA,BB,BB,-,-,-,-,-,-,-,-,BB,BB,AA,BB,BB,-,BB,-,-,-,-,BB,-,-,BB,-,-,-,-,-,-,-,-,BB,AA,-,-,-,-,-,BB,-,-,BB,-,-,-,-,-,-,-,-,BB,-,-,-,-,-,-,-,-,BB,BB,AA,-,-,-,-,-,-,-,-,-,BB,BB,BB,BB,BB,-,AA,AA,AA,-,AA,-,-,BB,BB,BB,-,-,-,-,-,-,-,-,-,-,-,-,-,-,-,-,-,-,-,-,-,-,-,-,-,BB,-,-,-,-,-,-,-,-,-,-,-,-,-,-,BB,-,-,-,-,-,BB,BB,BB,-,BB,AA,BB,-,-,-,BB,BB,BB,BB,BB,BB,-,BB,-,-,BB,-,AA,BB,BB,BB,-,BB,AA,-,-,-,-,-,-,-,-,-,-,-,-,-,-,-,-,-,-,-,BB,-,-,BB,-,-,-,BB,BB,-,-,-,BB,-,-,-,AA,-,-,-,AA,-,-,-,-,-,-,-,-,-,-,-,-,-,-,-,-,-,-,-,-,-,-,-,-,-,-,-,-,-,-,-,AA,AA,AA,AA,AA,BB,BB,-,BB,-,-,-,-,-,-,-,-,-,-,-,-,-,-,-,-,BB,BB,-,BB,BB,BB,-,BB,-,-,BB,-,-,-,-,AA,BB,-,-,-,AA,-,BB,BB,BB,BB,AA,AA,-,-,-,AA,-,-,-,-,AA,-,-,-,-,-,-,-,-,-,-,-,-,-,BB,AA,AA,AA,AA,-,AA,-,AA,-,-,-,-,-,-,-,AA,AA,-,-,-,-,-,-,AA,AA,AA,AA,AA,-,-,-,-,-,-,-,-,-,AA,AA,AA,-,-,-,-,-,-,BB,-,AA,-,-,-,-,-,-,-,-,-,-,-,-,-,-,-,-,-,-,-,AA,-,-,-,-,-,-,AA,-,AA,AA,-,-,-,AA,-,-,AA,AA,-,-,-,BB,-,-,BB,-,AA,-,-,-,-,-,-,-,-,-,-,-,AA,AA,-,-,AA,AA,-
63,1.4893474,1.48667,46.775684,49.8333,22.9999999999998,23,-0.227469096233007,AA,AA,AA,AA,AA,AA,AA,-,AA,AA,AA,AA,AA,AA,AA,AA,AA,-,AA,-,-,-,-,AA,AA,AA,AA,AA,AA,AA,AA,AA,AA,AA,AA,AA,AA,AA,AA,AA,-,AA,AA,-,-,-,AA,BB,AA,AA,AA,AA,AA,AA,AA,AA,AA,AA,AA,AA,-,AA,AA,AA,AA,AA,AA,-,AA,AA,-,AA,AA,AA,AA,-,-,BB,BB,BB,-,BB,-,BB,BB,-,BB,BB,BB,BB,BB,BB,BB,-,BB,BB,BB,-,BB,BB,BB,BB,BB,BB,BB,BB,BB,-,BB,BB,BB,BB,BB,BB,BB,-,BB,-,BB,BB,BB,BB,BB,BB,BB,-,BB,-,BB,BB,BB,-,BB,BB,BB,BB,BB,BB,BB,BB,BB,BB,BB,BB,BB,BB,-,BB,-,BB,BB,BB,-,BB,BB,BB,BB,BB,-,BB,-,-,BB,BB,-,BB,BB,BB,BB,BB,-,-,-,-,-,-,-,-,BB,BB,AA,AA,BB,AA,AA,AA,AA,BB,BB,AA,-,-,-,AA,AA,AA,-,BB,BB,BB,BB,-,BB,BB,BB,BB,BB,-,BB,-,BB,BB,-,BB,BB,BB,BB,BB,-,BB,BB,BB,BB,BB,BB,BB,BB,BB,BB,BB,-,BB,BB,BB,BB,BB,BB,BB,BB,BB,-,BB,BB,-,BB,-,BB,-,-,BB,BB,BB,BB,BB,BB,AA,-,BB,BB,BB,BB,BB,BB,BB,BB,BB,BB,BB,BB,BB,-,-,-,BB,-,BB,-,BB,-,BB,BB,-,BB,BB,BB,BB,BB,-,BB,BB,BB,BB,BB,BB,BB,BB,BB,BB,BB,-,BB,BB,BB,BB,BB,BB,-,BB,BB,BB,BB,BB,BB,BB,BB,BB,BB,-,-,-,BB,BB,-,BB,BB,BB,BB,BB,-,BB,BB,BB,BB,BB,BB,BB,BB,BB,BB,AA,AA,AA,AA,AA,AA,-,AA,AA,-,AA,-,AA,AA,AA,AA,AA,AA,AA,AA,AA,AA,AA,AA,AA,AA,AA,-,AA,-,-,AA,-,AA,AA,AA,AA,AA,-,AA,AA,AA,AA,AA,AA,-,-,-,-,-,-,BB,-,BB,BB,-,BB,BB,BB,-,BB,BB,-,BB,BB,BB,BB,BB,-,BB,BB,BB,BB,BB,BB,BB,BB,BB,-,BB,BB,BB,BB,BB,BB,-,BB,AA,-,AA,AA,AA,AA,AA,AA,AA,AA,-,-,AA,-,-,AA,AA,AA,AA,AA,-,AA,AA,AA
64,1.4369679,1.52833,44.332749,49.6111,23.5,23.5,-0.137221828805116,BB,BB,BB,BB,-,-,BB,BB,BB,BB,BB,BB,BB,-,BB,BB,BB,BB,BB,-,-,BB,AA,BB,BB,BB,BB,AA,AA,-,AA,AA,-,AA,AA,AA,AA,AA,AA,AA,-,AA,-,AA,BB,AA,BB,BB,BB,AA,BB,BB,-,BB,BB,BB,BB,BB,BB,BB,-,BB,BB,BB,BB,BB,BB,-,BB,BB,BB,BB,BB,BB,BB,-,BB,BB,BB,BB,-,-,BB,-,BB,BB,BB,BB,BB,BB,BB,-,-,-,AA,-,AA,-,AA,AA,BB,-,AA,AA,AA,AA,AA,-,AA,AA,AA,AA,AA,AA,AA,-,-,AA,-,AA,AA,-,-,AA,AA,AA,AA,-,BB,-,BB,BB,BB,BB,-,BB,BB,BB,BB,BB,BB,BB,BB,-,-,-,BB,-,BB,BB,BB,BB,BB,BB,BB,-,-,-,-,BB,BB,BB,BB,-,BB,BB,BB,BB,BB,-,BB,BB,BB,BB,BB,BB,BB,BB,BB,BB,BB,-,BB,BB,BB,BB,BB,BB,BB,BB,BB,BB,-,-,BB,BB,BB,BB,BB,BB,BB,-,-,AA,AA,AA,AA,AA,AA,-,AA,AA,-,AA,BB,BB,BB,-,-,AA,AA,AA,-,AA,AA,AA,AA,AA,AA,-,AA,-,AA,AA,-,AA,-,AA,-,BB,-,BB,BB,BB,-,-,-,BB,BB,BB,BB,-,BB,BB,BB,BB,BB,BB,BB,BB,BB,BB,BB,BB,BB,BB,BB,BB,BB,BB,BB,BB,-,-,BB,BB,BB,BB,-,-,BB,BB,BB,BB,BB,BB,BB,BB,BB,BB,BB,BB,BB,BB,BB,BB,-,BB,-,-,BB,BB,-,-,-,BB,BB,BB,BB,AA,-,AA,AA,-,-,AA,AA,-,AA,AA,AA,AA,AA,-,AA,AA,AA,AA,AA,AA,AA,-,AA,AA,-,AA,AA,AA,AA,AA,AA,AA,AA,AA,AA,-,-,AA,-,AA,-,AA,AA,AA,AA,AA,-,-,AA,AA,AA,AA,AA,AA,-,-,AA,-,-,AA,AA,-,AA,AA,AA,AA,-,-,AA,-,AA,AA,AA,-,AA,-,AA,AA,AA,AA,AA,AA,AA,AA,-,AA,-,AA,AA,-,AA,AA,-,AA,AA,-,AA,AA,-,-,-,AA,AA,AA,AA,AA,AA,-,AA,-,-,AA,AA,AA,AA,AA,AA,AA,AA,-,AA,AA,AA,AA,-,AA,-,-,AA,-,-,AA,-,AA,AA,-,AA,AA,AA,AA
65,1.9522813,1.945,53.464475,53.1667,58.4999999999999,58.5,1.22324032738863,-,BB,BB,BB,BB,BB,BB,BB,BB,BB,BB,BB,BB,BB,-,BB,-,BB,BB,BB,-,BB,BB,BB,BB,BB,BB,-,-,BB,-,BB,BB,BB,BB,BB,BB,BB,BB,BB,-,BB,BB,-,BB,-,BB,-,BB,BB,BB,BB,-,-,-,-,BB,BB,BB,BB,-,BB,BB,-,BB,-,-,BB,BB,BB,BB,-,-,-,-,BB,-,BB,BB,-,BB,BB,BB,BB,BB,-,BB,BB,BB,BB,BB,-,BB,-,-,-,-,-,BB,BB,-,BB,-,-,BB,BB,BB,BB,BB,-,BB,BB,BB,BB,-,-,-,BB,BB,-,-,BB,AA,AA,-,-,AA,AA,-,AA,AA,AA,AA,AA,AA,AA,AA,AA,AA,-,-,AA,-,-,-,AA,AA,AA,AA,AA,-,AA,AA,AA,AA,-,-,-,AA,AA,AA,AA,AA,-,AA,AA,-,AA,AA,AA,-,AA,AA,AA,AA,AA,AA,AA,-,AA,AA,AA,AA,-,-,AA,-,AA,AA,-,-,AA,-,AA,-,AA,AA,-,-,-,-,AA,AA,AA,-,AA,-,AA,AA,-,AA,AA,-,AA,AA,BB,BB,BB,-,BB,BB,AA,BB,AA,BB,AA,-,AA,AA,AA,AA,-,AA,AA,-,AA,AA,BB,AA,AA,-,-,AA,AA,-,AA,-,AA,AA,-,AA,-,AA,AA,AA,-,AA,-,-,-,AA,AA,AA,-,AA,AA,AA,AA,AA,AA,AA,AA,AA,-,-,AA,AA,AA,AA,AA,-,AA,-,AA,AA,AA,AA,AA,AA,AA,AA,AA,AA,-,-,-,AA,-,-,-,AA,AA,AA,-,-,AA,-,AA,AA,AA,AA,AA,AA,-,-,AA,-,-,BB,-,BB,BB,BB,-,-,-,-,BB,BB,-,BB,BB,-,-,BB,-,BB,BB,BB,-,BB,BB,BB,BB,-,-,-,BB,-,-,-,AA,AA,AA,AA,-,-,AA,AA,AA,AA,AA,AA,AA,-,-,AA,-,-,AA,-,-,AA,AA,AA,AA,AA,-,-,-,-,AA,AA,AA,AA,AA,AA,AA,AA,AA,-,AA,-,-,-,-,AA,-,AA,AA,-,-,-,AA,AA,AA,-,-,-,-,-,AA,-,AA,AA,AA,-,-,AA,-,-,AA,AA,-,AA,-,BB,-,-,BB,BB,BB,-,BB,-,BB,BB,-,-,BB,-,BB,BB,BB,BB,-,-,BB,BB,BB
66,1.8716989,1.945,42.292102,46.1667,22.5000000000003,22.5,1.22324032738863,BB,-,BB,BB,-,BB,BB,-,BB,BB,BB,BB,BB,-,BB,BB,-,-,BB,-,-,BB,-,BB,BB,BB,BB,BB,-,BB,BB,-,BB,BB,BB,BB,BB,BB,BB,BB,-,BB,BB,-,BB,-,BB,BB,BB,BB,-,-,BB,-,BB,-,BB,BB,BB,BB,-,BB,BB,-,-,BB,BB,-,BB,BB,-,BB,BB,BB,-,BB,-,BB,-,-,-,-,-,BB,-,BB,BB,BB,BB,-,BB,-,-,BB,BB,BB,-,BB,BB,BB,BB,BB,BB,-,AA,-,-,-,BB,-,BB,BB,BB,BB,BB,BB,-,BB,-,-,-,-,BB,-,-,-,BB,-,BB,-,BB,-,-,-,-,-,BB,-,BB,BB,-,-,-,-,BB,-,BB,BB,-,BB,-,BB,BB,-,BB,-,BB,-,AA,AA,BB,BB,BB,-,AA,BB,AA,-,-,AA,AA,AA,AA,AA,AA,AA,AA,AA,-,AA,AA,AA,AA,BB,BB,BB,BB,BB,BB,BB,-,-,-,-,-,-,-,BB,-,-,-,-,-,-,-,-,-,-,BB,-,BB,BB,-,-,-,BB,BB,-,BB,-,BB,BB,-,BB,BB,-,-,BB,BB,BB,BB,BB,BB,-,-,-,BB,-,-,-,-,-,BB,BB,-,BB,BB,BB,-,AA,-,-,-,-,-,-,AA,AA,AA,AA,AA,AA,AA,AA,AA,BB,BB,BB,BB,-,-,-,-,-,-,BB,-,-,AA,-,BB,-,-,-,BB,BB,BB,BB,AA,AA,AA,AA,AA,-,-,AA,AA,-,AA,-,AA,AA,-,AA,-,AA,-,AA,AA,AA,AA,AA,AA,-,AA,AA,AA,-,-,-,-,AA,-,-,AA,AA,AA,AA,-,-,AA,AA,AA,-,-,AA,-,AA,AA,BB,BB,BB,BB,BB,-,BB,-,BB,-,-,-,BB,BB,-,BB,BB,BB,-,-,BB,BB,BB,BB,BB,BB,-,BB,BB,-,BB,-,BB,BB,BB,BB,BB,BB,-,BB,-,-,-,BB,BB,BB,-,BB,BB,-,-,BB,-,-,-,-,-,-,-,BB,-,BB,-,BB,BB,BB,-,BB,-,BB,BB,BB,BB,AA,AA,AA,-,AA,AA,AA,-,AA,BB,BB,BB,-,BB,BB,BB,-,BB,BB,BB,BB,BB,-,-,-,BB,-,BB,-,AA,AA,-,-,AA,-,-,BB,AA
67,1.2855068,1.36167,39.442062,44.6667,20,20,-0.526098085213035,-,AA,AA,AA,AA,AA,AA,-,AA,AA,AA,AA,AA,AA,AA,-,AA,-,AA,-,AA,AA,AA,AA,AA,AA,AA,-,-,AA,-,AA,-,-,AA,AA,AA,AA,AA,AA,-,AA,-,AA,-,-,AA,-,BB,BB,-,BB,BB,-,BB,BB,BB,BB,BB,BB,BB,BB,AA,BB,AA,BB,AA,-,AA,-,-,-,-,-,AA,-,AA,AA,AA,AA,AA,-,AA,AA,-,AA,AA,AA,AA,AA,AA,BB,BB,-,BB,BB,-,AA,BB,BB,BB,BB,AA,-,BB,BB,BB,BB,BB,-,BB,BB,BB,BB,BB,-,BB,-,-,-,BB,BB,BB,-,BB,BB,BB,-,BB,BB,-,BB,AA,AA,AA,-,AA,AA,AA,AA,AA,AA,AA,AA,AA,AA,AA,AA,-,AA,-,-,-,-,AA,AA,AA,AA,AA,-,AA,AA,AA,-,AA,AA,BB,BB,BB,BB,BB,BB,BB,BB,BB,BB,BB,BB,BB,-,BB,BB,BB,AA,AA,AA,AA,AA,AA,AA,-,-,-,AA,-,AA,-,AA,-,-,-,-,AA,-,AA,AA,AA,AA,AA,-,AA,AA,AA,AA,AA,AA,AA,AA,AA,-,AA,AA,-,AA,AA,-,AA,-,AA,AA,AA,AA,AA,AA,AA,-,AA,AA,-,-,-,AA,AA,-,AA,AA,AA,-,-,AA,AA,-,-,-,AA,AA,AA,AA,AA,AA,AA,AA,AA,AA,AA,BB,BB,BB,BB,BB,BB,-,BB,-,BB,BB,BB,BB,BB,BB,BB,BB,BB,BB,BB,BB,BB,BB,BB,BB,BB,BB,BB,BB,-,BB,-,BB,BB,BB,BB,BB,BB,BB,-,BB,-,BB,BB,BB,BB,BB,BB,BB,-,BB,BB,-,BB,BB,-,BB,BB,BB,BB,-,BB,BB,BB,BB,BB,BB,BB,BB,BB,BB,BB,BB,BB,AA,AA,AA,AA,AA,-,-,AA,AA,AA,AA,AA,AA,AA,-,AA,AA,AA,AA,AA,AA,AA,AA,AA,AA,AA,AA,AA,AA,-,-,-,AA,AA,AA,AA,AA,AA,AA,AA,AA,-,AA,AA,AA,AA,AA,AA,AA,AA,-,-,-,AA,-,AA,-,AA,AA,AA,AA,AA,AA,AA,AA,AA,AA,AA,-,AA,AA,-,AA,AA,AA,AA,-,AA,-,AA,AA,AA,AA,AA,-,AA,AA,AA,AA,AA,AA,AA,AA,-,AA,AA,AA,-,AA,AA,AA,-,AA,AA,AA,AA,-,AA,AA,AA,AA
68,1.83341,1.89,41.694112,45.6667,20,20,0.967421566101701,AA,AA,AA,AA,AA,-,AA,AA,AA,AA,AA,AA,AA,-,AA,AA,AA,AA,AA,AA,AA,-,-,AA,AA,AA,AA,-,AA,AA,-,-,AA,AA,AA,AA,AA,AA,AA,AA,-,AA,AA,AA,AA,AA,AA,AA,AA,AA,AA,AA,AA,AA,AA,AA,AA,AA,AA,AA,AA,AA,AA,AA,AA,AA,AA,AA,AA,-,-,AA,AA,AA,AA,AA,AA,AA,AA,AA,-,BB,BB,BB,BB,BB,BB,BB,BB,BB,BB,BB,BB,BB,BB,-,BB,BB,-,-,BB,-,-,BB,BB,BB,BB,BB,BB,BB,BB,BB,BB,BB,BB,BB,BB,BB,BB,BB,BB,BB,BB,BB,-,BB,BB,BB,BB,BB,BB,-,BB,BB,BB,BB,-,-,BB,BB,BB,BB,BB,BB,BB,BB,-,BB,BB,BB,BB,BB,BB,-,BB,BB,BB,BB,-,-,BB,BB,BB,BB,BB,BB,BB,BB,BB,BB,BB,BB,BB,BB,BB,BB,BB,BB,BB,BB,BB,-,BB,-,-,AA,-,AA,AA,-,AA,AA,AA,AA,AA,AA,AA,AA,AA,-,AA,AA,AA,AA,AA,AA,AA,AA,AA,AA,-,AA,AA,AA,AA,-,BB,AA,AA,-,AA,-,AA,-,AA,-,AA,AA,AA,AA,AA,AA,-,AA,-,AA,AA,AA,-,AA,AA,AA,AA,AA,AA,AA,AA,AA,-,BB,BB,-,BB,BB,BB,BB,BB,BB,BB,BB,BB,BB,BB,BB,BB,BB,BB,BB,BB,BB,BB,BB,BB,BB,BB,BB,BB,-,BB,BB,BB,BB,BB,BB,BB,BB,BB,BB,BB,BB,BB,BB,BB,-,-,BB,BB,-,-,BB,BB,BB,BB,BB,-,BB,BB,BB,BB,BB,BB,BB,BB,-,-,-,BB,BB,BB,BB,BB,BB,BB,BB,BB,BB,BB,BB,BB,-,-,BB,BB,BB,BB,BB,BB,BB,BB,BB,BB,BB,BB,BB,-,BB,BB,BB,BB,BB,BB,BB,BB,BB,BB,BB,AA,AA,-,AA,AA,AA,AA,AA,AA,AA,AA,AA,BB,-,BB,BB,BB,BB,BB,BB,BB,BB,BB,BB,BB,-,BB,-,BB,BB,-,BB,BB,BB,BB,-,BB,-,BB,BB,BB,BB,BB,-,BB,-,BB,-,BB,BB,BB,BB,BB,BB,BB,BB,BB,BB,BB,BB,BB,BB,BB,BB,BB,BB,BB,BB,BB,BB,BB,BB,BB,BB,BB,BB,BB,BB,BB,-,-,-,-,AA,-,AA,AA,AA,AA,AA,-,AA,AA,AA
69,1.3555733,1.36,44.499074,46.8333,44.0000000000001,44,-0.538878777973129,BB,BB,BB,BB,BB,BB,BB,BB,BB,BB,BB,BB,BB,BB,BB,BB,BB,BB,BB,-,BB,-,BB,BB,BB,BB,BB,BB,BB,-,BB,BB,BB,BB,BB,BB,BB,BB,BB,BB,BB,BB,BB,BB,BB,BB,BB,-,BB,AA,AA,AA,AA,-,AA,AA,AA,AA,AA,AA,-,AA,AA,AA,AA,AA,AA,-,AA,AA,AA,AA,AA,AA,AA,AA,AA,AA,AA,AA,AA,AA,-,AA,AA,AA,AA,AA,AA,-,AA,AA,AA,AA,AA,AA,AA,AA,AA,AA,-,AA,AA,BB,BB,BB,BB,-,BB,BB,BB,BB,BB,BB,BB,BB,BB,BB,BB,BB,BB,BB,BB,BB,BB,BB,BB,-,BB,-,BB,BB,BB,BB,BB,-,-,-,BB,BB,-,BB,-,BB,BB,-,BB,BB,BB,BB,BB,BB,BB,-,BB,BB,BB,BB,-,-,BB,BB,BB,BB,BB,BB,BB,BB,AA,BB,AA,BB,AA,AA,AA,AA,-,AA,BB,AA,BB,BB,AA,BB,BB,BB,BB,BB,BB,BB,BB,BB,BB,BB,BB,BB,BB,BB,BB,-,BB,BB,BB,-,BB,BB,BB,BB,BB,BB,BB,BB,BB,BB,BB,-,BB,BB,BB,BB,BB,BB,BB,BB,BB,BB,BB,BB,BB,-,BB,BB,BB,-,-,BB,BB,BB,-,BB,BB,BB,BB,BB,-,BB,BB,BB,BB,BB,BB,BB,BB,BB,BB,BB,BB,BB,BB,-,BB,BB,BB,BB,BB,AA,AA,AA,AA,AA,AA,AA,-,AA,AA,AA,AA,AA,AA,-,AA,AA,AA,AA,AA,AA,AA,AA,AA,AA,AA,AA,AA,-,AA,AA,AA,AA,-,AA,AA,AA,AA,AA,AA,AA,-,AA,AA,AA,AA,AA,AA,AA,-,-,AA,AA,AA,AA,-,BB,BB,-,BB,-,BB,BB,BB,BB,BB,BB,-,BB,BB,BB,BB,BB,BB,BB,BB,BB,BB,BB,-,BB,BB,BB,-,BB,-,BB,BB,BB,BB,BB,BB,BB,BB,BB,BB,BB,BB,BB,BB,BB,-,BB,-,BB,BB,BB,-,BB,BB,BB,BB,BB,-,BB,BB,BB,BB,BB,BB,BB,BB,AA,AA,-,AA,AA,-,-,AA,AA,AA,AA,AA,AA,-,AA,AA,AA,AA,AA,AA,AA,AA,AA,AA,AA,AA,AA,AA,AA,-,-,AA,AA,-,AA,AA,AA,-,AA,AA,AA,AA,AA,AA,AA,AA,AA,-,AA,AA,AA,AA,AA,AA,AA,AA,AA,AA,AA,-,AA,AA,AA
70,1.2440354,1.30667,41.101006,46,23.5,23.5,-0.590922616605795,BB,BB,AA,AA,BB,BB,BB,BB,BB,BB,BB,AA,AA,BB,AA,BB,AA,AA,AA,AA,AA,AA,AA,AA,AA,AA,AA,AA,AA,AA,AA,AA,AA,AA,AA,AA,AA,AA,AA,AA,AA,AA,AA,AA,-,AA,AA,AA,AA,AA,AA,AA,AA,AA,AA,AA,AA,AA,AA,AA,AA,AA,-,AA,AA,BB,AA,AA,AA,-,AA,AA,AA,AA,AA,AA,AA,AA,BB,BB,BB,BB,BB,BB,BB,BB,BB,BB,BB,BB,BB,-,BB,BB,BB,BB,BB,BB,BB,BB,AA,BB,AA,BB,BB,BB,BB,BB,AA,AA,BB,AA,AA,AA,AA,AA,AA,AA,AA,AA,AA,AA,AA,AA,AA,AA,AA,-,AA,AA,AA,AA,AA,AA,AA,AA,AA,AA,AA,AA,AA,AA,AA,AA,AA,AA,-,AA,AA,AA,AA,AA,-,AA,AA,AA,AA,-,AA,AA,AA,AA,BB,AA,AA,BB,BB,AA,-,AA,BB,AA,AA,AA,AA,AA,AA,AA,AA,AA,AA,AA,BB,AA,AA,AA,AA,AA,AA,-,AA,AA,AA,BB,BB,BB,BB,BB,BB,BB,BB,BB,BB,BB,BB,BB,BB,BB,BB,BB,BB,AA,BB,BB,BB,BB,BB,BB,BB,BB,BB,BB,BB,BB,BB,BB,BB,BB,BB,BB,BB,BB,BB,BB,BB,BB,BB,BB,BB,BB,BB,BB,BB,BB,BB,BB,BB,BB,BB,BB,BB,BB,BB,BB,BB,-,BB,BB,BB,BB,BB,BB,BB,BB,BB,BB,BB,BB,BB,BB,BB,BB,BB,BB,BB,BB,BB,BB,BB,BB,BB,BB,BB,BB,BB,BB,BB,-,BB,BB,BB,AA,BB,BB,BB,BB,BB,BB,BB,BB,AA,AA,BB,BB,-,BB,BB,AA,AA,AA,AA,BB,BB,BB,BB,BB,AA,BB,BB,BB,BB,BB,BB,BB,BB,BB,BB,AA,AA,AA,-,AA,AA,AA,AA,AA,AA,AA,AA,BB,BB,BB,BB,AA,AA,AA,AA,AA,AA,AA,AA,AA,AA,AA,AA,AA,AA,AA,-,AA,AA,AA,AA,AA,AA,AA,AA,-,AA,AA,AA,AA,AA,AA,AA,AA,AA,-,AA,AA,AA,AA,BB,AA,BB,AA,AA,AA,AA,AA,AA,AA,AA,AA,AA,AA,AA,AA,AA,AA,AA,AA,AA,AA,AA,AA,AA,AA,AA,-,AA,AA,AA,AA,AA,AA,AA,AA,BB,AA,-,AA,BB,AA,AA,AA,BB,-,AA,BB,AA,AA,AA,AA,AA,AA,AA,AA,AA,AA,AA,AA,AA,AA,AA,AA,-,AA,AA,BB
71,1.8139638,1.868,46.158236,50.2,25,25,0.85539884379652,BB,BB,BB,BB,BB,BB,BB,BB,BB,BB,BB,BB,BB,-,BB,-,BB,BB,BB,BB,BB,-,BB,BB,BB,BB,BB,-,BB,-,-,AA,-,-,-,AA,AA,AA,AA,AA,AA,AA,AA,-,-,AA,AA,-,BB,BB,-,-,-,BB,BB,-,-,-,BB,BB,-,-,-,BB,-,BB,-,-,BB,BB,BB,-,BB,-,BB,BB,-,BB,BB,BB,-,BB,BB,BB,BB,-,BB,BB,BB,-,BB,-,-,-,BB,-,-,BB,BB,BB,BB,BB,BB,-,BB,BB,BB,-,BB,BB,BB,BB,BB,BB,-,BB,-,-,BB,BB,-,-,BB,-,-,-,-,-,-,AA,-,-,AA,AA,AA,AA,AA,AA,AA,AA,AA,-,AA,-,AA,AA,AA,BB,-,AA,AA,AA,-,AA,AA,-,-,AA,AA,AA,AA,AA,AA,-,AA,AA,BB,BB,BB,-,BB,BB,BB,BB,BB,BB,BB,BB,BB,BB,BB,-,BB,BB,BB,BB,-,BB,BB,-,-,-,BB,-,-,-,BB,BB,BB,-,-,-,-,-,-,BB,BB,-,BB,BB,BB,BB,-,BB,-,BB,BB,BB,BB,BB,BB,BB,AA,-,BB,BB,-,-,BB,BB,-,BB,-,-,-,-,BB,BB,BB,BB,-,BB,-,-,BB,BB,-,-,-,-,BB,-,-,BB,-,-,-,-,-,BB,BB,BB,BB,BB,BB,BB,BB,BB,BB,BB,-,BB,-,BB,-,BB,BB,AA,-,AA,AA,-,-,AA,AA,AA,AA,-,AA,AA,AA,AA,AA,AA,AA,AA,-,AA,-,AA,AA,AA,AA,AA,-,AA,-,AA,AA,AA,AA,AA,AA,AA,-,AA,AA,-,AA,AA,AA,AA,AA,AA,-,-,AA,-,AA,-,-,-,-,-,-,AA,AA,AA,BB,AA,AA,AA,AA,AA,-,AA,AA,AA,AA,-,AA,AA,AA,-,-,-,AA,AA,-,AA,AA,AA,AA,AA,AA,AA,AA,-,AA,AA,-,AA,-,AA,AA,AA,-,-,AA,AA,AA,-,AA,AA,-,-,-,-,-,AA,AA,-,AA,AA,AA,-,AA,AA,-,-,-,AA,-,-,AA,AA,-,-,-,-,-,AA,-,AA,AA,-,-,AA,AA,AA,AA,AA,BB,-,-,BB,BB,-,BB,BB,-,BB,BB,BB,-,-,-,-,-,-,-,-,BB,BB,BB,-,BB,BB,BB,BB
72,1.3040553,1.39,41.113799,44,26.0000000000002,26,-0.455196954073443,AA,AA,AA,AA,-,AA,AA,AA,AA,AA,AA,AA,AA,AA,AA,AA,AA,AA,AA,AA,AA,AA,AA,AA,AA,AA,AA,AA,AA,AA,AA,AA,AA,AA,AA,AA,AA,AA,AA,AA,AA,AA,AA,AA,AA,AA,AA,AA,AA,AA,AA,BB,AA,AA,AA,AA,AA,AA,AA,AA,AA,AA,AA,AA,AA,AA,AA,AA,AA,-,AA,AA,AA,BB,AA,BB,BB,BB,BB,BB,BB,AA,AA,AA,AA,AA,AA,AA,AA,AA,AA,BB,BB,BB,BB,BB,BB,BB,BB,BB,BB,BB,BB,AA,AA,AA,AA,AA,AA,AA,AA,AA,AA,AA,AA,AA,AA,AA,AA,AA,AA,AA,-,AA,AA,AA,AA,AA,AA,AA,AA,AA,AA,AA,AA,AA,AA,AA,AA,AA,AA,AA,AA,AA,AA,AA,AA,AA,AA,AA,AA,AA,AA,AA,AA,AA,AA,AA,AA,AA,AA,AA,AA,AA,AA,AA,AA,AA,AA,AA,AA,AA,AA,AA,AA,AA,AA,AA,AA,AA,AA,AA,AA,AA,AA,AA,AA,BB,BB,BB,AA,BB,BB,BB,BB,BB,BB,BB,BB,BB,BB,BB,BB,BB,BB,BB,BB,BB,BB,BB,BB,BB,BB,BB,BB,BB,BB,BB,BB,BB,BB,BB,BB,BB,BB,BB,BB,BB,BB,BB,BB,BB,BB,BB,BB,BB,BB,BB,BB,BB,BB,BB,BB,BB,BB,BB,BB,BB,BB,BB,BB,BB,BB,BB,BB,BB,BB,BB,BB,BB,BB,BB,BB,BB,BB,BB,BB,BB,BB,BB,BB,BB,BB,BB,BB,BB,BB,BB,BB,BB,BB,BB,BB,BB,BB,BB,BB,BB,BB,BB,BB,BB,BB,BB,BB,BB,BB,BB,BB,BB,BB,BB,BB,BB,BB,BB,-,BB,BB,BB,BB,BB,BB,BB,BB,BB,BB,BB,BB,BB,BB,BB,BB,BB,BB,BB,BB,BB,BB,BB,BB,BB,BB,BB,BB,BB,BB,BB,BB,AA,AA,AA,AA,AA,AA,AA,AA,AA,AA,AA,AA,AA,AA,AA,AA,AA,AA,AA,AA,AA,AA,AA,AA,AA,AA,AA,AA,AA,AA,AA,AA,AA,AA,AA,AA,AA,AA,AA,AA,AA,AA,AA,AA,BB,AA,BB,BB,BB,BB,BB,BB,BB,BB,BB,BB,BB,BB,BB,BB,BB,BB,BB,BB,BB,BB,BB,BB,BB,BB,BB,BB,BB,BB,BB,BB,BB,BB,BB,BB,BB,BB,BB,BB,BB,BB,BB,BB,BB,BB,BB,BB,BB,BB,BB,BB,BB,BB,BB,BB,BB,BB,BB,BB,BB,BB,BB,BB,BB,BB,BB
73,1.8916574,1.89,40.682044,35.3333,37.879518072289,38,0.967421566101701,AA,AA,AA,BB,BB,-,-,BB,BB,BB,BB,BB,BB,BB,BB,BB,BB,BB,BB,BB,BB,BB,BB,BB,BB,BB,BB,-,-,-,BB,-,BB,-,BB,BB,BB,BB,BB,BB,BB,BB,-,BB,BB,BB,BB,BB,BB,BB,AA,BB,BB,BB,BB,-,BB,BB,BB,BB,BB,-,BB,BB,BB,BB,-,BB,BB,BB,BB,BB,BB,BB,BB,BB,BB,BB,BB,BB,BB,BB,-,BB,-,BB,BB,BB,BB,BB,BB,BB,BB,BB,BB,BB,BB,BB,BB,BB,BB,BB,BB,BB,BB,BB,BB,BB,BB,BB,BB,BB,BB,BB,BB,BB,-,BB,BB,-,BB,-,BB,BB,-,BB,BB,BB,-,-,BB,-,AA,-,-,AA,AA,AA,AA,AA,-,BB,BB,BB,BB,-,BB,BB,BB,-,-,-,-,-,BB,BB,BB,-,-,-,BB,BB,BB,BB,BB,BB,BB,BB,BB,-,BB,BB,BB,BB,BB,BB,BB,BB,BB,BB,BB,BB,BB,AA,AA,AA,AA,AA,AA,-,AA,AA,AA,AA,AA,AA,AA,AA,AA,AA,AA,AA,AA,AA,AA,AA,-,AA,AA,AA,AA,AA,AA,AA,AA,AA,AA,AA,AA,AA,AA,AA,-,-,AA,AA,AA,AA,AA,AA,AA,-,AA,AA,AA,AA,AA,-,-,AA,AA,-,AA,AA,AA,AA,AA,AA,AA,-,BB,BB,BB,BB,BB,BB,BB,BB,BB,BB,BB,BB,BB,BB,BB,AA,AA,AA,AA,AA,AA,AA,AA,-,BB,-,BB,BB,BB,BB,BB,BB,BB,BB,BB,BB,BB,BB,BB,BB,BB,BB,BB,BB,BB,BB,BB,BB,BB,-,BB,BB,BB,BB,BB,BB,BB,BB,BB,BB,BB,BB,BB,BB,BB,BB,BB,-,BB,BB,BB,BB,BB,BB,-,BB,BB,-,-,BB,-,BB,BB,BB,BB,-,BB,BB,BB,AA,AA,AA,AA,AA,AA,AA,-,-,AA,AA,-,AA,AA,AA,AA,AA,AA,AA,-,AA,AA,AA,AA,AA,AA,AA,AA,AA,-,-,AA,AA,AA,AA,AA,AA,AA,-,AA,AA,AA,-,AA,-,AA,AA,AA,AA,AA,AA,AA,BB,AA,-,-,BB,BB,BB,BB,BB,BB,BB,-,-,BB,AA,-,AA,AA,-,-,AA,AA,AA,AA,-,-,AA,AA,AA,AA,AA,AA,AA,AA,AA,AA,-,AA,AA,AA,AA,AA,AA,AA,AA,AA,AA,AA,AA,AA,AA,AA,AA,AA,AA,AA,AA,AA,AA
74,1.1691438,1.25,43.969673,49,22.5,22.5,-0.672170865541125,BB,-,BB,BB,BB,BB,BB,BB,BB,BB,BB,BB,BB,BB,BB,BB,BB,BB,BB,BB,BB,BB,BB,BB,BB,BB,BB,BB,BB,-,BB,-,BB,BB,-,BB,BB,BB,BB,AA,BB,AA,AA,AA,AA,AA,AA,AA,AA,AA,-,AA,AA,AA,AA,AA,-,AA,AA,AA,AA,-,AA,AA,AA,AA,AA,AA,AA,AA,AA,AA,AA,AA,-,AA,AA,AA,BB,BB,BB,-,BB,BB,BB,BB,BB,BB,BB,-,BB,BB,BB,BB,BB,BB,BB,BB,BB,BB,BB,BB,BB,BB,BB,BB,BB,BB,BB,BB,BB,AA,AA,AA,AA,AA,AA,AA,AA,AA,-,AA,AA,-,AA,AA,AA,AA,AA,AA,AA,AA,AA,AA,AA,-,AA,AA,AA,AA,AA,-,AA,AA,AA,AA,AA,AA,AA,AA,-,AA,AA,AA,AA,AA,-,AA,AA,AA,AA,AA,AA,AA,AA,AA,AA,AA,AA,AA,AA,AA,AA,AA,AA,AA,AA,AA,AA,AA,AA,AA,AA,AA,AA,AA,AA,AA,AA,AA,AA,AA,-,AA,AA,AA,AA,AA,AA,AA,AA,AA,AA,AA,AA,-,AA,AA,AA,-,AA,AA,AA,AA,AA,-,AA,AA,AA,AA,AA,AA,AA,AA,AA,AA,AA,AA,AA,-,AA,AA,AA,AA,AA,AA,AA,AA,AA,AA,BB,BB,BB,BB,BB,BB,BB,BB,BB,BB,BB,-,BB,-,BB,BB,BB,BB,BB,BB,BB,BB,BB,BB,BB,BB,BB,BB,BB,BB,BB,BB,BB,BB,BB,BB,BB,BB,BB,BB,BB,BB,BB,BB,BB,BB,BB,BB,BB,BB,BB,BB,BB,BB,-,BB,AA,AA,AA,-,AA,AA,AA,AA,AA,AA,AA,AA,AA,AA,AA,AA,AA,AA,AA,AA,AA,AA,AA,AA,AA,AA,AA,AA,-,-,AA,AA,BB,BB,AA,AA,BB,BB,BB,BB,AA,BB,BB,AA,AA,AA,AA,AA,AA,AA,AA,AA,AA,AA,AA,AA,AA,AA,-,AA,AA,AA,AA,AA,AA,AA,AA,AA,AA,-,AA,AA,-,AA,AA,AA,AA,AA,AA,AA,AA,AA,AA,AA,AA,AA,AA,-,-,-,AA,AA,AA,AA,-,AA,-,AA,AA,AA,AA,AA,AA,AA,AA,AA,AA,AA,BB,BB,BB,BB,BB,BB,AA,BB,AA,AA,AA,AA,AA,AA,AA,AA,AA,AA,AA,AA,AA,AA,AA,AA,AA,AA,AA,AA,AA,-,AA,AA,AA,AA,AA,AA,AA,AA,AA,AA,AA,-,AA,AA,AA,AA
75,1.4223268,1.41667,44.344501,47.1667,37.0000000000001,37,-0.40250061721073,-,-,AA,BB,-,-,BB,BB,BB,BB,BB,BB,BB,-,BB,-,-,-,BB,-,-,-,-,BB,BB,BB,BB,-,BB,BB,-,-,AA,AA,-,AA,AA,AA,AA,AA,-,BB,BB,BB,-,-,BB,-,-,BB,BB,BB,BB,BB,BB,-,BB,BB,BB,BB,-,-,BB,-,BB,BB,BB,BB,BB,BB,BB,BB,-,BB,-,BB,AA,AA,AA,AA,-,AA,AA,-,-,AA,AA,AA,AA,-,AA,AA,-,-,AA,AA,AA,AA,AA,AA,AA,AA,AA,BB,BB,BB,BB,BB,BB,-,BB,BB,BB,BB,-,BB,BB,BB,-,BB,-,-,BB,BB,BB,-,BB,BB,-,-,AA,AA,AA,AA,AA,-,AA,-,AA,AA,AA,AA,AA,AA,-,AA,AA,AA,-,AA,AA,-,-,AA,AA,-,AA,-,AA,AA,AA,AA,AA,AA,AA,AA,AA,AA,-,-,AA,AA,AA,AA,AA,AA,AA,AA,AA,AA,AA,-,AA,AA,AA,AA,-,BB,BB,AA,AA,BB,BB,BB,BB,-,BB,BB,-,-,BB,BB,BB,-,-,-,BB,BB,BB,BB,BB,BB,BB,BB,-,BB,BB,BB,BB,-,BB,BB,-,BB,BB,-,BB,BB,BB,-,BB,BB,BB,BB,BB,BB,BB,BB,BB,-,BB,BB,BB,BB,-,-,BB,-,BB,-,-,-,BB,BB,-,-,-,-,-,BB,BB,BB,BB,BB,BB,AA,AA,AA,AA,-,-,-,AA,-,AA,-,-,AA,-,-,-,-,AA,AA,AA,AA,AA,AA,AA,AA,AA,AA,AA,-,AA,AA,-,AA,AA,AA,AA,AA,AA,-,AA,AA,-,AA,AA,AA,BB,AA,BB,BB,BB,-,BB,-,BB,-,-,BB,-,BB,-,-,-,-,BB,BB,BB,-,-,BB,-,BB,BB,BB,BB,BB,BB,BB,BB,BB,-,-,BB,BB,BB,-,BB,BB,BB,-,BB,BB,BB,-,BB,BB,BB,BB,BB,BB,BB,BB,BB,-,-,BB,-,-,BB,BB,BB,BB,BB,BB,BB,BB,BB,BB,BB,BB,BB,-,BB,BB,-,BB,BB,BB,BB,BB,BB,-,BB,-,BB,BB,-,-,-,BB,BB,BB,-,-,BB,BB,BB,BB,BB,BB,BB,BB,BB,BB,BB,-,BB,BB,BB,BB,BB,BB,BB,BB,BB,AA,-,AA,-,AA,AA,-,-,AA,AA,-,AA,AA,AA,AA,AA,AA,-,AA,AA,AA
76,2.0054688,1.945,49.380925,51,43.5000000000001,43.5,1.22324032738863,-,-,BB,AA,-,BB,AA,-,AA,AA,AA,AA,AA,-,-,BB,-,-,AA,BB,BB,BB,-,AA,AA,AA,AA,-,-,BB,-,BB,BB,BB,-,AA,AA,AA,AA,AA,-,AA,AA,AA,AA,AA,AA,-,-,AA,AA,AA,-,-,AA,-,AA,AA,BB,BB,-,AA,AA,-,-,BB,AA,AA,BB,AA,-,AA,-,AA,-,AA,AA,BB,AA,AA,-,AA,-,-,-,AA,BB,BB,BB,-,BB,AA,-,AA,AA,-,-,AA,BB,BB,BB,BB,BB,-,-,BB,BB,BB,BB,BB,BB,BB,BB,BB,BB,BB,BB,BB,BB,BB,BB,BB,BB,BB,-,-,BB,BB,-,-,-,AA,-,AA,AA,-,AA,-,BB,BB,AA,AA,AA,AA,AA,-,AA,-,AA,BB,AA,-,AA,-,BB,-,AA,AA,-,AA,BB,BB,BB,-,BB,BB,BB,AA,-,AA,BB,BB,BB,BB,BB,BB,-,BB,AA,AA,-,AA,BB,AA,AA,AA,AA,AA,AA,AA,AA,AA,-,AA,-,AA,AA,AA,AA,AA,AA,-,-,-,AA,AA,AA,-,BB,-,AA,BB,-,-,AA,BB,BB,-,AA,AA,BB,-,-,AA,BB,-,AA,-,BB,-,AA,AA,AA,AA,-,AA,-,AA,AA,AA,BB,-,-,-,BB,BB,-,-,BB,-,BB,-,BB,BB,-,-,BB,BB,-,BB,AA,AA,AA,AA,AA,AA,AA,AA,-,BB,-,-,-,-,BB,-,-,-,BB,BB,-,BB,-,BB,BB,AA,AA,BB,AA,AA,AA,AA,AA,BB,BB,AA,-,-,AA,AA,AA,AA,AA,AA,AA,AA,AA,AA,AA,AA,AA,AA,AA,AA,AA,AA,AA,-,-,AA,-,AA,AA,AA,-,-,AA,BB,-,BB,BB,BB,BB,-,BB,AA,AA,AA,AA,BB,BB,BB,BB,BB,AA,-,AA,-,AA,AA,AA,BB,BB,AA,AA,AA,AA,AA,-,BB,BB,BB,BB,BB,AA,AA,AA,AA,AA,AA,AA,-,-,BB,BB,BB,AA,AA,AA,AA,AA,-,BB,AA,BB,AA,AA,AA,AA,-,AA,AA,-,-,-,AA,AA,AA,-,AA,AA,AA,-,-,BB,-,BB,-,AA,AA,-,BB,-,BB,BB,-,AA,AA,BB,-,-,AA,AA,AA,-,AA,AA,-,AA,AA,AA,AA,AA,AA,-,AA,AA,-,AA,AA,AA,AA,AA,AA,AA,-,AA,AA,AA,AA
77,0.8067507,0.90167,43.742239,49.5,19.9999999999994,20,-1.21546499851305,-,-,BB,BB,-,BB,-,BB,BB,BB,BB,BB,BB,BB,BB,-,BB,-,BB,BB,-,BB,BB,BB,BB,BB,BB,BB,BB,-,BB,-,BB,BB,-,BB,BB,BB,BB,AA,-,AA,AA,AA,-,AA,AA,AA,AA,AA,-,AA,AA,-,AA,-,AA,-,AA,AA,AA,AA,AA,-,AA,AA,AA,-,AA,AA,AA,AA,AA,AA,AA,-,-,AA,AA,-,-,AA,AA,AA,-,-,AA,AA,AA,AA,AA,AA,AA,AA,-,-,AA,AA,AA,AA,AA,AA,AA,BB,BB,BB,BB,BB,BB,BB,BB,BB,BB,BB,BB,-,BB,-,BB,BB,BB,BB,BB,BB,-,BB,-,BB,BB,-,-,AA,-,AA,AA,-,-,-,AA,AA,AA,AA,-,-,AA,AA,AA,-,AA,-,-,AA,-,AA,AA,-,AA,AA,AA,AA,AA,AA,AA,AA,AA,AA,AA,AA,AA,AA,AA,AA,AA,AA,AA,AA,-,AA,-,-,AA,AA,AA,AA,AA,AA,AA,AA,AA,AA,-,-,-,AA,AA,AA,AA,-,-,AA,AA,-,AA,-,AA,AA,AA,AA,AA,AA,-,AA,-,AA,AA,-,AA,AA,-,-,AA,AA,AA,AA,AA,-,-,-,AA,AA,-,AA,AA,AA,-,AA,AA,AA,-,-,BB,-,BB,BB,-,-,-,BB,BB,BB,-,-,BB,BB,BB,-,BB,-,BB,BB,BB,BB,BB,BB,BB,BB,BB,BB,BB,-,-,-,-,BB,-,BB,BB,-,BB,-,-,BB,-,-,BB,BB,BB,BB,BB,BB,BB,BB,BB,-,-,BB,-,-,-,-,AA,AA,AA,-,AA,AA,-,AA,AA,AA,AA,AA,AA,-,AA,-,AA,-,AA,-,-,AA,AA,-,AA,AA,-,BB,-,BB,BB,BB,-,BB,-,BB,BB,BB,BB,AA,AA,AA,AA,AA,-,-,AA,-,AA,-,AA,AA,AA,-,AA,-,AA,AA,AA,AA,AA,AA,AA,AA,-,-,AA,AA,-,AA,-,-,-,AA,AA,AA,AA,-,-,-,AA,-,AA,AA,AA,-,-,-,-,AA,-,-,-,AA,AA,AA,-,AA,-,-,-,-,-,AA,BB,BB,-,BB,-,-,AA,AA,-,AA,AA,AA,-,-,AA,-,AA,AA,AA,-,-,AA,AA,AA,-,AA,AA,AA,AA,AA,AA,AA,-,AA,-,AA,-,-,-,AA,AA,-,AA,AA,AA,AA
78,1.2027675,1.25,45.394933,48.0556,22.5000000000005,22.5,-0.672170865541125,-,-,AA,AA,AA,-,AA,AA,AA,AA,AA,AA,AA,-,-,AA,-,-,AA,AA,-,AA,-,AA,AA,AA,AA,AA,AA,-,-,-,-,AA,-,AA,AA,AA,AA,AA,AA,AA,-,-,-,AA,AA,AA,-,AA,-,-,AA,-,AA,-,AA,-,AA,AA,-,AA,-,AA,AA,-,-,-,AA,AA,-,-,AA,-,-,AA,-,AA,AA,-,-,-,AA,AA,-,-,AA,AA,AA,AA,AA,AA,AA,-,-,-,-,-,AA,AA,-,AA,-,AA,AA,AA,AA,AA,AA,-,AA,AA,AA,AA,-,AA,-,-,AA,AA,-,AA,AA,-,AA,-,AA,AA,AA,-,AA,-,-,AA,-,AA,-,AA,AA,-,-,-,AA,-,-,AA,AA,AA,-,AA,-,AA,AA,AA,AA,-,AA,-,AA,-,AA,AA,AA,BB,AA,AA,BB,BB,BB,-,-,BB,BB,BB,BB,BB,-,BB,-,BB,BB,-,BB,-,-,BB,-,BB,BB,BB,-,BB,-,-,-,BB,-,-,-,BB,BB,-,BB,BB,BB,-,-,BB,BB,BB,BB,BB,-,-,AA,AA,AA,AA,-,AA,AA,AA,AA,AA,AA,-,-,-,AA,-,AA,-,AA,-,AA,AA,AA,AA,AA,-,AA,AA,AA,AA,AA,-,AA,-,-,-,-,-,-,BB,-,-,AA,AA,AA,-,AA,AA,AA,-,AA,BB,BB,BB,BB,-,BB,-,BB,-,BB,-,-,AA,-,BB,-,-,BB,-,-,BB,BB,-,BB,BB,BB,BB,BB,-,-,-,-,BB,BB,BB,BB,BB,BB,-,-,BB,BB,BB,BB,BB,BB,BB,BB,BB,-,BB,-,-,-,-,-,BB,-,-,BB,BB,-,BB,-,-,BB,-,AA,-,AA,AA,AA,AA,AA,-,AA,AA,AA,AA,-,-,-,AA,AA,AA,AA,AA,AA,-,AA,AA,AA,AA,-,AA,AA,AA,AA,AA,-,-,AA,AA,-,AA,-,-,-,AA,AA,AA,AA,-,-,AA,AA,-,AA,AA,AA,-,-,-,-,AA,AA,AA,-,AA,-,-,AA,-,AA,AA,AA,-,AA,AA,AA,AA,AA,-,AA,AA,AA,AA,AA,AA,AA,-,-,AA,AA,-,-,AA,AA,-,AA,AA,AA,-,-,AA,AA,AA,-,AA,-,-,-,AA,AA,AA,-,AA,-,AA,AA,-,-,BB,BB,BB
79,1.7112458,1.73667,38.745679,38.5,22.5,22.5,0.386515339623718,BB,BB,BB,BB,BB,-,-,-,AA,AA,AA,BB,AA,BB,BB,-,-,-,AA,-,-,BB,-,BB,BB,BB,BB,-,-,-,-,BB,-,-,-,AA,BB,BB,BB,BB,BB,AA,BB,-,-,-,BB,-,-,AA,-,-,-,-,-,-,-,BB,BB,BB,-,-,-,-,-,AA,AA,-,AA,-,-,AA,-,-,-,-,AA,AA,-,-,-,-,-,-,-,-,AA,AA,AA,-,AA,-,-,-,-,AA,-,-,AA,AA,AA,AA,AA,-,BB,BB,BB,-,BB,-,AA,BB,BB,BB,-,-,-,AA,-,-,-,AA,-,-,-,-,-,AA,-,-,-,AA,-,AA,-,AA,AA,-,BB,BB,-,-,-,-,-,-,AA,-,-,-,-,-,BB,-,BB,BB,-,-,-,-,BB,BB,BB,-,AA,AA,BB,-,BB,-,BB,BB,BB,BB,BB,BB,BB,BB,-,-,BB,-,BB,AA,AA,AA,-,BB,BB,BB,-,-,-,-,-,-,-,-,-,-,BB,-,-,-,-,BB,-,AA,BB,-,-,AA,-,-,-,BB,BB,AA,-,-,AA,-,-,AA,BB,-,-,-,AA,-,AA,AA,-,-,-,-,-,BB,AA,-,-,AA,-,AA,AA,-,-,-,-,BB,BB,-,BB,-,-,AA,-,-,-,-,AA,AA,AA,AA,AA,AA,AA,-,AA,-,-,BB,-,-,-,BB,-,-,-,-,BB,-,-,-,-,BB,BB,-,BB,BB,BB,BB,BB,-,-,BB,-,-,-,BB,BB,BB,-,BB,-,BB,-,BB,BB,AA,AA,BB,BB,-,AA,-,BB,-,-,-,-,BB,-,-,-,-,-,-,-,-,-,AA,-,-,-,AA,-,BB,BB,AA,BB,BB,BB,BB,-,-,-,-,-,-,-,BB,BB,-,BB,-,BB,-,-,BB,BB,BB,BB,BB,-,-,BB,-,-,-,BB,-,-,BB,BB,BB,-,-,-,-,BB,-,BB,-,BB,-,-,AA,-,-,-,-,-,-,-,-,-,BB,-,-,BB,-,-,-,BB,-,-,AA,-,-,AA,AA,-,AA,AA,AA,AA,-,AA,-,-,AA,AA,AA,-,AA,AA,-,-,AA,-,AA,-,-,-,AA,-,-,-,-,-,-,AA,AA,AA,BB,-,AA,AA,BB
80,1.1227097,1.20833,42.513314,47.9444,21.4999999999999,21.5,-0.719267037983056,BB,BB,BB,BB,-,BB,AA,-,AA,AA,AA,-,AA,-,-,-,-,-,AA,-,BB,-,-,-,-,-,-,-,BB,BB,-,-,-,-,-,AA,AA,AA,AA,AA,-,AA,-,-,-,-,AA,-,-,AA,BB,-,-,-,-,AA,-,-,-,-,-,AA,-,AA,AA,AA,AA,-,AA,AA,-,-,-,AA,AA,-,-,BB,AA,-,AA,AA,-,-,AA,AA,BB,BB,BB,AA,BB,AA,-,-,AA,-,-,-,BB,BB,-,BB,BB,-,AA,AA,AA,-,AA,-,BB,BB,BB,BB,-,-,AA,-,AA,-,-,-,-,AA,AA,-,AA,-,-,-,-,AA,-,AA,-,-,-,-,-,-,-,AA,AA,-,AA,-,-,-,-,BB,-,-,AA,AA,-,-,BB,-,-,-,-,BB,-,-,-,-,-,BB,BB,-,BB,BB,-,BB,BB,BB,-,AA,BB,-,AA,-,AA,-,BB,BB,-,-,-,-,-,AA,-,AA,AA,-,-,-,AA,AA,-,-,-,-,AA,-,AA,-,BB,-,-,-,-,-,AA,-,BB,-,AA,-,-,-,AA,-,BB,-,AA,-,BB,-,-,AA,AA,-,-,AA,-,AA,-,-,AA,-,-,AA,-,-,-,AA,-,-,-,-,AA,-,-,-,-,-,-,AA,BB,BB,BB,BB,BB,BB,-,BB,BB,-,-,-,-,-,-,-,-,-,-,-,-,-,-,-,-,-,-,-,BB,BB,BB,BB,AA,-,BB,-,-,BB,BB,-,-,-,BB,BB,-,AA,-,-,-,-,-,AA,AA,-,-,BB,-,BB,-,-,-,BB,-,-,-,-,BB,-,BB,-,-,-,-,BB,-,BB,BB,BB,BB,AA,-,-,-,AA,-,-,-,AA,-,AA,AA,AA,AA,-,-,BB,BB,-,-,AA,AA,AA,AA,AA,-,AA,AA,-,-,-,-,AA,AA,AA,AA,AA,-,-,AA,AA,-,AA,-,-,AA,AA,-,-,AA,-,-,AA,-,-,-,-,-,-,-,-,-,AA,-,-,AA,-,BB,-,-,-,-,AA,-,AA,AA,AA,-,-,AA,-,-,AA,AA,-,-,AA,AA,-,-,AA,-,AA,AA,-,-,-,-,-,AA,-,-,-,-,AA,AA,-,AA,AA,AA,AA
81,1.1982448,1.16833,44.536726,45,62.0000000000005,62,-0.788031183279994,-,BB,AA,AA,-,AA,-,-,AA,AA,AA,AA,AA,AA,-,AA,AA,AA,AA,-,AA,-,-,AA,AA,AA,AA,AA,-,-,-,AA,AA,AA,-,AA,AA,AA,AA,AA,-,AA,-,-,AA,AA,AA,-,AA,-,-,-,-,AA,AA,AA,-,AA,BB,BB,-,-,AA,AA,AA,BB,AA,AA,BB,AA,AA,AA,-,AA,-,-,-,BB,-,-,BB,BB,BB,BB,BB,BB,BB,BB,BB,BB,BB,BB,-,-,BB,BB,BB,BB,BB,AA,AA,AA,BB,-,BB,BB,BB,-,BB,-,BB,AA,AA,AA,-,-,BB,BB,-,BB,BB,-,BB,BB,BB,-,-,BB,-,-,-,BB,-,AA,AA,AA,AA,AA,BB,BB,-,BB,BB,BB,BB,-,-,BB,BB,-,BB,BB,BB,BB,BB,-,BB,BB,BB,-,BB,BB,BB,-,BB,BB,BB,BB,BB,BB,BB,BB,BB,BB,BB,BB,BB,BB,AA,-,BB,-,BB,BB,BB,BB,BB,BB,BB,BB,BB,BB,-,BB,BB,-,-,BB,-,-,-,BB,-,BB,-,-,-,-,BB,-,-,BB,-,-,-,BB,BB,-,BB,BB,BB,BB,BB,BB,BB,-,BB,-,BB,BB,BB,BB,BB,BB,BB,-,BB,BB,-,-,BB,BB,BB,-,-,BB,BB,BB,-,-,BB,-,-,BB,-,BB,-,BB,BB,-,BB,BB,BB,BB,BB,AA,AA,AA,AA,BB,BB,-,BB,BB,-,-,-,-,-,-,BB,-,BB,-,-,AA,AA,BB,AA,AA,AA,AA,AA,-,-,AA,AA,AA,-,-,AA,AA,AA,-,-,AA,AA,AA,AA,AA,AA,AA,AA,-,AA,AA,AA,-,BB,BB,-,AA,-,BB,BB,BB,BB,-,BB,BB,BB,-,BB,BB,-,AA,AA,AA,AA,AA,AA,AA,AA,AA,-,AA,AA,AA,-,AA,-,AA,AA,-,AA,-,AA,AA,AA,AA,AA,AA,AA,AA,AA,AA,-,-,-,AA,-,AA,-,BB,BB,BB,AA,-,AA,-,-,AA,BB,AA,BB,-,AA,AA,AA,-,-,AA,-,-,-,AA,-,-,AA,AA,-,-,AA,AA,AA,-,AA,-,-,-,-,AA,-,AA,AA,AA,-,AA,AA,-,-,AA,AA,-,AA,AA,AA,-,-,AA,AA,AA,AA,AA,-,AA,AA,-,AA,-,AA,-,-,AA,AA,AA,AA,AA,AA,-
82,1.4425745,1.33333,55.968608,48.3333,100.879518072288,101,-0.573403263107838,AA,AA,-,-,-,AA,AA,-,AA,AA,AA,-,AA,-,-,-,AA,-,AA,AA,-,AA,AA,-,-,-,-,AA,AA,AA,AA,-,-,-,AA,AA,AA,AA,AA,AA,AA,AA,-,AA,AA,-,AA,-,AA,AA,AA,BB,BB,BB,BB,BB,BB,BB,AA,AA,-,BB,-,-,BB,AA,BB,BB,AA,BB,BB,-,-,BB,BB,-,BB,AA,BB,-,BB,-,BB,BB,BB,BB,BB,BB,-,AA,-,-,-,-,AA,-,-,BB,BB,BB,BB,-,BB,-,AA,AA,AA,BB,AA,-,-,BB,BB,BB,-,AA,-,AA,-,-,-,-,AA,AA,-,AA,AA,-,AA,-,AA,AA,AA,AA,-,-,BB,-,AA,AA,BB,BB,-,-,-,BB,BB,BB,BB,AA,BB,BB,-,BB,-,-,-,BB,BB,-,AA,AA,-,-,AA,-,-,BB,BB,BB,AA,AA,AA,AA,AA,AA,-,AA,-,BB,AA,BB,-,BB,BB,BB,-,BB,BB,BB,BB,BB,BB,-,BB,-,-,-,-,-,BB,BB,BB,BB,BB,BB,-,-,BB,BB,BB,BB,BB,BB,-,BB,BB,-,-,-,BB,-,AA,BB,BB,BB,-,BB,BB,-,BB,-,BB,-,BB,BB,-,AA,BB,-,BB,BB,BB,BB,BB,BB,BB,BB,BB,-,BB,-,-,BB,BB,-,-,BB,-,BB,AA,AA,AA,AA,AA,AA,AA,AA,AA,-,AA,AA,AA,AA,AA,AA,AA,AA,-,-,-,-,-,AA,-,AA,AA,AA,AA,AA,AA,AA,AA,AA,AA,AA,AA,AA,AA,AA,AA,AA,-,AA,AA,AA,AA,AA,AA,AA,AA,AA,AA,AA,AA,AA,AA,-,-,AA,AA,AA,AA,AA,AA,-,-,AA,AA,-,AA,-,-,AA,AA,AA,AA,AA,AA,AA,-,-,-,AA,AA,AA,AA,AA,AA,AA,AA,AA,AA,-,-,-,AA,AA,AA,AA,AA,AA,AA,AA,AA,-,AA,AA,-,AA,AA,AA,-,AA,AA,AA,-,BB,BB,-,BB,BB,AA,BB,-,-,AA,AA,-,AA,AA,AA,-,AA,AA,-,AA,-,AA,AA,AA,AA,AA,AA,AA,-,AA,-,-,-,-,BB,AA,BB,BB,-,AA,AA,-,AA,-,BB,BB,AA,AA,AA,BB,AA,-,BB,-,BB,AA,AA,AA,-,AA,-,AA,AA,AA,-,AA,AA,AA,AA,AA,AA,AA,-
83,1.9208207,2,40.531154,45.8333,22.0000000000001,22,1.82602425981251,-,-,AA,AA,-,-,-,-,BB,BB,BB,AA,AA,-,AA,AA,AA,AA,BB,AA,AA,-,-,AA,AA,AA,AA,-,-,-,AA,-,-,AA,-,AA,AA,-,BB,BB,-,BB,AA,-,-,-,BB,-,AA,AA,-,-,-,AA,-,AA,AA,-,BB,BB,-,-,-,-,-,AA,-,-,AA,AA,AA,-,-,AA,-,AA,-,BB,BB,BB,-,-,BB,-,BB,BB,-,BB,AA,-,AA,BB,BB,BB,-,-,-,-,BB,BB,-,AA,BB,-,BB,BB,-,-,-,-,BB,BB,BB,-,-,BB,BB,-,-,-,-,-,BB,-,BB,-,BB,BB,-,-,-,BB,-,-,-,AA,AA,-,-,BB,AA,-,AA,-,AA,-,-,AA,-,-,-,-,-,-,BB,-,-,-,AA,AA,BB,BB,BB,AA,AA,-,BB,-,-,-,AA,AA,AA,AA,AA,AA,-,AA,-,-,AA,AA,BB,AA,BB,BB,-,BB,BB,BB,BB,-,-,-,-,-,-,BB,-,-,-,-,-,-,-,BB,-,-,BB,-,-,BB,-,BB,-,BB,BB,BB,BB,-,BB,BB,BB,BB,BB,-,-,BB,BB,-,-,-,BB,BB,-,-,-,-,-,-,BB,BB,-,BB,-,BB,BB,BB,-,-,-,-,AA,-,-,-,AA,-,AA,-,AA,AA,AA,AA,AA,BB,BB,BB,BB,-,-,-,AA,-,AA,-,-,-,AA,-,-,AA,AA,AA,AA,-,BB,AA,BB,BB,BB,AA,BB,-,-,BB,-,-,AA,-,AA,AA,-,AA,-,-,-,AA,-,BB,BB,BB,BB,-,-,-,BB,-,-,-,AA,BB,AA,-,-,AA,AA,-,-,BB,AA,AA,-,AA,-,AA,BB,AA,AA,BB,BB,BB,BB,BB,AA,-,-,-,AA,-,-,-,-,-,AA,-,AA,-,AA,BB,-,BB,BB,BB,-,-,-,AA,-,-,-,-,AA,BB,BB,BB,AA,AA,-,-,-,AA,AA,-,-,-,AA,-,-,-,-,AA,-,AA,-,-,-,-,-,-,AA,-,AA,AA,AA,BB,BB,BB,-,-,-,AA,-,-,AA,-,-,-,BB,-,BB,AA,BB,BB,-,-,BB,BB,BB,BB,BB,BB,BB,BB,-,-,BB,BB,BB,-,-,-,-,BB,BB,-,AA,BB,BB,AA
84,-,-,-,-,-,-,-,-,-,-,-,-,-,AA,BB,BB,BB,BB,-,BB,-,BB,-,-,AA,BB,BB,AA,BB,-,-,AA,AA,AA,BB,-,-,-,BB,-,-,-,AA,AA,AA,AA,AA,-,AA,-,BB,-,-,AA,-,-,BB,AA,AA,-,-,-,-,-,-,AA,AA,-,-,-,-,-,BB,-,-,BB,AA,-,-,-,-,BB,-,-,BB,-,-,-,-,-,-,-,-,BB,BB,BB,BB,BB,-,-,BB,-,BB,-,-,BB,BB,-,BB,BB,BB,BB,BB,BB,-,BB,BB,BB,BB,BB,BB,-,BB,-,-,-,BB,BB,-,-,-,BB,-,BB,-,BB,-,BB,-,-,-,BB,BB,BB,-,BB,AA,-,BB,-,BB,BB,BB,BB,-,-,BB,BB,-,-,-,BB,BB,-,-,-,-,AA,AA,BB,-,BB,BB,-,-,-,AA,AA,AA,AA,AA,AA,AA,-,AA,-,AA,AA,-,-,BB,BB,BB,-,-,-,BB,-,BB,-,-,-,BB,BB,-,BB,-,-,-,-,-,BB,BB,-,-,AA,BB,-,-,-,-,BB,BB,AA,BB,-,-,-,-,BB,-,AA,BB,-,-,BB,-,-,BB,BB,-,-,-,BB,BB,-,-,-,-,-,-,-,-,BB,-,-,-,-,-,-,-,-,AA,-,-,-,AA,BB,BB,BB,BB,AA,BB,BB,AA,BB,BB,-,-,BB,-,-,-,-,-,-,-,-,-,-,-,BB,BB,BB,BB,BB,BB,BB,-,BB,BB,-,BB,-,-,-,-,AA,-,-,-,-,BB,-,-,-,-,-,BB,BB,BB,-,-,BB,BB,-,BB,-,BB,-,-,-,-,-,-,BB,-,-,-,-,-,AA,AA,AA,AA,AA,BB,-,-,-,BB,-,BB,BB,-,-,BB,-,BB,BB,-,-,-,-,-,-,BB,BB,BB,BB,BB,-,-,-,BB,-,-,-,-,BB,BB,BB,BB,BB,-,-,BB,BB,-,-,BB,-,-,BB,-,-,-,-,-,-,-,AA,-,AA,-,-,-,-,-,-,-,BB,-,AA,AA,-,-,-,AA,AA,AA,AA,-,-,-,AA,-,-,BB,AA,AA,AA,-,AA,-,-,-,-,BB,BB,-,-,-,-,BB,BB,BB,-,-,BB,BB,BB,-,BB,BB,BB,BB
85,1.8794726,1.91667,39.461643,42.8333,21.5000000000001,21.5,1.07978936474238,AA,AA,AA,AA,AA,AA,-,AA,BB,BB,BB,AA,BB,AA,AA,AA,AA,AA,AA,AA,AA,AA,AA,AA,AA,BB,BB,AA,AA,AA,AA,AA,AA,AA,AA,AA,BB,AA,BB,BB,AA,AA,AA,AA,AA,AA,BB,AA,AA,BB,AA,AA,AA,AA,AA,AA,AA,AA,BB,AA,AA,AA,AA,AA,AA,AA,AA,AA,AA,-,AA,AA,AA,BB,BB,BB,BB,AA,BB,BB,BB,BB,BB,BB,BB,BB,AA,AA,AA,BB,BB,-,BB,-,BB,BB,BB,BB,AA,AA,AA,BB,AA,BB,AA,AA,AA,-,AA,BB,BB,AA,AA,AA,BB,BB,BB,BB,BB,BB,BB,BB,BB,BB,BB,BB,BB,-,BB,-,BB,BB,BB,BB,BB,AA,-,BB,BB,AA,BB,BB,BB,BB,BB,BB,-,BB,BB,-,BB,BB,BB,BB,BB,BB,BB,BB,BB,BB,AA,AA,BB,BB,AA,AA,BB,BB,-,BB,AA,AA,AA,AA,AA,AA,BB,AA,BB,BB,AA,BB,AA,AA,AA,AA,AA,BB,AA,AA,AA,AA,AA,AA,AA,AA,AA,AA,AA,AA,AA,AA,AA,AA,AA,AA,AA,AA,AA,AA,AA,BB,AA,AA,AA,AA,AA,AA,AA,AA,BB,AA,AA,AA,AA,AA,AA,AA,AA,AA,AA,AA,AA,AA,AA,AA,AA,AA,AA,AA,AA,AA,AA,AA,AA,AA,AA,AA,AA,BB,AA,AA,AA,AA,AA,AA,AA,AA,AA,AA,AA,AA,AA,AA,AA,AA,AA,AA,AA,AA,AA,AA,AA,BB,AA,AA,AA,AA,AA,AA,AA,AA,AA,AA,AA,AA,AA,AA,BB,BB,BB,AA,BB,AA,AA,BB,AA,AA,AA,AA,AA,BB,AA,AA,AA,BB,-,BB,BB,BB,BB,BB,BB,AA,AA,AA,BB,AA,AA,AA,-,BB,AA,AA,AA,AA,AA,AA,AA,AA,AA,AA,AA,AA,AA,BB,AA,BB,BB,AA,BB,AA,BB,AA,AA,AA,AA,-,AA,AA,AA,AA,AA,AA,AA,AA,AA,AA,AA,AA,AA,AA,AA,AA,AA,AA,AA,-,AA,AA,AA,AA,AA,AA,AA,AA,AA,AA,AA,AA,AA,-,BB,AA,AA,AA,AA,AA,AA,AA,AA,AA,AA,AA,AA,AA,AA,AA,AA,AA,AA,AA,AA,AA,AA,AA,AA,AA,AA,AA,AA,AA,AA,AA,AA,AA,-,AA,AA,AA,AA,AA,AA,AA,AA,AA,BB,AA,AA,BB,AA,AA,-,AA,AA,AA,BB,BB,BB,BB,BB,BB,BB,BB,BB,BB,BB,BB,BB,AA
86,1.9215777,2,41.645815,46.8333,23.5,23.5,1.82602425981251,-,BB,BB,BB,BB,-,BB,-,BB,AA,AA,AA,AA,-,-,-,-,-,AA,-,AA,-,-,AA,AA,AA,AA,-,-,AA,AA,AA,-,-,AA,AA,AA,AA,AA,AA,AA,BB,-,-,-,-,BB,-,-,BB,-,-,BB,BB,BB,-,BB,BB,BB,BB,BB,-,BB,-,BB,BB,-,-,BB,BB,-,-,BB,BB,-,-,-,BB,-,BB,-,-,BB,-,-,-,BB,BB,BB,-,BB,-,-,-,-,-,BB,-,BB,BB,BB,BB,BB,BB,BB,BB,BB,BB,BB,BB,BB,BB,BB,BB,-,BB,-,BB,-,-,-,-,-,BB,BB,BB,-,-,BB,BB,-,-,BB,-,BB,-,-,-,BB,BB,-,-,-,-,-,BB,-,BB,-,BB,-,-,-,-,BB,-,-,-,-,BB,BB,BB,BB,BB,BB,BB,BB,-,-,BB,BB,BB,BB,BB,BB,BB,-,BB,-,-,-,-,BB,AA,AA,AA,AA,AA,AA,-,AA,-,AA,AA,-,-,AA,-,-,-,-,-,-,AA,-,AA,AA,-,AA,-,AA,AA,AA,-,-,AA,AA,-,AA,-,AA,AA,AA,AA,AA,AA,-,-,BB,-,-,-,-,BB,-,AA,BB,AA,-,-,-,BB,BB,-,-,-,BB,-,-,-,-,-,-,BB,-,BB,-,-,BB,-,BB,BB,BB,BB,BB,BB,BB,BB,BB,BB,-,-,-,BB,-,BB,-,BB,-,BB,-,-,-,BB,-,BB,BB,BB,BB,BB,BB,BB,BB,-,-,BB,BB,-,-,-,BB,BB,-,-,-,BB,-,BB,BB,BB,BB,BB,BB,-,-,-,BB,-,-,BB,BB,BB,-,-,-,-,-,-,BB,-,BB,-,-,BB,-,BB,BB,BB,BB,BB,BB,BB,BB,BB,BB,BB,-,BB,BB,-,-,BB,BB,-,BB,-,-,-,-,BB,BB,BB,BB,BB,-,-,-,BB,-,-,BB,-,BB,BB,BB,BB,BB,-,-,BB,-,-,BB,-,BB,BB,-,-,BB,-,-,-,BB,-,-,-,-,BB,BB,-,-,-,BB,-,BB,BB,BB,-,BB,BB,-,BB,-,BB,BB,BB,-,-,BB,-,-,BB,BB,BB,-,-,BB,BB,BB,BB,-,BB,BB,BB,BB,-,-,-,-,-,-,-,-,BB,BB,-,-,BB,BB,BB
87,1.3600787,1.27833,45.005547,41.6667,85.0000000000003,85,-0.635543897417265,BB,BB,-,BB,-,BB,BB,-,BB,BB,BB,-,BB,BB,BB,BB,-,-,BB,BB,BB,BB,BB,-,-,-,-,-,BB,-,BB,BB,AA,AA,-,AA,AA,AA,AA,AA,AA,AA,AA,-,AA,AA,AA,AA,AA,AA,-,BB,AA,AA,AA,AA,AA,AA,AA,AA,-,AA,AA,AA,AA,AA,AA,-,AA,-,-,-,AA,AA,AA,AA,AA,AA,-,AA,AA,-,AA,-,AA,-,-,AA,-,AA,-,-,AA,AA,AA,-,AA,-,AA,AA,AA,-,AA,AA,AA,AA,-,AA,-,AA,-,AA,AA,-,AA,AA,AA,AA,AA,AA,-,-,AA,AA,-,BB,-,AA,-,AA,-,-,-,BB,BB,-,-,-,BB,BB,BB,-,-,BB,BB,BB,-,BB,BB,BB,BB,-,BB,BB,-,BB,-,-,BB,BB,BB,BB,-,BB,BB,-,-,-,-,BB,BB,BB,BB,BB,BB,BB,BB,BB,BB,BB,BB,-,-,BB,BB,BB,BB,BB,BB,BB,BB,-,BB,BB,BB,BB,BB,BB,BB,-,BB,BB,BB,BB,BB,-,BB,BB,BB,BB,BB,BB,-,-,BB,BB,BB,BB,AA,AA,-,AA,AA,AA,AA,AA,AA,-,AA,AA,-,-,-,AA,AA,-,AA,AA,AA,AA,AA,-,-,AA,AA,AA,AA,AA,AA,-,AA,-,AA,AA,AA,AA,-,AA,AA,AA,AA,AA,AA,AA,AA,AA,AA,AA,AA,AA,AA,AA,AA,AA,AA,AA,-,-,AA,AA,AA,-,AA,-,AA,AA,AA,-,AA,AA,AA,AA,AA,-,AA,AA,AA,AA,AA,AA,AA,AA,AA,-,-,-,-,AA,AA,AA,AA,AA,AA,AA,AA,AA,AA,-,AA,AA,-,AA,AA,AA,-,-,-,-,AA,AA,AA,-,AA,-,-,AA,AA,AA,AA,BB,-,-,-,BB,BB,BB,BB,-,BB,-,-,-,-,BB,BB,-,BB,BB,BB,BB,-,BB,BB,BB,-,-,-,BB,BB,BB,BB,-,AA,AA,AA,AA,AA,AA,-,AA,-,-,AA,AA,AA,AA,AA,-,AA,-,AA,-,-,AA,AA,AA,AA,-,AA,-,-,-,AA,-,AA,-,AA,AA,AA,-,-,AA,AA,-,AA,AA,-,AA,-,BB,-,BB,BB,BB,BB,BB,BB,-,BB,BB,-,BB,-,BB,BB,-,BB,BB,BB,BB,BB,BB,-,BB,BB,-,-,BB,AA,-
88,1.1867118,1.22167,41.011273,43.5,47.5000000000005,47.5,-0.704974735753083,AA,AA,AA,AA,AA,AA,AA,AA,AA,AA,AA,AA,AA,AA,AA,AA,AA,AA,AA,AA,AA,AA,AA,AA,AA,AA,AA,AA,AA,-,AA,AA,BB,BB,BB,BB,BB,AA,AA,AA,AA,AA,AA,AA,AA,AA,AA,AA,AA,AA,AA,BB,AA,AA,AA,-,AA,AA,AA,AA,AA,AA,AA,AA,AA,AA,AA,AA,AA,-,AA,AA,AA,AA,AA,AA,AA,AA,BB,BB,BB,BB,BB,BB,-,BB,BB,BB,BB,BB,BB,BB,-,BB,-,-,BB,-,BB,BB,BB,BB,BB,AA,AA,AA,BB,BB,BB,BB,BB,BB,BB,BB,BB,BB,BB,BB,BB,BB,-,BB,-,BB,AA,AA,AA,AA,AA,AA,AA,AA,AA,AA,-,AA,AA,AA,AA,AA,AA,AA,-,AA,AA,AA,AA,AA,AA,AA,AA,AA,AA,AA,AA,AA,AA,AA,AA,AA,AA,AA,AA,AA,AA,AA,AA,AA,AA,AA,AA,AA,AA,AA,AA,AA,AA,AA,AA,AA,AA,AA,AA,-,-,-,BB,AA,BB,BB,BB,AA,BB,BB,BB,-,BB,BB,-,BB,-,BB,BB,BB,-,BB,BB,BB,BB,BB,BB,BB,BB,BB,BB,BB,BB,BB,BB,BB,BB,BB,BB,BB,BB,BB,BB,BB,BB,BB,BB,BB,BB,BB,BB,BB,BB,-,BB,BB,BB,BB,BB,BB,BB,BB,BB,BB,-,BB,BB,-,BB,BB,BB,BB,-,BB,BB,BB,BB,BB,BB,BB,BB,AA,AA,AA,AA,AA,AA,-,AA,AA,AA,AA,AA,AA,AA,AA,AA,AA,AA,AA,AA,AA,AA,AA,AA,AA,AA,AA,AA,AA,-,AA,AA,AA,AA,AA,AA,AA,AA,AA,-,BB,BB,BB,BB,BB,BB,BB,BB,BB,-,BB,BB,BB,BB,BB,BB,BB,BB,BB,BB,BB,BB,BB,BB,BB,BB,BB,BB,BB,BB,-,BB,BB,BB,AA,AA,AA,AA,AA,AA,AA,AA,-,AA,AA,AA,AA,AA,AA,AA,AA,AA,AA,AA,AA,AA,AA,AA,AA,AA,AA,-,AA,AA,AA,AA,AA,AA,AA,AA,AA,AA,AA,AA,AA,AA,AA,AA,AA,AA,AA,AA,-,AA,AA,AA,BB,AA,BB,BB,BB,BB,BB,BB,BB,BB,BB,BB,BB,BB,BB,BB,BB,BB,BB,BB,BB,BB,BB,AA,-,BB,AA,AA,AA,AA,AA,AA,AA,AA,AA,AA,AA,AA,AA,-,AA,AA,AA,-,AA,AA,AA,AA,AA,AA,AA,AA,AA,AA,AA,AA,AA,AA,AA
89,1.0945198,1.16667,43.166161,47.3333,22.0000000000001,22,-0.813503913319191,-,-,BB,BB,AA,-,AA,AA,AA,AA,AA,BB,AA,-,-,-,-,AA,AA,AA,-,AA,AA,BB,BB,BB,BB,-,AA,-,AA,-,AA,-,AA,AA,BB,BB,BB,-,-,AA,AA,AA,-,-,BB,AA,-,AA,-,BB,-,AA,AA,AA,AA,AA,BB,BB,AA,AA,-,AA,AA,AA,-,AA,AA,-,-,AA,AA,-,AA,AA,AA,AA,BB,BB,-,BB,-,BB,BB,BB,BB,BB,-,BB,BB,BB,-,BB,BB,BB,BB,-,BB,BB,BB,BB,BB,AA,AA,AA,AA,AA,AA,-,AA,AA,AA,AA,-,AA,-,AA,AA,-,AA,AA,BB,AA,AA,AA,AA,-,AA,-,AA,-,AA,-,-,BB,BB,-,BB,BB,BB,BB,BB,-,BB,-,AA,AA,AA,AA,AA,-,-,BB,BB,BB,-,BB,-,-,BB,BB,BB,BB,BB,BB,BB,BB,BB,-,BB,BB,BB,BB,BB,BB,BB,BB,BB,BB,BB,BB,BB,AA,AA,AA,AA,-,AA,-,AA,AA,AA,AA,AA,BB,BB,BB,BB,-,BB,BB,BB,BB,-,-,-,BB,-,BB,BB,AA,BB,-,-,BB,BB,BB,-,-,AA,-,BB,-,BB,BB,BB,-,BB,-,BB,-,BB,BB,-,BB,BB,-,-,BB,BB,-,BB,BB,BB,BB,-,BB,BB,-,BB,BB,BB,-,BB,BB,BB,BB,BB,BB,BB,BB,BB,BB,-,BB,BB,BB,BB,BB,BB,BB,BB,BB,BB,-,BB,BB,-,BB,BB,-,BB,BB,BB,BB,BB,BB,BB,BB,BB,-,BB,BB,BB,BB,-,BB,BB,-,BB,-,BB,BB,-,AA,AA,-,-,AA,AA,AA,AA,-,AA,AA,AA,AA,AA,-,AA,AA,AA,-,-,AA,-,-,-,-,-,-,AA,AA,-,AA,AA,AA,AA,AA,BB,BB,BB,AA,AA,AA,-,-,AA,-,AA,AA,AA,AA,AA,AA,AA,-,-,AA,AA,AA,AA,AA,-,AA,AA,AA,-,-,AA,AA,AA,AA,AA,AA,AA,-,AA,AA,-,AA,BB,-,-,AA,AA,AA,AA,-,-,AA,AA,AA,-,AA,AA,AA,-,AA,AA,-,AA,-,AA,AA,-,-,AA,-,-,AA,BB,BB,BB,-,-,BB,AA,AA,AA,AA,AA,-,-,AA,AA,-,-,AA,AA,AA,-,-,-,AA,AA,AA,AA,AA,-,AA,-,AA,AA,AA,-,AA,AA,AA
90,1.3667152,1.41667,51.408212,55,39,39,-0.40250061721073,AA,-,AA,BB,AA,-,BB,BB,BB,BB,BB,BB,BB,BB,BB,BB,BB,BB,BB,BB,BB,BB,BB,BB,BB,BB,BB,BB,BB,-,BB,-,BB,BB,BB,BB,BB,BB,BB,BB,-,AA,AA,AA,AA,AA,AA,AA,-,AA,AA,AA,-,AA,AA,AA,AA,AA,AA,AA,AA,AA,AA,AA,AA,AA,-,AA,AA,-,AA,AA,AA,-,AA,AA,AA,AA,AA,AA,-,AA,AA,AA,AA,AA,AA,AA,AA,AA,AA,AA,AA,AA,AA,AA,AA,-,AA,AA,-,AA,AA,AA,AA,AA,AA,AA,AA,-,AA,AA,AA,AA,-,AA,AA,AA,AA,-,AA,AA,AA,AA,AA,AA,AA,AA,AA,-,AA,-,AA,-,-,AA,AA,AA,AA,AA,AA,AA,-,AA,AA,-,AA,AA,AA,AA,AA,-,-,AA,AA,AA,AA,AA,-,-,AA,AA,AA,AA,AA,AA,AA,AA,AA,-,AA,AA,AA,AA,AA,AA,AA,AA,AA,-,AA,AA,AA,BB,BB,BB,BB,BB,BB,-,BB,-,BB,BB,BB,BB,BB,BB,BB,BB,BB,BB,-,BB,-,BB,-,BB,BB,BB,BB,BB,BB,-,BB,BB,BB,BB,BB,-,BB,-,BB,-,BB,BB,BB,BB,AA,-,AA,-,AA,AA,-,-,AA,-,-,AA,AA,-,AA,AA,AA,AA,AA,AA,AA,-,AA,AA,-,-,AA,AA,AA,AA,AA,AA,AA,AA,AA,AA,AA,AA,AA,AA,AA,AA,AA,AA,AA,-,-,-,AA,AA,-,AA,-,AA,AA,AA,AA,AA,AA,AA,AA,AA,AA,AA,AA,-,AA,AA,AA,AA,-,-,AA,AA,AA,AA,AA,AA,AA,AA,AA,AA,AA,AA,AA,AA,AA,AA,AA,AA,AA,AA,AA,AA,AA,-,-,AA,AA,-,-,-,-,AA,AA,AA,-,AA,AA,AA,BB,BB,BB,BB,BB,BB,BB,BB,-,BB,BB,BB,BB,BB,BB,BB,-,BB,BB,BB,BB,BB,BB,BB,BB,BB,BB,BB,BB,BB,BB,-,BB,BB,AA,AA,AA,AA,AA,-,AA,AA,-,AA,AA,-,AA,AA,AA,AA,AA,-,-,-,BB,BB,BB,BB,BB,BB,BB,BB,BB,BB,BB,-,BB,BB,-,-,AA,-,-,AA,AA,AA,AA,-,AA,AA,AA,AA,AA,AA,AA,-,AA,AA,AA,-,AA,AA,AA,AA,AA,AA,AA,AA,AA,AA,AA,AA,AA,AA,AA,AA,AA,AA,BB,AA,AA,AA
91,1.3624892,1.42857,43.881151,49.2857,26.4999999999996,26.5,-0.378559840049795,AA,AA,AA,AA,AA,AA,AA,BB,BB,BB,BB,BB,BB,BB,BB,-,BB,BB,BB,BB,BB,BB,BB,BB,BB,BB,BB,BB,-,BB,BB,BB,BB,BB,BB,BB,BB,BB,BB,BB,BB,BB,BB,BB,BB,BB,BB,BB,BB,BB,-,BB,BB,-,-,BB,BB,BB,BB,BB,BB,BB,BB,BB,BB,BB,BB,BB,BB,BB,BB,BB,-,BB,BB,BB,-,BB,BB,BB,BB,-,-,BB,-,BB,BB,BB,BB,BB,BB,BB,-,BB,-,BB,BB,-,BB,BB,BB,BB,BB,BB,BB,BB,BB,BB,BB,-,BB,BB,BB,BB,BB,BB,BB,BB,BB,BB,AA,BB,-,AA,-,AA,AA,AA,-,BB,BB,BB,-,BB,-,BB,BB,-,BB,BB,BB,BB,-,BB,-,-,BB,AA,BB,BB,BB,AA,AA,AA,AA,AA,AA,AA,-,AA,AA,AA,AA,AA,AA,AA,AA,AA,AA,AA,AA,AA,AA,AA,AA,AA,AA,AA,-,AA,AA,AA,AA,BB,BB,BB,BB,BB,BB,BB,BB,-,BB,BB,-,-,-,BB,-,-,-,BB,BB,BB,-,BB,BB,BB,BB,BB,BB,BB,BB,BB,BB,BB,BB,BB,BB,BB,BB,BB,AA,BB,BB,BB,BB,BB,BB,BB,BB,BB,BB,BB,BB,BB,BB,-,-,BB,BB,-,BB,BB,BB,BB,BB,BB,BB,BB,BB,-,BB,BB,BB,BB,BB,BB,BB,BB,BB,BB,BB,BB,BB,BB,BB,BB,BB,BB,BB,-,BB,BB,BB,BB,BB,AA,BB,BB,BB,BB,BB,BB,BB,BB,BB,BB,BB,BB,AA,AA,AA,BB,-,AA,AA,AA,AA,AA,AA,AA,AA,AA,-,BB,BB,BB,BB,AA,AA,AA,BB,AA,-,BB,BB,BB,BB,-,BB,BB,-,BB,BB,BB,-,BB,BB,BB,BB,BB,BB,BB,BB,BB,BB,BB,BB,AA,AA,AA,AA,AA,-,AA,AA,-,AA,AA,AA,AA,AA,AA,AA,AA,AA,AA,AA,AA,AA,AA,AA,AA,AA,AA,AA,AA,AA,AA,-,-,AA,AA,AA,AA,AA,AA,-,-,AA,AA,AA,AA,-,BB,BB,-,BB,BB,BB,BB,BB,BB,BB,BB,BB,BB,BB,-,BB,BB,-,BB,BB,BB,BB,BB,BB,BB,BB,BB,BB,BB,BB,BB,BB,BB,BB,BB,-,BB,BB,BB,BB,-,BB,BB,BB,BB,-,BB,BB,BB,BB,-,BB,-,-,BB,BB,BB,BB,BB,BB,BB,BB,BB,BB,BB
92,1.3136059,1.39,43.070378,48.3889,22,22,-0.455196954073443,AA,AA,AA,AA,AA,AA,AA,AA,BB,AA,BB,BB,AA,AA,AA,AA,AA,AA,AA,AA,AA,AA,AA,AA,AA,AA,AA,AA,AA,AA,AA,AA,AA,AA,-,AA,AA,AA,AA,AA,AA,AA,AA,AA,AA,AA,AA,-,AA,AA,AA,AA,AA,AA,AA,AA,AA,AA,AA,AA,AA,AA,-,AA,AA,AA,AA,AA,AA,-,AA,AA,AA,AA,AA,AA,AA,AA,AA,AA,AA,AA,AA,AA,AA,-,AA,AA,AA,AA,AA,-,AA,AA,AA,AA,AA,AA,AA,AA,-,AA,AA,BB,BB,BB,BB,BB,BB,-,BB,AA,AA,AA,AA,AA,AA,AA,AA,AA,AA,BB,AA,AA,AA,AA,AA,AA,AA,AA,AA,-,AA,-,AA,AA,AA,AA,AA,AA,AA,AA,AA,AA,AA,AA,-,AA,AA,AA,AA,-,-,AA,AA,AA,AA,AA,AA,AA,-,AA,AA,AA,AA,AA,AA,AA,-,AA,AA,AA,-,AA,AA,AA,AA,AA,AA,AA,AA,AA,AA,BB,BB,BB,-,BB,BB,BB,BB,BB,BB,BB,BB,BB,BB,BB,BB,BB,BB,BB,BB,BB,-,BB,BB,BB,BB,BB,BB,BB,BB,BB,BB,-,BB,BB,BB,BB,BB,-,BB,BB,BB,BB,-,BB,BB,-,BB,BB,BB,BB,BB,BB,BB,BB,BB,-,BB,BB,BB,BB,BB,BB,-,BB,BB,AA,AA,-,-,AA,AA,-,AA,AA,AA,AA,AA,AA,AA,AA,AA,BB,BB,BB,BB,BB,BB,BB,BB,BB,-,BB,BB,BB,BB,BB,BB,BB,BB,BB,BB,BB,BB,-,BB,BB,BB,BB,BB,BB,BB,BB,BB,BB,BB,BB,BB,BB,BB,BB,BB,BB,BB,BB,BB,BB,BB,BB,BB,BB,BB,-,-,BB,BB,BB,BB,BB,BB,BB,BB,BB,BB,BB,BB,BB,BB,BB,BB,BB,-,BB,BB,BB,BB,AA,AA,AA,AA,AA,AA,AA,AA,AA,AA,AA,AA,AA,AA,AA,AA,AA,AA,AA,AA,AA,AA,AA,AA,AA,AA,AA,AA,AA,AA,AA,AA,AA,AA,AA,AA,-,AA,AA,AA,AA,AA,AA,AA,AA,AA,AA,AA,AA,AA,AA,AA,AA,AA,AA,AA,AA,AA,AA,AA,AA,-,AA,-,AA,-,AA,AA,AA,AA,AA,AA,AA,-,BB,BB,BB,BB,BB,BB,BB,BB,AA,AA,BB,BB,BB,AA,AA,AA,AA,AA,AA,AA,AA,AA,AA,AA,AA,AA,AA,AA,AA,AA,AA,AA,BB,BB,BB,BB,BB
93,1.5767726,1.68167,37.896028,43.5,19.9999999999997,20,0.24267188756827,BB,-,BB,BB,-,-,BB,-,BB,BB,BB,BB,BB,BB,BB,BB,BB,BB,BB,-,-,BB,BB,BB,BB,BB,BB,BB,BB,-,BB,BB,-,BB,-,BB,BB,BB,BB,BB,-,BB,BB,-,-,-,BB,-,-,BB,-,-,-,BB,-,-,-,-,BB,BB,BB,-,BB,BB,AA,BB,-,-,AA,-,-,AA,AA,AA,AA,AA,-,AA,AA,-,AA,AA,AA,AA,-,-,AA,AA,AA,AA,AA,-,AA,-,-,-,AA,-,AA,AA,AA,AA,AA,-,BB,BB,BB,BB,BB,-,BB,BB,BB,BB,BB,BB,BB,-,BB,BB,-,BB,BB,BB,BB,BB,-,-,-,BB,-,BB,BB,BB,AA,-,BB,-,AA,AA,-,AA,AA,AA,-,AA,-,-,AA,AA,-,AA,-,AA,AA,AA,-,AA,-,AA,AA,AA,AA,-,AA,AA,AA,-,-,AA,AA,AA,AA,AA,AA,AA,-,AA,-,BB,BB,-,BB,AA,AA,AA,AA,AA,AA,-,AA,AA,AA,AA,AA,-,AA,AA,AA,AA,-,AA,-,-,-,AA,-,AA,AA,AA,AA,AA,BB,-,-,BB,BB,BB,-,BB,BB,-,BB,BB,BB,BB,BB,BB,BB,-,-,BB,BB,-,BB,-,-,-,BB,-,BB,-,BB,BB,-,-,-,-,-,-,-,BB,BB,-,-,BB,BB,BB,BB,BB,BB,BB,BB,BB,BB,BB,BB,BB,BB,BB,-,BB,BB,-,-,BB,-,AA,-,BB,-,-,BB,BB,BB,BB,BB,BB,BB,BB,BB,BB,BB,BB,BB,BB,-,-,BB,BB,BB,BB,BB,BB,-,BB,BB,BB,BB,-,-,BB,BB,AA,BB,BB,AA,AA,AA,-,AA,BB,BB,-,-,BB,BB,AA,-,AA,AA,-,AA,AA,-,AA,AA,AA,AA,BB,BB,BB,BB,BB,BB,-,BB,BB,BB,-,BB,BB,BB,BB,-,BB,-,BB,-,BB,BB,BB,BB,BB,BB,BB,-,-,BB,BB,BB,-,AA,BB,BB,BB,BB,BB,BB,BB,BB,BB,BB,-,BB,BB,-,BB,BB,BB,BB,-,BB,BB,BB,BB,BB,BB,BB,-,-,-,-,BB,BB,BB,BB,BB,BB,-,BB,BB,-,BB,BB,BB,BB,-,AA,-,AA,AA,AA,AA,AA,AA,AA,AA,AA,AA,AA,AA,-,AA,AA,-,BB,BB,-,-,-,AA,AA,AA,AA,-,-,AA,AA,AA
94,1.8430535,1.83333,40.016529,38.3333,25,25,0.672170865541125,BB,BB,BB,BB,BB,BB,-,BB,BB,BB,BB,BB,BB,BB,BB,BB,BB,BB,BB,BB,BB,BB,BB,BB,BB,BB,BB,BB,AA,BB,AA,AA,AA,AA,AA,AA,AA,AA,AA,AA,AA,AA,AA,-,AA,AA,BB,BB,BB,BB,BB,BB,BB,BB,BB,BB,BB,BB,BB,BB,BB,BB,BB,BB,BB,BB,BB,-,BB,BB,BB,BB,BB,BB,BB,BB,BB,BB,BB,BB,BB,BB,BB,BB,BB,BB,BB,BB,BB,BB,BB,-,BB,BB,BB,BB,BB,-,BB,BB,BB,-,BB,BB,BB,BB,BB,BB,BB,BB,BB,BB,BB,BB,BB,BB,BB,BB,BB,BB,-,BB,-,BB,BB,BB,BB,BB,BB,AA,-,AA,AA,-,AA,AA,AA,AA,AA,AA,AA,AA,-,AA,AA,AA,AA,AA,AA,AA,AA,AA,AA,AA,AA,AA,BB,AA,AA,AA,AA,AA,AA,AA,AA,AA,AA,AA,-,AA,AA,AA,AA,AA,AA,AA,AA,AA,AA,AA,AA,AA,AA,BB,BB,BB,BB,BB,BB,BB,BB,BB,BB,BB,BB,BB,BB,BB,BB,BB,-,BB,BB,BB,AA,AA,AA,AA,AA,AA,AA,AA,AA,AA,BB,AA,AA,AA,AA,AA,AA,AA,AA,AA,AA,AA,BB,BB,BB,BB,BB,BB,BB,BB,BB,BB,BB,-,BB,BB,BB,BB,BB,BB,BB,BB,BB,BB,BB,BB,BB,BB,BB,BB,BB,BB,BB,BB,BB,BB,BB,BB,BB,BB,BB,BB,BB,BB,BB,BB,BB,BB,BB,BB,-,BB,BB,BB,BB,BB,BB,BB,BB,BB,BB,BB,BB,BB,BB,BB,BB,BB,BB,BB,-,BB,BB,BB,BB,BB,BB,BB,BB,BB,BB,BB,BB,BB,BB,BB,-,BB,BB,BB,BB,BB,BB,BB,BB,BB,BB,BB,BB,BB,BB,BB,BB,BB,BB,BB,AA,AA,AA,AA,AA,AA,AA,AA,AA,BB,BB,BB,BB,BB,BB,BB,BB,BB,BB,BB,BB,BB,BB,BB,BB,BB,BB,BB,BB,BB,BB,BB,BB,BB,BB,BB,BB,BB,BB,BB,BB,BB,BB,BB,BB,BB,BB,BB,BB,BB,BB,BB,BB,BB,BB,BB,BB,-,BB,BB,BB,BB,BB,BB,BB,BB,BB,BB,BB,BB,BB,BB,BB,BB,BB,BB,BB,BB,BB,BB,BB,AA,AA,AA,AA,AA,-,AA,AA,AA,AA,BB,BB,BB,-,BB,BB,BB,BB,BB,-,BB,BB,BB,BB,BB,BB,BB,BB,BB,BB,BB,BB,BB,BB,BB,BB,BB,BB,BB
95,0.3700576,0.36167,35.661895,38.3333,40,40,-2.31434203857385,BB,BB,BB,BB,BB,BB,BB,BB,BB,BB,BB,BB,AA,BB,AA,AA,AA,AA,AA,AA,AA,AA,AA,AA,AA,AA,AA,AA,-,AA,AA,AA,AA,AA,AA,AA,AA,AA,AA,AA,AA,AA,AA,AA,AA,AA,AA,AA,AA,AA,AA,AA,AA,AA,-,AA,AA,AA,AA,AA,AA,AA,AA,AA,AA,AA,AA,AA,AA,-,-,AA,AA,AA,AA,AA,AA,AA,AA,AA,AA,AA,AA,AA,AA,-,AA,AA,AA,AA,AA,AA,AA,AA,AA,AA,AA,AA,AA,AA,AA,AA,AA,AA,AA,AA,AA,AA,BB,BB,BB,BB,BB,BB,BB,BB,BB,BB,BB,BB,BB,BB,BB,BB,BB,BB,BB,BB,BB,BB,BB,BB,AA,-,AA,AA,AA,AA,AA,AA,AA,AA,BB,BB,BB,BB,-,BB,BB,BB,BB,BB,BB,BB,BB,BB,BB,-,BB,BB,BB,BB,BB,BB,BB,BB,BB,BB,-,BB,BB,BB,BB,BB,BB,BB,BB,BB,BB,BB,BB,BB,BB,BB,AA,AA,BB,AA,AA,AA,AA,AA,AA,BB,BB,AA,AA,AA,AA,-,AA,AA,AA,AA,AA,AA,AA,AA,AA,AA,AA,AA,AA,AA,AA,AA,AA,AA,AA,AA,AA,AA,AA,AA,AA,AA,AA,AA,AA,AA,AA,AA,BB,BB,BB,BB,BB,BB,BB,BB,BB,BB,BB,BB,BB,BB,BB,BB,BB,BB,BB,BB,BB,BB,BB,BB,BB,BB,BB,BB,BB,BB,BB,BB,BB,AA,AA,AA,AA,AA,AA,AA,AA,AA,AA,AA,AA,BB,-,AA,AA,AA,AA,-,BB,AA,BB,BB,BB,BB,BB,BB,BB,BB,BB,BB,BB,BB,BB,BB,BB,BB,BB,BB,BB,BB,-,BB,BB,BB,BB,BB,BB,BB,BB,BB,BB,BB,BB,BB,BB,BB,BB,BB,BB,BB,BB,BB,BB,BB,BB,BB,BB,BB,BB,BB,BB,BB,BB,BB,BB,BB,BB,BB,BB,BB,BB,BB,BB,BB,AA,AA,AA,AA,AA,AA,AA,AA,AA,AA,AA,AA,AA,AA,AA,AA,AA,AA,AA,AA,AA,AA,AA,AA,AA,AA,AA,AA,AA,AA,AA,AA,AA,AA,AA,AA,AA,AA,AA,AA,AA,AA,AA,AA,AA,AA,AA,AA,AA,AA,AA,AA,AA,BB,AA,AA,AA,AA,AA,AA,AA,AA,AA,AA,AA,-,AA,AA,AA,AA,AA,AA,AA,AA,AA,AA,AA,AA,AA,AA,AA,AA,AA,AA,AA,AA,AA,AA,AA,AA,AA,AA,AA,AA,AA,AA,AA,AA,AA,AA
96,0.9885434,1,38.46869,41.1667,41.4999999999998,41.5,-1.01577926260187,BB,BB,BB,BB,BB,BB,BB,BB,-,BB,-,BB,-,-,BB,-,BB,BB,-,BB,BB,BB,BB,AA,AA,AA,AA,-,BB,BB,BB,BB,BB,BB,BB,AA,AA,AA,AA,AA,BB,AA,BB,-,-,BB,AA,BB,BB,AA,BB,BB,BB,BB,BB,BB,BB,BB,AA,AA,BB,-,BB,BB,-,-,AA,AA,AA,-,-,AA,AA,AA,AA,AA,AA,AA,-,AA,AA,AA,AA,AA,AA,-,-,AA,AA,AA,AA,AA,AA,-,-,AA,AA,AA,AA,AA,-,AA,-,AA,BB,-,-,AA,-,AA,BB,BB,BB,-,AA,AA,AA,AA,AA,AA,AA,AA,AA,AA,AA,-,-,AA,AA,AA,AA,AA,AA,-,AA,AA,AA,AA,BB,-,AA,AA,AA,AA,AA,-,-,AA,AA,BB,AA,AA,AA,AA,BB,AA,AA,AA,AA,AA,-,BB,BB,AA,-,BB,BB,AA,-,AA,-,-,-,BB,BB,-,-,-,AA,AA,BB,AA,BB,-,-,BB,AA,BB,BB,-,AA,AA,AA,AA,AA,AA,AA,AA,AA,AA,AA,AA,AA,AA,AA,AA,AA,AA,-,AA,AA,BB,AA,AA,AA,-,BB,AA,AA,AA,AA,AA,AA,AA,AA,AA,-,AA,AA,BB,BB,BB,BB,BB,BB,BB,BB,BB,BB,BB,BB,BB,-,BB,BB,BB,BB,BB,BB,BB,BB,BB,-,-,BB,BB,BB,-,BB,BB,-,AA,-,-,AA,AA,-,AA,AA,BB,BB,BB,BB,BB,-,BB,BB,BB,-,BB,BB,-,BB,BB,BB,-,-,-,BB,BB,BB,BB,BB,-,AA,-,AA,AA,AA,AA,BB,BB,AA,AA,AA,BB,AA,BB,BB,BB,-,BB,-,AA,AA,AA,-,AA,AA,AA,-,-,AA,AA,AA,AA,AA,AA,AA,AA,AA,AA,AA,AA,AA,BB,BB,BB,BB,-,AA,AA,AA,-,AA,AA,AA,-,AA,AA,AA,AA,-,AA,AA,AA,AA,AA,AA,-,-,AA,-,AA,AA,AA,AA,-,AA,AA,AA,AA,AA,AA,AA,AA,AA,AA,AA,AA,AA,-,AA,AA,AA,AA,AA,AA,AA,AA,AA,AA,AA,AA,AA,AA,AA,AA,-,AA,AA,AA,AA,AA,BB,AA,AA,AA,AA,AA,AA,-,AA,-,BB,-,AA,AA,BB,AA,AA,BB,BB,AA,AA,AA,BB,AA,AA,BB,AA,-,AA,AA,AA,-,AA,AA,-,AA,AA,AA,AA,-,BB,AA,-,-,BB,BB
97,1.6319759,1.625,49.10882,49.5,50,50,0.0999878362676705,-,AA,AA,AA,-,AA,AA,AA,-,AA,-,AA,-,AA,AA,-,AA,-,-,AA,AA,AA,AA,AA,AA,AA,AA,-,-,-,AA,AA,-,AA,-,AA,AA,AA,AA,AA,-,AA,AA,-,AA,AA,AA,-,-,AA,AA,-,AA,AA,AA,AA,-,AA,-,-,-,AA,-,AA,AA,-,AA,BB,-,BB,-,-,BB,BB,BB,BB,BB,-,AA,-,AA,-,AA,AA,AA,AA,AA,AA,AA,-,AA,AA,AA,AA,-,-,-,-,AA,AA,-,-,-,BB,BB,-,BB,BB,BB,BB,AA,AA,AA,-,-,AA,-,AA,AA,-,AA,AA,-,AA,-,AA,AA,AA,AA,AA,AA,AA,AA,-,-,AA,AA,AA,AA,-,AA,AA,-,-,AA,AA,AA,AA,AA,AA,-,AA,AA,-,AA,AA,-,AA,AA,-,-,AA,AA,AA,-,AA,AA,AA,AA,AA,-,-,-,AA,AA,-,-,-,-,AA,AA,AA,AA,-,-,AA,-,AA,AA,AA,AA,-,AA,AA,AA,-,AA,AA,AA,-,AA,AA,AA,-,AA,AA,AA,AA,-,AA,-,AA,BB,-,-,-,BB,BB,-,BB,BB,BB,BB,BB,BB,BB,BB,-,BB,BB,BB,BB,BB,-,BB,BB,BB,-,BB,BB,BB,BB,BB,BB,-,BB,-,BB,BB,BB,BB,-,-,BB,BB,BB,BB,BB,BB,BB,-,BB,-,-,BB,AA,-,AA,AA,AA,AA,AA,-,AA,-,AA,AA,AA,-,AA,-,AA,-,AA,AA,-,-,AA,AA,AA,AA,AA,AA,AA,-,-,AA,AA,-,AA,AA,AA,AA,AA,-,AA,AA,AA,AA,AA,-,AA,-,-,-,AA,-,AA,AA,-,-,-,AA,-,AA,-,-,-,AA,-,AA,AA,-,AA,AA,AA,AA,AA,AA,-,BB,BB,BB,-,-,BB,-,BB,BB,-,BB,-,BB,-,-,-,BB,BB,-,-,BB,BB,-,BB,BB,-,-,BB,-,BB,BB,BB,BB,BB,BB,BB,-,BB,BB,BB,BB,BB,BB,-,BB,-,-,-,BB,-,-,-,-,BB,BB,BB,BB,BB,BB,BB,BB,BB,-,-,BB,BB,-,-,BB,BB,BB,-,BB,BB,BB,BB,-,BB,BB,BB,-,BB,BB,BB,-,BB,BB,-,BB,BB,BB,-,BB,BB,BB,BB,AA,AA,AA,-,AA,AA,AA,AA,AA,-,-,-,AA,AA
98,1.2747974,1.34667,40.385094,45.7778,20,20,-0.556058167139324,AA,AA,AA,AA,AA,AA,AA,AA,AA,AA,AA,AA,AA,AA,AA,AA,AA,AA,AA,AA,AA,AA,AA,AA,AA,AA,AA,AA,AA,AA,AA,AA,AA,AA,AA,AA,AA,AA,AA,AA,AA,AA,AA,AA,AA,AA,AA,AA,AA,AA,AA,AA,AA,AA,AA,AA,AA,AA,AA,AA,AA,AA,AA,AA,AA,-,AA,AA,AA,AA,-,AA,AA,AA,AA,AA,AA,AA,AA,BB,BB,BB,BB,BB,BB,BB,BB,BB,BB,BB,BB,-,BB,-,BB,BB,BB,BB,BB,BB,-,-,-,BB,BB,BB,BB,BB,BB,BB,BB,BB,BB,BB,BB,BB,BB,BB,BB,BB,BB,BB,BB,BB,BB,BB,-,BB,BB,BB,BB,BB,BB,BB,BB,BB,-,BB,-,-,BB,BB,BB,BB,BB,BB,-,BB,BB,BB,BB,BB,BB,BB,BB,BB,BB,BB,BB,BB,BB,BB,BB,BB,BB,BB,BB,BB,-,BB,-,BB,BB,BB,BB,BB,BB,BB,BB,BB,BB,BB,BB,BB,BB,BB,BB,BB,BB,BB,BB,BB,BB,BB,BB,BB,BB,BB,BB,BB,BB,BB,BB,BB,BB,BB,BB,BB,BB,BB,BB,BB,BB,BB,BB,BB,BB,BB,BB,-,BB,BB,BB,BB,BB,BB,BB,BB,BB,BB,BB,BB,BB,BB,BB,BB,BB,BB,BB,BB,BB,-,BB,BB,BB,BB,BB,BB,BB,BB,BB,BB,BB,BB,BB,BB,BB,BB,BB,BB,BB,BB,BB,-,BB,BB,BB,BB,BB,BB,BB,BB,BB,BB,-,BB,BB,AA,BB,AA,AA,AA,AA,AA,AA,AA,AA,-,AA,AA,AA,AA,AA,AA,AA,-,AA,AA,AA,AA,AA,AA,AA,AA,AA,AA,AA,AA,AA,AA,-,AA,AA,AA,AA,-,AA,AA,AA,AA,AA,AA,AA,AA,AA,AA,AA,AA,AA,AA,AA,AA,AA,AA,AA,AA,AA,AA,AA,-,BB,BB,BB,BB,BB,BB,BB,-,BB,BB,BB,BB,BB,BB,BB,BB,BB,BB,BB,BB,BB,BB,BB,BB,BB,BB,BB,BB,BB,BB,BB,BB,BB,BB,BB,BB,BB,BB,BB,BB,BB,BB,BB,BB,BB,BB,BB,AA,BB,BB,BB,BB,BB,BB,BB,BB,BB,BB,BB,BB,BB,BB,BB,BB,BB,BB,BB,-,BB,BB,BB,BB,-,BB,BB,BB,BB,BB,BB,BB,BB,AA,AA,AA,BB,AA,AA,AA,AA,-,-,AA,AA,AA,AA,AA,AA,AA,AA,AA,AA,AA,AA,AA,AA,AA,-,AA,AA,AA
99,1.9617604,2,41.586801,45,24.0000000000001,24,1.82602425981251,AA,AA,BB,BB,AA,AA,AA,AA,AA,AA,AA,BB,AA,AA,-,AA,AA,AA,AA,AA,-,-,AA,BB,BB,BB,BB,-,AA,-,AA,AA,AA,-,AA,AA,BB,BB,BB,BB,AA,AA,AA,-,AA,AA,BB,AA,AA,AA,AA,AA,AA,AA,-,AA,AA,AA,BB,BB,AA,AA,AA,AA,AA,AA,AA,AA,AA,-,-,AA,BB,BB,BB,BB,BB,BB,BB,BB,BB,BB,BB,BB,BB,BB,BB,BB,BB,-,BB,-,BB,-,BB,BB,BB,AA,BB,BB,BB,-,AA,BB,BB,BB,BB,BB,BB,BB,AA,BB,BB,BB,BB,BB,BB,-,BB,BB,BB,BB,BB,-,-,BB,-,BB,BB,-,-,BB,BB,BB,BB,-,-,BB,BB,BB,-,BB,BB,BB,BB,BB,-,BB,BB,BB,BB,AA,AA,AA,AA,AA,AA,AA,AA,AA,AA,AA,AA,AA,AA,AA,AA,AA,-,AA,AA,AA,AA,AA,AA,AA,AA,AA,AA,-,AA,AA,AA,BB,BB,BB,BB,AA,AA,BB,BB,BB,-,BB,BB,BB,BB,BB,BB,-,BB,BB,BB,-,-,BB,BB,BB,BB,BB,BB,AA,BB,BB,-,BB,BB,BB,BB,BB,BB,BB,BB,BB,BB,BB,BB,BB,BB,BB,BB,BB,BB,BB,BB,BB,BB,BB,BB,BB,BB,-,BB,BB,BB,BB,BB,BB,BB,BB,BB,-,AA,AA,AA,AA,AA,AA,AA,AA,BB,AA,AA,AA,AA,BB,BB,BB,AA,BB,BB,BB,BB,AA,AA,AA,-,AA,AA,AA,AA,AA,AA,AA,AA,-,AA,-,BB,BB,BB,BB,BB,BB,-,BB,BB,BB,BB,BB,BB,BB,BB,-,BB,BB,AA,BB,BB,BB,-,AA,AA,AA,AA,BB,BB,-,-,-,BB,BB,BB,BB,BB,-,BB,BB,BB,BB,BB,BB,BB,BB,BB,AA,AA,BB,BB,BB,BB,BB,BB,BB,BB,BB,-,BB,BB,BB,BB,BB,BB,BB,BB,BB,-,-,BB,BB,BB,BB,BB,BB,BB,BB,BB,-,BB,BB,BB,BB,BB,BB,BB,AA,BB,BB,BB,BB,BB,BB,AA,-,-,BB,BB,AA,-,AA,AA,AA,AA,AA,AA,AA,-,AA,AA,AA,AA,-,AA,BB,AA,AA,AA,-,AA,AA,AA,AA,AA,AA,AA,-,AA,AA,AA,AA,AA,AA,AA,AA,AA,AA,AA,AA,AA,AA,-,BB,BB,BB,BB,-,-,BB,BB,BB,BB,BB,BB,BB,BB,BB,BB,BB,BB,AA
100,1.2649216,1.27667,44.875175,47.5,43.5000000000001,43.5,-0.649176671174903,BB,BB,BB,BB,BB,BB,BB,BB,BB,BB,BB,BB,BB,BB,-,-,BB,BB,BB,BB,BB,BB,BB,BB,BB,BB,BB,BB,BB,-,AA,AA,AA,AA,AA,AA,AA,AA,AA,AA,-,AA,AA,AA,AA,AA,AA,AA,AA,AA,-,AA,AA,AA,AA,AA,AA,AA,AA,AA,AA,AA,AA,AA,AA,AA,AA,AA,AA,-,AA,AA,AA,AA,AA,AA,AA,AA,AA,AA,AA,BB,AA,AA,BB,BB,BB,BB,BB,BB,AA,BB,BB,BB,BB,BB,BB,-,BB,BB,BB,BB,BB,BB,BB,BB,BB,BB,BB,BB,BB,BB,BB,BB,BB,BB,BB,BB,BB,BB,BB,BB,BB,BB,-,BB,BB,AA,-,AA,AA,AA,AA,AA,AA,AA,AA,AA,AA,AA,AA,AA,AA,AA,AA,AA,AA,AA,AA,AA,AA,AA,AA,AA,AA,AA,-,AA,AA,AA,AA,AA,AA,AA,AA,AA,AA,AA,AA,-,AA,AA,AA,AA,AA,AA,AA,AA,-,AA,AA,AA,AA,AA,AA,AA,AA,AA,AA,AA,AA,-,AA,AA,AA,-,AA,AA,AA,-,AA,AA,AA,AA,-,AA,AA,AA,AA,-,AA,AA,AA,AA,AA,AA,AA,BB,BB,BB,BB,BB,BB,BB,BB,BB,BB,BB,BB,-,BB,BB,BB,BB,BB,BB,BB,BB,-,BB,BB,BB,BB,BB,BB,BB,BB,BB,BB,BB,BB,BB,BB,BB,BB,BB,BB,BB,BB,BB,BB,BB,BB,BB,BB,AA,AA,AA,AA,AA,AA,AA,-,AA,AA,AA,AA,AA,AA,AA,AA,AA,AA,AA,AA,AA,AA,-,AA,BB,BB,BB,BB,-,BB,BB,BB,BB,BB,BB,BB,BB,BB,BB,BB,BB,-,BB,BB,BB,BB,BB,BB,BB,BB,-,BB,BB,-,BB,BB,BB,BB,BB,-,-,BB,BB,BB,BB,BB,BB,BB,BB,BB,BB,BB,BB,BB,AA,AA,AA,AA,AA,AA,AA,AA,AA,-,AA,AA,AA,AA,-,AA,AA,AA,AA,AA,AA,AA,AA,AA,AA,-,AA,-,AA,AA,AA,AA,AA,AA,AA,AA,AA,AA,AA,AA,AA,AA,-,AA,-,-,AA,AA,AA,AA,AA,-,AA,AA,AA,AA,AA,AA,-,AA,AA,BB,AA,AA,AA,AA,AA,AA,AA,AA,-,AA,AA,AA,AA,AA,-,AA,AA,AA,AA,AA,AA,AA,AA,AA,AA,AA,AA,AA,AA,AA,AA,AA,AA,AA,-,AA,AA,AA,AA,AA,AA,AA,AA,AA,-,BB,-,BB,AA
101,1.5782716,1.61167,44.0258,46.8333,43.0000000000002,43,0.0628919974069845,BB,BB,BB,BB,BB,BB,BB,-,BB,BB,BB,BB,BB,BB,BB,BB,BB,BB,BB,BB,BB,BB,BB,BB,BB,BB,BB,BB,BB,-,AA,AA,AA,AA,-,AA,AA,AA,AA,AA,AA,AA,AA,AA,AA,AA,AA,-,AA,AA,AA,-,AA,AA,AA,AA,-,AA,AA,AA,AA,AA,AA,AA,AA,AA,AA,AA,AA,-,AA,AA,AA,BB,AA,-,AA,AA,AA,AA,-,-,AA,-,BB,BB,BB,BB,BB,-,AA,-,BB,-,-,BB,BB,BB,BB,BB,BB,BB,BB,BB,BB,BB,BB,-,BB,-,BB,BB,BB,BB,AA,BB,BB,BB,BB,BB,-,BB,BB,BB,BB,BB,-,AA,BB,AA,AA,AA,AA,-,AA,AA,AA,AA,AA,AA,AA,AA,AA,AA,AA,AA,-,AA,AA,AA,AA,AA,AA,AA,-,AA,AA,-,AA,AA,AA,AA,AA,AA,AA,AA,-,AA,-,AA,AA,AA,AA,AA,AA,AA,AA,AA,AA,-,AA,-,AA,AA,AA,AA,AA,AA,AA,AA,AA,AA,AA,AA,AA,AA,AA,AA,AA,-,-,-,AA,AA,AA,AA,AA,AA,AA,AA,AA,AA,AA,AA,-,AA,AA,BB,BB,BB,BB,-,BB,BB,BB,BB,-,BB,BB,BB,BB,BB,BB,BB,-,BB,BB,BB,BB,BB,BB,BB,BB,BB,BB,BB,BB,BB,BB,BB,BB,BB,BB,BB,BB,-,BB,BB,BB,-,BB,BB,BB,BB,BB,AA,AA,AA,AA,AA,AA,AA,AA,AA,-,AA,AA,AA,AA,AA,-,AA,AA,AA,AA,AA,AA,-,AA,BB,BB,BB,BB,BB,BB,BB,BB,BB,BB,BB,BB,BB,BB,BB,-,BB,BB,BB,BB,BB,BB,BB,BB,BB,BB,BB,BB,BB,BB,-,BB,BB,BB,BB,BB,-,BB,BB,BB,BB,BB,BB,BB,BB,BB,-,BB,BB,BB,AA,AA,AA,AA,AA,AA,AA,AA,AA,AA,AA,AA,AA,AA,-,AA,AA,AA,AA,AA,AA,AA,AA,AA,AA,AA,-,AA,AA,AA,AA,AA,AA,AA,AA,AA,AA,AA,AA,AA,AA,AA,AA,AA,AA,-,AA,AA,AA,AA,AA,AA,-,AA,AA,AA,AA,AA,AA,AA,-,AA,AA,AA,AA,AA,AA,AA,AA,AA,AA,AA,AA,AA,AA,AA,AA,AA,AA,AA,AA,AA,AA,AA,AA,AA,BB,AA,AA,AA,AA,-,AA,AA,AA,AA,AA,AA,AA,AA,AA,AA,BB,BB,AA,AA,BB,BB,BB,BB,BB
102,1.0093767,1.055,39.144267,43.8333,24.5,24.5,-0.955681764201955,BB,BB,BB,BB,BB,-,BB,BB,BB,BB,BB,BB,BB,BB,BB,BB,BB,BB,BB,BB,BB,BB,BB,BB,BB,BB,BB,BB,-,-,BB,-,BB,-,BB,BB,BB,BB,BB,BB,-,BB,BB,BB,BB,BB,BB,AA,AA,AA,AA,AA,-,AA,AA,AA,AA,AA,AA,AA,AA,AA,AA,AA,AA,AA,-,BB,BB,BB,BB,BB,BB,BB,BB,BB,BB,-,BB,BB,BB,AA,AA,AA,AA,AA,AA,AA,AA,AA,BB,AA,AA,AA,AA,AA,AA,AA,AA,AA,AA,AA,AA,BB,BB,BB,BB,BB,BB,BB,BB,BB,BB,BB,AA,BB,BB,BB,BB,BB,BB,BB,BB,BB,-,BB,BB,BB,-,BB,BB,-,BB,-,BB,-,BB,BB,BB,BB,BB,BB,BB,BB,BB,BB,BB,BB,BB,BB,-,-,BB,BB,BB,BB,BB,BB,-,-,BB,BB,BB,BB,BB,BB,BB,BB,BB,BB,BB,BB,BB,BB,BB,BB,BB,BB,BB,BB,BB,BB,BB,BB,BB,BB,BB,BB,BB,-,BB,BB,BB,BB,BB,BB,BB,BB,BB,BB,BB,BB,BB,BB,-,BB,BB,BB,BB,BB,BB,BB,BB,BB,BB,BB,BB,BB,BB,BB,BB,-,BB,BB,BB,BB,BB,BB,BB,-,BB,BB,BB,BB,-,BB,BB,AA,-,AA,AA,-,BB,BB,BB,BB,BB,BB,BB,BB,AA,AA,AA,-,AA,-,AA,AA,AA,AA,AA,AA,AA,AA,AA,BB,BB,BB,BB,BB,BB,BB,BB,BB,BB,-,BB,BB,BB,BB,BB,BB,BB,BB,BB,BB,BB,BB,BB,BB,BB,BB,BB,BB,BB,BB,BB,BB,BB,-,BB,BB,-,BB,BB,BB,BB,BB,BB,BB,BB,BB,BB,BB,BB,BB,AA,AA,AA,AA,AA,AA,AA,AA,-,AA,AA,-,-,AA,-,AA,AA,AA,AA,AA,AA,AA,AA,AA,AA,AA,AA,AA,AA,AA,-,AA,AA,AA,AA,AA,AA,AA,AA,AA,AA,AA,-,AA,AA,AA,AA,AA,AA,AA,AA,AA,AA,-,BB,BB,BB,AA,AA,AA,AA,-,AA,AA,AA,AA,AA,-,AA,AA,AA,AA,AA,AA,AA,AA,AA,AA,AA,AA,AA,AA,AA,AA,AA,AA,AA,AA,AA,AA,-,AA,AA,-,-,AA,AA,AA,AA,-,AA,AA,AA,AA,BB,BB,BB,BB,BB,BB,BB,BB,BB,BB,BB,BB,BB,BB,BB,BB,BB,BB,BB,BB,BB,BB,BB,BB,BB,BB,AA,BB,BB,BB
103,1.2268714,1.29333,41.686939,46.6111,24.5,24.5,-0.613080657835286,-,-,AA,AA,-,-,AA,-,AA,AA,AA,AA,AA,-,-,-,-,-,AA,-,-,-,-,AA,AA,AA,AA,-,-,-,-,-,-,-,-,AA,AA,AA,AA,AA,-,AA,-,-,-,-,AA,-,-,BB,-,-,-,-,-,-,-,-,AA,AA,-,-,-,-,-,BB,-,-,BB,-,-,-,-,-,-,-,-,BB,-,-,-,-,-,-,-,-,AA,AA,BB,-,BB,-,-,-,-,-,-,-,AA,BB,BB,-,AA,-,BB,BB,BB,-,BB,-,BB,BB,BB,BB,-,-,-,-,-,-,-,-,-,-,-,-,-,-,-,-,-,-,-,-,-,-,-,-,BB,BB,-,-,-,-,-,-,-,-,-,BB,-,-,-,-,AA,-,-,-,-,-,BB,BB,AA,-,BB,AA,AA,-,-,-,BB,BB,BB,BB,BB,BB,-,BB,-,-,BB,-,AA,AA,AA,AA,-,BB,BB,-,-,-,-,-,-,-,-,-,-,-,-,-,-,-,-,-,-,-,AA,-,-,BB,-,-,-,BB,AA,-,-,-,BB,-,-,-,AA,-,-,-,AA,-,-,-,-,-,-,-,-,-,-,-,-,-,-,-,-,-,-,-,-,-,-,-,-,-,-,-,-,-,-,-,BB,AA,BB,BB,AA,AA,BB,BB,BB,-,-,-,-,-,-,-,-,-,-,-,-,-,-,-,-,BB,BB,-,BB,BB,BB,BB,BB,-,-,BB,-,-,-,-,BB,BB,-,-,-,BB,-,AA,AA,AA,-,BB,BB,-,-,-,BB,-,-,-,-,BB,-,-,-,-,-,-,-,-,-,-,-,-,-,BB,BB,AA,AA,AA,BB,BB,BB,AA,-,-,-,-,-,-,-,AA,AA,-,-,-,-,-,-,AA,AA,AA,AA,AA,-,-,-,-,-,-,-,-,-,AA,AA,AA,-,-,-,-,-,-,BB,-,BB,-,-,-,-,-,-,-,-,-,-,-,-,-,-,-,-,-,-,-,AA,-,-,-,-,-,-,AA,-,AA,AA,-,-,-,AA,-,-,AA,AA,-,-,-,AA,-,-,BB,-,BB,-,-,-,-,-,-,-,-,-,-,-,-,AA,-,-,AA,AA,BB
104,1.886761,1.95833,39.248568,44.3333,22.5000000000001,22.5,1.42765102094646,BB,BB,AA,AA,BB,BB,BB,BB,BB,BB,BB,AA,BB,BB,BB,BB,BB,-,BB,-,BB,-,BB,AA,AA,AA,AA,BB,BB,-,-,BB,-,BB,BB,BB,AA,AA,AA,AA,BB,BB,-,BB,BB,BB,BB,-,-,BB,-,BB,BB,BB,BB,BB,BB,BB,BB,BB,BB,BB,BB,BB,BB,BB,-,BB,BB,BB,-,-,BB,BB,BB,-,BB,BB,-,BB,BB,BB,BB,BB,BB,-,BB,BB,AA,BB,AA,BB,-,-,BB,BB,BB,BB,BB,BB,BB,BB,BB,AA,AA,AA,AA,AA,-,-,BB,AA,AA,-,-,-,-,AA,AA,AA,-,-,-,AA,AA,AA,-,-,AA,AA,AA,AA,AA,AA,AA,-,AA,-,AA,AA,AA,AA,-,-,AA,-,AA,AA,AA,AA,AA,-,-,AA,BB,-,AA,AA,-,AA,AA,AA,BB,AA,AA,BB,BB,AA,-,AA,AA,AA,AA,AA,AA,AA,-,AA,-,-,AA,AA,BB,AA,AA,AA,-,AA,AA,-,-,AA,AA,-,-,-,AA,-,AA,-,AA,-,AA,-,AA,AA,-,AA,AA,-,-,AA,AA,AA,AA,-,AA,AA,AA,BB,AA,BB,BB,-,BB,BB,-,BB,BB,-,BB,BB,BB,BB,BB,BB,-,-,-,-,BB,-,BB,-,AA,-,-,AA,AA,-,-,AA,AA,-,AA,-,AA,AA,AA,AA,AA,AA,AA,AA,BB,BB,BB,BB,BB,-,BB,BB,BB,-,-,BB,BB,BB,BB,BB,BB,BB,-,BB,BB,BB,BB,BB,BB,BB,-,BB,BB,BB,-,BB,BB,BB,BB,BB,BB,BB,BB,-,BB,BB,-,BB,BB,BB,-,BB,BB,-,BB,BB,BB,BB,-,BB,BB,BB,BB,-,AA,-,AA,AA,-,AA,-,AA,-,AA,-,AA,AA,AA,AA,BB,AA,AA,AA,BB,-,BB,BB,BB,-,BB,BB,BB,BB,-,-,BB,BB,-,-,-,AA,-,AA,-,BB,BB,BB,-,AA,-,AA,AA,-,AA,AA,AA,AA,AA,AA,AA,AA,-,AA,AA,AA,AA,AA,-,AA,AA,AA,AA,AA,AA,AA,AA,AA,AA,AA,-,AA,AA,AA,-,AA,AA,AA,-,AA,-,-,AA,AA,AA,AA,-,AA,AA,AA,AA,AA,AA,AA,AA,AA,AA,AA,AA,AA,BB,-,AA,AA,AA,AA,AA,-,AA,AA,AA,AA,AA,AA,AA,AA,AA,-,AA,-,AA
105,1.364682,1.43167,41.388407,46.3333,20.5000000000001,20.5,-0.366671179587451,BB,BB,AA,AA,BB,BB,AA,BB,AA,AA,AA,AA,AA,BB,BB,BB,BB,BB,AA,BB,BB,BB,BB,AA,AA,AA,AA,BB,BB,BB,BB,BB,BB,BB,BB,AA,AA,AA,AA,AA,BB,AA,BB,BB,BB,BB,AA,AA,BB,AA,BB,BB,BB,BB,BB,BB,BB,BB,AA,AA,BB,BB,BB,BB,BB,AA,BB,BB,AA,BB,BB,BB,BB,BB,BB,AA,AA,AA,AA,AA,AA,AA,AA,AA,AA,AA,AA,AA,BB,AA,BB,AA,AA,AA,AA,AA,AA,AA,-,-,-,BB,-,AA,AA,AA,AA,AA,AA,AA,AA,AA,AA,AA,AA,AA,AA,AA,AA,AA,AA,AA,-,AA,AA,AA,AA,BB,BB,BB,BB,BB,BB,BB,BB,BB,-,BB,AA,AA,BB,BB,-,BB,BB,BB,BB,BB,BB,BB,BB,BB,BB,BB,AA,BB,BB,BB,BB,-,-,-,AA,BB,-,AA,AA,BB,BB,BB,-,-,-,-,-,-,BB,-,AA,AA,-,AA,AA,BB,BB,BB,AA,BB,BB,AA,AA,AA,AA,AA,AA,AA,AA,AA,AA,AA,AA,AA,BB,BB,BB,BB,BB,BB,BB,BB,BB,BB,BB,BB,BB,-,BB,BB,BB,BB,BB,BB,BB,BB,BB,BB,BB,BB,BB,BB,BB,AA,AA,AA,AA,AA,AA,AA,AA,AA,AA,AA,AA,AA,AA,AA,AA,AA,AA,AA,AA,AA,AA,AA,BB,BB,BB,BB,BB,BB,BB,BB,AA,AA,AA,BB,BB,BB,BB,AA,BB,BB,BB,BB,BB,BB,BB,BB,BB,BB,BB,BB,BB,BB,BB,AA,AA,BB,AA,AA,BB,AA,AA,BB,BB,AA,BB,BB,BB,BB,AA,AA,BB,BB,BB,AA,-,AA,AA,AA,AA,AA,AA,BB,BB,BB,AA,BB,BB,BB,BB,AA,BB,BB,BB,BB,BB,AA,AA,AA,AA,AA,AA,AA,AA,AA,AA,AA,AA,AA,AA,AA,AA,AA,BB,BB,BB,-,BB,BB,BB,AA,AA,BB,BB,BB,BB,BB,BB,AA,AA,AA,AA,AA,AA,AA,AA,AA,AA,AA,AA,AA,AA,AA,AA,AA,AA,AA,AA,AA,AA,AA,AA,AA,AA,AA,AA,BB,AA,BB,AA,BB,BB,BB,BB,BB,BB,BB,BB,BB,BB,BB,BB,BB,AA,BB,BB,BB,BB,BB,BB,AA,BB,AA,AA,BB,BB,BB,AA,BB,BB,AA,AA,BB,BB,BB,AA,BB,BB,BB,BB,-,BB,BB,BB,BB,BB,AA,AA,AA,AA,AA,AA,BB,BB,AA,AA,BB,AA,BB
106,0.9735142,1.05333,42.296779,47.6667,21.5,21.5,-0.967421566101701,AA,AA,BB,BB,AA,AA,BB,AA,BB,BB,BB,BB,BB,AA,AA,AA,AA,AA,BB,AA,AA,AA,AA,BB,BB,BB,BB,AA,AA,AA,AA,AA,AA,AA,AA,BB,BB,BB,BB,BB,AA,BB,AA,AA,AA,AA,BB,AA,AA,BB,AA,AA,AA,AA,AA,AA,AA,AA,BB,BB,AA,AA,AA,AA,AA,BB,AA,AA,BB,AA,AA,AA,AA,AA,AA,AA,AA,AA,AA,AA,AA,AA,AA,AA,AA,AA,AA,AA,AA,AA,AA,AA,AA,AA,AA,AA,AA,AA,AA,AA,AA,AA,AA,BB,AA,AA,AA,BB,AA,BB,AA,AA,AA,AA,AA,BB,BB,BB,BB,BB,BB,BB,BB,BB,BB,BB,BB,BB,BB,BB,BB,-,BB,BB,BB,BB,-,BB,BB,BB,BB,BB,BB,BB,BB,BB,BB,BB,BB,BB,BB,BB,BB,BB,BB,BB,BB,BB,BB,BB,BB,BB,BB,BB,BB,BB,BB,BB,BB,BB,BB,BB,BB,BB,BB,BB,BB,AA,BB,BB,AA,BB,AA,AA,AA,AA,AA,AA,AA,-,AA,AA,BB,BB,AA,AA,AA,AA,AA,AA,AA,AA,AA,AA,AA,AA,AA,AA,BB,AA,AA,BB,AA,AA,AA,-,BB,AA,AA,AA,BB,AA,AA,AA,BB,AA,AA,AA,BB,AA,AA,AA,AA,AA,AA,AA,AA,AA,AA,AA,AA,AA,AA,AA,AA,AA,AA,AA,AA,AA,AA,AA,AA,AA,AA,AA,AA,AA,AA,AA,AA,AA,BB,BB,BB,-,BB,BB,BB,BB,BB,BB,BB,BB,BB,BB,BB,BB,BB,BB,BB,BB,BB,BB,BB,BB,BB,BB,BB,BB,AA,BB,BB,BB,BB,BB,BB,BB,BB,BB,BB,BB,BB,AA,BB,BB,BB,BB,BB,BB,BB,BB,BB,BB,BB,BB,BB,BB,BB,BB,BB,BB,BB,BB,BB,BB,BB,BB,BB,BB,BB,BB,BB,BB,BB,AA,AA,AA,AA,BB,BB,BB,BB,BB,BB,BB,BB,BB,BB,BB,BB,AA,AA,BB,BB,BB,BB,BB,BB,AA,AA,AA,AA,AA,BB,BB,BB,BB,BB,BB,BB,BB,AA,AA,AA,AA,BB,BB,BB,AA,BB,BB,AA,AA,AA,AA,AA,AA,AA,AA,AA,AA,AA,AA,AA,AA,AA,AA,AA,AA,AA,AA,AA,AA,BB,AA,AA,AA,BB,BB,BB,BB,BB,BB,BB,BB,BB,AA,BB,AA,AA,BB,BB,AA,AA,AA,BB,AA,AA,BB,AA,BB,AA,AA,AA,AA,AA,AA,AA,AA,AA,AA,AA,AA,AA,AA,AA,AA,BB,AA
107,1.7033648,1.77667,40.605861,42.3333,16.8795180722889,17,0.455196954073443,BB,BB,AA,AA,BB,AA,AA,AA,AA,AA,AA,AA,AA,AA,AA,AA,AA,AA,AA,AA,AA,AA,AA,AA,AA,AA,AA,AA,AA,-,AA,AA,AA,AA,AA,AA,AA,AA,AA,AA,BB,AA,BB,BB,BB,BB,AA,AA,AA,AA,AA,BB,AA,AA,AA,AA,AA,AA,AA,AA,AA,AA,AA,AA,AA,AA,AA,AA,AA,-,AA,AA,AA,AA,BB,AA,AA,AA,AA,AA,AA,AA,AA,AA,AA,AA,AA,AA,AA,AA,AA,AA,AA,AA,AA,AA,AA,AA,AA,AA,AA,AA,AA,BB,BB,BB,BB,BB,BB,BB,BB,BB,BB,BB,BB,BB,BB,BB,BB,BB,BB,BB,AA,AA,AA,AA,AA,AA,AA,BB,BB,-,BB,BB,BB,BB,-,BB,BB,BB,BB,BB,BB,BB,BB,AA,AA,AA,AA,BB,AA,AA,-,AA,BB,AA,AA,AA,AA,AA,BB,BB,BB,AA,BB,BB,BB,AA,AA,AA,BB,BB,BB,BB,BB,BB,AA,BB,AA,AA,BB,AA,BB,AA,AA,AA,BB,BB,BB,BB,BB,BB,BB,BB,BB,BB,BB,BB,BB,BB,BB,BB,BB,BB,BB,BB,BB,BB,AA,BB,BB,AA,BB,BB,BB,-,AA,BB,BB,BB,AA,BB,BB,BB,AA,BB,BB,BB,AA,BB,BB,BB,BB,BB,BB,BB,BB,BB,BB,BB,BB,BB,BB,BB,BB,BB,BB,BB,BB,BB,BB,BB,BB,BB,AA,AA,BB,AA,AA,AA,AA,AA,AA,AA,AA,BB,BB,BB,BB,BB,BB,BB,BB,BB,BB,BB,BB,BB,BB,BB,BB,BB,BB,BB,BB,BB,BB,BB,BB,BB,-,BB,BB,BB,BB,BB,AA,AA,AA,AA,BB,BB,AA,AA,AA,BB,AA,BB,BB,BB,BB,BB,BB,AA,AA,AA,BB,AA,AA,AA,AA,BB,AA,AA,AA,AA,AA,AA,AA,AA,-,AA,AA,AA,AA,BB,BB,BB,BB,BB,BB,BB,BB,BB,AA,AA,AA,BB,AA,AA,AA,BB,BB,AA,AA,AA,AA,AA,-,BB,BB,BB,BB,BB,AA,AA,AA,-,AA,AA,AA,AA,AA,BB,BB,BB,AA,AA,AA,AA,AA,AA,BB,AA,BB,AA,AA,AA,AA,AA,AA,AA,AA,AA,AA,AA,AA,AA,AA,AA,AA,AA,-,AA,AA,AA,AA,AA,AA,-,AA,BB,AA,BB,BB,AA,AA,AA,AA,AA,AA,AA,AA,AA,AA,AA,AA,AA,AA,AA,AA,AA,AA,AA,AA,AA,AA,AA,AA,AA,AA,AA,AA,AA,AA,AA,AA,AA,-,AA
108,0.8029252,0.89,45.498003,50.9444,21.5,21.5,-1.25510807905408,AA,AA,BB,BB,AA,AA,AA,AA,AA,AA,AA,AA,AA,-,-,AA,AA,AA,AA,AA,AA,AA,AA,AA,AA,AA,AA,AA,AA,AA,-,AA,AA,AA,AA,-,BB,BB,BB,BB,BB,BB,BB,-,BB,BB,BB,BB,BB,AA,BB,BB,BB,BB,BB,BB,BB,BB,AA,AA,BB,BB,BB,BB,BB,AA,BB,BB,AA,BB,BB,BB,BB,BB,BB,BB,BB,AA,-,BB,-,-,BB,BB,BB,BB,AA,AA,AA,BB,AA,BB,BB,-,BB,BB,BB,BB,AA,AA,AA,AA,AA,BB,BB,BB,BB,-,BB,AA,BB,BB,BB,BB,AA,AA,AA,AA,AA,AA,AA,AA,BB,BB,BB,BB,BB,BB,BB,AA,AA,-,AA,AA,AA,AA,AA,AA,BB,BB,AA,-,AA,AA,AA,AA,AA,AA,AA,AA,AA,AA,AA,AA,AA,AA,AA,AA,-,AA,AA,AA,AA,-,AA,AA,AA,AA,AA,AA,AA,AA,AA,AA,AA,AA,AA,AA,-,AA,AA,-,AA,BB,BB,BB,-,BB,BB,BB,BB,BB,BB,BB,BB,BB,BB,-,BB,BB,BB,BB,BB,BB,BB,BB,BB,BB,BB,BB,BB,BB,BB,BB,-,-,BB,BB,BB,BB,BB,BB,BB,BB,BB,BB,BB,BB,BB,BB,BB,BB,-,BB,BB,BB,-,AA,BB,BB,BB,BB,BB,BB,BB,-,AA,AA,BB,BB,BB,BB,BB,BB,-,BB,BB,BB,BB,BB,BB,BB,AA,AA,AA,BB,BB,BB,BB,BB,BB,BB,-,BB,BB,BB,BB,BB,BB,BB,BB,BB,BB,BB,BB,BB,BB,BB,BB,BB,BB,BB,AA,BB,BB,BB,BB,BB,BB,BB,AA,AA,BB,BB,BB,AA,-,AA,AA,AA,AA,AA,AA,BB,BB,BB,AA,BB,BB,BB,BB,AA,-,BB,BB,BB,BB,BB,BB,BB,BB,BB,BB,BB,BB,AA,AA,AA,AA,AA,AA,AA,AA,AA,-,AA,AA,-,-,AA,AA,AA,AA,AA,AA,AA,AA,AA,AA,AA,AA,AA,AA,AA,AA,AA,AA,AA,AA,AA,AA,AA,AA,AA,AA,AA,AA,AA,AA,-,AA,AA,AA,AA,-,AA,AA,AA,AA,AA,AA,AA,AA,AA,AA,AA,AA,AA,AA,AA,AA,AA,AA,AA,AA,AA,AA,AA,AA,AA,AA,AA,AA,AA,AA,AA,AA,AA,AA,AA,-,AA,AA,AA,AA,AA,AA,AA,AA,AA,AA,AA,AA,AA,AA,-,AA,AA,AA,AA,AA,AA,-,AA,AA,BB,BB,AA,-,AA
109,1.6929439,1.77833,42.329443,47.6667,23,23,0.517625245832955,AA,AA,AA,AA,AA,AA,AA,AA,AA,AA,AA,AA,AA,AA,-,AA,AA,AA,AA,AA,AA,AA,AA,AA,AA,AA,AA,AA,-,AA,AA,AA,AA,AA,AA,AA,AA,AA,BB,BB,AA,BB,AA,AA,-,AA,BB,AA,AA,BB,AA,AA,AA,AA,AA,AA,AA,AA,BB,BB,AA,AA,-,BB,BB,BB,-,BB,BB,BB,BB,BB,BB,BB,BB,BB,BB,BB,BB,BB,BB,BB,BB,BB,BB,BB,BB,BB,BB,BB,BB,-,BB,BB,BB,BB,BB,BB,BB,BB,-,BB,BB,AA,BB,BB,BB,BB,BB,-,AA,AA,AA,AA,BB,BB,BB,BB,BB,BB,BB,BB,BB,BB,BB,BB,BB,BB,BB,AA,AA,AA,AA,-,AA,AA,AA,AA,AA,AA,AA,AA,AA,AA,AA,AA,-,AA,AA,AA,AA,AA,-,AA,AA,BB,-,BB,BB,BB,AA,AA,AA,BB,AA,AA,AA,BB,-,BB,AA,AA,AA,AA,AA,AA,BB,AA,BB,BB,AA,BB,AA,BB,BB,BB,AA,BB,BB,-,AA,AA,AA,AA,AA,AA,AA,AA,AA,AA,AA,BB,BB,BB,BB,BB,BB,BB,BB,BB,BB,BB,BB,BB,BB,-,BB,BB,BB,BB,BB,BB,BB,BB,BB,BB,BB,BB,BB,BB,BB,BB,BB,BB,BB,BB,BB,BB,BB,BB,BB,BB,BB,BB,BB,BB,BB,BB,-,BB,AA,AA,AA,AA,AA,AA,AA,AA,AA,AA,BB,BB,BB,BB,BB,BB,BB,BB,BB,BB,BB,BB,BB,BB,-,-,-,AA,BB,BB,BB,AA,AA,AA,AA,BB,BB,-,BB,BB,AA,BB,BB,AA,AA,BB,AA,AA,AA,AA,-,BB,AA,BB,-,BB,AA,BB,BB,BB,BB,BB,BB,BB,BB,BB,BB,BB,BB,BB,BB,BB,BB,-,BB,BB,BB,BB,BB,BB,BB,BB,BB,BB,BB,BB,BB,BB,BB,AA,AA,AA,AA,AA,AA,AA,AA,AA,AA,AA,-,AA,AA,AA,-,AA,AA,AA,-,AA,AA,AA,AA,AA,AA,AA,AA,-,AA,-,AA,AA,AA,AA,AA,AA,AA,AA,AA,AA,AA,AA,AA,AA,AA,AA,AA,AA,AA,AA,AA,AA,AA,AA,AA,AA,AA,AA,AA,AA,AA,AA,AA,AA,AA,AA,AA,AA,-,-,AA,AA,-,AA,AA,BB,BB,BB,AA,-,BB,AA,AA,BB,BB,BB,AA,BB,BB,AA,-,AA,BB,BB,BB,BB,BB,BB,BB,-,BB,BB,BB,AA,AA,BB,BB,BB,AA,BB
110,1.5933296,1.62333,49.052896,53.3333,27,27,0.0888469558801665,AA,AA,AA,AA,AA,AA,AA,AA,AA,AA,AA,AA,AA,AA,AA,AA,AA,AA,AA,AA,AA,AA,AA,AA,AA,AA,AA,AA,AA,AA,AA,AA,AA,AA,AA,AA,AA,AA,AA,AA,AA,AA,BB,BB,-,BB,AA,-,BB,AA,BB,-,-,-,BB,BB,BB,BB,AA,AA,BB,BB,AA,AA,-,AA,BB,BB,BB,BB,BB,BB,BB,BB,BB,BB,BB,BB,BB,-,BB,-,BB,BB,BB,-,BB,BB,BB,BB,BB,-,BB,-,BB,BB,BB,BB,BB,BB,BB,BB,BB,BB,AA,BB,BB,BB,BB,BB,BB,BB,BB,BB,AA,BB,-,BB,-,-,BB,-,BB,BB,BB,BB,BB,-,BB,BB,BB,-,BB,-,BB,BB,-,BB,-,AA,BB,AA,AA,-,AA,AA,-,AA,AA,AA,AA,AA,AA,AA,AA,AA,-,AA,AA,AA,BB,BB,BB,AA,BB,BB,BB,-,-,AA,BB,BB,BB,BB,BB,BB,AA,BB,AA,AA,BB,AA,BB,AA,AA,AA,AA,AA,AA,AA,AA,BB,AA,-,AA,AA,AA,AA,-,AA,AA,-,AA,BB,AA,AA,BB,AA,BB,AA,AA,BB,AA,AA,BB,-,BB,BB,BB,BB,BB,-,BB,BB,BB,BB,BB,-,BB,BB,BB,-,BB,-,BB,BB,BB,BB,BB,BB,BB,BB,BB,-,-,BB,BB,BB,-,BB,BB,BB,BB,BB,BB,BB,BB,BB,BB,BB,AA,AA,AA,AA,AA,BB,BB,BB,BB,BB,BB,BB,BB,BB,-,BB,-,BB,BB,BB,BB,BB,BB,-,BB,AA,AA,BB,AA,AA,-,AA,AA,BB,BB,AA,BB,BB,BB,BB,AA,AA,BB,BB,AA,AA,AA,AA,AA,AA,BB,BB,BB,BB,BB,BB,BB,BB,BB,-,BB,BB,BB,BB,BB,-,BB,BB,BB,BB,BB,BB,BB,BB,BB,BB,BB,BB,BB,AA,AA,AA,AA,AA,AA,AA,AA,AA,-,-,AA,AA,-,AA,-,AA,AA,AA,AA,-,AA,AA,AA,AA,AA,AA,AA,AA,AA,AA,AA,AA,AA,AA,AA,AA,AA,AA,AA,AA,AA,AA,AA,AA,AA,AA,AA,AA,AA,AA,AA,AA,AA,AA,AA,AA,AA,AA,AA,AA,-,AA,AA,BB,AA,AA,-,AA,-,AA,AA,BB,AA,BB,BB,AA,AA,AA,BB,AA,AA,BB,BB,AA,AA,AA,BB,-,AA,BB,-,BB,AA,AA,AA,AA,-,-,AA,AA,AA,AA,AA,BB,BB,AA,AA,BB,BB,BB
111,0.9458265,1.015,42.625198,46.1667,23.5,23.5,-0.997371806961887,AA,AA,AA,AA,AA,AA,AA,-,-,-,-,AA,-,-,AA,AA,AA,AA,AA,AA,AA,AA,AA,AA,AA,AA,AA,AA,AA,AA,-,AA,AA,AA,-,-,AA,BB,BB,BB,BB,BB,BB,BB,AA,AA,AA,AA,AA,AA,-,AA,AA,AA,AA,AA,-,-,AA,AA,AA,-,AA,-,AA,-,AA,-,-,-,-,AA,AA,AA,AA,-,AA,AA,-,AA,AA,AA,AA,AA,AA,-,AA,AA,AA,AA,AA,AA,AA,AA,AA,AA,AA,AA,AA,AA,AA,AA,AA,BB,BB,BB,BB,-,BB,BB,BB,-,-,BB,BB,BB,BB,BB,BB,BB,-,BB,-,BB,-,BB,BB,BB,-,-,-,BB,BB,BB,BB,-,-,BB,BB,-,-,BB,-,AA,-,BB,-,BB,-,BB,-,-,BB,BB,BB,BB,BB,BB,BB,BB,-,-,BB,BB,-,BB,BB,BB,-,BB,-,-,-,-,-,-,BB,-,-,BB,-,-,BB,-,-,-,AA,AA,AA,AA,AA,AA,AA,AA,AA,BB,BB,BB,BB,-,-,BB,BB,BB,-,BB,BB,BB,BB,BB,BB,BB,-,-,-,-,BB,BB,BB,BB,BB,BB,BB,BB,BB,BB,-,BB,BB,BB,-,BB,BB,-,BB,BB,BB,-,BB,-,-,BB,BB,BB,BB,BB,-,-,-,BB,BB,BB,-,BB,BB,BB,-,BB,BB,BB,BB,BB,BB,BB,BB,BB,-,BB,-,-,-,BB,-,BB,-,BB,-,BB,BB,BB,-,BB,BB,-,BB,BB,BB,BB,-,-,BB,BB,-,BB,-,-,-,BB,-,BB,BB,BB,BB,BB,BB,BB,BB,BB,BB,BB,BB,-,-,BB,BB,AA,-,AA,-,AA,-,AA,AA,-,-,AA,-,AA,-,AA,AA,-,AA,AA,AA,AA,AA,-,-,-,AA,AA,AA,-,AA,AA,AA,AA,AA,-,AA,AA,AA,AA,AA,AA,AA,AA,AA,-,AA,-,-,-,AA,-,AA,AA,AA,AA,AA,AA,AA,AA,AA,AA,AA,-,AA,AA,-,-,AA,AA,-,AA,AA,-,-,AA,-,AA,-,AA,AA,AA,AA,AA,AA,-,AA,-,-,AA,AA,AA,AA,-,AA,AA,-,AA,AA,AA,AA,AA,-,AA,AA,AA,-,-,BB,AA,AA,BB,BB,BB,BB,BB,-,-,BB,BB,BB,-,BB,-,BB,BB,BB,-,BB,BB,-,BB,BB,-,-,BB
112,1.7231357,1.78,51.424781,55.3333,32.5000000000004,32.5,0.569050994308254,AA,AA,AA,AA,AA,AA,-,AA,-,-,-,AA,-,AA,AA,AA,AA,AA,-,AA,AA,AA,AA,AA,AA,AA,AA,AA,AA,-,AA,AA,AA,AA,AA,AA,AA,AA,AA,AA,AA,AA,AA,AA,AA,AA,AA,BB,AA,BB,BB,BB,BB,BB,BB,BB,BB,BB,BB,BB,BB,BB,BB,BB,BB,BB,BB,BB,BB,BB,BB,BB,BB,BB,BB,BB,BB,BB,BB,BB,BB,BB,BB,BB,BB,BB,BB,BB,BB,BB,BB,-,BB,-,BB,BB,BB,BB,BB,BB,BB,BB,BB,BB,BB,BB,BB,-,BB,BB,BB,AA,AA,AA,AA,AA,AA,AA,AA,AA,AA,BB,AA,AA,AA,AA,AA,AA,AA,AA,AA,AA,AA,-,BB,BB,-,BB,BB,BB,BB,BB,BB,BB,BB,BB,-,BB,BB,BB,BB,BB,BB,BB,BB,BB,BB,BB,BB,BB,BB,BB,BB,BB,BB,BB,BB,BB,-,BB,BB,BB,BB,BB,BB,BB,BB,AA,BB,AA,AA,AA,AA,BB,-,BB,BB,BB,BB,BB,BB,BB,BB,BB,BB,BB,BB,BB,BB,-,BB,BB,-,BB,BB,BB,BB,BB,BB,BB,BB,BB,BB,BB,BB,BB,BB,BB,BB,BB,BB,BB,BB,BB,BB,BB,-,BB,BB,-,BB,BB,BB,BB,BB,BB,BB,BB,AA,AA,AA,AA,AA,AA,AA,AA,AA,AA,AA,AA,AA,AA,AA,AA,AA,AA,AA,AA,AA,AA,AA,AA,AA,AA,AA,BB,BB,BB,BB,BB,BB,BB,BB,BB,AA,AA,AA,AA,AA,AA,AA,AA,AA,AA,AA,AA,AA,AA,AA,AA,AA,AA,AA,AA,AA,AA,AA,AA,AA,AA,AA,AA,AA,AA,AA,AA,-,AA,AA,AA,AA,AA,AA,AA,AA,AA,AA,AA,AA,AA,AA,AA,AA,-,BB,BB,BB,BB,BB,BB,BB,BB,BB,BB,BB,BB,BB,BB,BB,AA,AA,AA,AA,AA,AA,AA,AA,-,AA,AA,AA,AA,AA,AA,AA,AA,AA,AA,AA,AA,AA,AA,AA,AA,AA,AA,AA,AA,AA,AA,AA,AA,AA,AA,AA,AA,AA,AA,AA,AA,AA,AA,AA,AA,-,AA,AA,AA,AA,AA,AA,AA,AA,AA,AA,AA,AA,-,AA,AA,AA,AA,AA,BB,AA,BB,BB,BB,BB,BB,BB,BB,BB,BB,BB,BB,BB,BB,BB,BB,BB,BB,BB,BB,BB,BB,BB,BB,BB,BB,-,BB,BB,BB,BB,BB,BB,BB,BB,BB,BB,BB,BB,BB,BB,BB,BB,BB,BB,BB
113,1.6303507,1.66833,44.719295,47.6667,25.5000000000001,25.5,0.227469096233007,AA,AA,AA,AA,AA,-,-,AA,BB,BB,BB,BB,BB,BB,BB,BB,BB,BB,BB,BB,BB,BB,BB,BB,BB,BB,BB,BB,-,-,BB,-,BB,AA,AA,AA,BB,AA,AA,AA,AA,AA,AA,AA,AA,AA,AA,AA,AA,AA,AA,AA,-,AA,AA,AA,AA,AA,-,AA,AA,AA,AA,AA,AA,AA,AA,BB,BB,BB,BB,AA,BB,BB,BB,-,BB,BB,BB,BB,BB,BB,BB,BB,BB,BB,BB,BB,BB,BB,BB,BB,BB,BB,BB,BB,BB,BB,BB,BB,BB,BB,BB,BB,BB,BB,BB,AA,AA,-,AA,AA,AA,AA,AA,AA,AA,AA,AA,AA,AA,AA,AA,AA,AA,AA,AA,AA,AA,-,AA,-,AA,AA,-,AA,AA,AA,AA,AA,AA,AA,AA,AA,AA,-,AA,AA,AA,-,AA,-,-,AA,AA,AA,AA,AA,-,AA,AA,AA,AA,AA,AA,AA,AA,AA,AA,AA,AA,AA,AA,AA,AA,AA,AA,AA,AA,AA,AA,AA,AA,BB,BB,BB,BB,BB,BB,-,BB,BB,BB,BB,BB,BB,BB,BB,BB,BB,BB,BB,BB,BB,-,BB,BB,BB,BB,BB,BB,BB,BB,BB,BB,-,BB,BB,BB,BB,BB,-,BB,-,BB,BB,BB,BB,BB,-,BB,-,BB,BB,-,-,BB,-,BB,BB,BB,-,BB,BB,BB,BB,AA,AA,AA,AA,AA,AA,BB,BB,BB,BB,BB,BB,BB,BB,AA,BB,BB,BB,BB,BB,BB,BB,BB,BB,BB,BB,BB,BB,BB,-,BB,BB,BB,BB,BB,BB,BB,BB,BB,BB,BB,-,AA,AA,AA,AA,AA,AA,AA,AA,AA,AA,AA,AA,AA,AA,AA,AA,AA,AA,AA,AA,AA,AA,AA,AA,AA,AA,AA,-,BB,AA,AA,BB,BB,BB,BB,BB,BB,BB,BB,-,-,BB,-,BB,BB,BB,BB,BB,BB,BB,BB,AA,AA,AA,AA,AA,AA,AA,-,AA,AA,AA,AA,AA,AA,AA,AA,AA,AA,AA,-,AA,AA,AA,AA,AA,AA,AA,AA,AA,AA,-,AA,AA,AA,AA,AA,AA,AA,-,AA,AA,AA,AA,AA,-,-,AA,AA,AA,AA,AA,AA,AA,AA,AA,AA,AA,AA,AA,AA,AA,AA,-,AA,-,AA,AA,-,AA,AA,-,-,AA,AA,AA,AA,-,AA,AA,AA,AA,AA,AA,AA,AA,AA,AA,AA,-,AA,BB,BB,BB,BB,BB,BB,BB,BB,BB,BB,BB,BB,BB,BB,BB,BB,BB,BB,BB,BB,BB
114,1.8861033,1.83333,46.426435,47.1667,51.5,51.5,0.672170865541125,-,-,AA,AA,-,-,AA,AA,AA,AA,AA,AA,AA,-,-,-,-,-,AA,-,-,-,-,AA,AA,AA,AA,-,-,BB,-,-,-,-,-,BB,BB,BB,BB,BB,-,BB,-,-,-,-,BB,-,-,BB,-,-,-,-,-,BB,-,BB,BB,BB,-,-,-,-,-,BB,-,BB,BB,-,BB,-,-,-,-,-,-,BB,-,-,-,-,-,-,BB,-,BB,BB,BB,-,BB,BB,-,-,-,-,-,-,AA,AA,BB,AA,AA,-,AA,AA,BB,-,BB,-,BB,BB,BB,BB,BB,-,-,-,-,-,-,-,-,-,-,-,-,-,BB,-,BB,-,-,BB,-,-,-,-,BB,BB,-,-,-,BB,-,-,-,-,-,BB,-,-,-,-,BB,-,-,-,-,-,BB,BB,BB,-,AA,AA,AA,-,-,-,AA,AA,AA,AA,AA,AA,-,AA,-,-,AA,-,AA,BB,BB,BB,-,BB,BB,-,-,-,-,-,BB,-,-,-,-,-,-,-,-,-,-,-,-,-,BB,-,BB,BB,BB,-,-,-,BB,-,-,-,BB,-,-,-,BB,-,-,-,BB,BB,-,BB,-,-,-,-,-,-,-,-,-,-,-,BB,-,-,-,-,-,BB,-,-,-,BB,-,AA,-,-,-,-,BB,BB,AA,AA,AA,AA,AA,AA,AA,-,-,-,-,-,-,AA,-,-,-,-,AA,-,-,-,-,AA,AA,-,AA,AA,AA,AA,AA,-,-,AA,-,-,-,-,AA,AA,-,-,-,BB,-,BB,BB,BB,BB,BB,BB,-,-,BB,BB,-,-,-,-,BB,-,BB,-,-,-,AA,-,-,-,-,AA,AA,-,AA,AA,AA,AA,AA,AA,AA,AA,AA,-,-,-,-,-,-,-,AA,BB,-,-,-,-,-,-,BB,BB,BB,BB,BB,-,-,-,-,-,-,BB,-,-,BB,BB,BB,-,-,-,-,-,-,BB,-,BB,BB,-,BB,-,-,-,BB,-,-,BB,-,-,BB,-,-,-,-,-,-,BB,-,-,-,-,-,-,BB,-,BB,BB,-,-,BB,BB,-,-,BB,BB,AA,-,-,BB,-,-,BB,-,BB,-,-,-,-,-,BB,-,-,-,BB,-,BB,BB,-,-,BB,BB,BB
115,0.8536197,0.875,39.955421,42.6667,44.5000000000001,44.5,-1.29682831613754,-,-,-,BB,-,-,BB,-,BB,BB,BB,-,BB,-,-,-,-,-,BB,-,-,-,-,-,-,-,-,-,-,-,-,-,-,-,-,BB,-,-,-,-,-,BB,-,-,-,-,-,-,-,BB,-,-,-,-,-,-,-,-,-,-,-,-,-,-,-,-,-,-,AA,-,-,-,-,-,-,-,-,AA,-,-,-,-,-,-,-,-,AA,AA,AA,-,AA,-,-,-,-,-,-,-,AA,AA,-,AA,-,-,AA,AA,BB,-,BB,-,BB,BB,BB,BB,-,-,-,-,-,-,-,-,-,-,-,-,-,-,-,-,-,-,-,-,-,-,-,-,BB,-,-,-,-,-,-,-,-,-,-,BB,-,-,-,-,-,-,-,-,-,-,BB,BB,-,-,BB,-,-,-,-,-,-,BB,BB,BB,BB,BB,-,BB,-,-,BB,-,BB,-,-,BB,-,BB,BB,-,-,-,-,-,-,-,-,-,-,-,-,-,-,-,-,-,-,-,BB,-,-,-,-,-,-,BB,BB,-,-,-,BB,-,-,-,BB,-,-,-,BB,-,-,-,-,-,-,-,-,-,-,-,-,-,-,-,-,-,-,-,-,-,-,-,-,-,-,-,-,-,-,-,BB,BB,BB,-,-,AA,AA,AA,AA,-,-,-,-,-,-,-,-,-,-,-,-,-,-,-,-,BB,BB,-,BB,BB,BB,BB,BB,-,-,-,-,-,-,-,BB,BB,-,-,-,BB,-,BB,BB,BB,BB,BB,BB,-,-,-,-,-,-,-,-,BB,-,-,-,-,-,-,-,-,-,-,-,-,-,AA,-,AA,AA,-,-,-,-,AA,-,-,-,AA,-,-,-,AA,AA,-,-,-,-,-,-,AA,AA,AA,AA,AA,-,-,-,-,-,-,-,-,-,AA,AA,AA,-,-,-,-,-,-,AA,-,AA,-,-,-,-,-,-,-,-,-,-,-,-,-,-,-,-,-,-,-,AA,-,-,-,-,-,-,AA,-,AA,AA,-,-,-,AA,-,-,AA,AA,-,-,-,AA,-,-,-,-,AA,-,-,-,-,-,-,-,-,-,-,-,BB,BB,-,-,BB,BB,-
116,1.7473183,1.77667,49.774179,50,60,60,0.455196954073443,AA,-,AA,AA,AA,-,AA,AA,AA,AA,AA,AA,AA,AA,-,AA,AA,AA,AA,AA,AA,AA,AA,-,AA,AA,AA,-,AA,-,AA,-,AA,AA,AA,AA,AA,AA,AA,-,-,AA,AA,AA,AA,AA,BB,BB,BB,BB,BB,BB,-,BB,BB,BB,BB,BB,BB,BB,BB,-,BB,BB,BB,BB,-,BB,BB,-,BB,AA,AA,-,AA,AA,AA,AA,AA,AA,-,AA,AA,AA,AA,AA,AA,AA,-,AA,AA,AA,AA,AA,AA,AA,AA,-,AA,AA,AA,-,AA,BB,BB,BB,-,BB,BB,-,BB,BB,BB,BB,AA,BB,-,BB,BB,-,BB,BB,BB,BB,-,BB,-,BB,BB,-,BB,-,BB,-,-,-,BB,-,BB,BB,BB,BB,BB,BB,BB,-,-,BB,BB,BB,-,-,-,BB,-,BB,-,BB,-,-,BB,BB,BB,BB,BB,BB,-,BB,BB,-,BB,BB,BB,BB,BB,BB,BB,BB,BB,BB,BB,BB,BB,BB,BB,BB,BB,BB,BB,-,BB,-,BB,BB,BB,BB,BB,BB,BB,BB,-,BB,BB,BB,-,BB,-,BB,BB,BB,BB,BB,BB,BB,BB,BB,BB,BB,BB,-,BB,-,BB,-,BB,BB,BB,BB,BB,-,BB,-,BB,BB,-,BB,BB,-,-,BB,BB,-,BB,BB,BB,BB,BB,BB,BB,-,AA,AA,-,-,AA,AA,AA,AA,AA,AA,AA,AA,AA,AA,-,AA,AA,AA,AA,-,AA,AA,AA,-,-,-,AA,AA,AA,AA,-,AA,AA,AA,AA,AA,AA,AA,AA,AA,AA,AA,AA,-,AA,AA,AA,AA,-,-,AA,AA,AA,AA,AA,AA,AA,AA,AA,AA,-,AA,AA,AA,AA,-,AA,AA,AA,AA,AA,AA,AA,-,-,AA,AA,-,-,-,-,AA,AA,AA,-,AA,-,AA,AA,BB,BB,BB,BB,BB,BB,BB,-,BB,BB,BB,BB,BB,BB,BB,-,BB,BB,BB,BB,BB,BB,BB,BB,BB,BB,BB,BB,BB,BB,-,BB,BB,BB,BB,BB,BB,BB,-,BB,BB,BB,BB,-,BB,BB,BB,-,AA,AA,-,-,AA,AA,AA,AA,AA,-,AA,AA,AA,AA,AA,AA,-,AA,AA,-,-,AA,-,-,AA,AA,AA,AA,-,AA,AA,AA,AA,AA,BB,BB,-,BB,BB,-,-,BB,AA,BB,BB,BB,-,BB,BB,BB,BB,BB,AA,AA,AA,AA,AA,AA,AA,AA,AA,AA,AA
117,0.8044648,0.875,47.020118,52.4444,19.4999999999997,19.5,-1.29682831613754,AA,AA,AA,BB,-,BB,BB,BB,BB,BB,BB,BB,BB,BB,BB,BB,BB,BB,-,BB,BB,BB,BB,BB,BB,BB,BB,BB,BB,BB,BB,BB,BB,-,BB,BB,BB,BB,BB,BB,BB,BB,BB,BB,BB,BB,AA,AA,AA,AA,AA,BB,AA,AA,-,AA,AA,AA,AA,AA,AA,AA,AA,AA,AA,AA,AA,AA,AA,AA,AA,AA,-,AA,AA,AA,AA,AA,AA,-,AA,AA,AA,AA,AA,AA,AA,AA,AA,AA,AA,AA,AA,AA,AA,AA,AA,AA,AA,AA,AA,AA,AA,AA,AA,AA,AA,AA,AA,AA,AA,AA,AA,AA,AA,AA,-,AA,AA,AA,AA,AA,AA,AA,AA,AA,AA,AA,AA,AA,AA,AA,AA,AA,AA,-,AA,AA,AA,AA,AA,AA,AA,AA,AA,BB,BB,BB,BB,BB,BB,BB,BB,BB,BB,BB,-,BB,BB,BB,BB,BB,BB,BB,BB,BB,BB,-,BB,BB,BB,BB,BB,BB,BB,BB,BB,BB,BB,BB,BB,BB,BB,BB,BB,BB,BB,BB,BB,BB,BB,BB,BB,BB,BB,BB,BB,BB,BB,BB,BB,BB,BB,BB,-,BB,AA,AA,AA,AA,AA,AA,AA,AA,AA,-,AA,AA,-,BB,BB,BB,BB,BB,BB,BB,BB,BB,BB,BB,BB,BB,BB,BB,BB,BB,BB,BB,BB,BB,BB,BB,BB,BB,BB,BB,BB,BB,BB,BB,BB,BB,BB,BB,BB,BB,BB,BB,BB,BB,BB,BB,-,BB,BB,BB,BB,BB,BB,BB,BB,BB,BB,BB,BB,BB,BB,BB,BB,BB,BB,BB,BB,BB,BB,BB,BB,BB,BB,BB,BB,BB,BB,BB,BB,BB,BB,BB,BB,BB,BB,BB,BB,BB,BB,BB,AA,AA,AA,AA,AA,AA,AA,AA,AA,AA,AA,AA,AA,AA,AA,BB,BB,BB,BB,BB,BB,BB,BB,BB,BB,BB,AA,BB,BB,AA,AA,BB,BB,AA,AA,AA,AA,AA,AA,AA,AA,AA,AA,AA,AA,AA,AA,AA,AA,AA,AA,AA,-,-,AA,AA,BB,BB,AA,AA,AA,BB,BB,-,BB,BB,BB,BB,BB,BB,BB,BB,BB,BB,BB,BB,BB,BB,BB,BB,BB,BB,BB,BB,BB,BB,BB,BB,BB,BB,BB,BB,BB,BB,BB,BB,BB,-,BB,BB,BB,BB,BB,BB,BB,BB,BB,BB,BB,BB,-,BB,BB,BB,BB,BB,BB,BB,BB,BB,BB,BB,BB,BB,BB,BB,BB,BB,BB,BB,BB,BB,BB,BB,BB,BB,BB,BB,BB,BB,BB,BB,BB,BB
118,0.4406193,0.445,42.117612,45,37.4999999999999,37.5,-2.10377326367254,BB,BB,BB,BB,BB,BB,BB,BB,BB,BB,BB,BB,BB,BB,BB,BB,BB,BB,BB,BB,BB,BB,BB,BB,BB,BB,BB,BB,BB,BB,BB,BB,AA,AA,AA,AA,AA,AA,AA,AA,AA,AA,AA,AA,AA,AA,AA,AA,AA,AA,AA,BB,AA,AA,AA,AA,AA,AA,AA,AA,AA,AA,AA,AA,AA,AA,AA,AA,AA,-,AA,AA,AA,AA,AA,AA,AA,AA,AA,AA,AA,AA,AA,AA,AA,AA,AA,AA,AA,AA,AA,AA,AA,AA,AA,AA,AA,BB,AA,AA,AA,AA,BB,BB,BB,BB,BB,BB,BB,BB,BB,BB,BB,BB,BB,BB,BB,BB,BB,BB,BB,BB,BB,BB,BB,BB,-,BB,-,BB,BB,BB,BB,BB,-,BB,-,-,BB,BB,AA,AA,-,BB,BB,BB,BB,AA,-,BB,AA,AA,AA,AA,AA,AA,AA,AA,AA,AA,AA,AA,AA,AA,AA,AA,AA,AA,AA,AA,AA,AA,AA,AA,AA,AA,-,AA,AA,AA,AA,AA,AA,BB,BB,BB,BB,BB,BB,BB,BB,BB,BB,AA,AA,AA,AA,AA,AA,AA,-,AA,AA,AA,AA,AA,AA,AA,AA,AA,AA,AA,AA,AA,AA,-,AA,AA,AA,AA,AA,AA,AA,-,AA,AA,AA,AA,AA,AA,AA,AA,AA,AA,AA,AA,AA,AA,BB,BB,BB,-,BB,BB,BB,BB,BB,BB,-,BB,AA,AA,BB,BB,AA,AA,AA,AA,AA,AA,-,BB,AA,AA,AA,AA,AA,AA,AA,AA,AA,AA,AA,AA,AA,AA,AA,-,AA,AA,AA,AA,AA,AA,AA,AA,AA,-,BB,BB,BB,BB,BB,BB,BB,BB,BB,BB,BB,BB,BB,BB,BB,-,BB,BB,BB,BB,BB,BB,BB,BB,BB,BB,-,BB,BB,BB,BB,BB,BB,BB,BB,-,BB,BB,BB,BB,BB,BB,BB,BB,-,BB,BB,BB,BB,BB,BB,AA,AA,AA,AA,AA,AA,AA,AA,AA,-,AA,AA,AA,AA,AA,AA,AA,AA,AA,AA,AA,-,AA,AA,AA,AA,-,AA,AA,AA,AA,AA,AA,BB,BB,BB,BB,BB,BB,BB,BB,BB,BB,BB,-,BB,BB,BB,AA,BB,BB,BB,AA,BB,BB,BB,AA,AA,AA,AA,-,AA,AA,AA,AA,AA,AA,AA,AA,-,AA,AA,AA,AA,-,AA,AA,AA,AA,AA,AA,AA,AA,AA,AA,AA,AA,AA,AA,AA,AA,AA,AA,AA,AA,AA,AA,AA,AA,AA,AA,AA,AA,AA,AA,AA,AA,AA,AA,AA,AA
119,1.3582433,1.44333,35.575317,39.8333,19,19,-0.350899539710845,AA,AA,-,-,AA,AA,AA,-,AA,AA,AA,-,AA,-,AA,AA,AA,AA,AA,AA,AA,-,AA,BB,-,-,-,-,AA,AA,AA,-,AA,-,AA,AA,AA,AA,AA,AA,AA,AA,AA,AA,AA,AA,AA,AA,-,AA,AA,AA,AA,-,AA,AA,AA,AA,AA,AA,AA,AA,-,AA,AA,-,AA,AA,AA,-,-,-,-,AA,AA,AA,AA,AA,AA,AA,AA,AA,AA,AA,AA,AA,AA,AA,AA,AA,AA,AA,-,-,AA,BB,BB,-,BB,AA,-,AA,-,-,AA,AA,AA,AA,AA,-,-,AA,AA,AA,AA,AA,AA,AA,AA,AA,AA,-,AA,AA,AA,AA,AA,AA,AA,-,AA,AA,-,AA,AA,-,AA,AA,AA,-,AA,-,-,AA,AA,AA,AA,AA,AA,AA,-,AA,-,AA,AA,AA,AA,AA,AA,AA,AA,AA,AA,BB,AA,AA,AA,BB,BB,BB,-,BB,BB,BB,BB,BB,BB,BB,BB,-,BB,BB,-,-,-,AA,AA,-,-,-,-,AA,AA,AA,AA,AA,AA,-,AA,-,AA,AA,AA,AA,AA,AA,AA,-,AA,AA,AA,AA,AA,BB,-,BB,BB,BB,BB,BB,-,BB,BB,-,BB,BB,BB,BB,BB,BB,BB,BB,-,BB,-,-,BB,BB,BB,-,BB,BB,BB,BB,BB,BB,BB,-,BB,BB,-,BB,BB,BB,-,BB,BB,BB,BB,BB,BB,BB,BB,-,-,BB,BB,BB,BB,BB,BB,BB,BB,BB,BB,-,BB,AA,BB,BB,BB,BB,BB,-,BB,BB,BB,-,AA,BB,BB,BB,BB,BB,BB,-,BB,BB,-,BB,BB,BB,BB,-,BB,BB,BB,BB,BB,BB,BB,BB,BB,BB,BB,BB,-,BB,BB,BB,-,BB,BB,BB,BB,BB,BB,BB,BB,BB,BB,BB,BB,BB,BB,BB,BB,BB,BB,-,-,-,-,BB,-,BB,BB,BB,BB,AA,BB,BB,BB,BB,BB,BB,-,BB,BB,BB,BB,BB,BB,-,BB,BB,BB,BB,BB,-,-,BB,BB,BB,BB,BB,BB,-,BB,BB,BB,BB,BB,BB,BB,BB,BB,BB,BB,BB,BB,BB,BB,BB,BB,BB,BB,-,BB,BB,-,BB,BB,-,BB,BB,BB,BB,BB,BB,BB,BB,BB,BB,BB,BB,-,-,-,BB,BB,BB,-,-,BB,BB,-,BB,AA,AA,-,AA,AA,AA,-,AA,AA,AA,AA,AA,BB,-,BB,BB,BB,AA,-,AA,AA,AA
120,1.4631274,1.49833,46.988559,50.3333,38.0000000000002,38,-0.212318700538012,-,BB,-,-,-,-,BB,-,BB,BB,BB,AA,BB,-,-,BB,-,-,AA,AA,-,-,AA,-,-,-,-,-,-,-,BB,-,BB,-,BB,BB,-,-,-,-,-,BB,-,-,-,-,-,BB,-,BB,-,BB,BB,-,BB,BB,BB,BB,-,-,-,-,BB,-,BB,BB,-,-,BB,-,-,-,-,-,AA,AA,-,AA,-,-,AA,AA,-,-,-,-,AA,AA,AA,-,AA,-,-,-,-,-,AA,-,AA,AA,AA,AA,AA,-,BB,BB,BB,-,BB,BB,AA,AA,AA,AA,-,-,AA,-,-,-,-,AA,-,AA,-,-,-,-,-,-,AA,AA,AA,-,AA,-,-,-,AA,AA,-,AA,AA,-,-,AA,AA,AA,-,AA,AA,-,-,-,AA,-,AA,-,-,-,AA,AA,AA,AA,AA,AA,AA,-,-,AA,AA,AA,AA,AA,AA,AA,-,AA,AA,-,AA,-,-,BB,BB,BB,-,-,-,-,-,BB,-,-,-,-,-,BB,BB,-,-,BB,-,-,-,-,BB,-,BB,BB,BB,-,BB,BB,-,BB,BB,-,-,BB,BB,BB,BB,BB,BB,-,-,-,BB,BB,BB,-,BB,BB,-,-,-,-,-,-,-,BB,BB,BB,BB,-,BB,-,BB,-,-,-,-,BB,-,-,-,-,BB,-,BB,BB,BB,BB,BB,AA,AA,AA,AA,-,-,-,-,AA,-,AA,-,-,-,-,AA,AA,-,AA,-,AA,AA,-,AA,AA,AA,-,AA,AA,-,AA,AA,-,-,AA,-,-,-,-,-,AA,-,-,-,-,-,AA,AA,-,-,-,BB,-,-,-,BB,BB,-,-,-,BB,-,-,BB,-,-,-,BB,-,-,BB,-,BB,BB,BB,BB,BB,BB,BB,-,-,BB,-,-,-,-,BB,BB,BB,-,-,-,BB,-,BB,BB,BB,BB,BB,BB,-,BB,-,-,-,BB,-,AA,AA,AA,AA,AA,-,-,-,-,-,-,-,BB,AA,-,-,-,AA,-,-,AA,-,AA,-,AA,-,AA,AA,-,-,AA,-,AA,-,-,-,-,-,-,AA,-,AA,AA,-,AA,AA,-,-,-,AA,-,AA,-,-,-,AA,-,AA,-,AA,AA,AA,AA,AA,AA,AA,-,-,-,-,AA,AA,AA,AA,-,AA,AA,AA
121,0.7079441,0.75,44.885807,48.3333,38.9999999999998,39,-1.5033711462564,AA,AA,-,-,AA,AA,AA,AA,AA,AA,AA,-,AA,AA,AA,AA,AA,AA,AA,AA,AA,-,AA,-,-,-,-,AA,AA,AA,AA,AA,AA,AA,AA,AA,-,-,-,-,AA,AA,AA,AA,AA,AA,-,AA,AA,AA,AA,AA,AA,AA,AA,AA,AA,AA,-,-,AA,AA,AA,AA,AA,-,AA,AA,AA,-,-,AA,AA,BB,AA,AA,AA,AA,AA,AA,AA,AA,AA,AA,AA,AA,AA,AA,AA,AA,AA,AA,AA,AA,AA,AA,AA,AA,AA,AA,-,AA,-,AA,AA,AA,AA,AA,AA,AA,AA,AA,-,AA,AA,AA,AA,AA,-,AA,AA,AA,AA,-,AA,AA,-,AA,AA,AA,AA,AA,AA,AA,AA,AA,AA,AA,AA,-,AA,AA,AA,AA,AA,AA,AA,AA,AA,AA,AA,AA,-,AA,AA,AA,AA,AA,AA,AA,-,AA,AA,AA,AA,AA,AA,AA,AA,AA,-,AA,AA,AA,-,AA,AA,AA,AA,-,AA,AA,AA,-,-,BB,BB,BB,BB,BB,BB,-,BB,BB,BB,BB,BB,BB,BB,BB,BB,BB,BB,BB,BB,BB,BB,BB,BB,BB,BB,BB,BB,BB,BB,BB,BB,BB,AA,BB,-,-,BB,AA,AA,AA,AA,AA,AA,AA,AA,AA,AA,AA,AA,AA,AA,AA,BB,BB,BB,BB,BB,BB,BB,BB,AA,AA,AA,AA,AA,AA,AA,AA,BB,BB,AA,BB,BB,BB,AA,AA,BB,-,BB,AA,AA,AA,AA,AA,-,AA,AA,-,AA,AA,AA,AA,AA,AA,AA,AA,AA,AA,AA,AA,AA,-,AA,AA,AA,AA,AA,AA,AA,-,AA,AA,AA,AA,AA,AA,AA,AA,AA,AA,AA,AA,AA,AA,AA,AA,AA,AA,AA,-,-,AA,AA,AA,AA,AA,AA,AA,AA,AA,AA,AA,AA,AA,-,AA,AA,AA,AA,-,-,AA,AA,-,-,-,-,AA,AA,AA,AA,AA,AA,AA,AA,AA,AA,AA,AA,AA,BB,BB,BB,BB,BB,BB,BB,BB,BB,BB,BB,BB,AA,AA,AA,AA,AA,AA,AA,AA,AA,-,AA,AA,AA,-,AA,AA,AA,AA,AA,AA,AA,AA,AA,AA,AA,AA,AA,AA,AA,AA,AA,AA,AA,AA,AA,AA,AA,AA,BB,AA,AA,AA,AA,AA,AA,AA,AA,AA,AA,AA,AA,AA,AA,AA,AA,AA,AA,AA,AA,AA,AA,AA,AA,AA,AA,AA,BB,AA,AA,-,BB,BB,BB,BB,BB,BB,BB,BB,BB,BB,BB,-
122,0.7353376,0.72333,40.688639,42.6667,44.0000000000001,44,-1.58884940887985,AA,AA,AA,AA,AA,-,AA,-,AA,AA,AA,AA,AA,AA,AA,AA,AA,AA,AA,AA,AA,-,AA,AA,AA,AA,AA,AA,-,-,AA,-,-,-,AA,AA,AA,AA,AA,AA,AA,AA,AA,AA,AA,AA,AA,AA,-,AA,AA,AA,-,AA,AA,AA,AA,AA,AA,AA,-,AA,-,AA,AA,AA,AA,AA,AA,-,-,AA,-,AA,AA,AA,AA,AA,AA,AA,-,AA,AA,AA,-,AA,AA,AA,AA,-,AA,AA,AA,-,AA,AA,AA,AA,AA,AA,AA,AA,AA,BB,BB,BB,BB,BB,BB,BB,BB,BB,BB,BB,AA,BB,-,BB,-,BB,BB,BB,BB,BB,-,BB,BB,BB,-,BB,BB,-,BB,-,BB,BB,-,BB,BB,BB,BB,BB,BB,BB,AA,-,AA,-,AA,AA,AA,-,-,AA,AA,AA,-,AA,-,AA,AA,AA,AA,AA,AA,AA,AA,AA,-,-,AA,AA,AA,BB,BB,BB,BB,BB,BB,BB,BB,BB,BB,AA,AA,AA,-,AA,AA,-,AA,AA,AA,AA,AA,AA,AA,AA,AA,AA,AA,AA,AA,AA,AA,AA,-,AA,AA,AA,AA,AA,AA,BB,-,BB,BB,BB,BB,BB,BB,-,BB,-,BB,BB,BB,BB,BB,-,BB,BB,-,-,BB,BB,BB,-,-,-,BB,-,BB,BB,BB,BB,-,BB,BB,BB,BB,BB,BB,BB,BB,-,BB,BB,BB,BB,BB,BB,BB,BB,BB,AA,AA,AA,AA,AA,AA,AA,-,-,-,-,AA,AA,AA,AA,AA,AA,AA,AA,AA,AA,AA,-,AA,AA,BB,-,BB,BB,BB,BB,-,BB,BB,-,BB,BB,BB,-,-,BB,BB,BB,BB,BB,BB,BB,BB,BB,BB,BB,BB,BB,BB,BB,BB,BB,-,BB,-,BB,BB,-,-,-,-,BB,BB,BB,BB,BB,BB,BB,BB,AA,AA,AA,AA,AA,-,AA,-,AA,AA,AA,AA,AA,AA,AA,AA,AA,AA,AA,-,AA,AA,AA,AA,AA,AA,AA,AA,AA,AA,-,AA,AA,-,AA,AA,AA,-,-,AA,AA,AA,AA,AA,-,AA,AA,AA,AA,AA,AA,AA,AA,AA,-,AA,AA,AA,-,AA,AA,AA,AA,AA,-,AA,AA,-,AA,-,-,-,AA,AA,AA,AA,-,AA,AA,AA,AA,BB,BB,BB,BB,-,BB,BB,BB,BB,BB,BB,BB,AA,AA,AA,AA,AA,AA,-,AA,AA,AA,AA,AA,AA,AA,-,AA,AA,AA
123,1.6327754,1.61,48.611748,48.3333,59.5000000000005,59.5,0.0369793448124801,-,-,BB,BB,BB,-,BB,-,-,BB,-,BB,-,-,-,-,BB,-,-,-,-,-,BB,BB,BB,BB,BB,-,-,-,BB,BB,-,-,-,BB,BB,BB,BB,BB,BB,BB,-,-,-,-,BB,-,BB,AA,BB,AA,AA,AA,-,-,-,-,AA,BB,-,-,-,-,BB,-,-,-,BB,-,-,BB,-,BB,-,-,-,BB,-,BB,BB,-,BB,-,BB,-,BB,BB,BB,-,BB,BB,BB,-,BB,-,-,BB,BB,BB,-,BB,-,BB,BB,-,BB,BB,BB,-,BB,BB,BB,BB,BB,BB,-,BB,-,BB,BB,-,-,-,-,-,-,-,-,BB,-,-,-,BB,-,-,-,-,BB,-,-,-,-,-,-,-,-,-,-,BB,-,BB,-,BB,BB,BB,-,-,-,-,-,BB,BB,-,BB,BB,BB,-,-,-,-,-,AA,AA,AA,-,-,-,AA,-,AA,-,AA,-,-,BB,-,BB,BB,-,BB,-,-,-,BB,-,BB,-,BB,-,-,BB,-,-,BB,BB,-,-,-,-,-,BB,-,BB,-,BB,BB,-,-,-,BB,-,BB,-,BB,BB,-,-,BB,-,-,BB,BB,-,-,-,-,BB,-,-,BB,-,-,-,BB,BB,-,-,BB,-,-,-,-,-,BB,-,-,-,BB,-,-,BB,-,-,BB,AA,-,AA,AA,AA,AA,AA,-,-,-,-,-,-,-,-,-,AA,AA,-,BB,-,BB,BB,BB,BB,BB,BB,BB,BB,-,-,BB,-,-,-,BB,BB,-,-,BB,BB,-,AA,AA,AA,AA,AA,-,-,AA,-,-,AA,-,-,-,-,-,-,-,-,-,-,-,AA,-,-,-,AA,AA,AA,AA,AA,AA,-,AA,AA,AA,-,AA,-,-,AA,-,AA,-,AA,AA,-,-,-,-,-,-,-,AA,AA,-,AA,-,-,-,AA,AA,AA,-,-,AA,AA,AA,AA,-,-,AA,-,AA,-,AA,-,-,AA,-,-,-,-,-,-,-,-,AA,-,-,AA,-,-,-,-,-,-,AA,-,-,-,-,-,AA,-,-,AA,AA,-,AA,-,AA,AA,-,AA,AA,-,-,-,AA,-,-,AA,AA,AA,-,-,-,-,AA,-,-,-,-,-,-,AA,AA,-,-,-,AA,AA
124,1.7367417,1.77667,44.64425,48.1667,23.9999999999999,24,0.455196954073443,BB,BB,-,-,BB,BB,BB,BB,BB,BB,BB,-,BB,BB,BB,BB,BB,BB,BB,BB,BB,BB,BB,-,BB,-,BB,BB,BB,BB,BB,BB,BB,BB,BB,BB,BB,-,AA,-,AA,AA,AA,AA,AA,AA,AA,AA,AA,AA,AA,AA,AA,AA,AA,AA,AA,AA,AA,-,AA,AA,AA,AA,AA,-,AA,AA,AA,-,-,AA,AA,AA,AA,AA,BB,BB,BB,BB,BB,BB,BB,BB,BB,BB,BB,BB,-,BB,BB,-,BB,BB,BB,BB,BB,BB,BB,BB,-,-,-,AA,AA,BB,BB,BB,BB,AA,-,AA,AA,AA,AA,AA,AA,AA,AA,AA,AA,AA,AA,AA,AA,AA,AA,AA,AA,AA,AA,AA,AA,-,-,AA,AA,AA,AA,-,AA,AA,AA,AA,AA,AA,-,AA,AA,AA,AA,AA,AA,AA,-,AA,AA,AA,AA,AA,AA,AA,-,AA,AA,-,-,BB,-,BB,-,BB,BB,BB,BB,BB,BB,BB,BB,BB,BB,BB,-,-,-,AA,AA,-,-,AA,AA,AA,AA,AA,AA,AA,AA,AA,AA,AA,AA,AA,AA,AA,AA,AA,AA,AA,AA,AA,AA,-,AA,AA,AA,AA,AA,AA,AA,AA,-,AA,AA,AA,AA,AA,AA,AA,AA,AA,AA,AA,AA,AA,AA,AA,AA,AA,AA,AA,AA,AA,AA,AA,AA,AA,AA,AA,AA,AA,AA,AA,AA,AA,AA,AA,AA,AA,AA,AA,AA,AA,AA,-,-,BB,BB,BB,BB,BB,BB,BB,BB,BB,-,BB,BB,BB,BB,BB,BB,BB,BB,BB,BB,BB,BB,BB,BB,BB,BB,BB,BB,BB,BB,-,BB,BB,BB,BB,BB,-,BB,BB,BB,BB,-,BB,-,-,-,BB,BB,BB,BB,BB,-,BB,BB,BB,BB,BB,BB,-,BB,BB,BB,BB,BB,BB,BB,BB,BB,BB,BB,BB,-,BB,BB,-,-,AA,AA,AA,AA,AA,AA,-,AA,AA,AA,AA,AA,AA,AA,AA,AA,AA,AA,AA,AA,AA,AA,AA,AA,AA,AA,AA,AA,AA,AA,AA,AA,AA,AA,AA,AA,AA,AA,AA,AA,AA,-,AA,-,AA,AA,BB,AA,AA,BB,BB,BB,BB,BB,BB,BB,BB,BB,BB,BB,BB,BB,BB,BB,BB,BB,BB,BB,BB,BB,BB,BB,BB,BB,BB,BB,BB,BB,BB,BB,BB,BB,BB,BB,BB,-,BB,BB,BB,-,BB,BB,BB,BB,BB,BB,BB,BB,BB,BB,BB,BB,BB,BB,BB,BB,BB,BB,BB
125,0.1857038,0.22167,47.373898,50.8333,38.5000000000001,38.5,-2.97291591485567,AA,AA,AA,AA,AA,AA,AA,AA,AA,AA,AA,AA,AA,AA,AA,AA,AA,AA,AA,AA,AA,AA,AA,AA,AA,AA,AA,-,AA,-,AA,AA,AA,AA,AA,AA,AA,AA,AA,AA,AA,AA,AA,AA,AA,AA,AA,AA,AA,AA,AA,AA,AA,AA,AA,AA,AA,AA,AA,AA,-,AA,AA,AA,-,-,AA,AA,AA,-,-,AA,AA,AA,AA,-,AA,AA,AA,AA,AA,AA,-,-,AA,AA,AA,AA,AA,AA,AA,AA,AA,AA,AA,AA,AA,AA,AA,AA,-,AA,-,AA,AA,AA,AA,AA,AA,AA,BB,BB,BB,BB,BB,BB,BB,BB,-,BB,-,BB,BB,BB,-,BB,BB,BB,BB,BB,BB,BB,-,BB,-,BB,-,BB,BB,-,BB,BB,-,BB,BB,BB,BB,BB,BB,BB,-,BB,BB,BB,BB,BB,BB,BB,BB,BB,BB,BB,BB,BB,BB,BB,AA,-,AA,AA,-,AA,AA,AA,-,AA,-,AA,AA,AA,AA,AA,AA,-,-,BB,-,BB,BB,-,BB,BB,BB,BB,BB,BB,BB,BB,BB,-,BB,BB,BB,BB,BB,BB,BB,BB,BB,BB,BB,BB,BB,BB,BB,BB,BB,BB,BB,BB,BB,BB,BB,BB,BB,-,BB,BB,BB,BB,BB,BB,BB,BB,BB,BB,-,BB,AA,AA,AA,AA,AA,AA,-,AA,-,AA,AA,AA,AA,-,AA,AA,-,AA,AA,AA,AA,AA,AA,AA,AA,-,AA,AA,AA,AA,AA,AA,AA,BB,-,AA,-,-,AA,AA,AA,AA,AA,AA,AA,-,AA,BB,AA,-,AA,AA,AA,AA,AA,-,AA,-,AA,AA,-,-,AA,AA,AA,AA,AA,AA,-,AA,AA,AA,AA,AA,AA,AA,AA,AA,-,AA,AA,AA,BB,BB,BB,BB,BB,BB,BB,BB,BB,BB,BB,BB,BB,BB,BB,BB,BB,BB,BB,-,AA,AA,AA,AA,AA,AA,AA,-,AA,-,AA,AA,AA,AA,AA,-,AA,BB,BB,BB,BB,BB,BB,-,BB,BB,-,BB,BB,-,BB,-,AA,BB,BB,BB,-,BB,BB,BB,BB,BB,BB,BB,BB,BB,BB,-,BB,BB,BB,BB,BB,BB,BB,BB,BB,BB,-,BB,BB,BB,-,BB,BB,-,BB,-,BB,BB,-,BB,BB,BB,BB,BB,-,BB,BB,BB,BB,BB,BB,BB,BB,BB,BB,BB,-,BB,BB,BB,-,BB,BB,BB,BB,BB,-,AA,-,AA,AA,AA,AA,AA,-,AA,AA,AA
126,1.6844984,1.72333,45.862399,46.6667,42.9999999999999,43,0.339128042047994,AA,AA,AA,AA,AA,AA,-,AA,AA,AA,-,AA,AA,AA,AA,AA,AA,AA,AA,AA,AA,AA,AA,AA,AA,AA,AA,AA,AA,AA,BB,BB,BB,BB,BB,BB,BB,BB,BB,BB,BB,BB,BB,BB,BB,BB,BB,BB,BB,BB,BB,BB,BB,BB,BB,BB,BB,BB,BB,BB,BB,BB,BB,BB,BB,BB,BB,BB,BB,BB,BB,BB,BB,BB,BB,BB,BB,BB,BB,BB,BB,BB,BB,BB,AA,BB,BB,BB,BB,AA,BB,AA,AA,-,AA,AA,AA,AA,AA,AA,AA,AA,AA,BB,BB,BB,BB,-,BB,BB,BB,BB,BB,BB,BB,BB,BB,BB,BB,BB,BB,BB,BB,BB,BB,BB,BB,BB,BB,BB,BB,BB,BB,BB,BB,-,-,BB,BB,BB,BB,BB,BB,BB,BB,-,BB,BB,BB,-,BB,BB,BB,BB,BB,BB,BB,BB,BB,BB,BB,BB,BB,BB,BB,BB,BB,BB,BB,BB,BB,BB,BB,BB,BB,BB,BB,BB,BB,BB,BB,BB,BB,BB,BB,BB,-,BB,BB,BB,BB,BB,BB,BB,BB,BB,BB,BB,BB,BB,BB,BB,BB,BB,BB,BB,BB,BB,BB,BB,BB,BB,BB,BB,-,BB,BB,BB,BB,BB,AA,AA,BB,AA,AA,AA,AA,AA,AA,AA,AA,AA,AA,AA,AA,AA,AA,AA,AA,AA,AA,AA,AA,AA,AA,AA,AA,AA,AA,AA,AA,AA,AA,AA,AA,AA,AA,AA,AA,AA,AA,AA,AA,AA,AA,AA,-,AA,AA,AA,AA,AA,AA,AA,AA,AA,AA,AA,AA,AA,AA,AA,AA,AA,AA,AA,AA,-,AA,AA,AA,AA,AA,AA,AA,AA,AA,AA,AA,AA,AA,AA,AA,AA,AA,AA,BB,AA,BB,BB,BB,BB,BB,BB,BB,BB,BB,BB,BB,BB,BB,BB,BB,BB,BB,BB,BB,BB,BB,BB,BB,BB,BB,BB,BB,BB,BB,BB,BB,AA,AA,AA,AA,AA,AA,AA,AA,AA,AA,AA,AA,AA,AA,AA,-,AA,AA,AA,AA,AA,AA,AA,BB,BB,AA,AA,AA,BB,BB,BB,BB,BB,BB,BB,BB,BB,BB,BB,BB,BB,BB,BB,BB,BB,BB,BB,BB,AA,BB,BB,BB,BB,BB,BB,BB,BB,BB,BB,BB,BB,BB,BB,BB,BB,BB,BB,BB,BB,BB,BB,BB,BB,BB,BB,BB,BB,BB,BB,BB,BB,BB,BB,BB,BB,BB,BB,BB,BB,BB,BB,BB,BB,BB,BB,BB,BB,BB,BB,BB,BB,BB,BB,-,BB,BB,BB,BB,BB,BB,BB
127,1.3794193,1.38833,39.310715,42.5,37,37,-0.484094810520424,AA,AA,-,-,AA,AA,AA,AA,AA,AA,AA,-,AA,AA,AA,AA,AA,AA,AA,AA,AA,AA,AA,-,-,-,-,AA,AA,AA,AA,AA,AA,AA,AA,AA,-,-,-,-,AA,AA,AA,AA,-,AA,-,AA,AA,AA,AA,AA,AA,AA,AA,AA,AA,AA,-,-,BB,BB,AA,AA,AA,-,AA,AA,AA,-,AA,AA,AA,AA,AA,AA,AA,AA,AA,AA,AA,AA,AA,AA,AA,-,AA,AA,-,AA,-,AA,AA,AA,AA,AA,AA,AA,AA,AA,-,-,-,BB,AA,AA,AA,BB,AA,BB,-,BB,BB,BB,BB,BB,BB,BB,BB,BB,BB,BB,BB,BB,BB,BB,BB,BB,BB,BB,BB,-,BB,BB,BB,BB,BB,BB,BB,-,BB,BB,BB,BB,BB,BB,-,AA,BB,BB,BB,BB,BB,BB,-,BB,BB,BB,BB,BB,BB,BB,-,BB,BB,-,-,BB,-,BB,-,AA,AA,AA,AA,AA,BB,AA,BB,BB,AA,BB,-,-,-,BB,AA,-,-,-,AA,AA,AA,AA,AA,AA,AA,AA,AA,AA,AA,AA,AA,AA,AA,AA,AA,AA,BB,AA,AA,-,AA,BB,BB,BB,BB,BB,BB,BB,-,BB,BB,BB,BB,BB,BB,BB,BB,BB,BB,BB,BB,BB,BB,BB,BB,BB,BB,BB,BB,BB,BB,BB,BB,BB,BB,BB,BB,AA,AA,AA,AA,AA,AA,AA,AA,AA,AA,AA,AA,AA,AA,-,-,AA,AA,AA,AA,AA,AA,BB,BB,BB,-,BB,BB,BB,BB,BB,BB,BB,BB,BB,BB,AA,AA,-,AA,AA,AA,-,AA,BB,BB,-,BB,BB,BB,BB,-,-,BB,BB,BB,AA,BB,-,-,-,-,AA,AA,BB,BB,BB,-,BB,BB,BB,BB,BB,BB,BB,BB,BB,BB,AA,AA,AA,-,AA,AA,AA,AA,-,-,BB,BB,-,-,-,-,AA,BB,BB,BB,-,BB,BB,BB,AA,AA,BB,BB,BB,BB,BB,BB,BB,BB,BB,BB,-,BB,BB,BB,-,BB,-,BB,BB,AA,BB,BB,BB,AA,AA,AA,AA,AA,AA,-,AA,-,AA,AA,AA,AA,AA,AA,AA,AA,AA,AA,AA,AA,AA,AA,AA,AA,AA,AA,AA,BB,AA,AA,AA,AA,AA,AA,BB,AA,BB,BB,AA,AA,AA,-,AA,AA,BB,-,AA,AA,AA,-,AA,AA,-,AA,BB,AA,AA,AA,AA,AA,AA,AA,AA,AA,AA,AA,AA,AA,AA,AA,AA,AA,-
128,1.651182,1.655,42.980458,46,21.0000000000001,21,0.178402253514808,AA,AA,AA,AA,AA,AA,AA,AA,AA,AA,AA,AA,AA,AA,AA,AA,AA,AA,AA,AA,AA,AA,AA,AA,AA,AA,AA,AA,AA,-,AA,AA,AA,AA,AA,AA,AA,AA,AA,AA,AA,AA,AA,AA,AA,AA,AA,BB,BB,AA,BB,BB,AA,AA,AA,AA,-,AA,AA,BB,AA,AA,AA,AA,AA,AA,AA,AA,AA,-,AA,BB,BB,BB,BB,BB,BB,AA,BB,BB,BB,BB,BB,BB,BB,BB,AA,AA,AA,BB,AA,BB,BB,-,BB,BB,BB,BB,AA,AA,AA,AA,AA,AA,BB,BB,BB,-,BB,-,BB,BB,BB,BB,AA,AA,AA,AA,AA,AA,AA,AA,AA,AA,AA,AA,AA,AA,AA,AA,AA,AA,AA,AA,AA,AA,AA,AA,BB,BB,AA,AA,AA,AA,AA,AA,AA,AA,AA,BB,AA,BB,BB,BB,BB,BB,-,AA,AA,BB,BB,BB,BB,BB,BB,BB,BB,BB,BB,BB,BB,BB,BB,BB,BB,BB,BB,BB,BB,BB,BB,BB,BB,AA,AA,AA,-,AA,AA,AA,AA,AA,AA,AA,AA,AA,AA,AA,AA,AA,AA,AA,AA,AA,AA,AA,AA,AA,AA,AA,AA,AA,AA,AA,-,BB,BB,AA,AA,AA,BB,AA,AA,AA,BB,AA,AA,AA,BB,AA,AA,AA,AA,AA,AA,AA,AA,AA,AA,AA,AA,AA,AA,AA,AA,AA,AA,AA,AA,AA,AA,AA,AA,AA,AA,AA,AA,AA,AA,AA,AA,AA,AA,AA,AA,AA,AA,AA,BB,BB,BB,BB,-,BB,BB,BB,AA,-,AA,AA,AA,AA,AA,AA,AA,BB,BB,AA,BB,BB,BB,BB,BB,AA,AA,BB,AA,AA,AA,AA,BB,BB,AA,AA,AA,BB,-,BB,BB,BB,BB,BB,BB,AA,AA,AA,BB,AA,AA,AA,AA,BB,AA,AA,AA,AA,AA,BB,BB,BB,BB,BB,BB,BB,BB,AA,AA,AA,AA,BB,BB,BB,BB,BB,AA,AA,AA,BB,AA,AA,AA,BB,BB,AA,AA,AA,AA,AA,BB,BB,BB,BB,BB,BB,BB,BB,BB,BB,BB,BB,BB,BB,AA,AA,AA,AA,BB,BB,BB,BB,BB,BB,AA,BB,-,BB,BB,AA,BB,BB,BB,BB,BB,BB,BB,BB,BB,BB,BB,BB,BB,BB,BB,BB,AA,BB,BB,BB,BB,BB,BB,AA,BB,AA,AA,BB,BB,BB,AA,BB,-,AA,AA,BB,BB,BB,AA,BB,BB,AA,BB,AA,BB,BB,BB,-,BB,BB,BB,BB,BB,BB,BB,AA,AA,BB,BB,AA,AA,AA
129,1.5302303,1.55667,53.461103,56.5,40.4999999999999,40.5,-0.040679226898454,AA,AA,AA,AA,AA,AA,AA,AA,AA,AA,AA,AA,AA,AA,AA,AA,AA,AA,AA,AA,AA,AA,AA,AA,AA,AA,AA,AA,AA,AA,AA,AA,AA,AA,AA,AA,AA,AA,AA,AA,AA,AA,AA,AA,AA,AA,BB,BB,BB,AA,BB,AA,AA,AA,AA,AA,AA,AA,AA,AA,AA,AA,AA,AA,AA,AA,AA,AA,AA,AA,-,BB,BB,BB,BB,BB,BB,BB,BB,BB,BB,BB,BB,BB,BB,BB,BB,BB,BB,BB,BB,BB,BB,-,BB,BB,BB,BB,BB,BB,BB,BB,BB,AA,AA,AA,AA,AA,AA,AA,AA,AA,AA,AA,AA,AA,AA,AA,AA,AA,AA,AA,AA,AA,AA,AA,AA,AA,AA,AA,AA,AA,AA,AA,AA,AA,AA,AA,-,AA,AA,AA,AA,-,AA,AA,AA,AA,AA,AA,AA,-,BB,BB,BB,BB,BB,AA,AA,BB,BB,BB,BB,BB,AA,BB,BB,-,BB,BB,BB,BB,-,BB,BB,BB,BB,BB,BB,BB,BB,BB,BB,AA,AA,AA,AA,AA,AA,-,AA,AA,AA,AA,AA,AA,AA,AA,AA,AA,AA,AA,AA,AA,AA,AA,AA,AA,AA,AA,AA,AA,AA,AA,AA,-,AA,AA,AA,AA,AA,AA,AA,AA,AA,AA,AA,AA,AA,AA,AA,AA,AA,AA,AA,AA,AA,AA,AA,AA,AA,AA,AA,AA,AA,AA,AA,AA,AA,AA,AA,AA,AA,AA,AA,AA,AA,AA,AA,AA,AA,AA,-,AA,AA,BB,BB,BB,BB,BB,BB,-,BB,BB,BB,BB,AA,AA,AA,AA,AA,AA,AA,AA,AA,AA,AA,-,AA,AA,AA,AA,AA,-,AA,AA,AA,AA,-,AA,AA,AA,AA,AA,AA,AA,AA,AA,AA,AA,AA,AA,AA,AA,AA,AA,AA,AA,AA,AA,AA,AA,AA,AA,AA,AA,AA,BB,BB,BB,BB,BB,BB,BB,BB,BB,BB,BB,BB,AA,AA,AA,AA,AA,AA,AA,AA,-,AA,AA,AA,AA,AA,AA,AA,AA,AA,AA,BB,BB,BB,BB,BB,BB,BB,BB,BB,BB,BB,-,BB,BB,BB,BB,BB,BB,BB,BB,BB,BB,BB,BB,BB,BB,BB,BB,-,BB,BB,BB,BB,BB,BB,BB,BB,BB,BB,BB,BB,BB,BB,BB,BB,-,BB,BB,BB,BB,BB,BB,BB,BB,BB,BB,BB,-,-,BB,BB,-,BB,BB,BB,BB,BB,BB,BB,BB,BB,BB,BB,BB,BB,BB,BB,BB,BB,BB,BB,BB,BB,BB,BB,BB,BB,BB,BB,BB,BB,BB
130,1.2791969,1.27833,50.5873,52.5,48.5000000000002,48.5,-0.635543897417265,-,-,AA,AA,-,-,AA,-,AA,AA,AA,AA,AA,-,-,-,-,-,AA,-,-,-,-,AA,AA,AA,AA,-,-,-,-,-,-,-,-,AA,AA,AA,AA,AA,-,AA,-,-,-,-,AA,-,-,AA,-,-,-,-,-,-,-,-,AA,AA,-,-,-,-,-,AA,-,-,AA,-,-,-,-,-,-,-,-,AA,-,-,-,-,-,-,-,-,AA,AA,AA,-,AA,-,-,-,-,-,-,-,AA,AA,AA,AA,AA,-,BB,BB,BB,-,BB,-,BB,BB,BB,BB,-,-,-,-,-,-,-,-,-,-,-,-,-,-,-,-,-,-,-,-,-,-,-,-,AA,AA,-,-,-,-,-,-,-,-,-,AA,-,-,-,-,AA,-,-,-,-,-,AA,AA,AA,-,AA,AA,AA,-,-,-,AA,-,AA,AA,AA,AA,-,AA,-,-,AA,-,AA,BB,BB,BB,-,BB,BB,-,-,-,-,-,-,-,-,-,-,-,-,-,-,-,-,-,-,-,BB,-,-,BB,-,-,-,BB,BB,-,-,-,BB,-,-,-,-,-,-,-,AA,-,-,-,-,-,-,-,-,-,-,-,-,-,-,-,-,-,-,-,-,-,-,-,-,-,-,-,-,-,-,-,AA,AA,AA,AA,AA,AA,-,AA,AA,-,-,-,-,-,-,-,-,-,-,-,-,-,-,-,-,AA,AA,-,AA,AA,AA,AA,AA,-,-,AA,-,-,-,-,AA,AA,-,-,-,AA,-,AA,AA,BB,BB,BB,BB,-,-,-,BB,-,-,-,-,BB,-,-,-,-,-,-,-,-,-,-,-,-,-,BB,BB,BB,BB,BB,BB,BB,BB,BB,-,-,-,BB,-,-,-,BB,BB,-,-,-,-,-,-,BB,BB,BB,BB,BB,-,-,-,-,-,-,-,-,-,BB,BB,BB,-,-,-,-,-,-,BB,-,BB,-,-,-,-,-,-,-,-,-,-,-,-,-,-,-,-,-,-,-,AA,-,-,-,-,-,-,AA,-,AA,AA,-,-,-,AA,-,-,AA,AA,-,-,-,AA,-,-,AA,-,AA,-,-,-,-,-,-,-,-,-,-,-,AA,AA,-,-,-,AA,AA
131,1.748565,1.835,41.9546,47.3333,20.5000000000002,20.5,0.743420496902133,-,-,AA,AA,-,-,-,-,BB,AA,AA,AA,AA,-,-,-,-,-,AA,-,-,-,-,AA,AA,BB,BB,-,-,-,-,-,-,-,-,AA,BB,AA,BB,BB,-,AA,-,-,-,-,BB,-,-,AA,-,-,-,-,-,-,-,-,BB,AA,-,-,-,-,-,BB,-,-,BB,-,-,-,-,-,-,-,-,BB,-,-,-,-,-,-,-,-,BB,BB,AA,-,BB,-,-,-,-,-,-,-,BB,BB,AA,BB,AA,-,BB,BB,BB,-,BB,-,BB,BB,BB,BB,-,-,-,-,-,-,-,-,-,-,-,-,-,-,-,-,-,-,-,-,-,-,-,-,BB,AA,-,-,-,-,-,-,-,-,-,-,-,-,-,-,BB,-,-,-,-,-,AA,AA,BB,-,AA,AA,BB,-,-,-,BB,AA,AA,AA,AA,AA,-,AA,-,-,AA,-,AA,AA,AA,AA,-,BB,AA,-,-,-,-,-,-,-,-,-,-,-,-,-,-,-,-,-,-,-,BB,-,-,BB,-,-,-,BB,BB,-,-,-,BB,-,-,-,BB,-,-,-,BB,-,-,-,-,-,-,-,-,-,-,-,-,-,-,-,-,-,-,-,-,-,-,-,-,-,-,-,-,-,-,-,BB,BB,BB,BB,AA,AA,AA,AA,AA,-,-,-,-,-,-,-,-,-,-,-,-,-,-,-,-,BB,BB,-,BB,BB,BB,AA,BB,-,-,BB,-,-,-,-,AA,BB,-,-,-,BB,-,BB,BB,BB,BB,BB,BB,-,-,-,AA,-,-,-,-,BB,-,-,-,-,-,-,-,-,-,-,-,-,-,-,AA,BB,BB,BB,BB,AA,BB,BB,-,-,-,-,-,-,-,BB,BB,-,-,-,-,-,-,BB,BB,BB,BB,-,-,-,-,-,-,-,-,-,-,BB,BB,BB,-,-,-,-,-,-,BB,-,AA,-,-,-,-,-,-,-,-,-,-,-,-,-,-,-,-,-,-,-,BB,-,-,-,-,-,-,BB,-,BB,BB,-,-,-,AA,-,-,AA,AA,-,-,-,BB,-,-,BB,-,AA,-,-,-,-,-,-,-,-,-,-,-,AA,AA,-,-,AA,AA,AA
132,1.9102426,1.89,48.592691,50.6667,45.5000000000002,45.5,0.967421566101701,AA,AA,AA,AA,AA,AA,AA,AA,-,AA,-,AA,-,AA,AA,AA,AA,AA,-,AA,AA,AA,AA,AA,AA,AA,AA,AA,AA,AA,AA,AA,AA,-,AA,AA,AA,BB,BB,BB,BB,BB,BB,BB,BB,BB,BB,BB,BB,BB,BB,BB,BB,BB,BB,BB,BB,BB,BB,BB,BB,BB,BB,BB,BB,BB,BB,BB,BB,BB,BB,-,BB,BB,BB,BB,BB,BB,BB,BB,BB,BB,BB,BB,BB,BB,BB,BB,BB,BB,BB,AA,AA,-,AA,AA,AA,AA,AA,AA,BB,AA,AA,AA,AA,-,AA,AA,-,-,AA,AA,AA,-,AA,AA,AA,AA,AA,AA,AA,-,AA,BB,BB,BB,BB,BB,BB,BB,BB,BB,BB,BB,BB,BB,-,BB,BB,BB,BB,BB,BB,BB,BB,BB,-,BB,BB,BB,BB,BB,BB,BB,BB,BB,BB,BB,BB,BB,BB,BB,BB,BB,BB,BB,BB,BB,-,BB,BB,BB,BB,BB,BB,-,BB,BB,BB,BB,BB,BB,BB,BB,BB,BB,BB,BB,BB,BB,BB,BB,BB,-,BB,BB,BB,BB,BB,BB,BB,BB,BB,BB,-,BB,BB,BB,-,BB,BB,BB,BB,BB,BB,BB,BB,BB,BB,BB,BB,BB,BB,BB,BB,BB,BB,BB,BB,BB,BB,BB,BB,BB,BB,BB,BB,BB,-,BB,BB,BB,BB,BB,AA,AA,AA,AA,-,AA,AA,AA,AA,AA,AA,-,AA,AA,AA,AA,AA,AA,AA,AA,AA,AA,BB,AA,AA,AA,AA,AA,AA,AA,AA,AA,AA,BB,BB,BB,BB,BB,BB,BB,BB,BB,BB,BB,BB,BB,BB,-,BB,BB,BB,BB,BB,BB,BB,BB,BB,BB,BB,BB,BB,BB,BB,BB,BB,BB,BB,BB,BB,AA,BB,BB,BB,BB,BB,BB,BB,-,AA,AA,AA,AA,AA,AA,AA,AA,AA,AA,AA,AA,-,AA,AA,AA,AA,BB,BB,BB,BB,BB,BB,BB,BB,-,BB,BB,BB,BB,BB,BB,BB,BB,BB,BB,BB,BB,BB,BB,BB,BB,BB,BB,BB,BB,BB,BB,BB,BB,BB,BB,BB,BB,BB,BB,BB,BB,BB,BB,BB,BB,BB,BB,BB,BB,BB,BB,BB,BB,AA,BB,BB,BB,BB,BB,BB,-,BB,BB,BB,BB,BB,BB,BB,BB,BB,BB,BB,-,-,BB,BB,BB,BB,BB,BB,BB,BB,BB,BB,BB,BB,BB,BB,BB,BB,AA,AA,AA,AA,AA,AA,AA,AA,AA,AA,AA,AA,AA,AA,AA,AA,AA,AA,-,AA,AA
133,1.3648132,1.44333,44.798958,48.5,25.4999999999998,25.5,-0.350899539710845,AA,AA,AA,AA,AA,AA,AA,AA,AA,AA,AA,AA,AA,-,AA,-,-,AA,AA,AA,AA,-,AA,AA,AA,AA,AA,-,-,AA,AA,AA,AA,AA,-,AA,AA,AA,AA,AA,AA,AA,AA,-,AA,-,BB,-,BB,BB,BB,BB,BB,BB,BB,-,BB,BB,BB,BB,-,-,BB,BB,-,BB,-,BB,BB,BB,BB,-,BB,BB,BB,-,AA,AA,AA,-,AA,AA,AA,AA,-,AA,AA,AA,AA,AA,AA,AA,AA,-,AA,-,AA,-,AA,AA,AA,AA,AA,BB,BB,BB,BB,-,BB,-,BB,BB,BB,BB,-,BB,-,BB,BB,BB,BB,-,BB,-,BB,BB,-,-,-,BB,BB,BB,BB,BB,-,BB,-,BB,BB,BB,BB,BB,-,BB,BB,BB,BB,BB,BB,BB,BB,BB,BB,BB,BB,BB,-,BB,-,BB,BB,BB,BB,BB,BB,BB,BB,BB,BB,-,BB,BB,BB,BB,BB,BB,BB,BB,BB,BB,BB,BB,BB,BB,BB,BB,BB,BB,BB,BB,-,BB,BB,BB,BB,-,BB,-,BB,BB,BB,BB,-,BB,BB,BB,-,BB,BB,BB,BB,BB,-,-,AA,-,AA,-,AA,AA,AA,AA,AA,-,AA,AA,AA,AA,AA,-,-,AA,-,AA,AA,AA,AA,AA,-,-,-,-,-,-,-,BB,-,BB,-,BB,BB,AA,-,AA,AA,AA,AA,AA,-,AA,AA,AA,AA,AA,AA,BB,BB,BB,BB,-,-,BB,BB,BB,-,AA,AA,AA,AA,AA,AA,AA,AA,AA,AA,AA,AA,-,AA,AA,AA,AA,AA,-,-,AA,-,-,-,AA,AA,AA,-,AA,AA,AA,-,AA,AA,AA,AA,AA,AA,AA,-,AA,AA,AA,-,-,AA,AA,AA,AA,AA,-,-,AA,-,-,AA,-,-,AA,AA,AA,AA,AA,AA,BB,BB,BB,BB,BB,BB,BB,BB,BB,BB,BB,BB,BB,BB,-,-,-,BB,BB,BB,BB,BB,BB,BB,BB,-,BB,BB,BB,BB,BB,BB,BB,BB,BB,AA,AA,-,BB,-,AA,-,AA,BB,AA,-,AA,AA,AA,AA,AA,AA,-,-,-,-,AA,AA,-,AA,-,AA,AA,AA,AA,AA,-,-,AA,-,-,-,AA,AA,AA,AA,AA,-,AA,AA,-,AA,AA,AA,AA,-,-,BB,BB,BB,BB,BB,BB,BB,BB,BB,-,AA,AA,BB,BB,BB,BB,BB,BB,BB,-,BB,BB,BB,BB
134,1.7726354,1.77833,46.078062,48.1667,48.9999999999998,49,0.517625245832955,AA,AA,AA,AA,AA,AA,-,-,-,-,-,AA,AA,AA,AA,AA,-,AA,AA,AA,AA,-,AA,AA,AA,AA,AA,AA,AA,AA,AA,AA,-,AA,BB,BB,AA,BB,BB,BB,BB,BB,BB,BB,AA,AA,BB,BB,BB,-,-,BB,BB,BB,BB,BB,BB,BB,BB,BB,BB,BB,-,BB,BB,BB,BB,BB,BB,-,BB,BB,BB,BB,BB,BB,BB,BB,-,AA,AA,-,-,-,-,-,AA,AA,AA,-,AA,AA,AA,AA,AA,AA,AA,AA,AA,AA,AA,AA,AA,BB,BB,BB,BB,BB,BB,-,AA,BB,BB,BB,BB,BB,BB,BB,BB,BB,-,BB,BB,-,BB,BB,-,BB,-,BB,BB,BB,BB,BB,-,BB,-,BB,BB,BB,BB,BB,BB,BB,BB,BB,-,BB,BB,-,-,BB,BB,BB,AA,BB,BB,BB,BB,BB,BB,BB,AA,BB,BB,AA,BB,-,-,BB,BB,BB,BB,BB,BB,BB,BB,BB,BB,BB,BB,BB,BB,BB,BB,BB,-,BB,BB,BB,BB,BB,-,-,BB,BB,BB,BB,BB,-,-,BB,-,-,BB,BB,BB,BB,BB,BB,BB,BB,BB,BB,BB,BB,BB,-,-,BB,BB,BB,BB,BB,BB,BB,BB,BB,BB,-,BB,BB,-,BB,BB,BB,BB,BB,BB,BB,BB,BB,BB,BB,BB,BB,BB,-,BB,-,-,-,AA,AA,BB,-,AA,AA,AA,AA,AA,AA,AA,AA,BB,AA,AA,AA,AA,AA,AA,AA,AA,AA,AA,AA,AA,AA,BB,BB,BB,BB,-,-,BB,BB,BB,BB,BB,AA,AA,AA,AA,AA,-,AA,AA,AA,AA,AA,AA,AA,-,AA,AA,AA,-,AA,AA,AA,AA,BB,BB,BB,BB,BB,BB,BB,BB,-,BB,BB,-,BB,BB,BB,BB,BB,BB,BB,BB,BB,AA,-,-,AA,AA,AA,AA,BB,BB,BB,BB,BB,-,BB,BB,BB,BB,BB,AA,AA,AA,AA,AA,AA,AA,AA,AA,AA,-,-,AA,AA,BB,-,AA,AA,AA,AA,-,AA,AA,AA,AA,AA,AA,AA,-,AA,AA,AA,BB,-,BB,AA,AA,AA,AA,AA,AA,AA,AA,AA,-,AA,AA,-,AA,-,AA,AA,AA,AA,AA,-,AA,AA,AA,AA,-,AA,AA,AA,BB,BB,BB,BB,BB,-,BB,BB,AA,BB,BB,BB,AA,BB,-,AA,-,BB,BB,BB,BB,-,BB,BB,-,-,BB,AA,AA,BB,AA,AA,-,AA,AA,AA
135,0.9604664,0.985,45.902086,49.5,34.0000000000001,34,-1.04087168791138,AA,AA,AA,AA,AA,AA,AA,AA,AA,AA,AA,AA,AA,AA,AA,AA,AA,AA,AA,AA,AA,AA,AA,AA,AA,AA,AA,AA,AA,AA,AA,AA,AA,AA,AA,AA,AA,AA,AA,AA,AA,AA,AA,AA,-,AA,AA,AA,AA,AA,AA,AA,AA,AA,AA,AA,AA,AA,AA,AA,AA,AA,AA,AA,AA,AA,AA,AA,AA,-,AA,AA,AA,AA,AA,AA,AA,AA,AA,AA,AA,AA,AA,AA,AA,-,AA,AA,AA,BB,AA,-,BB,BB,BB,BB,BB,BB,BB,BB,BB,BB,BB,BB,-,-,-,BB,BB,BB,-,BB,BB,BB,BB,BB,BB,BB,BB,BB,BB,BB,BB,BB,BB,BB,BB,BB,BB,BB,BB,-,BB,BB,BB,BB,-,BB,BB,BB,BB,BB,BB,BB,BB,BB,-,BB,BB,BB,BB,BB,BB,BB,BB,BB,BB,BB,BB,BB,BB,BB,BB,BB,BB,BB,BB,BB,-,BB,BB,BB,BB,BB,BB,BB,BB,BB,BB,BB,BB,BB,BB,BB,BB,BB,BB,BB,BB,-,BB,BB,BB,BB,BB,BB,BB,BB,BB,BB,BB,BB,BB,BB,BB,BB,BB,BB,BB,BB,BB,BB,BB,BB,BB,BB,BB,BB,BB,BB,BB,BB,BB,BB,BB,BB,BB,BB,BB,BB,BB,BB,BB,BB,BB,BB,BB,BB,BB,BB,BB,BB,BB,BB,BB,BB,BB,BB,BB,BB,BB,BB,BB,BB,BB,BB,BB,BB,BB,BB,BB,BB,BB,BB,BB,AA,AA,AA,AA,AA,AA,AA,AA,AA,-,BB,BB,BB,BB,BB,BB,BB,BB,BB,BB,-,-,-,-,-,-,-,-,BB,BB,-,BB,BB,BB,BB,-,-,AA,BB,BB,BB,BB,BB,BB,BB,BB,BB,BB,BB,BB,BB,BB,BB,BB,BB,BB,BB,BB,BB,BB,BB,BB,BB,BB,BB,BB,BB,BB,BB,BB,BB,BB,BB,BB,AA,AA,AA,AA,AA,AA,AA,AA,AA,AA,AA,AA,AA,AA,AA,AA,AA,AA,AA,AA,AA,AA,AA,AA,AA,AA,AA,AA,-,AA,AA,AA,AA,BB,BB,BB,BB,BB,BB,BB,BB,BB,BB,BB,BB,BB,BB,BB,AA,BB,BB,BB,BB,BB,BB,BB,BB,-,BB,BB,BB,BB,BB,BB,-,BB,BB,BB,BB,BB,BB,BB,BB,-,BB,BB,BB,BB,BB,BB,BB,BB,-,AA,AA,AA,AA,AA,AA,AA,AA,AA,AA,AA,AA,AA,AA,AA,AA,AA,AA,AA,AA,AA,AA,AA,AA,-,AA,AA,AA
136,1.8076708,1.83333,47.504571,49.6667,49.9999999999999,50,0.672170865541125,BB,BB,BB,BB,BB,BB,AA,BB,-,-,-,BB,AA,BB,BB,BB,BB,BB,-,-,BB,BB,BB,BB,AA,AA,AA,-,BB,BB,AA,AA,AA,AA,AA,BB,AA,AA,AA,AA,AA,BB,AA,AA,AA,AA,AA,AA,AA,BB,AA,BB,AA,AA,AA,AA,AA,AA,AA,AA,AA,AA,AA,AA,AA,BB,-,BB,BB,BB,BB,BB,BB,BB,BB,BB,BB,BB,BB,BB,BB,BB,BB,BB,BB,BB,AA,AA,BB,BB,BB,BB,BB,-,BB,BB,BB,BB,AA,AA,AA,BB,AA,BB,BB,BB,BB,AA,BB,AA,BB,BB,BB,BB,BB,BB,BB,BB,BB,BB,BB,BB,BB,BB,BB,BB,BB,BB,BB,BB,BB,-,BB,BB,BB,BB,-,BB,BB,BB,BB,BB,BB,BB,AA,AA,AA,AA,AA,BB,AA,AA,BB,AA,BB,BB,BB,BB,BB,AA,BB,BB,BB,BB,BB,BB,AA,BB,BB,BB,BB,BB,BB,BB,BB,BB,BB,BB,BB,BB,BB,BB,AA,BB,BB,BB,BB,BB,BB,-,BB,BB,BB,BB,BB,BB,BB,BB,BB,BB,BB,BB,BB,BB,BB,BB,BB,BB,BB,BB,BB,BB,BB,BB,BB,BB,BB,BB,BB,BB,BB,BB,BB,BB,BB,BB,BB,BB,BB,BB,BB,BB,BB,BB,-,BB,BB,BB,BB,BB,BB,BB,-,BB,BB,BB,BB,BB,BB,-,BB,BB,BB,BB,BB,BB,-,-,BB,BB,AA,AA,AA,AA,AA,AA,AA,AA,AA,BB,BB,BB,BB,-,BB,BB,AA,AA,AA,AA,AA,AA,-,AA,AA,BB,BB,AA,BB,AA,AA,BB,AA,-,AA,AA,AA,AA,AA,BB,BB,BB,BB,BB,BB,AA,-,BB,BB,BB,BB,BB,BB,AA,AA,AA,BB,AA,AA,AA,AA,BB,AA,AA,AA,AA,AA,AA,AA,AA,-,AA,AA,AA,AA,AA,AA,AA,AA,BB,BB,BB,BB,BB,-,AA,AA,BB,BB,BB,AA,AA,AA,AA,AA,AA,AA,AA,-,AA,-,-,-,-,AA,AA,AA,-,AA,AA,AA,AA,AA,AA,AA,AA,-,-,AA,AA,AA,-,BB,AA,BB,AA,AA,AA,AA,AA,AA,AA,AA,AA,AA,AA,AA,-,AA,AA,AA,AA,AA,AA,AA,BB,BB,-,BB,BB,BB,AA,BB,AA,BB,BB,BB,BB,AA,BB,BB,BB,AA,BB,BB,BB,AA,BB,BB,BB,BB,BB,BB,BB,BB,BB,BB,BB,-,BB,-,-,BB,BB,AA,BB,AA,AA,AA,BB
137,1.7520584,1.73667,51.835881,52.8333,56.9999999999999,57,0.386515339623718,BB,BB,BB,BB,BB,BB,BB,BB,BB,BB,BB,BB,BB,BB,BB,BB,BB,BB,BB,BB,BB,BB,BB,BB,BB,BB,BB,BB,BB,BB,BB,BB,BB,BB,BB,BB,BB,BB,BB,BB,BB,BB,BB,BB,BB,BB,BB,BB,BB,BB,BB,BB,BB,BB,BB,BB,BB,BB,BB,AA,AA,AA,AA,AA,AA,-,AA,AA,AA,AA,-,AA,AA,AA,AA,AA,AA,AA,AA,AA,AA,AA,AA,AA,AA,AA,AA,AA,AA,AA,AA,AA,AA,AA,AA,AA,AA,AA,AA,AA,AA,AA,AA,BB,BB,BB,BB,BB,BB,BB,BB,BB,BB,BB,BB,BB,BB,BB,BB,BB,BB,-,BB,BB,BB,BB,BB,BB,BB,BB,BB,-,BB,BB,BB,BB,-,BB,BB,-,BB,BB,BB,BB,BB,BB,BB,BB,BB,BB,BB,BB,BB,BB,BB,BB,BB,AA,BB,BB,-,BB,BB,AA,BB,BB,AA,AA,AA,AA,-,AA,AA,AA,-,AA,AA,AA,AA,-,AA,AA,AA,-,-,BB,BB,BB,BB,-,BB,-,BB,BB,BB,BB,BB,BB,BB,BB,BB,BB,BB,BB,-,BB,BB,BB,BB,BB,BB,BB,BB,BB,BB,BB,BB,BB,BB,BB,BB,BB,BB,-,BB,BB,BB,BB,AA,AA,AA,AA,AA,AA,AA,AA,AA,BB,AA,AA,AA,AA,AA,AA,AA,AA,AA,AA,AA,-,AA,-,AA,-,AA,AA,AA,AA,AA,AA,AA,AA,AA,-,AA,AA,AA,AA,AA,AA,AA,AA,AA,AA,BB,BB,BB,BB,BB,BB,BB,BB,BB,BB,BB,BB,BB,BB,BB,BB,BB,BB,BB,BB,BB,BB,BB,BB,BB,BB,BB,BB,BB,BB,BB,BB,BB,BB,BB,BB,BB,BB,AA,BB,AA,AA,AA,AA,AA,AA,AA,AA,AA,-,AA,AA,AA,BB,BB,BB,BB,BB,BB,BB,-,BB,BB,BB,BB,BB,BB,BB,BB,BB,BB,BB,-,BB,BB,BB,BB,BB,BB,BB,BB,BB,BB,AA,-,AA,AA,AA,AA,AA,AA,AA,AA,-,AA,AA,AA,AA,AA,AA,AA,AA,AA,-,AA,AA,AA,AA,AA,AA,-,AA,AA,AA,AA,AA,AA,AA,AA,AA,AA,AA,AA,AA,AA,AA,AA,AA,AA,AA,AA,AA,AA,AA,AA,-,AA,AA,AA,AA,AA,AA,AA,AA,AA,AA,AA,AA,AA,AA,AA,AA,AA,-,AA,AA,AA,AA,AA,AA,AA,AA,-,AA,AA,AA,AA,AA,AA,AA,AA,AA,-,AA,AA,AA
138,1.9442241,1.945,46.263287,48.8333,43.4999999999999,43.5,1.22324032738863,-,-,AA,AA,-,-,AA,-,AA,AA,AA,AA,AA,-,-,-,-,-,AA,-,-,-,-,AA,AA,AA,AA,-,-,-,-,-,-,-,-,AA,AA,AA,AA,AA,-,AA,-,-,-,-,AA,-,-,AA,-,-,-,-,-,-,-,-,AA,AA,-,-,-,-,-,AA,-,-,AA,-,-,-,-,-,-,-,-,BB,-,-,-,-,-,-,-,-,BB,BB,BB,-,BB,-,-,-,-,-,-,-,BB,BB,BB,-,BB,-,AA,AA,AA,-,AA,-,AA,AA,AA,AA,-,-,-,-,-,-,-,-,-,-,-,-,-,-,-,-,-,-,-,-,-,-,-,-,AA,AA,-,-,-,-,-,-,-,-,-,AA,-,-,-,-,BB,-,-,-,-,-,BB,BB,BB,-,AA,BB,BB,-,-,-,BB,BB,BB,BB,BB,BB,-,BB,-,-,BB,-,BB,BB,BB,BB,-,BB,BB,-,-,-,-,-,-,-,-,-,-,-,-,-,-,-,-,-,-,-,BB,-,-,BB,-,-,-,BB,BB,-,-,-,AA,-,-,-,AA,-,-,-,AA,-,-,-,-,-,-,-,-,-,-,-,-,-,-,-,-,-,-,-,-,-,-,-,-,-,-,-,-,-,-,-,BB,BB,BB,BB,BB,AA,AA,AA,AA,-,-,-,-,-,-,-,-,-,-,-,-,-,-,-,-,AA,AA,-,AA,AA,AA,AA,AA,-,-,AA,-,-,-,-,BB,BB,-,-,-,BB,-,BB,BB,BB,-,BB,BB,-,-,-,BB,-,-,-,-,BB,-,-,-,-,-,-,-,-,-,-,-,-,-,AA,AA,AA,AA,BB,BB,BB,BB,BB,-,-,-,BB,-,-,-,BB,BB,-,-,-,-,-,-,BB,BB,BB,BB,BB,-,-,-,-,-,-,-,-,-,BB,BB,BB,-,-,-,-,-,-,BB,-,BB,-,-,-,-,-,-,-,-,-,-,-,-,-,-,-,-,-,-,-,BB,-,-,-,-,-,-,BB,-,BB,BB,-,-,-,BB,-,-,BB,BB,-,-,-,BB,-,-,-,-,AA,-,-,-,-,-,-,-,-,-,-,-,AA,AA,-,-,AA,AA,AA
139,1.6813569,1.66667,50.550219,47.8333,73.5,73.5,0.204761955742132,-,-,AA,AA,-,-,AA,-,AA,AA,AA,-,AA,-,-,-,-,-,AA,-,-,-,-,AA,AA,AA,AA,-,-,-,-,-,-,-,-,AA,AA,BB,BB,BB,-,BB,-,-,-,-,BB,-,-,BB,-,-,-,-,-,-,-,-,BB,BB,-,-,-,-,-,BB,-,-,BB,-,-,-,-,-,-,-,-,BB,-,-,-,-,-,-,-,-,AA,AA,AA,-,AA,-,-,-,-,-,-,-,AA,AA,AA,AA,AA,-,BB,BB,BB,-,AA,-,BB,AA,AA,-,-,-,-,-,-,-,-,-,-,-,-,-,-,-,-,-,-,-,-,-,-,-,-,-,AA,AA,-,-,-,-,-,-,-,-,-,AA,-,-,-,-,BB,-,-,-,-,-,AA,AA,BB,-,AA,BB,BB,-,-,-,BB,BB,BB,BB,BB,BB,-,BB,-,-,BB,-,BB,BB,BB,BB,-,BB,BB,-,-,-,-,-,-,-,-,-,-,-,-,-,-,-,-,-,-,-,BB,-,-,BB,-,-,-,BB,-,-,-,-,BB,-,-,-,BB,-,-,-,BB,-,-,-,-,-,-,-,-,-,-,-,-,-,-,-,-,-,-,-,-,-,-,-,-,-,-,-,-,-,-,-,BB,BB,BB,BB,AA,AA,AA,AA,AA,-,-,-,-,-,-,-,-,-,-,-,-,-,-,-,-,AA,AA,-,AA,AA,AA,AA,AA,-,-,AA,-,-,-,-,AA,AA,-,-,-,AA,-,AA,AA,BB,BB,AA,AA,-,-,-,AA,-,-,-,-,AA,-,-,-,-,-,-,-,-,-,-,-,-,-,AA,BB,AA,AA,BB,BB,BB,BB,BB,-,-,-,BB,-,-,-,BB,BB,-,-,-,-,-,-,BB,BB,BB,BB,BB,-,-,-,-,-,-,-,-,-,BB,BB,BB,-,-,-,-,-,-,AA,-,-,-,-,-,-,-,-,-,-,-,-,-,-,-,-,-,-,-,-,-,BB,-,-,-,-,-,-,BB,-,BB,BB,-,-,-,BB,-,-,AA,BB,-,-,-,BB,-,-,BB,-,AA,-,-,-,-,-,-,-,-,-,-,-,AA,AA,-,-,AA,AA,AA
140,1.8523277,1.89,40.617528,41.3333,25,25,0.967421566101701,BB,BB,BB,AA,BB,BB,-,BB,BB,BB,BB,AA,-,BB,BB,BB,BB,BB,BB,BB,BB,BB,BB,AA,AA,AA,AA,BB,BB,BB,BB,BB,BB,BB,BB,BB,AA,BB,BB,BB,BB,BB,BB,BB,BB,BB,BB,BB,BB,BB,BB,BB,BB,BB,BB,BB,BB,BB,BB,BB,BB,BB,BB,BB,BB,-,BB,-,BB,BB,BB,BB,BB,BB,BB,BB,BB,BB,BB,BB,BB,BB,BB,BB,BB,BB,BB,BB,AA,BB,AA,-,BB,-,BB,BB,BB,BB,BB,BB,-,AA,-,AA,AA,AA,AA,AA,AA,AA,AA,AA,AA,AA,AA,AA,AA,AA,AA,AA,BB,AA,AA,AA,AA,AA,-,AA,AA,AA,AA,AA,AA,-,AA,AA,AA,AA,AA,-,AA,AA,AA,AA,AA,AA,-,AA,AA,-,AA,AA,AA,AA,AA,AA,AA,AA,AA,AA,AA,AA,AA,AA,-,AA,AA,AA,-,AA,-,-,AA,AA,AA,AA,AA,AA,AA,AA,AA,AA,AA,-,-,BB,BB,BB,BB,BB,BB,BB,BB,BB,BB,BB,BB,BB,BB,BB,BB,BB,BB,BB,BB,BB,BB,BB,BB,BB,BB,AA,BB,BB,BB,BB,BB,BB,BB,BB,AA,BB,BB,BB,BB,BB,BB,BB,BB,BB,BB,BB,BB,BB,BB,BB,BB,BB,BB,BB,BB,BB,BB,BB,BB,-,BB,BB,BB,AA,BB,BB,BB,BB,BB,BB,BB,BB,BB,BB,-,BB,-,-,BB,-,-,BB,BB,BB,BB,BB,BB,BB,-,BB,BB,BB,BB,BB,BB,BB,BB,BB,BB,BB,BB,BB,BB,AA,AA,AA,AA,AA,AA,-,AA,AA,AA,AA,AA,AA,AA,AA,AA,AA,-,AA,AA,AA,AA,AA,-,AA,AA,AA,-,AA,AA,AA,AA,AA,AA,AA,AA,AA,AA,AA,AA,AA,AA,AA,AA,AA,AA,AA,AA,AA,AA,-,AA,AA,AA,BB,BB,BB,BB,BB,BB,BB,BB,-,BB,BB,BB,BB,BB,BB,AA,-,AA,AA,AA,AA,AA,AA,AA,AA,AA,AA,AA,AA,AA,AA,AA,AA,AA,AA,AA,AA,AA,AA,AA,AA,-,BB,BB,AA,BB,BB,BB,BB,BB,BB,BB,BB,BB,BB,BB,BB,BB,BB,BB,BB,BB,BB,BB,BB,BB,BB,BB,-,-,BB,BB,BB,BB,BB,AA,BB,BB,BB,AA,BB,BB,BB,AA,BB,BB,AA,-,BB,BB,BB,BB,BB,BB,BB,BB,BB,BB,BB,BB,BB,BB,BB,BB,-,BB,AA
141,1.8059552,1.84833,43.101345,48,20.5000000000002,20.5,0.79815807910195,BB,BB,BB,BB,BB,BB,BB,BB,BB,BB,BB,BB,BB,BB,BB,BB,BB,BB,BB,BB,BB,BB,BB,BB,BB,BB,BB,AA,AA,AA,AA,-,AA,AA,AA,AA,AA,AA,AA,AA,AA,AA,-,AA,AA,AA,AA,AA,AA,AA,AA,-,AA,AA,AA,AA,AA,AA,AA,AA,AA,AA,AA,AA,AA,AA,AA,AA,AA,-,-,AA,AA,AA,AA,AA,AA,AA,BB,BB,BB,BB,BB,BB,BB,BB,BB,BB,BB,BB,BB,BB,BB,BB,BB,BB,BB,BB,BB,BB,BB,BB,BB,AA,AA,AA,AA,AA,AA,-,AA,AA,AA,AA,AA,AA,AA,AA,AA,AA,AA,AA,-,AA,AA,AA,-,AA,-,AA,AA,AA,AA,AA,-,AA,AA,-,AA,AA,AA,AA,AA,AA,AA,AA,AA,AA,AA,AA,AA,AA,AA,BB,AA,BB,BB,BB,BB,BB,BB,BB,BB,BB,BB,BB,BB,BB,BB,BB,BB,BB,-,BB,BB,BB,BB,BB,BB,BB,BB,BB,BB,BB,BB,BB,BB,BB,BB,BB,BB,BB,BB,BB,BB,BB,BB,BB,BB,BB,BB,BB,BB,BB,-,BB,BB,BB,BB,BB,BB,BB,BB,BB,BB,-,BB,BB,BB,BB,BB,BB,BB,BB,BB,BB,BB,AA,AA,AA,AA,AA,AA,AA,AA,AA,AA,AA,AA,AA,AA,AA,-,AA,AA,AA,AA,AA,AA,AA,AA,AA,AA,AA,AA,AA,AA,AA,AA,AA,AA,AA,AA,AA,AA,BB,BB,BB,BB,BB,BB,BB,BB,BB,BB,BB,BB,BB,BB,BB,BB,BB,BB,BB,BB,BB,BB,BB,BB,BB,BB,BB,BB,BB,BB,BB,BB,BB,BB,BB,BB,BB,BB,BB,BB,BB,BB,BB,BB,BB,BB,BB,BB,BB,BB,BB,BB,BB,BB,BB,BB,BB,BB,BB,BB,BB,BB,BB,BB,BB,BB,BB,BB,BB,BB,BB,BB,BB,BB,BB,AA,AA,BB,AA,BB,BB,BB,BB,AA,AA,BB,BB,BB,BB,-,AA,AA,AA,AA,AA,AA,AA,AA,AA,AA,AA,AA,AA,AA,AA,AA,AA,-,AA,AA,AA,AA,AA,AA,AA,AA,AA,AA,AA,AA,AA,AA,BB,BB,BB,BB,BB,BB,BB,BB,BB,BB,BB,BB,BB,-,BB,BB,BB,BB,BB,BB,BB,BB,BB,BB,BB,BB,BB,BB,BB,BB,BB,BB,BB,BB,BB,BB,BB,BB,BB,AA,AA,AA,AA,AA,AA,AA,AA,AA,AA,AA,BB,BB,BB,BB,BB,BB,BB,BB,BB,BB,BB,BB,BB
142,0.4128081,0.5,41.45105,46.9444,21.0000000000003,21,-1.95870373638353,AA,AA,AA,AA,AA,AA,AA,AA,AA,AA,AA,AA,AA,AA,AA,AA,-,-,-,AA,AA,AA,AA,AA,AA,AA,AA,AA,AA,-,-,AA,AA,AA,AA,AA,AA,AA,AA,AA,AA,AA,AA,AA,AA,AA,AA,BB,AA,AA,AA,BB,-,AA,-,AA,-,AA,AA,BB,BB,BB,AA,AA,-,BB,AA,AA,AA,-,-,AA,AA,AA,AA,AA,AA,AA,AA,AA,AA,AA,AA,AA,AA,AA,AA,AA,AA,AA,AA,AA,AA,-,AA,AA,AA,-,AA,AA,AA,AA,AA,BB,BB,BB,BB,-,BB,BB,BB,BB,BB,BB,BB,-,-,BB,BB,BB,BB,BB,BB,BB,-,BB,BB,BB,BB,-,BB,-,BB,BB,-,AA,-,BB,BB,BB,BB,BB,BB,BB,BB,-,BB,BB,-,BB,BB,BB,BB,BB,BB,BB,-,BB,BB,BB,BB,BB,BB,-,BB,BB,BB,-,-,BB,BB,BB,BB,BB,BB,BB,BB,BB,BB,BB,BB,BB,BB,-,-,-,-,AA,AA,-,AA,AA,AA,AA,BB,BB,AA,AA,BB,BB,AA,BB,BB,BB,BB,BB,BB,BB,BB,BB,BB,BB,-,BB,-,BB,BB,BB,BB,BB,BB,BB,BB,BB,BB,BB,BB,BB,BB,BB,BB,BB,BB,BB,BB,BB,BB,BB,BB,BB,BB,BB,BB,BB,BB,-,BB,BB,BB,-,BB,BB,BB,BB,BB,BB,BB,BB,BB,-,BB,BB,-,BB,BB,AA,-,BB,BB,AA,BB,BB,BB,BB,BB,BB,BB,AA,BB,BB,BB,BB,AA,-,AA,AA,AA,AA,AA,AA,AA,AA,AA,AA,AA,AA,AA,AA,AA,AA,AA,AA,AA,-,AA,AA,AA,AA,AA,AA,AA,AA,AA,AA,AA,AA,AA,AA,AA,AA,AA,AA,AA,-,AA,AA,AA,AA,AA,AA,-,-,AA,AA,-,-,AA,AA,AA,AA,AA,AA,AA,AA,AA,-,AA,AA,-,-,-,AA,AA,AA,AA,AA,AA,-,BB,AA,AA,AA,AA,AA,AA,AA,AA,-,AA,AA,AA,AA,AA,AA,-,AA,AA,AA,AA,AA,AA,AA,AA,AA,-,-,BB,BB,BB,BB,BB,BB,BB,BB,BB,BB,BB,BB,-,BB,BB,-,BB,-,BB,BB,BB,-,BB,BB,BB,BB,BB,BB,BB,-,BB,BB,BB,-,-,BB,BB,BB,BB,BB,BB,BB,BB,BB,BB,BB,BB,BB,BB,BB,BB,BB,BB,BB,-,BB,BB,BB,BB,BB,BB,BB,BB,BB
143,1.9715561,2,42.73409,47.3333,23,23,1.82602425981251,BB,BB,BB,BB,BB,BB,BB,-,-,-,-,BB,-,BB,BB,BB,BB,BB,-,BB,BB,BB,BB,BB,BB,BB,BB,BB,BB,-,BB,BB,BB,BB,BB,-,BB,BB,BB,BB,-,-,BB,BB,BB,BB,BB,BB,BB,AA,BB,AA,-,AA,AA,AA,AA,AA,AA,AA,AA,AA,-,AA,AA,AA,AA,AA,AA,-,-,BB,BB,BB,BB,BB,BB,-,BB,BB,BB,-,BB,BB,BB,-,-,-,BB,BB,BB,-,BB,-,BB,BB,BB,BB,-,-,-,BB,-,AA,AA,AA,AA,-,AA,AA,AA,AA,AA,AA,AA,AA,AA,AA,AA,AA,AA,-,AA,AA,AA,AA,AA,AA,-,-,BB,BB,BB,BB,BB,BB,-,BB,BB,-,BB,BB,BB,BB,BB,-,BB,BB,BB,BB,AA,AA,AA,AA,AA,AA,-,AA,AA,AA,AA,AA,AA,AA,AA,AA,AA,AA,AA,AA,AA,AA,AA,AA,AA,AA,AA,AA,-,-,AA,AA,AA,-,-,-,-,BB,BB,BB,BB,BB,BB,-,-,AA,AA,AA,AA,AA,-,AA,AA,AA,AA,AA,AA,AA,-,AA,AA,AA,AA,AA,-,BB,BB,AA,AA,AA,AA,AA,AA,AA,-,AA,AA,AA,AA,-,AA,AA,AA,AA,AA,AA,AA,AA,AA,AA,AA,AA,AA,AA,AA,AA,AA,AA,AA,BB,AA,AA,AA,AA,AA,AA,AA,AA,AA,AA,AA,AA,AA,AA,AA,-,BB,BB,-,-,BB,BB,BB,BB,BB,BB,BB,BB,BB,BB,BB,BB,BB,BB,BB,-,BB,BB,-,-,-,BB,-,BB,BB,-,BB,BB,BB,BB,BB,BB,BB,BB,BB,BB,BB,BB,BB,BB,BB,BB,BB,BB,BB,BB,BB,BB,BB,BB,BB,BB,BB,BB,BB,BB,BB,BB,BB,BB,BB,BB,BB,BB,BB,BB,BB,BB,BB,-,BB,BB,BB,-,BB,BB,BB,BB,BB,BB,BB,AA,AA,AA,AA,AA,AA,AA,-,-,-,-,-,-,AA,AA,AA,AA,AA,AA,AA,AA,AA,AA,AA,-,AA,AA,AA,AA,AA,AA,AA,AA,AA,AA,AA,AA,AA,AA,AA,AA,AA,AA,AA,AA,AA,AA,AA,AA,AA,AA,AA,AA,-,-,AA,AA,AA,AA,-,-,AA,-,-,BB,AA,BB,BB,BB,-,BB,BB,BB,BB,BB,BB,AA,BB,BB,BB,BB,BB,BB,BB,BB,BB,BB,BB,BB,BB,BB,BB,BB,BB,BB,BB,BB,BB,BB
144,0.8159612,0.805,50.585086,51.8333,42.9999999999999,43,-1.36870519610166,-,-,AA,AA,-,-,AA,-,AA,AA,AA,AA,AA,-,-,-,-,-,AA,-,-,-,-,AA,AA,AA,AA,-,-,-,-,-,-,-,-,AA,AA,AA,AA,AA,-,AA,-,-,-,-,AA,-,-,-,-,-,-,-,-,-,-,-,AA,AA,-,-,-,-,-,-,-,-,AA,-,-,-,-,-,-,-,-,AA,-,-,-,-,-,-,-,-,AA,AA,AA,-,AA,-,-,-,-,-,-,-,AA,AA,-,AA,-,-,AA,AA,AA,-,AA,-,AA,AA,AA,AA,-,-,-,-,-,-,-,-,-,-,-,-,-,-,-,-,-,-,-,-,-,-,-,-,AA,-,-,-,-,-,-,-,-,-,-,AA,-,-,-,-,AA,-,-,-,-,-,AA,AA,AA,-,AA,AA,AA,-,-,-,-,AA,AA,AA,AA,AA,-,AA,-,-,AA,-,AA,-,-,AA,-,BB,BB,-,-,-,-,-,-,-,-,-,-,-,-,-,-,-,-,-,-,-,BB,-,-,BB,-,-,-,BB,BB,-,-,-,BB,-,-,-,BB,-,-,-,BB,-,-,-,-,-,-,-,-,-,-,-,-,-,-,-,-,-,-,-,-,-,-,-,-,-,-,-,-,-,-,-,AA,AA,AA,-,AA,AA,AA,AA,AA,-,-,-,-,-,-,-,-,-,-,-,-,-,-,-,-,AA,AA,-,AA,AA,AA,AA,AA,-,-,-,-,-,-,-,AA,AA,-,-,-,BB,-,BB,BB,BB,BB,BB,BB,-,-,-,-,-,-,-,-,BB,-,-,-,-,-,-,-,-,-,-,-,-,-,BB,BB,BB,BB,-,AA,AA,AA,AA,-,-,-,-,-,-,-,AA,AA,-,-,-,-,-,-,BB,BB,BB,BB,BB,-,-,-,-,-,-,-,-,-,BB,BB,BB,-,-,-,-,-,-,BB,-,BB,-,-,-,-,-,-,-,-,-,-,-,-,-,-,-,-,-,-,-,BB,-,-,-,-,-,-,BB,-,BB,BB,-,-,-,BB,-,-,BB,BB,-,-,-,BB,-,-,BB,-,BB,-,-,-,-,-,-,-,-,-,-,-,BB,BB,-,-,BB,BB,BB
145,1.8096253,1.84833,44.232321,47.8333,20.9999999999998,21,0.79815807910195,AA,AA,AA,AA,AA,AA,AA,AA,AA,AA,AA,AA,AA,AA,AA,AA,AA,-,AA,AA,AA,-,AA,AA,AA,AA,AA,-,AA,-,AA,AA,-,AA,-,AA,AA,AA,AA,AA,-,AA,-,AA,AA,-,AA,-,AA,AA,AA,-,AA,-,AA,-,-,AA,AA,AA,-,AA,-,AA,-,-,AA,BB,BB,-,BB,BB,-,BB,-,BB,-,BB,-,BB,BB,BB,-,-,-,BB,BB,BB,BB,BB,BB,-,BB,-,BB,BB,BB,-,BB,BB,-,BB,-,BB,BB,BB,BB,-,BB,-,BB,BB,BB,BB,-,BB,BB,-,-,-,-,-,-,-,BB,BB,-,BB,BB,-,-,-,BB,BB,-,-,-,-,BB,-,BB,BB,-,-,BB,BB,-,BB,AA,BB,AA,-,-,AA,AA,AA,AA,AA,AA,-,-,AA,AA,AA,AA,AA,AA,-,AA,AA,-,AA,AA,AA,AA,AA,AA,AA,AA,-,AA,AA,AA,-,-,BB,-,BB,BB,-,-,BB,BB,-,BB,BB,-,BB,BB,-,BB,-,BB,BB,BB,BB,-,-,BB,BB,BB,BB,BB,-,-,BB,BB,-,BB,BB,BB,BB,-,BB,BB,BB,-,-,BB,BB,-,BB,-,-,-,BB,BB,BB,BB,BB,BB,BB,BB,BB,BB,BB,BB,BB,-,-,BB,BB,-,BB,-,BB,BB,BB,BB,BB,BB,BB,BB,-,BB,BB,BB,BB,BB,-,BB,-,BB,-,-,BB,AA,-,-,AA,-,AA,-,AA,AA,BB,-,-,AA,AA,AA,AA,BB,-,-,-,BB,BB,BB,BB,BB,BB,BB,BB,AA,AA,-,AA,AA,AA,AA,AA,AA,-,AA,AA,-,AA,-,-,-,AA,AA,-,AA,-,AA,AA,-,AA,-,AA,AA,AA,-,AA,AA,AA,AA,-,BB,BB,BB,BB,-,BB,-,BB,-,BB,BB,-,BB,BB,-,BB,BB,-,-,BB,BB,BB,BB,-,BB,BB,BB,-,BB,-,BB,BB,BB,BB,BB,BB,BB,BB,-,-,BB,-,BB,-,BB,BB,-,-,AA,AA,AA,AA,AA,AA,AA,AA,AA,AA,AA,AA,-,-,-,AA,AA,AA,BB,-,BB,BB,BB,BB,-,BB,BB,-,BB,BB,BB,-,BB,BB,BB,BB,BB,-,BB,BB,BB,BB,-,BB,BB,BB,BB,BB,-,BB,BB,-,BB,BB,AA,BB,BB,-,-,AA,AA,AA
146,1.338574,1.41667,40.077479,41.5,29.5,29.5,-0.40250061721073,-,AA,AA,AA,-,AA,AA,AA,AA,AA,AA,AA,AA,AA,-,AA,-,-,AA,AA,AA,AA,AA,AA,AA,AA,AA,AA,AA,AA,AA,AA,-,AA,AA,AA,AA,AA,AA,AA,AA,AA,AA,AA,AA,AA,BB,BB,BB,BB,BB,BB,BB,BB,-,BB,BB,BB,BB,BB,-,BB,BB,BB,BB,BB,-,BB,BB,BB,BB,BB,BB,BB,BB,BB,-,BB,BB,-,BB,BB,BB,BB,BB,BB,BB,BB,BB,BB,AA,AA,AA,AA,AA,AA,AA,AA,AA,AA,AA,-,AA,-,AA,-,AA,AA,AA,AA,AA,BB,AA,AA,-,AA,-,AA,AA,AA,AA,-,-,AA,AA,AA,AA,-,AA,AA,AA,AA,AA,AA,AA,AA,AA,AA,-,AA,AA,AA,AA,AA,AA,AA,AA,AA,AA,AA,AA,AA,AA,AA,AA,AA,AA,AA,AA,AA,AA,AA,AA,AA,AA,AA,AA,AA,AA,AA,AA,AA,AA,AA,AA,AA,-,AA,AA,AA,AA,AA,AA,AA,AA,AA,AA,AA,AA,AA,-,AA,AA,AA,AA,-,AA,AA,AA,-,AA,AA,AA,AA,AA,AA,AA,AA,AA,-,AA,AA,AA,AA,AA,AA,AA,-,AA,AA,AA,AA,AA,AA,AA,BB,BB,BB,BB,-,BB,BB,BB,BB,-,BB,BB,BB,-,BB,BB,BB,BB,BB,BB,BB,BB,BB,BB,BB,-,BB,BB,BB,-,BB,-,BB,BB,BB,BB,BB,BB,BB,BB,BB,BB,BB,BB,BB,BB,BB,BB,BB,BB,BB,BB,AA,BB,-,BB,BB,BB,BB,BB,BB,BB,BB,BB,BB,BB,BB,BB,BB,BB,BB,BB,BB,BB,BB,BB,BB,BB,BB,BB,BB,BB,BB,BB,BB,-,BB,BB,BB,BB,BB,BB,BB,-,BB,BB,AA,AA,AA,AA,AA,-,AA,-,AA,AA,AA,AA,AA,AA,AA,AA,AA,AA,BB,BB,BB,BB,BB,BB,BB,BB,-,BB,BB,BB,BB,BB,BB,BB,BB,BB,BB,BB,BB,BB,BB,BB,BB,BB,-,BB,BB,BB,BB,BB,BB,BB,BB,BB,AA,BB,BB,BB,BB,-,BB,BB,BB,BB,-,BB,BB,-,BB,BB,BB,BB,BB,BB,BB,BB,BB,BB,BB,BB,BB,BB,BB,BB,BB,BB,BB,BB,BB,BB,BB,BB,BB,BB,-,BB,BB,BB,BB,BB,BB,BB,BB,BB,-,BB,BB,BB,BB,BB,BB,AA,AA,AA,AA,AA,-,AA,AA,-,AA,AA,AA,AA,AA,AA,AA,AA,AA
147,1.2359398,1.29167,46.5367,51.5,20.0000000000001,20,-0.622028232557513,-,-,AA,AA,-,-,AA,-,AA,AA,AA,AA,AA,-,-,-,-,-,AA,-,-,-,-,-,AA,AA,AA,-,-,-,-,-,-,-,-,AA,AA,AA,AA,-,-,-,-,-,-,-,AA,-,-,AA,-,-,-,-,-,-,-,-,AA,AA,-,-,-,-,-,AA,-,-,AA,-,-,-,-,-,-,-,-,AA,-,-,-,-,-,-,-,-,AA,AA,AA,-,AA,-,-,-,-,-,-,-,AA,AA,AA,AA,AA,-,BB,BB,BB,-,AA,-,AA,AA,AA,AA,-,-,-,-,-,-,-,-,-,-,-,-,-,-,-,-,-,-,-,-,-,-,-,-,AA,AA,-,-,-,-,-,-,-,-,-,AA,-,-,-,-,-,-,-,-,-,-,AA,AA,AA,-,AA,AA,-,-,-,-,-,-,-,AA,-,-,-,-,-,-,-,-,AA,AA,AA,AA,-,AA,AA,-,-,-,-,-,-,-,-,-,-,-,-,-,-,-,-,-,-,-,AA,-,-,BB,-,-,-,-,AA,-,-,-,BB,-,-,-,AA,-,-,-,AA,-,-,-,-,-,-,-,-,-,-,-,-,-,-,-,-,-,-,-,-,-,-,-,-,-,-,-,-,-,-,-,AA,AA,AA,AA,-,BB,BB,BB,BB,-,-,-,-,-,-,-,-,-,-,-,-,-,-,-,-,BB,BB,-,BB,BB,BB,BB,BB,-,-,BB,-,-,-,-,BB,BB,-,-,-,AA,-,AA,AA,AA,-,AA,AA,-,-,-,AA,-,-,-,-,AA,-,-,-,-,-,-,-,-,-,-,-,-,-,AA,-,AA,AA,BB,BB,BB,BB,BB,-,-,-,-,-,-,-,BB,BB,-,-,-,-,-,-,BB,BB,BB,BB,BB,-,-,-,-,-,-,-,-,-,BB,BB,BB,-,-,-,-,-,-,BB,-,BB,-,-,-,-,-,-,-,-,-,-,-,-,-,-,-,-,-,-,-,BB,-,-,-,-,-,-,BB,-,BB,BB,-,-,-,BB,-,-,BB,BB,-,-,-,BB,-,-,AA,-,BB,-,-,-,-,-,-,-,-,-,-,-,AA,AA,-,-,AA,AA,AA
148,1.2921383,1.39,42.58659,47.0556,18.5,18.5,-0.455196954073443,-,-,AA,AA,-,AA,AA,-,AA,AA,AA,AA,AA,-,-,AA,-,-,AA,-,-,-,-,AA,AA,AA,AA,-,-,-,-,-,-,-,-,AA,AA,AA,AA,AA,-,-,-,-,-,-,AA,-,-,-,-,-,BB,-,-,-,-,-,AA,AA,-,-,-,AA,-,AA,-,-,AA,-,-,AA,-,-,AA,-,-,AA,-,-,-,-,-,-,AA,-,AA,AA,AA,AA,AA,-,-,-,-,-,-,BB,AA,AA,AA,AA,AA,-,BB,BB,BB,-,BB,-,BB,BB,BB,BB,-,-,-,-,-,-,-,-,-,-,-,-,-,-,-,-,-,-,BB,-,-,-,-,-,BB,BB,-,-,-,-,-,-,-,-,-,BB,-,-,AA,-,BB,AA,-,-,-,-,BB,BB,BB,-,BB,BB,BB,-,AA,-,BB,BB,BB,BB,BB,BB,-,BB,-,AA,BB,-,BB,AA,AA,AA,-,BB,BB,BB,-,-,-,BB,-,-,-,-,-,-,-,-,-,-,-,-,-,-,AA,-,-,AA,-,-,-,-,AA,-,-,-,AA,-,-,-,AA,-,-,-,AA,-,BB,-,-,-,-,BB,-,BB,BB,-,-,-,-,-,-,-,-,-,-,-,-,-,-,-,-,-,-,-,-,-,AA,AA,-,-,BB,BB,BB,BB,BB,-,-,-,-,AA,-,-,-,BB,-,-,-,-,-,-,-,BB,BB,-,BB,BB,BB,BB,BB,AA,-,BB,-,-,-,-,BB,BB,-,-,-,BB,-,BB,BB,BB,BB,BB,BB,-,-,-,BB,-,AA,-,-,BB,-,-,-,-,-,-,AA,-,-,-,-,-,-,BB,BB,BB,-,BB,BB,BB,BB,BB,-,-,-,BB,-,-,-,BB,BB,-,-,-,-,-,-,BB,BB,BB,BB,BB,-,-,-,-,-,-,-,-,-,BB,BB,BB,-,-,-,-,-,-,BB,-,BB,-,-,-,-,-,-,-,-,-,-,-,-,-,-,-,-,-,-,-,BB,-,AA,-,AA,AA,-,BB,-,BB,BB,AA,-,-,BB,-,-,BB,BB,-,-,-,BB,-,-,BB,-,-,-,-,-,-,-,-,-,-,-,-,-,AA,AA,-,-,AA,AA,-
149,1.8390954,1.88833,44.342291,46.5,26.5,26.5,0.876918377658209,-,BB,BB,BB,BB,BB,BB,BB,BB,BB,BB,BB,-,BB,BB,BB,AA,AA,-,-,AA,AA,AA,AA,-,AA,-,AA,AA,AA,AA,AA,AA,AA,AA,AA,AA,AA,AA,AA,-,AA,AA,AA,AA,-,AA,AA,AA,BB,AA,BB,BB,BB,BB,BB,BB,BB,BB,BB,BB,BB,BB,BB,BB,-,BB,BB,BB,BB,BB,BB,BB,BB,BB,BB,BB,BB,BB,AA,BB,-,AA,AA,AA,AA,AA,AA,AA,AA,AA,AA,AA,AA,AA,AA,AA,AA,AA,AA,AA,AA,AA,BB,BB,BB,BB,BB,BB,BB,BB,BB,BB,-,AA,BB,BB,BB,-,BB,BB,BB,BB,BB,BB,BB,BB,AA,AA,AA,AA,AA,AA,AA,-,AA,AA,AA,AA,AA,AA,AA,AA,AA,-,AA,AA,AA,AA,AA,AA,AA,AA,-,AA,AA,-,AA,AA,AA,AA,AA,AA,AA,AA,AA,AA,AA,AA,AA,AA,AA,AA,AA,AA,-,AA,AA,AA,-,AA,AA,AA,BB,BB,BB,BB,AA,AA,BB,BB,AA,AA,AA,AA,AA,BB,BB,-,-,BB,BB,BB,BB,BB,BB,BB,BB,BB,BB,BB,BB,BB,BB,BB,BB,BB,-,BB,BB,BB,BB,BB,BB,BB,BB,BB,BB,BB,-,BB,BB,BB,BB,-,BB,BB,BB,BB,BB,BB,BB,-,BB,-,BB,BB,-,BB,-,BB,BB,BB,-,-,BB,BB,BB,-,-,BB,BB,-,BB,BB,BB,BB,BB,BB,BB,BB,BB,BB,BB,BB,BB,-,BB,BB,BB,-,BB,BB,BB,BB,BB,BB,BB,BB,BB,BB,BB,BB,BB,BB,BB,BB,BB,BB,BB,BB,BB,BB,-,BB,BB,BB,BB,AA,AA,AA,AA,AA,AA,AA,AA,AA,AA,AA,AA,-,AA,AA,-,-,-,AA,AA,AA,AA,AA,AA,AA,AA,AA,AA,AA,AA,AA,BB,BB,BB,BB,BB,BB,BB,BB,BB,BB,BB,BB,BB,BB,BB,BB,BB,BB,-,BB,BB,BB,BB,BB,BB,BB,BB,BB,BB,BB,BB,BB,AA,BB,BB,BB,BB,BB,BB,BB,BB,BB,BB,BB,-,BB,-,BB,-,-,AA,AA,AA,AA,AA,AA,AA,AA,AA,AA,-,-,AA,-,AA,AA,BB,BB,BB,BB,BB,BB,BB,BB,BB,BB,BB,BB,BB,BB,BB,BB,BB,BB,BB,BB,BB,BB,BB,BB,BB,BB,BB,BB,-,BB,BB,BB,BB,BB,BB,BB,BB,-,BB,BB,BB,BB,BB,BB,BB
150,1.6038466,1.61167,44.908719,47.8333,26.5000000000002,26.5,0.0628919974069845,BB,BB,BB,AA,AA,AA,AA,AA,AA,AA,AA,AA,AA,AA,AA,-,AA,AA,AA,-,AA,AA,AA,AA,AA,AA,AA,AA,AA,AA,AA,AA,AA,AA,AA,AA,AA,AA,AA,AA,AA,AA,AA,AA,AA,-,AA,AA,AA,BB,-,BB,BB,-,BB,BB,BB,BB,BB,BB,BB,BB,BB,BB,BB,BB,BB,BB,BB,BB,-,BB,BB,BB,BB,-,BB,BB,-,BB,-,BB,BB,BB,-,-,BB,BB,BB,BB,BB,BB,BB,BB,BB,BB,BB,BB,BB,BB,BB,BB,BB,-,BB,BB,BB,BB,BB,BB,BB,BB,BB,BB,AA,BB,BB,-,BB,BB,BB,BB,BB,BB,BB,BB,-,AA,AA,AA,-,-,-,-,AA,AA,AA,AA,AA,AA,-,AA,AA,-,AA,AA,AA,AA,-,AA,-,AA,AA,BB,AA,-,BB,BB,BB,BB,BB,BB,BB,BB,BB,BB,BB,-,BB,BB,BB,BB,BB,BB,BB,BB,-,BB,BB,BB,BB,BB,BB,BB,BB,BB,BB,BB,BB,BB,BB,-,-,BB,-,AA,AA,AA,AA,AA,AA,AA,-,AA,-,AA,AA,-,AA,AA,AA,AA,AA,-,-,-,AA,-,-,AA,AA,-,AA,AA,AA,-,AA,AA,AA,AA,AA,AA,AA,AA,-,AA,AA,BB,AA,-,-,AA,-,AA,-,AA,BB,BB,BB,AA,-,AA,AA,AA,AA,-,AA,-,AA,AA,AA,AA,AA,AA,AA,BB,BB,BB,BB,BB,BB,BB,-,-,BB,BB,BB,-,BB,BB,BB,BB,BB,BB,BB,BB,BB,BB,BB,BB,BB,BB,BB,BB,BB,BB,BB,BB,-,-,BB,BB,BB,-,BB,BB,BB,BB,BB,BB,BB,-,AA,BB,AA,AA,AA,AA,AA,AA,-,AA,-,AA,-,-,-,AA,AA,AA,AA,AA,AA,AA,AA,AA,-,AA,AA,AA,AA,AA,AA,AA,AA,AA,AA,-,AA,AA,-,AA,AA,-,AA,AA,AA,AA,AA,AA,AA,AA,AA,AA,AA,AA,AA,AA,AA,AA,AA,AA,AA,AA,AA,AA,-,AA,AA,AA,AA,AA,AA,AA,AA,AA,AA,AA,AA,-,AA,AA,AA,AA,AA,AA,AA,AA,-,AA,AA,AA,AA,AA,AA,AA,-,AA,AA,-,AA,AA,AA,AA,AA,-,AA,AA,AA,AA,AA,AA,AA,AA,AA,AA,AA,AA,AA,AA,-,AA,-,AA,AA,AA,AA,AA,AA,AA,AA,AA,AA,AA,AA,AA,-,AA,AA,AA
151,1.8339453,1.91667,41.432825,46.8333,22.5,22.5,1.07978936474238,-,-,AA,AA,-,-,AA,-,AA,AA,AA,AA,AA,-,-,-,-,-,AA,-,-,-,-,AA,AA,AA,AA,-,-,-,-,-,-,-,-,AA,AA,AA,AA,AA,-,AA,-,-,-,-,AA,-,-,AA,-,-,-,-,-,-,-,-,AA,AA,-,-,-,-,-,BB,-,-,BB,-,-,-,-,-,-,-,-,BB,-,-,-,-,-,-,-,-,BB,BB,BB,-,BB,-,-,-,-,-,-,-,BB,BB,BB,BB,BB,-,AA,AA,AA,-,AA,-,AA,AA,AA,AA,-,-,-,-,-,-,-,-,-,-,-,-,-,-,-,-,-,-,-,-,-,-,-,-,AA,AA,-,-,-,-,-,-,-,-,-,AA,-,-,-,-,BB,-,-,-,-,-,AA,AA,BB,-,AA,AA,AA,-,-,-,AA,AA,AA,AA,AA,AA,-,AA,-,-,AA,-,AA,BB,BB,BB,-,AA,AA,-,-,-,-,-,-,-,-,-,-,-,-,-,-,-,-,-,-,-,BB,-,-,AA,-,-,-,-,BB,-,-,-,BB,-,-,-,BB,-,-,-,BB,-,-,-,-,-,-,-,-,-,-,-,-,-,-,-,-,-,-,-,-,-,-,-,-,-,-,-,-,-,-,-,BB,BB,BB,BB,AA,BB,BB,BB,BB,-,-,-,-,-,-,-,-,-,-,-,-,-,-,-,-,BB,BB,-,BB,BB,BB,BB,BB,-,-,BB,-,-,-,-,BB,BB,-,-,-,BB,-,BB,BB,BB,BB,BB,BB,-,-,-,BB,-,-,-,-,BB,-,-,-,-,-,-,-,-,-,-,-,-,-,-,BB,BB,BB,AA,AA,AA,AA,AA,-,-,-,AA,-,-,-,AA,AA,-,-,-,-,-,-,AA,AA,AA,AA,AA,-,-,-,-,-,-,-,-,-,AA,AA,AA,-,-,-,-,-,-,AA,-,-,-,-,-,-,-,-,-,-,-,-,-,-,-,-,-,-,-,-,-,AA,-,-,-,-,-,-,AA,-,AA,AA,-,-,-,BB,-,-,AA,BB,-,-,-,BB,-,-,BB,-,AA,-,-,-,-,-,-,-,-,-,-,-,AA,AA,-,-,AA,BB,BB
152,1.9697839,2,45.430375,47.5,24,24,1.82602425981251,-,-,BB,BB,-,BB,BB,BB,BB,BB,BB,-,BB,-,BB,-,BB,-,BB,BB,-,-,BB,-,BB,BB,BB,-,-,BB,-,-,-,BB,-,BB,BB,BB,BB,-,-,BB,-,-,-,BB,BB,-,-,BB,BB,BB,BB,-,-,BB,BB,-,BB,BB,-,-,-,BB,BB,BB,-,-,BB,BB,-,-,-,BB,BB,BB,BB,BB,-,-,-,BB,BB,BB,BB,BB,BB,BB,-,-,BB,-,BB,-,-,BB,-,-,BB,BB,BB,BB,BB,-,AA,AA,AA,AA,AA,AA,BB,BB,BB,BB,-,BB,-,-,-,BB,-,-,-,-,-,-,-,-,BB,-,BB,-,-,-,-,BB,-,AA,AA,AA,-,-,-,AA,AA,AA,AA,-,AA,AA,-,-,AA,AA,-,-,-,-,-,-,AA,AA,AA,BB,BB,BB,-,BB,BB,BB,BB,BB,BB,BB,BB,BB,-,BB,-,-,AA,-,BB,AA,AA,AA,-,AA,AA,-,-,AA,AA,-,-,-,AA,AA,-,-,AA,-,-,AA,-,-,-,-,BB,-,BB,BB,-,-,-,BB,BB,BB,-,-,BB,BB,-,-,BB,-,-,AA,AA,-,AA,-,-,AA,-,-,AA,-,-,-,-,-,-,AA,-,-,-,-,-,AA,-,-,-,-,-,AA,-,-,AA,AA,AA,AA,AA,AA,-,BB,BB,BB,BB,-,-,-,-,-,BB,-,-,BB,-,-,BB,-,BB,BB,-,BB,BB,BB,BB,BB,BB,BB,BB,-,-,BB,-,-,BB,-,BB,BB,BB,-,BB,BB,BB,BB,BB,BB,BB,BB,BB,BB,-,-,BB,-,-,-,-,BB,-,-,-,-,-,BB,-,-,-,-,-,BB,BB,BB,-,BB,BB,BB,BB,BB,BB,BB,-,BB,-,BB,BB,-,-,BB,BB,-,-,-,BB,-,-,BB,BB,BB,BB,BB,-,-,-,BB,-,BB,-,-,BB,BB,BB,BB,-,-,BB,BB,-,-,BB,-,BB,-,-,-,-,AA,-,-,-,-,-,-,AA,-,-,AA,-,-,AA,-,AA,-,AA,-,-,-,-,AA,AA,AA,AA,-,AA,BB,AA,-,-,AA,AA,-,AA,-,AA,-,-,AA,-,AA,AA,-,-,-,-,-,-,-,AA,-,-,AA,AA,-,-,AA,AA,AA
153,1.7278387,1.80667,44.338681,49.5,19,19,0.622028232557513,-,-,-,BB,-,-,AA,-,AA,AA,AA,-,AA,-,-,-,-,-,AA,-,-,-,-,BB,-,BB,-,-,-,-,-,-,-,-,-,AA,BB,BB,-,BB,-,AA,-,-,-,-,-,-,-,AA,-,-,-,-,-,-,-,-,-,-,-,-,-,-,-,-,-,-,AA,-,-,-,-,-,-,-,-,AA,-,-,-,-,-,-,-,-,AA,AA,-,-,-,-,-,-,-,-,-,-,AA,AA,AA,-,AA,-,BB,BB,BB,-,BB,-,BB,BB,BB,BB,-,-,-,-,-,-,-,-,-,-,-,-,-,-,-,-,-,-,-,-,-,-,-,-,AA,AA,-,-,-,-,-,-,-,-,-,AA,-,-,-,-,AA,-,-,-,-,-,-,AA,AA,-,AA,AA,-,-,-,-,-,AA,AA,AA,AA,AA,-,AA,-,-,AA,-,-,-,-,BB,-,BB,-,-,-,-,-,-,-,-,-,-,-,-,-,-,-,-,-,-,-,-,BB,-,-,BB,-,-,-,BB,BB,-,-,-,-,-,-,-,BB,-,-,-,BB,-,-,-,-,-,-,-,-,-,-,-,-,-,-,-,-,-,-,-,-,-,-,-,-,-,-,-,-,-,-,-,BB,BB,AA,BB,AA,BB,BB,BB,BB,-,-,-,-,-,-,-,-,-,-,-,-,-,-,-,-,BB,-,-,BB,BB,BB,BB,BB,-,-,BB,-,-,-,-,-,BB,-,-,-,BB,-,-,-,-,-,BB,BB,-,-,-,-,-,-,-,-,BB,-,-,-,-,-,-,-,-,-,-,-,-,-,-,-,BB,BB,BB,-,BB,-,BB,-,-,-,-,-,-,-,AA,AA,-,-,-,-,-,-,AA,AA,AA,AA,AA,-,-,-,-,-,-,-,-,-,AA,AA,AA,-,-,-,-,-,-,-,-,-,-,-,-,-,-,-,-,-,-,-,-,-,-,-,-,-,-,-,-,AA,-,-,-,-,-,-,AA,-,AA,AA,-,-,-,AA,-,-,AA,-,-,-,-,-,-,-,-,-,AA,-,-,-,-,-,-,-,-,-,-,-,AA,AA,-,-,AA,AA,BB
154,1.9183978,2,39.007372,43,20.5,20.5,1.82602425981251,-,AA,AA,AA,AA,-,AA,AA,AA,AA,AA,AA,AA,-,AA,-,-,AA,-,AA,-,AA,AA,AA,AA,AA,AA,-,-,BB,AA,AA,AA,AA,AA,AA,AA,AA,AA,AA,-,AA,AA,-,-,AA,BB,-,BB,BB,BB,BB,-,BB,BB,BB,BB,BB,BB,BB,BB,BB,BB,BB,BB,BB,-,-,BB,BB,BB,BB,-,BB,BB,BB,-,BB,-,BB,BB,BB,BB,-,BB,BB,BB,BB,BB,-,BB,-,BB,AA,AA,AA,AA,-,BB,AA,BB,AA,BB,BB,BB,BB,BB,-,BB,BB,BB,BB,BB,-,BB,BB,BB,BB,BB,BB,BB,BB,BB,-,BB,BB,BB,BB,BB,BB,-,BB,BB,BB,BB,BB,BB,BB,BB,BB,-,BB,BB,-,BB,BB,BB,-,BB,BB,-,BB,-,BB,BB,BB,BB,BB,BB,-,BB,BB,BB,-,BB,BB,BB,-,BB,BB,BB,BB,BB,BB,BB,-,-,BB,BB,BB,AA,BB,BB,BB,BB,BB,BB,BB,BB,BB,BB,BB,BB,BB,BB,-,BB,BB,BB,-,BB,BB,BB,BB,-,-,-,BB,BB,BB,BB,BB,-,BB,BB,BB,BB,BB,BB,BB,BB,-,BB,-,BB,-,BB,BB,BB,-,BB,-,-,BB,BB,BB,BB,BB,-,BB,-,BB,BB,BB,-,BB,BB,BB,-,AA,AA,AA,-,AA,BB,BB,AA,-,AA,AA,-,AA,-,AA,AA,BB,BB,BB,BB,BB,BB,BB,BB,-,BB,BB,BB,AA,-,BB,BB,BB,BB,BB,BB,BB,BB,BB,BB,BB,BB,BB,BB,BB,BB,BB,AA,AA,AA,AA,AA,AA,-,BB,-,BB,BB,BB,BB,BB,BB,BB,BB,BB,BB,BB,BB,BB,BB,-,-,BB,BB,BB,BB,-,BB,BB,BB,BB,BB,BB,BB,-,BB,BB,BB,BB,BB,BB,BB,BB,BB,BB,BB,BB,BB,BB,BB,-,BB,BB,BB,-,BB,BB,BB,BB,BB,-,-,-,-,-,BB,-,BB,BB,-,BB,BB,BB,BB,AA,BB,BB,-,BB,BB,BB,BB,BB,-,-,BB,-,-,AA,AA,AA,AA,-,-,AA,AA,AA,AA,AA,AA,-,AA,AA,-,AA,AA,AA,AA,AA,AA,AA,AA,AA,AA,-,AA,-,-,AA,AA,AA,-,AA,AA,AA,AA,AA,AA,AA,AA,AA,-,AA,AA,AA,AA,AA,AA,AA,AA,AA,AA,AA,AA,-,AA,-,AA,-,AA,AA
155,1.8890773,2,45.068108,47.5278,16.8795180722891,17,1.82602425981251,-,-,AA,AA,-,-,AA,-,AA,AA,-,AA,AA,-,-,-,-,-,AA,-,-,-,-,AA,AA,AA,AA,-,-,-,-,-,-,-,-,AA,AA,AA,AA,AA,-,AA,-,-,-,-,BB,-,-,BB,-,-,-,-,-,-,-,-,BB,BB,-,-,-,-,-,BB,-,-,BB,-,-,-,-,-,-,-,-,BB,-,-,-,-,-,-,-,-,BB,BB,BB,-,BB,-,-,-,-,-,-,-,-,AA,BB,AA,AA,-,BB,BB,BB,-,BB,-,BB,-,BB,BB,-,-,-,-,-,-,-,-,-,-,-,-,-,-,-,-,-,-,-,-,-,-,-,-,BB,BB,-,-,-,-,-,-,-,-,-,BB,-,-,-,-,BB,-,-,-,-,-,BB,BB,BB,-,BB,BB,BB,-,-,-,BB,BB,-,-,BB,BB,-,BB,-,-,AA,-,BB,BB,BB,BB,-,BB,BB,-,-,-,-,-,-,-,-,-,-,-,-,-,-,-,-,-,-,-,BB,-,-,BB,-,-,-,-,BB,-,-,-,BB,-,-,-,BB,-,-,-,BB,-,-,-,-,-,-,-,-,-,-,-,-,-,-,-,-,-,-,-,-,-,-,-,-,-,-,-,-,-,-,-,AA,AA,-,AA,AA,BB,BB,BB,BB,-,-,-,-,-,-,-,-,-,-,-,-,-,-,-,-,BB,BB,-,BB,BB,BB,BB,BB,-,-,BB,-,-,-,-,AA,AA,-,-,-,BB,-,BB,BB,BB,BB,BB,BB,-,-,-,BB,-,-,-,-,BB,-,-,-,-,-,-,-,-,-,-,-,-,-,BB,BB,BB,BB,BB,BB,BB,BB,BB,-,-,-,BB,-,-,-,-,BB,-,-,-,-,-,-,BB,BB,BB,BB,-,-,-,-,-,-,-,-,-,-,AA,AA,-,-,-,-,-,-,-,AA,-,AA,-,-,-,-,-,-,-,-,-,-,-,-,-,-,-,-,-,-,-,AA,-,-,-,-,-,-,AA,-,AA,AA,-,-,-,AA,-,-,AA,AA,-,-,-,AA,-,-,AA,-,AA,-,-,-,-,-,-,-,-,-,-,-,AA,AA,-,-,-,AA,AA
156,1.2864934,1.375,39.738344,43.6667,23.9999999999999,24,-0.509189404710201,AA,AA,BB,BB,BB,BB,BB,BB,BB,BB,BB,BB,BB,BB,BB,BB,-,-,BB,-,BB,BB,BB,BB,BB,BB,BB,BB,-,BB,-,BB,-,BB,BB,BB,BB,BB,BB,BB,BB,BB,BB,BB,-,-,BB,BB,-,-,BB,AA,AA,-,BB,BB,BB,-,BB,AA,AA,AA,AA,AA,-,AA,AA,AA,AA,AA,-,-,BB,BB,BB,-,-,BB,BB,-,BB,BB,BB,BB,-,-,BB,BB,BB,-,BB,BB,-,-,BB,BB,-,BB,BB,BB,BB,BB,BB,BB,BB,BB,AA,BB,BB,-,AA,AA,AA,AA,AA,AA,-,AA,AA,AA,-,-,AA,-,-,AA,AA,-,AA,-,-,-,-,AA,AA,AA,AA,AA,BB,AA,BB,BB,BB,BB,BB,BB,BB,-,BB,BB,BB,BB,AA,-,AA,-,AA,-,AA,AA,AA,AA,AA,AA,AA,AA,AA,AA,AA,AA,AA,AA,AA,AA,AA,AA,AA,AA,AA,-,AA,-,AA,AA,AA,AA,AA,AA,AA,AA,-,AA,AA,AA,-,AA,AA,AA,-,AA,-,-,AA,AA,AA,-,AA,AA,AA,AA,AA,AA,AA,AA,-,-,AA,AA,AA,AA,AA,AA,-,AA,AA,AA,-,-,AA,AA,-,AA,AA,-,AA,AA,AA,AA,-,-,BB,BB,BB,BB,-,BB,BB,BB,-,BB,-,BB,-,BB,BB,-,-,BB,BB,BB,BB,BB,BB,BB,BB,BB,BB,-,BB,-,-,-,-,-,AA,BB,BB,BB,BB,BB,BB,BB,-,-,BB,BB,BB,BB,BB,BB,BB,BB,BB,BB,BB,BB,-,BB,BB,BB,BB,BB,BB,-,BB,BB,BB,BB,BB,BB,BB,BB,BB,BB,BB,-,BB,-,BB,BB,BB,BB,BB,BB,BB,BB,BB,-,BB,-,BB,-,-,BB,BB,BB,BB,BB,BB,AA,AA,AA,AA,AA,-,AA,AA,-,AA,-,AA,AA,AA,AA,AA,AA,AA,AA,-,AA,AA,AA,AA,AA,AA,AA,AA,-,-,AA,-,AA,-,AA,AA,AA,AA,AA,AA,AA,-,AA,AA,AA,AA,-,AA,-,AA,AA,AA,AA,AA,AA,AA,AA,-,AA,-,AA,AA,-,-,AA,AA,AA,-,AA,AA,AA,AA,AA,AA,AA,AA,AA,AA,AA,AA,-,-,AA,AA,AA,AA,AA,AA,AA,AA,AA,AA,-,AA,AA,AA,AA,AA,AA,AA,AA,-,AA,-,AA,AA,AA,AA,AA,AA,AA
157,1.9243628,2,43.462817,48.6667,22.5000000000001,22.5,1.82602425981251,-,-,BB,BB,-,-,BB,-,-,AA,-,AA,-,-,-,-,-,-,-,-,-,-,-,AA,AA,AA,AA,-,-,-,-,-,-,-,-,AA,AA,AA,AA,AA,-,AA,-,-,-,-,AA,-,-,AA,-,-,-,-,-,-,-,-,AA,AA,-,-,-,-,-,BB,-,-,BB,-,-,-,-,-,-,-,-,BB,-,-,-,-,-,-,-,-,BB,BB,BB,-,BB,-,-,-,-,-,-,-,BB,BB,BB,-,BB,-,BB,-,BB,-,BB,-,BB,BB,BB,BB,-,-,-,-,-,-,-,-,-,-,-,-,-,-,-,-,-,-,-,-,-,-,-,-,BB,-,-,-,-,-,-,-,-,-,-,BB,-,-,-,-,AA,-,-,-,-,-,-,AA,AA,-,-,AA,AA,-,-,-,AA,-,-,AA,AA,-,-,-,-,-,AA,-,AA,-,-,AA,-,AA,AA,-,-,-,-,-,-,-,-,-,-,-,-,-,-,-,-,-,-,-,-,-,-,BB,-,-,-,-,BB,-,-,-,AA,-,-,-,AA,-,-,-,AA,-,-,-,-,-,-,-,-,-,-,-,-,-,-,-,-,-,-,-,-,-,-,-,-,-,-,-,-,-,-,-,-,AA,-,AA,AA,BB,-,BB,BB,-,-,-,-,-,-,-,-,-,-,-,-,-,-,-,-,-,-,-,BB,BB,BB,BB,BB,-,-,BB,-,-,-,-,BB,BB,-,-,-,BB,-,BB,BB,BB,-,BB,-,-,-,-,-,-,-,-,-,-,-,-,-,-,-,-,-,-,-,-,-,-,-,BB,BB,BB,BB,BB,BB,BB,BB,-,-,-,-,BB,-,-,-,-,BB,-,-,-,-,-,-,-,BB,BB,-,BB,-,-,-,-,-,-,-,-,-,BB,-,BB,-,-,-,-,-,-,BB,-,BB,-,-,-,-,-,-,-,-,-,-,-,-,-,-,-,-,-,-,-,BB,-,-,-,-,-,-,-,-,BB,BB,-,-,-,BB,-,-,BB,BB,-,-,-,BB,-,-,BB,-,-,-,-,-,-,-,-,-,-,-,-,-,BB,BB,-,-,-,BB,BB
158,1.5635123,1.66667,45.004854,50.6667,18.5000000000001,18.5,0.204761955742132,AA,-,AA,AA,AA,-,AA,-,AA,AA,AA,AA,AA,AA,AA,-,-,AA,AA,AA,AA,AA,AA,AA,AA,AA,AA,-,AA,AA,AA,AA,AA,-,AA,AA,AA,AA,AA,AA,AA,AA,-,-,-,AA,AA,BB,-,AA,-,-,AA,AA,AA,AA,AA,-,AA,AA,AA,-,-,-,-,-,AA,AA,AA,-,-,-,-,AA,AA,AA,AA,AA,AA,-,AA,-,-,AA,AA,-,AA,AA,AA,AA,AA,AA,AA,AA,AA,AA,-,AA,AA,AA,AA,AA,AA,BB,AA,AA,-,-,BB,-,BB,BB,BB,BB,BB,-,BB,BB,BB,BB,-,-,BB,BB,BB,-,-,BB,BB,BB,BB,-,-,BB,-,-,-,BB,BB,-,BB,BB,-,-,BB,-,-,-,-,BB,-,-,BB,BB,BB,-,-,BB,-,BB,BB,BB,BB,BB,BB,BB,BB,BB,-,-,BB,BB,BB,BB,BB,BB,BB,BB,BB,BB,BB,BB,BB,AA,AA,AA,BB,BB,BB,-,BB,BB,BB,-,BB,AA,-,-,AA,-,-,-,-,-,AA,AA,AA,-,BB,-,-,AA,-,AA,-,BB,BB,-,AA,AA,AA,-,AA,-,BB,-,-,-,AA,-,AA,-,-,-,-,-,AA,AA,AA,AA,AA,AA,-,-,-,-,AA,-,-,AA,-,-,-,AA,AA,AA,AA,AA,AA,-,AA,AA,AA,BB,AA,BB,BB,BB,BB,BB,BB,BB,BB,BB,BB,BB,-,BB,BB,BB,BB,BB,BB,BB,BB,BB,BB,-,BB,BB,BB,BB,BB,-,BB,BB,-,BB,BB,-,BB,BB,BB,BB,-,BB,BB,BB,BB,BB,BB,BB,BB,BB,BB,-,-,-,BB,BB,BB,BB,-,-,BB,-,BB,BB,-,BB,-,BB,BB,BB,-,BB,BB,BB,BB,-,BB,BB,BB,AA,BB,-,-,BB,BB,BB,-,AA,AA,-,-,BB,-,-,-,AA,AA,AA,AA,AA,BB,-,BB,-,BB,-,-,-,BB,AA,AA,AA,BB,BB,BB,BB,-,-,BB,-,BB,-,-,BB,-,-,BB,-,BB,-,-,BB,-,BB,BB,-,-,BB,BB,-,AA,BB,-,-,BB,BB,BB,AA,-,AA,AA,BB,-,BB,BB,-,BB,AA,BB,BB,-,BB,BB,BB,-,BB,-,AA,BB,BB,BB,AA,AA,AA,-,-,AA,AA,AA,AA,AA,AA,-,AA,AA,AA
159,1.8275247,1.90333,46.027367,51.1111,23,23,1.05366700931747,-,-,AA,AA,-,-,-,-,AA,AA,AA,AA,AA,-,-,-,-,-,AA,-,-,-,-,AA,AA,BB,BB,-,-,-,-,-,-,-,-,AA,BB,AA,BB,BB,-,AA,-,-,-,-,BB,-,-,AA,-,-,-,-,-,-,-,-,BB,AA,-,-,-,-,-,BB,-,-,BB,-,-,-,-,-,-,-,-,BB,-,-,-,-,-,-,-,-,BB,BB,AA,-,BB,-,-,-,-,-,-,-,BB,BB,BB,-,BB,-,AA,AA,AA,-,AA,-,BB,AA,AA,AA,-,-,-,-,-,-,-,-,-,-,-,-,-,-,-,-,-,-,-,-,-,-,-,-,-,AA,-,-,-,-,-,-,-,-,-,-,-,-,-,-,BB,-,-,-,-,-,AA,AA,BB,-,AA,AA,BB,-,-,-,AA,AA,AA,AA,AA,AA,-,AA,-,-,AA,-,AA,AA,AA,BB,-,BB,AA,-,-,-,-,-,-,-,-,-,-,-,-,-,-,-,-,-,-,-,BB,-,-,BB,-,-,-,BB,BB,-,-,-,BB,-,-,-,BB,-,-,-,BB,-,-,-,-,-,-,-,-,-,-,-,-,-,-,-,-,-,-,-,-,-,-,-,-,-,-,-,-,-,-,-,BB,BB,BB,BB,AA,BB,BB,AA,BB,-,-,-,-,-,-,-,-,-,-,-,-,-,-,-,-,BB,BB,-,BB,BB,BB,AA,BB,-,-,BB,-,-,-,-,AA,BB,-,-,-,BB,-,BB,BB,BB,-,BB,BB,-,-,-,BB,-,-,-,-,BB,-,-,-,-,-,-,-,-,-,-,-,-,-,-,AA,BB,BB,AA,BB,AA,BB,AA,-,-,-,-,-,-,-,AA,AA,-,-,-,-,-,-,AA,AA,AA,AA,AA,-,-,-,-,-,-,-,-,-,BB,BB,BB,-,-,-,-,-,-,BB,-,AA,-,-,-,-,-,-,-,-,-,-,-,-,-,-,-,-,-,-,-,BB,-,-,-,-,-,-,AA,-,AA,AA,-,-,-,AA,-,-,AA,AA,-,-,-,BB,-,-,-,-,AA,-,-,-,-,-,-,-,-,-,-,-,AA,AA,-,-,AA,AA,AA
160,1.7938127,1.89,47.599004,53.1111,22.5000000000001,22.5,0.967421566101701,BB,BB,BB,BB,-,BB,-,BB,BB,BB,BB,BB,BB,BB,BB,BB,-,-,BB,BB,BB,-,BB,BB,BB,BB,BB,BB,BB,-,BB,BB,BB,BB,-,BB,BB,BB,BB,BB,BB,BB,BB,BB,-,-,AA,AA,AA,AA,-,-,-,AA,-,AA,AA,AA,AA,AA,AA,-,AA,AA,-,AA,AA,AA,AA,-,-,-,AA,-,AA,-,AA,BB,BB,-,BB,-,-,BB,-,-,BB,BB,BB,-,BB,-,AA,-,AA,AA,BB,BB,BB,-,BB,-,-,BB,BB,BB,BB,-,BB,-,BB,BB,BB,BB,-,AA,-,-,-,-,-,-,-,-,-,-,BB,-,BB,BB,BB,-,BB,-,BB,BB,-,AA,AA,AA,AA,AA,AA,-,-,AA,-,AA,AA,-,AA,AA,AA,AA,AA,AA,-,AA,AA,-,-,AA,AA,AA,AA,AA,AA,-,-,AA,AA,AA,AA,AA,AA,AA,AA,AA,AA,AA,AA,AA,AA,AA,AA,AA,AA,AA,AA,AA,AA,AA,AA,-,AA,AA,AA,AA,-,AA,AA,-,AA,AA,AA,AA,AA,AA,AA,AA,-,AA,AA,-,AA,-,AA,BB,BB,BB,BB,-,BB,BB,BB,BB,BB,-,BB,-,-,-,-,AA,AA,AA,AA,AA,AA,AA,-,-,AA,-,AA,AA,AA,AA,-,-,AA,-,-,BB,BB,-,BB,BB,BB,BB,AA,-,-,-,BB,BB,BB,BB,BB,BB,BB,BB,-,BB,-,-,-,-,BB,BB,BB,BB,BB,-,BB,BB,BB,-,BB,BB,BB,BB,BB,BB,BB,BB,BB,BB,-,BB,BB,BB,BB,BB,BB,BB,BB,BB,BB,BB,BB,BB,BB,BB,BB,BB,BB,BB,BB,-,BB,BB,BB,-,BB,-,BB,BB,BB,BB,BB,BB,-,BB,BB,BB,BB,BB,BB,BB,BB,BB,BB,BB,BB,BB,BB,BB,-,BB,BB,BB,BB,-,-,-,BB,BB,BB,BB,BB,BB,BB,BB,BB,-,-,BB,BB,BB,BB,BB,-,BB,BB,BB,BB,-,BB,BB,-,BB,BB,-,BB,BB,-,BB,BB,-,BB,BB,BB,-,BB,BB,BB,BB,BB,BB,-,BB,BB,BB,BB,-,BB,BB,BB,BB,-,BB,-,BB,BB,BB,-,BB,BB,BB,BB,BB,BB,BB,BB,BB,BB,-,BB,BB,-,BB,BB,BB,BB,BB,-,BB,BB,-,-,-,BB,BB,BB,BB,BB,BB,BB,BB
161,0.6728728,0.73667,45.845876,50.8333,22.9999999999997,23,-1.53863345924602,-,AA,AA,AA,-,AA,AA,AA,AA,AA,AA,AA,AA,-,AA,AA,-,AA,AA,-,AA,-,AA,AA,AA,AA,AA,-,-,-,-,-,-,BB,BB,BB,BB,BB,BB,BB,BB,BB,BB,BB,BB,BB,BB,BB,-,BB,BB,-,-,-,-,-,BB,-,BB,BB,BB,-,-,BB,BB,BB,BB,BB,BB,-,BB,BB,-,BB,-,BB,BB,BB,-,-,-,-,BB,-,-,BB,BB,BB,BB,-,BB,AA,-,-,AA,-,-,BB,AA,AA,AA,AA,AA,BB,BB,BB,BB,BB,BB,-,BB,BB,BB,BB,-,-,BB,BB,-,-,BB,BB,BB,BB,BB,BB,-,-,-,-,-,-,BB,BB,-,-,-,-,BB,AA,-,BB,-,-,-,BB,-,AA,AA,BB,-,-,-,-,AA,AA,-,-,-,-,-,AA,AA,AA,AA,AA,AA,AA,AA,AA,BB,AA,AA,AA,AA,AA,-,AA,-,AA,AA,-,AA,AA,AA,BB,-,BB,BB,BB,BB,BB,BB,-,-,-,BB,-,-,-,-,-,-,BB,-,-,-,-,BB,-,BB,BB,-,-,BB,BB,BB,-,-,-,AA,-,-,-,-,BB,BB,-,-,-,-,BB,-,BB,BB,BB,-,BB,-,-,-,-,-,-,BB,BB,BB,-,-,-,BB,BB,-,BB,BB,BB,-,-,BB,-,BB,BB,BB,BB,BB,BB,BB,BB,BB,-,-,-,-,BB,BB,BB,BB,-,-,-,-,-,BB,-,BB,BB,-,BB,BB,BB,BB,BB,BB,BB,-,BB,BB,BB,-,BB,BB,BB,BB,BB,BB,BB,-,BB,BB,BB,BB,BB,-,-,AA,-,AA,AA,-,-,AA,AA,AA,-,-,-,AA,-,AA,-,AA,-,-,AA,-,AA,AA,AA,AA,BB,BB,BB,AA,BB,-,BB,-,AA,BB,-,AA,AA,AA,-,-,-,AA,AA,AA,AA,AA,AA,AA,AA,AA,AA,-,AA,-,AA,-,-,-,AA,AA,AA,AA,-,AA,-,AA,-,AA,AA,AA,AA,-,-,-,AA,-,-,-,AA,AA,AA,AA,AA,AA,AA,AA,AA,-,-,AA,AA,-,AA,-,-,-,AA,AA,-,AA,-,-,-,AA,AA,AA,AA,AA,-,AA,-,AA,-,-,AA,-,AA,-,-,-,AA,-,-,-,-,-,-,-,AA,AA,AA,-,AA,AA,AA
162,0.5284443,0.61167,44.161233,47.2778,19.5,19.5,-1.70338750096559,AA,AA,AA,AA,AA,AA,AA,AA,AA,AA,AA,AA,AA,AA,AA,AA,AA,AA,AA,AA,AA,AA,AA,AA,AA,AA,AA,AA,AA,AA,AA,AA,AA,AA,-,AA,AA,AA,AA,AA,AA,AA,AA,-,AA,AA,AA,AA,AA,BB,-,BB,BB,BB,BB,BB,BB,BB,AA,AA,-,-,AA,AA,AA,BB,-,AA,AA,BB,AA,AA,AA,AA,AA,AA,AA,AA,AA,AA,-,AA,AA,AA,AA,-,AA,AA,AA,BB,AA,-,BB,-,-,BB,BB,BB,BB,BB,BB,AA,BB,AA,AA,AA,AA,AA,AA,AA,AA,AA,AA,AA,AA,-,AA,AA,AA,AA,AA,AA,AA,AA,AA,-,BB,-,AA,AA,-,AA,AA,-,AA,AA,AA,AA,AA,AA,AA,AA,AA,AA,AA,AA,-,AA,AA,AA,AA,AA,AA,AA,AA,AA,AA,AA,-,AA,AA,AA,BB,AA,AA,BB,AA,BB,BB,BB,BB,BB,BB,BB,BB,BB,BB,BB,BB,-,AA,BB,AA,AA,AA,AA,AA,AA,AA,AA,AA,AA,AA,AA,AA,AA,AA,AA,AA,AA,AA,AA,AA,AA,AA,-,AA,AA,AA,AA,AA,AA,-,AA,AA,AA,AA,AA,-,AA,BB,AA,AA,AA,AA,AA,AA,AA,AA,AA,-,AA,AA,AA,AA,AA,AA,AA,AA,AA,AA,AA,AA,AA,AA,AA,AA,AA,AA,AA,AA,AA,AA,AA,BB,BB,AA,AA,AA,AA,AA,AA,AA,AA,AA,BB,BB,BB,BB,BB,BB,BB,BB,BB,-,BB,BB,AA,BB,BB,BB,AA,AA,AA,AA,AA,AA,AA,AA,AA,AA,AA,AA,AA,AA,AA,AA,AA,AA,AA,AA,AA,AA,AA,-,AA,-,AA,AA,AA,AA,AA,AA,AA,AA,AA,AA,AA,AA,AA,AA,AA,AA,AA,AA,AA,-,AA,-,AA,AA,AA,AA,BB,BB,AA,AA,BB,BB,BB,AA,AA,AA,BB,BB,BB,BB,AA,AA,AA,AA,AA,AA,AA,AA,AA,AA,AA,AA,-,-,-,-,-,AA,AA,AA,-,AA,AA,-,AA,AA,AA,AA,-,AA,AA,AA,AA,-,AA,BB,AA,BB,AA,AA,AA,AA,-,AA,-,AA,AA,AA,AA,AA,AA,AA,AA,-,AA,-,AA,AA,AA,AA,AA,AA,AA,AA,AA,AA,AA,AA,AA,AA,AA,BB,AA,AA,AA,BB,AA,AA,AA,BB,AA,AA,BB,AA,AA,AA,AA,AA,AA,AA,-,AA,AA,AA,AA,AA,AA,AA,AA,AA,AA,AA,BB
163,1.3773957,1.46,43.757556,49.1111,22.4999999999999,22.5,-0.292490654292253,-,-,AA,AA,-,-,AA,AA,AA,AA,AA,AA,AA,AA,-,-,-,-,AA,-,-,-,AA,AA,AA,AA,AA,AA,-,-,-,AA,-,AA,-,AA,AA,AA,AA,AA,-,AA,-,AA,AA,-,AA,-,-,AA,-,-,AA,-,AA,-,-,-,AA,AA,-,-,-,-,-,AA,AA,-,AA,-,-,-,-,-,AA,AA,-,AA,AA,AA,-,-,-,-,-,-,AA,BB,AA,-,AA,-,AA,-,-,AA,AA,-,AA,AA,AA,AA,AA,BB,BB,BB,BB,-,BB,-,BB,BB,BB,BB,-,-,BB,-,BB,-,-,-,-,-,AA,-,-,-,-,-,-,-,-,-,-,-,AA,-,AA,AA,-,-,-,BB,BB,BB,-,-,-,BB,-,-,BB,BB,BB,-,-,-,-,AA,BB,BB,BB,-,AA,AA,AA,-,-,AA,AA,AA,AA,AA,AA,AA,-,AA,-,-,AA,-,AA,AA,AA,AA,AA,AA,AA,-,-,-,AA,-,AA,AA,AA,-,AA,-,-,AA,AA,AA,-,-,-,-,AA,AA,AA,AA,-,-,-,-,AA,-,-,AA,BB,BB,BB,-,BB,BB,-,-,BB,-,-,BB,-,-,BB,BB,-,BB,-,-,-,-,-,-,BB,-,-,-,-,-,AA,-,-,AA,AA,-,AA,-,-,AA,AA,AA,AA,AA,AA,BB,BB,BB,BB,BB,BB,-,-,-,BB,BB,-,-,BB,-,BB,BB,-,-,-,BB,BB,-,BB,BB,BB,BB,BB,-,BB,BB,-,BB,BB,BB,BB,BB,-,-,BB,BB,-,BB,BB,BB,BB,BB,BB,BB,-,-,BB,BB,BB,-,-,BB,BB,BB,-,BB,-,BB,-,-,BB,BB,-,BB,-,BB,BB,BB,BB,AA,AA,AA,AA,AA,-,-,-,-,-,-,AA,AA,AA,AA,-,AA,AA,-,AA,AA,AA,AA,AA,AA,-,AA,AA,AA,-,-,-,-,AA,AA,AA,AA,-,-,-,AA,-,-,AA,-,AA,AA,AA,-,-,AA,-,AA,AA,-,AA,-,-,-,-,-,AA,-,-,-,AA,BB,-,-,AA,-,-,AA,-,AA,AA,-,-,AA,AA,-,AA,AA,AA,-,AA,-,AA,-,AA,BB,-,BB,BB,-,BB,-,-,BB,-,-,-,-,-,BB,BB,-,BB,BB,BB,BB
164,1.7189556,1.77833,48.10582,52.8333,25.5000000000001,25.5,0.517625245832955,BB,BB,BB,BB,-,BB,-,BB,BB,BB,BB,BB,BB,BB,BB,BB,BB,BB,BB,BB,BB,BB,BB,BB,BB,BB,BB,BB,BB,BB,-,BB,BB,BB,BB,BB,BB,BB,BB,BB,BB,BB,BB,BB,BB,BB,BB,-,BB,BB,BB,BB,-,BB,BB,BB,BB,BB,BB,BB,-,BB,BB,BB,BB,BB,BB,BB,BB,BB,BB,BB,BB,BB,BB,BB,BB,BB,BB,BB,BB,BB,BB,-,AA,AA,BB,AA,BB,AA,BB,AA,AA,AA,AA,AA,AA,AA,AA,AA,AA,AA,AA,AA,AA,AA,AA,AA,AA,AA,AA,AA,AA,AA,AA,AA,AA,-,AA,AA,AA,AA,AA,AA,-,AA,-,AA,AA,AA,AA,AA,AA,AA,AA,AA,AA,AA,AA,AA,AA,AA,AA,AA,AA,-,AA,AA,AA,-,AA,AA,AA,AA,AA,-,AA,-,AA,AA,AA,AA,AA,AA,AA,AA,AA,-,AA,AA,AA,AA,AA,AA,AA,AA,AA,AA,AA,AA,AA,AA,AA,AA,AA,AA,AA,AA,AA,AA,-,AA,AA,-,AA,AA,AA,AA,AA,AA,AA,-,AA,AA,AA,AA,AA,-,AA,-,AA,AA,AA,AA,AA,-,AA,AA,AA,AA,AA,-,AA,AA,AA,AA,AA,AA,BB,BB,BB,BB,BB,BB,BB,BB,BB,BB,BB,-,BB,BB,BB,BB,AA,AA,AA,AA,-,-,AA,AA,AA,AA,AA,-,AA,AA,AA,AA,AA,AA,AA,AA,AA,AA,BB,BB,BB,AA,BB,BB,BB,BB,BB,BB,BB,AA,BB,BB,BB,BB,BB,BB,BB,BB,BB,BB,BB,BB,BB,BB,BB,BB,BB,BB,BB,BB,BB,BB,BB,BB,BB,BB,BB,BB,BB,BB,BB,BB,BB,BB,BB,BB,BB,BB,BB,BB,BB,BB,BB,BB,BB,BB,-,BB,BB,BB,BB,-,BB,BB,BB,BB,BB,BB,BB,BB,BB,AA,AA,AA,AA,AA,AA,AA,AA,AA,AA,AA,AA,AA,AA,AA,AA,AA,AA,AA,AA,AA,AA,AA,AA,AA,AA,AA,AA,AA,-,AA,AA,AA,AA,AA,AA,AA,AA,AA,AA,AA,AA,-,AA,AA,AA,AA,AA,AA,AA,AA,AA,-,AA,AA,AA,AA,AA,-,AA,-,-,-,AA,AA,AA,AA,AA,AA,AA,AA,-,AA,AA,AA,AA,AA,AA,BB,BB,BB,-,BB,BB,BB,BB,BB,BB,BB,BB,BB,BB,BB,BB,BB,BB,-,BB,BB,BB,BB,BB,BB,BB,BB,BB,BB,BB,BB,BB,BB
165,1.0037671,1.08167,44.277681,49.4444,24.0000000000001,24,-0.932588548183478,AA,BB,BB,BB,BB,BB,BB,BB,BB,BB,BB,BB,BB,BB,BB,BB,BB,BB,BB,BB,BB,BB,-,BB,BB,BB,BB,BB,BB,BB,BB,BB,BB,BB,BB,BB,BB,BB,BB,BB,BB,BB,BB,-,BB,BB,BB,-,BB,AA,BB,AA,AA,AA,AA,AA,AA,AA,AA,AA,AA,AA,AA,AA,AA,AA,AA,AA,AA,AA,-,BB,BB,BB,BB,BB,BB,BB,BB,BB,BB,BB,BB,BB,BB,BB,BB,BB,BB,BB,BB,BB,BB,BB,BB,BB,BB,BB,BB,BB,BB,-,BB,BB,BB,BB,BB,AA,-,BB,AA,AA,-,AA,AA,AA,AA,AA,AA,AA,AA,AA,AA,AA,AA,AA,AA,AA,AA,AA,AA,AA,AA,AA,AA,AA,AA,AA,AA,AA,AA,AA,AA,AA,AA,AA,AA,-,AA,AA,AA,AA,AA,AA,AA,AA,AA,AA,AA,AA,AA,AA,AA,AA,AA,AA,AA,AA,AA,AA,AA,AA,AA,AA,AA,AA,AA,AA,AA,AA,AA,AA,AA,AA,AA,AA,AA,AA,AA,AA,AA,AA,AA,AA,AA,AA,AA,AA,AA,AA,AA,AA,AA,AA,AA,AA,AA,AA,AA,AA,AA,AA,AA,AA,-,-,AA,AA,-,AA,AA,AA,AA,AA,AA,AA,AA,AA,AA,-,AA,AA,AA,AA,AA,AA,AA,AA,BB,BB,BB,BB,BB,BB,BB,BB,BB,BB,BB,BB,BB,-,BB,BB,BB,-,BB,BB,BB,BB,BB,BB,BB,BB,BB,BB,BB,BB,BB,BB,BB,BB,BB,BB,AA,BB,BB,AA,-,BB,BB,BB,BB,BB,BB,BB,BB,BB,BB,BB,BB,BB,BB,BB,BB,BB,BB,BB,BB,BB,BB,BB,BB,BB,BB,BB,BB,BB,BB,BB,-,BB,BB,BB,BB,BB,BB,BB,BB,-,BB,BB,BB,BB,BB,BB,BB,BB,BB,BB,BB,BB,BB,BB,BB,BB,BB,BB,BB,AA,AA,AA,AA,AA,AA,AA,AA,-,AA,AA,AA,AA,-,AA,AA,AA,AA,AA,AA,AA,AA,AA,AA,AA,AA,AA,AA,AA,AA,AA,AA,AA,AA,AA,AA,AA,AA,AA,AA,AA,AA,AA,AA,AA,AA,AA,AA,AA,AA,AA,AA,AA,AA,AA,AA,AA,AA,AA,AA,AA,AA,-,AA,AA,AA,AA,AA,AA,AA,AA,AA,AA,AA,AA,AA,AA,AA,AA,AA,AA,AA,AA,AA,AA,-,AA,AA,AA,AA,AA,AA,AA,AA,AA,AA,AA,AA,AA,AA,AA,AA,AA,AA,AA,AA,-,AA,AA,AA,AA
166,1.4680212,1.47167,40.189744,39.3333,21.5000000000002,21.5,-0.269414642558672,-,-,BB,BB,-,BB,BB,BB,BB,BB,BB,BB,AA,-,-,-,-,-,AA,-,-,-,AA,AA,AA,AA,AA,-,AA,-,-,-,-,-,-,AA,AA,-,AA,AA,AA,AA,-,-,-,-,AA,-,AA,BB,-,BB,-,BB,-,BB,-,BB,BB,-,-,BB,-,BB,-,BB,-,-,BB,BB,-,-,-,-,-,-,-,BB,-,-,-,-,BB,BB,-,BB,BB,BB,BB,-,BB,-,BB,BB,-,-,-,-,BB,BB,BB,BB,BB,BB,BB,BB,BB,-,BB,-,BB,BB,BB,BB,-,BB,-,BB,-,BB,-,BB,BB,-,BB,-,BB,BB,-,AA,-,-,-,AA,-,AA,-,-,AA,AA,-,AA,AA,AA,AA,AA,-,-,-,AA,-,-,AA,AA,-,AA,AA,-,AA,-,AA,AA,AA,-,AA,-,AA,-,-,-,AA,-,AA,AA,AA,AA,-,AA,-,-,AA,-,-,BB,BB,BB,BB,BB,BB,-,-,-,-,-,BB,BB,-,-,-,BB,-,-,-,BB,-,-,-,-,BB,-,-,BB,-,-,-,BB,BB,-,-,-,BB,-,-,-,BB,-,-,BB,BB,-,BB,-,BB,-,BB,BB,-,-,-,-,-,-,-,-,-,BB,-,BB,-,BB,-,-,-,-,-,-,-,-,-,-,BB,BB,BB,BB,BB,BB,BB,BB,BB,BB,BB,-,-,-,BB,BB,-,AA,-,-,BB,-,BB,BB,-,BB,BB,BB,BB,BB,BB,BB,BB,-,-,BB,-,BB,-,-,BB,BB,-,-,-,BB,-,BB,-,BB,BB,BB,-,BB,BB,-,BB,-,BB,BB,-,BB,BB,-,-,-,-,BB,-,-,-,-,BB,-,-,BB,BB,BB,BB,AA,AA,AA,AA,AA,-,-,-,AA,-,AA,-,AA,AA,-,AA,AA,-,AA,-,AA,AA,AA,-,AA,-,AA,-,AA,-,-,-,AA,-,AA,AA,AA,-,-,AA,-,-,-,AA,AA,-,AA,-,-,-,-,AA,-,-,AA,-,-,AA,AA,-,-,-,-,-,-,AA,-,AA,-,-,-,-,AA,-,AA,AA,-,AA,AA,-,AA,-,AA,AA,AA,AA,-,AA,-,-,AA,-,AA,AA,-,AA,-,-,AA,-,-,-,AA,-,AA,AA,-,-,-,BB,AA
167,1.4957751,1.55667,47.09872,52.0556,24.0000000000002,24,-0.040679226898454,-,-,BB,BB,-,-,BB,-,BB,BB,BB,BB,BB,-,-,-,-,-,BB,-,-,-,-,BB,BB,BB,BB,-,-,-,-,-,-,-,-,BB,BB,BB,BB,BB,-,BB,-,-,-,-,BB,-,-,BB,-,-,-,-,-,-,-,-,BB,BB,-,-,-,-,-,BB,-,-,BB,-,-,-,-,-,-,-,-,BB,-,-,-,-,-,-,-,-,AA,AA,AA,-,AA,-,-,-,-,-,-,-,BB,BB,BB,BB,BB,-,BB,BB,BB,-,BB,-,BB,BB,BB,BB,-,-,-,-,-,-,-,-,-,-,-,-,-,-,-,-,-,-,-,-,-,-,-,-,BB,BB,-,-,-,-,-,-,-,-,-,BB,-,-,-,-,AA,-,-,-,-,-,AA,AA,AA,-,AA,AA,AA,-,-,-,AA,AA,AA,AA,AA,AA,-,AA,-,-,AA,-,AA,AA,AA,AA,-,AA,AA,-,-,-,-,-,-,-,-,-,-,-,-,-,-,-,-,-,-,-,BB,-,-,BB,-,-,-,BB,BB,-,-,-,BB,-,-,-,BB,-,-,-,BB,-,-,-,-,-,-,-,-,-,-,-,-,-,-,-,-,-,-,-,-,-,-,-,-,-,-,-,-,-,-,-,BB,BB,BB,BB,BB,BB,BB,BB,BB,-,-,-,-,-,-,-,-,-,-,-,-,-,-,-,-,BB,BB,-,BB,BB,BB,BB,BB,-,-,BB,-,-,-,-,BB,BB,-,-,-,BB,-,BB,BB,BB,BB,BB,BB,-,-,-,BB,-,-,-,-,BB,-,-,-,-,-,-,-,-,-,-,-,-,-,BB,BB,BB,BB,AA,AA,AA,AA,AA,-,-,-,-,-,-,-,AA,AA,-,-,-,-,-,-,AA,AA,AA,AA,AA,-,-,-,-,-,-,-,-,-,BB,BB,BB,-,-,-,-,-,-,BB,-,BB,-,-,-,-,-,-,-,-,-,-,-,-,-,-,-,-,-,-,-,BB,-,-,-,-,-,-,BB,-,BB,BB,-,-,-,BB,-,-,BB,BB,-,-,-,BB,-,-,BB,-,BB,-,-,-,-,-,-,-,-,-,-,-,BB,BB,-,-,BB,BB,BB
168,1.8054218,1.89,38.943712,44.3333,21.4999999999999,21.5,0.967421566101701,AA,AA,AA,AA,-,AA,AA,-,AA,AA,AA,AA,AA,AA,AA,-,AA,AA,AA,AA,AA,AA,AA,AA,AA,AA,AA,AA,-,AA,AA,BB,-,BB,BB,BB,BB,BB,BB,BB,-,BB,BB,-,BB,BB,BB,-,BB,BB,BB,-,BB,BB,BB,BB,-,BB,BB,BB,-,BB,-,BB,BB,BB,BB,BB,BB,BB,BB,BB,-,BB,BB,-,BB,BB,BB,BB,BB,-,BB,-,BB,BB,BB,BB,BB,BB,BB,BB,BB,BB,BB,BB,-,BB,BB,BB,BB,BB,BB,BB,BB,BB,BB,BB,BB,BB,BB,BB,BB,BB,BB,BB,BB,BB,BB,-,BB,BB,BB,BB,BB,BB,BB,BB,BB,-,BB,BB,BB,BB,BB,BB,BB,BB,BB,BB,-,BB,BB,BB,BB,BB,BB,BB,BB,BB,BB,-,BB,BB,BB,-,-,BB,BB,-,BB,BB,BB,BB,BB,BB,BB,BB,BB,BB,BB,BB,BB,BB,BB,BB,BB,BB,-,BB,BB,-,BB,BB,BB,BB,BB,BB,BB,BB,BB,BB,-,BB,BB,-,BB,BB,BB,BB,BB,BB,BB,-,BB,BB,BB,BB,BB,BB,BB,BB,BB,BB,BB,BB,BB,BB,-,BB,BB,-,BB,BB,BB,BB,BB,BB,BB,BB,BB,BB,BB,BB,BB,BB,BB,BB,BB,BB,BB,BB,BB,BB,BB,BB,BB,BB,-,BB,BB,BB,BB,BB,AA,AA,BB,-,AA,AA,BB,BB,BB,AA,BB,BB,BB,BB,BB,-,BB,BB,BB,BB,BB,BB,-,BB,BB,-,BB,BB,BB,BB,BB,BB,BB,-,BB,BB,BB,BB,BB,-,-,BB,BB,BB,BB,BB,BB,BB,BB,BB,BB,BB,BB,BB,BB,BB,BB,BB,BB,BB,BB,BB,BB,BB,BB,BB,BB,AA,AA,AA,-,AA,-,AA,AA,AA,AA,AA,AA,AA,AA,AA,AA,AA,AA,AA,AA,AA,AA,AA,AA,AA,AA,AA,AA,-,AA,AA,AA,AA,AA,-,AA,-,AA,BB,BB,BB,BB,BB,BB,-,BB,BB,-,BB,-,BB,BB,BB,BB,BB,BB,BB,BB,BB,BB,BB,BB,BB,BB,-,BB,-,-,AA,AA,-,AA,AA,AA,AA,AA,AA,AA,AA,AA,AA,AA,AA,AA,AA,AA,AA,AA,AA,AA,AA,AA,AA,AA,-,AA,AA,AA,AA,AA,AA,AA,AA,AA,AA,AA,AA,-,AA,-,AA,AA,AA,AA,AA,-,AA,AA,-,-,-,AA,AA,AA,AA,AA,AA,AA,AA
169,1.3227859,1.41833,51.666712,57.1111,23.5,23.5,-0.386515339623718,AA,-,AA,AA,AA,AA,AA,AA,AA,AA,AA,AA,AA,AA,AA,AA,AA,AA,AA,-,AA,AA,AA,AA,AA,AA,AA,-,AA,AA,AA,AA,AA,AA,AA,AA,AA,AA,AA,AA,AA,AA,AA,AA,AA,AA,AA,AA,AA,AA,AA,AA,AA,AA,AA,AA,AA,AA,AA,AA,AA,-,AA,AA,AA,AA,-,-,AA,AA,-,-,AA,AA,AA,-,BB,BB,-,-,BB,BB,BB,BB,-,BB,BB,BB,BB,BB,BB,BB,BB,BB,-,BB,BB,BB,BB,BB,BB,BB,BB,BB,BB,BB,BB,BB,BB,BB,BB,BB,BB,BB,BB,BB,BB,BB,BB,BB,BB,BB,BB,BB,BB,BB,BB,BB,BB,BB,-,BB,BB,BB,BB,-,BB,BB,BB,BB,BB,BB,AA,AA,AA,AA,AA,AA,AA,AA,-,AA,AA,AA,AA,AA,-,AA,AA,AA,AA,AA,AA,AA,AA,AA,AA,AA,AA,AA,AA,AA,AA,AA,AA,AA,-,AA,AA,AA,AA,AA,AA,BB,BB,-,BB,BB,BB,BB,BB,BB,BB,-,BB,BB,AA,AA,AA,AA,AA,AA,AA,-,-,AA,AA,AA,AA,AA,AA,AA,AA,AA,AA,BB,AA,AA,AA,AA,AA,AA,-,AA,AA,AA,AA,AA,AA,-,-,-,AA,-,AA,AA,AA,BB,AA,AA,AA,AA,AA,AA,AA,AA,AA,AA,-,AA,AA,AA,AA,-,AA,-,AA,AA,AA,-,AA,AA,AA,AA,AA,BB,BB,BB,AA,BB,BB,-,-,-,AA,AA,AA,AA,AA,AA,AA,AA,AA,AA,AA,AA,AA,AA,AA,AA,AA,AA,AA,AA,AA,AA,AA,AA,-,AA,AA,AA,AA,AA,AA,AA,AA,AA,AA,AA,-,AA,AA,AA,AA,AA,AA,AA,AA,AA,AA,AA,AA,AA,AA,AA,AA,AA,AA,AA,AA,AA,-,AA,-,AA,AA,AA,AA,AA,AA,AA,AA,AA,AA,-,AA,AA,AA,AA,AA,AA,AA,-,AA,AA,AA,AA,AA,AA,AA,AA,AA,AA,AA,AA,AA,AA,AA,AA,AA,AA,AA,AA,AA,AA,AA,AA,AA,AA,AA,AA,AA,AA,-,-,BB,-,-,BB,BB,AA,-,-,BB,-,BB,-,BB,-,BB,BB,BB,BB,BB,BB,BB,BB,BB,BB,BB,BB,BB,BB,BB,BB,BB,-,BB,BB,BB,BB,BB,BB,BB,BB,BB,BB,BB,BB,BB,BB,-,BB,BB,BB,BB,BB,-,BB,-,BB,BB,BB,BB,BB,BB,BB,BB,BB
170,1.8971098,1.95833,44.769068,48.3333,27.9999999999997,28,1.42765102094646,AA,AA,AA,AA,-,-,AA,AA,AA,AA,AA,AA,AA,-,-,-,AA,-,AA,-,AA,-,AA,AA,AA,AA,AA,-,AA,-,-,-,AA,AA,-,AA,AA,AA,AA,AA,-,AA,AA,-,AA,-,AA,AA,-,AA,AA,AA,AA,AA,-,-,AA,AA,AA,AA,AA,AA,-,AA,AA,AA,-,-,BB,BB,BB,BB,BB,-,BB,-,-,BB,-,-,BB,-,BB,-,-,BB,BB,BB,BB,BB,BB,-,-,-,-,BB,-,BB,BB,BB,BB,BB,BB,BB,BB,BB,BB,BB,BB,BB,BB,BB,BB,BB,-,BB,BB,BB,BB,-,-,BB,-,-,BB,-,-,BB,BB,BB,BB,BB,BB,BB,BB,-,-,BB,BB,BB,BB,BB,BB,-,BB,BB,BB,-,-,BB,BB,BB,-,-,BB,BB,-,-,BB,-,BB,BB,BB,-,-,BB,BB,-,-,BB,BB,BB,BB,BB,BB,BB,-,BB,-,-,BB,-,BB,AA,AA,AA,AA,BB,BB,AA,AA,AA,-,-,BB,BB,BB,-,-,BB,BB,BB,-,BB,-,-,BB,BB,BB,-,BB,BB,BB,-,-,BB,BB,BB,-,-,BB,-,-,-,BB,BB,BB,-,AA,-,AA,AA,-,-,AA,AA,AA,BB,-,AA,-,AA,AA,-,AA,-,-,BB,-,-,BB,BB,-,-,-,-,BB,-,-,BB,BB,BB,BB,BB,BB,BB,BB,BB,BB,BB,BB,BB,BB,-,BB,-,-,-,-,-,BB,-,-,AA,-,BB,AA,AA,AA,AA,AA,AA,BB,-,AA,BB,BB,BB,BB,BB,BB,BB,-,-,-,BB,-,BB,BB,BB,BB,BB,BB,BB,BB,-,BB,BB,-,BB,-,BB,BB,-,-,BB,BB,BB,-,-,BB,BB,AA,AA,-,AA,AA,AA,AA,BB,BB,BB,BB,BB,-,BB,BB,BB,BB,-,BB,BB,BB,BB,BB,-,BB,-,-,BB,BB,BB,BB,BB,BB,-,-,BB,-,BB,BB,-,BB,BB,BB,BB,-,BB,BB,BB,-,BB,BB,BB,BB,-,-,-,BB,BB,-,-,BB,-,-,AA,AA,-,-,-,AA,-,-,AA,AA,AA,AA,AA,-,-,AA,AA,AA,AA,AA,AA,-,AA,AA,AA,-,AA,AA,AA,-,AA,AA,-,-,BB,BB,BB,BB,BB,-,-,-,BB,-,BB,-,BB,-,BB,BB,-,-,BB,BB,BB
171,1.8989665,1.95833,45.313736,48.8889,24.9999999999998,25,1.42765102094646,-,-,AA,AA,AA,AA,-,AA,-,AA,-,AA,-,AA,-,AA,AA,-,-,AA,-,AA,AA,AA,AA,AA,AA,AA,AA,-,AA,-,-,AA,AA,AA,AA,AA,AA,AA,AA,AA,AA,-,BB,BB,BB,-,-,BB,BB,BB,BB,BB,BB,-,BB,BB,BB,BB,-,-,BB,-,-,BB,-,-,BB,BB,BB,BB,-,-,BB,BB,BB,BB,-,-,-,BB,BB,-,BB,BB,BB,BB,BB,-,BB,-,-,BB,BB,-,-,BB,BB,BB,BB,BB,BB,-,AA,-,AA,AA,AA,AA,AA,AA,AA,AA,AA,-,AA,-,AA,AA,AA,AA,-,AA,AA,AA,AA,-,AA,AA,AA,-,-,AA,AA,-,AA,AA,BB,AA,-,AA,-,AA,AA,AA,AA,AA,AA,-,AA,-,BB,BB,BB,BB,-,BB,BB,BB,BB,BB,BB,BB,BB,BB,BB,-,BB,BB,BB,-,BB,BB,BB,-,BB,-,BB,-,BB,-,BB,BB,BB,BB,BB,BB,BB,BB,-,-,BB,BB,BB,BB,-,-,-,-,-,BB,-,BB,BB,BB,BB,-,-,-,BB,BB,BB,-,-,BB,BB,BB,BB,BB,BB,BB,BB,-,BB,-,BB,-,BB,-,BB,-,-,BB,BB,BB,BB,BB,BB,-,-,-,BB,BB,-,BB,BB,-,BB,-,-,BB,-,-,AA,-,AA,AA,AA,AA,-,BB,-,AA,AA,BB,-,BB,BB,BB,-,-,BB,-,-,BB,BB,BB,BB,-,BB,-,-,BB,-,BB,BB,BB,BB,BB,BB,-,BB,BB,BB,BB,-,BB,BB,-,BB,BB,BB,-,BB,BB,-,BB,BB,BB,BB,BB,-,BB,BB,BB,BB,BB,-,-,AA,-,AA,-,AA,AA,AA,AA,AA,AA,AA,AA,AA,-,AA,AA,AA,AA,AA,BB,BB,BB,BB,-,-,BB,BB,-,-,BB,BB,BB,BB,BB,BB,BB,-,BB,-,-,BB,BB,-,BB,BB,BB,BB,-,-,BB,-,-,BB,BB,-,BB,-,AA,BB,BB,-,BB,BB,BB,BB,-,-,-,-,AA,-,AA,AA,AA,AA,AA,AA,-,AA,-,-,-,AA,AA,AA,AA,AA,-,AA,AA,-,-,AA,AA,AA,-,AA,-,AA,-,-,AA,AA,AA,AA,AA,AA,AA,AA,AA,AA,AA,-,AA,-,AA,-,AA,AA,-,AA,AA,AA,AA,AA,BB,-,-,BB,AA
172,1.1293339,1.20833,45.792119,50.8333,25.5000000000001,25.5,-0.719267037983056,AA,AA,AA,AA,AA,AA,AA,AA,AA,AA,AA,AA,AA,AA,AA,AA,AA,AA,AA,AA,AA,AA,AA,AA,AA,AA,AA,AA,AA,AA,AA,AA,BB,BB,BB,BB,-,-,-,-,BB,BB,BB,BB,BB,BB,-,BB,BB,BB,BB,BB,BB,BB,BB,BB,BB,BB,BB,BB,BB,BB,BB,BB,BB,BB,BB,AA,AA,AA,AA,BB,-,BB,BB,BB,BB,BB,BB,BB,BB,AA,AA,AA,AA,AA,AA,AA,-,AA,-,AA,AA,AA,AA,AA,AA,AA,AA,AA,AA,-,AA,AA,AA,AA,AA,-,AA,AA,-,AA,AA,AA,AA,AA,AA,AA,AA,AA,AA,AA,AA,AA,AA,AA,AA,AA,AA,AA,AA,AA,AA,AA,AA,AA,AA,AA,AA,AA,AA,AA,AA,AA,AA,AA,AA,AA,AA,AA,AA,AA,AA,AA,-,AA,AA,AA,AA,AA,AA,AA,-,AA,AA,-,-,AA,AA,AA,AA,AA,-,AA,AA,AA,AA,AA,AA,AA,AA,AA,-,AA,AA,AA,AA,AA,AA,AA,AA,AA,AA,AA,AA,AA,AA,AA,AA,AA,AA,AA,AA,AA,AA,AA,AA,AA,AA,BB,BB,AA,BB,BB,BB,-,BB,BB,BB,BB,-,BB,BB,BB,BB,BB,BB,BB,BB,-,BB,BB,BB,BB,BB,BB,BB,BB,BB,BB,BB,BB,BB,BB,BB,BB,BB,BB,BB,BB,BB,-,BB,BB,BB,BB,-,BB,BB,BB,BB,BB,BB,BB,BB,BB,BB,BB,BB,BB,BB,BB,BB,BB,BB,BB,BB,BB,BB,BB,BB,BB,BB,BB,BB,BB,BB,BB,BB,BB,BB,BB,BB,BB,BB,BB,BB,BB,BB,BB,BB,BB,BB,BB,BB,BB,BB,BB,BB,BB,BB,BB,BB,-,BB,BB,BB,BB,BB,BB,BB,BB,BB,BB,BB,BB,BB,BB,BB,BB,BB,BB,BB,BB,BB,BB,BB,BB,BB,AA,AA,AA,AA,AA,AA,AA,AA,AA,AA,AA,AA,AA,AA,AA,AA,AA,AA,AA,AA,AA,AA,AA,AA,AA,AA,AA,AA,AA,AA,AA,AA,AA,AA,AA,AA,AA,AA,AA,AA,AA,AA,AA,AA,AA,AA,BB,BB,BB,BB,BB,BB,BB,BB,BB,BB,BB,BB,-,BB,BB,BB,BB,BB,BB,BB,BB,BB,BB,BB,BB,BB,BB,BB,BB,BB,BB,BB,BB,-,BB,BB,BB,-,BB,BB,BB,-,BB,BB,-,BB,BB,BB,BB,BB,BB,BB,BB,BB,BB,BB,BB,BB,BB,BB,BB,BB,BB,BB,-
173,1.9161897,2,45.155178,49.2778,23.0000000000001,23,1.82602425981251,-,AA,AA,AA,AA,AA,AA,AA,AA,AA,AA,AA,AA,AA,AA,AA,-,AA,AA,AA,AA,-,-,AA,AA,AA,AA,-,-,-,BB,BB,BB,BB,BB,BB,-,BB,BB,BB,-,BB,BB,BB,BB,BB,BB,-,BB,BB,-,BB,BB,-,BB,BB,BB,BB,BB,BB,BB,-,BB,BB,-,BB,BB,BB,BB,BB,BB,-,BB,BB,BB,-,BB,BB,BB,-,BB,AA,AA,-,AA,AA,AA,AA,AA,AA,AA,AA,-,AA,-,-,AA,-,AA,AA,AA,AA,AA,BB,BB,BB,BB,-,AA,AA,AA,AA,AA,AA,AA,AA,-,AA,AA,AA,AA,AA,AA,-,-,AA,AA,AA,AA,-,-,AA,AA,AA,AA,AA,AA,AA,AA,AA,-,AA,AA,-,AA,AA,AA,AA,AA,AA,AA,-,AA,-,AA,AA,AA,AA,AA,AA,AA,AA,AA,AA,AA,-,AA,-,AA,AA,AA,AA,AA,AA,AA,AA,AA,AA,-,-,AA,AA,AA,BB,BB,BB,BB,BB,BB,BB,BB,BB,BB,-,BB,BB,BB,BB,-,BB,-,BB,BB,BB,BB,BB,BB,BB,BB,BB,BB,BB,BB,BB,-,BB,BB,BB,BB,BB,BB,BB,BB,BB,BB,-,BB,BB,BB,-,BB,BB,-,BB,BB,BB,BB,BB,-,BB,-,BB,BB,BB,-,BB,BB,BB,BB,BB,-,-,BB,BB,BB,BB,-,-,-,BB,BB,BB,BB,BB,BB,BB,BB,BB,BB,BB,-,BB,BB,-,BB,BB,-,AA,BB,-,BB,BB,-,-,BB,BB,BB,BB,BB,BB,BB,BB,BB,BB,BB,BB,BB,BB,BB,BB,BB,BB,BB,BB,BB,BB,-,BB,BB,BB,BB,BB,BB,BB,BB,BB,BB,BB,BB,BB,BB,BB,BB,BB,BB,BB,BB,BB,BB,-,-,-,BB,-,-,BB,BB,BB,BB,BB,BB,BB,BB,BB,-,BB,BB,BB,BB,-,BB,BB,BB,BB,BB,BB,BB,BB,BB,BB,BB,BB,BB,BB,BB,BB,BB,-,-,BB,BB,BB,BB,BB,BB,BB,-,BB,-,-,BB,BB,BB,BB,-,BB,BB,BB,BB,-,BB,BB,BB,-,BB,BB,BB,BB,BB,BB,BB,-,AA,BB,AA,AA,AA,-,AA,-,AA,AA,AA,AA,AA,-,-,AA,AA,-,AA,AA,AA,AA,AA,AA,AA,AA,-,AA,AA,AA,AA,AA,AA,AA,-,BB,BB,-,BB,-,BB,BB,BB,BB,-,BB,BB,BB
174,1.7773103,1.79167,42.876025,44.8333,37.4999999999999,37.5,0.590922616605795,-,BB,BB,BB,BB,-,BB,-,BB,BB,BB,-,BB,BB,BB,BB,-,-,BB,BB,BB,-,BB,-,-,-,-,BB,-,-,AA,AA,AA,AA,-,AA,AA,AA,AA,AA,AA,AA,-,AA,AA,AA,AA,AA,AA,AA,AA,AA,AA,AA,AA,-,BB,-,-,-,BB,-,-,BB,-,-,BB,BB,BB,-,BB,BB,-,-,BB,BB,BB,BB,-,BB,-,BB,-,BB,-,BB,BB,BB,BB,-,BB,-,-,AA,AA,-,AA,BB,AA,AA,BB,BB,BB,-,AA,AA,AA,AA,AA,BB,BB,BB,BB,BB,-,BB,BB,BB,BB,-,BB,BB,-,BB,BB,-,-,BB,-,-,-,-,BB,BB,BB,BB,-,-,AA,BB,-,BB,AA,AA,AA,-,AA,-,-,AA,AA,AA,AA,-,-,-,AA,-,AA,AA,AA,AA,-,AA,AA,-,-,-,-,AA,AA,AA,AA,AA,AA,AA,-,AA,-,AA,AA,AA,AA,AA,AA,AA,-,-,-,AA,-,-,AA,AA,AA,-,AA,AA,-,AA,AA,-,-,-,-,AA,AA,AA,AA,AA,-,-,AA,AA,-,-,AA,-,-,AA,-,AA,-,AA,AA,-,AA,-,AA,AA,-,-,-,AA,-,AA,AA,-,-,-,-,-,AA,AA,AA,-,BB,BB,-,BB,BB,BB,BB,BB,-,-,-,-,BB,BB,BB,BB,BB,BB,BB,AA,AA,AA,AA,AA,AA,-,AA,AA,AA,AA,-,BB,-,BB,BB,-,BB,-,BB,BB,BB,-,BB,BB,BB,BB,BB,-,BB,BB,BB,BB,BB,-,-,-,-,BB,BB,BB,BB,-,-,-,-,BB,BB,BB,-,BB,BB,BB,-,BB,BB,BB,-,BB,-,BB,-,-,-,-,-,BB,BB,BB,-,BB,BB,BB,BB,BB,-,-,-,BB,BB,BB,BB,BB,-,BB,BB,BB,BB,-,BB,-,BB,-,BB,BB,BB,BB,BB,BB,BB,BB,-,BB,BB,BB,-,-,-,AA,AA,AA,-,-,BB,AA,-,-,-,-,AA,-,-,AA,-,-,AA,AA,AA,-,AA,-,-,-,AA,AA,AA,-,AA,-,AA,AA,-,AA,AA,AA,-,AA,-,AA,AA,-,AA,-,AA,AA,AA,AA,AA,AA,AA,-,AA,AA,AA,AA,-,AA,AA,-,-,AA,-,AA,AA,AA,AA,-,AA,AA,AA,-,AA,AA,AA,AA
175,1.5738863,1.585,42.395147,45.3333,39.4999999999999,39.5,0.0295810483300155,-,-,-,BB,-,-,BB,-,BB,BB,BB,-,BB,-,-,-,-,-,BB,-,-,-,-,BB,-,-,-,-,-,-,-,-,-,-,-,AA,AA,-,-,-,-,AA,-,-,-,-,-,-,-,AA,-,-,-,-,-,-,-,-,-,-,-,-,-,-,-,AA,-,-,AA,-,-,-,-,-,-,-,-,BB,-,-,-,-,-,-,-,-,BB,BB,BB,-,BB,-,-,-,-,-,-,-,AA,AA,BB,BB,BB,-,AA,AA,AA,-,AA,-,BB,BB,BB,BB,-,-,-,-,-,-,-,-,-,-,-,-,-,-,-,-,-,-,-,-,-,-,-,-,BB,BB,-,-,-,-,-,-,-,-,-,AA,-,-,-,-,AA,-,-,-,-,-,AA,AA,-,-,AA,-,-,-,-,-,AA,AA,AA,AA,AA,AA,-,AA,-,-,AA,-,AA,AA,AA,AA,-,-,-,-,-,-,-,-,-,-,-,-,-,-,-,-,-,-,-,-,-,-,AA,-,-,-,-,-,-,-,AA,-,-,-,-,-,-,-,AA,-,-,-,AA,-,-,-,-,-,-,-,-,-,-,-,-,-,-,-,-,-,-,-,-,-,-,-,-,-,-,-,-,-,-,-,AA,AA,AA,AA,-,AA,AA,AA,AA,-,-,-,-,-,-,-,-,-,-,-,-,-,-,-,-,BB,BB,-,BB,BB,BB,BB,BB,-,-,BB,-,-,-,-,BB,BB,-,-,-,BB,-,-,-,-,-,BB,BB,-,-,-,BB,-,-,-,-,BB,-,-,-,-,-,-,-,-,-,-,-,-,-,-,-,BB,AA,BB,BB,BB,BB,BB,-,-,-,BB,-,-,-,BB,BB,-,-,-,-,-,-,BB,BB,BB,BB,BB,-,-,-,-,-,-,-,-,-,AA,AA,AA,-,-,-,-,-,-,BB,-,-,-,-,-,-,-,-,-,-,-,-,-,-,-,-,-,-,-,-,-,AA,-,-,-,-,-,-,AA,-,AA,AA,-,-,-,-,-,-,AA,AA,-,-,-,AA,-,-,AA,-,AA,-,-,-,-,-,-,-,-,-,-,-,AA,AA,-,-,AA,AA,-
176,1.6204886,1.665,38.000469,37.6667,22,22,0.185920157201127,-,-,-,-,-,-,-,-,AA,AA,AA,AA,AA,-,-,-,-,-,AA,-,-,-,-,AA,AA,AA,AA,-,-,-,-,-,-,-,-,AA,AA,AA,AA,AA,-,AA,-,-,-,-,AA,-,-,AA,-,-,-,-,-,-,-,-,AA,AA,-,-,-,-,-,AA,-,-,AA,-,-,-,-,-,-,-,-,AA,-,-,-,-,-,-,-,-,BB,BB,AA,-,-,-,-,-,-,-,-,-,BB,BB,BB,BB,BB,-,BB,BB,BB,-,BB,-,BB,BB,BB,BB,-,-,-,-,-,-,-,-,-,-,-,-,-,-,-,-,-,-,-,-,-,-,-,-,BB,BB,-,-,-,-,-,-,-,-,-,-,-,-,-,-,AA,-,-,-,-,-,BB,BB,-,-,BB,AA,AA,-,-,-,BB,BB,BB,BB,BB,BB,-,BB,-,-,BB,-,AA,BB,BB,BB,-,AA,AA,-,-,-,-,-,-,-,-,-,-,-,-,-,-,-,-,-,-,-,BB,-,-,BB,-,-,-,BB,BB,-,-,-,BB,-,-,-,BB,-,-,-,BB,-,-,-,-,-,-,-,-,-,-,-,-,-,-,-,-,-,-,-,-,-,-,-,-,-,-,-,-,-,-,-,BB,BB,-,BB,BB,AA,AA,AA,AA,-,-,-,-,-,-,-,-,-,-,-,-,-,-,-,-,BB,BB,-,BB,BB,BB,BB,BB,-,-,BB,-,-,-,-,BB,BB,-,-,-,BB,-,BB,BB,BB,BB,BB,BB,-,-,-,BB,-,-,-,-,BB,-,-,-,-,-,-,-,-,-,-,-,-,-,AA,AA,BB,BB,BB,BB,BB,BB,BB,-,-,-,-,-,-,-,-,BB,-,-,-,-,-,-,BB,BB,BB,BB,BB,-,-,-,-,-,-,-,-,-,BB,BB,BB,-,-,-,-,-,-,BB,-,BB,-,-,-,-,-,-,-,-,-,-,-,-,-,-,-,-,-,-,-,BB,-,-,-,-,-,-,BB,-,BB,BB,-,-,-,AA,-,-,BB,AA,-,-,-,AA,-,-,AA,-,BB,-,-,-,-,-,-,-,-,-,-,-,BB,BB,-,-,BB,BB,-
177,1.8705254,1.945,44.217946,49.3333,21.9999999999999,22,1.22324032738863,AA,AA,AA,AA,-,AA,-,AA,AA,AA,AA,AA,AA,-,-,-,-,-,BB,BB,AA,-,BB,AA,AA,AA,AA,BB,-,-,-,BB,-,BB,BB,BB,BB,BB,BB,BB,BB,BB,-,AA,AA,-,BB,BB,-,-,-,BB,BB,-,BB,BB,-,-,BB,BB,BB,-,-,BB,-,BB,BB,BB,BB,BB,BB,BB,-,BB,BB,BB,-,BB,BB,BB,-,-,BB,BB,BB,BB,BB,BB,BB,BB,BB,BB,-,-,BB,BB,BB,-,BB,BB,BB,BB,BB,AA,AA,AA,AA,AA,AA,AA,AA,AA,AA,AA,-,AA,AA,AA,-,AA,-,AA,-,AA,AA,-,AA,-,-,-,AA,AA,AA,AA,AA,-,AA,-,BB,AA,AA,-,AA,-,AA,-,AA,-,AA,-,-,AA,AA,AA,AA,AA,-,-,BB,-,AA,AA,AA,BB,BB,AA,BB,-,BB,AA,AA,BB,BB,AA,AA,AA,-,AA,AA,-,AA,AA,AA,AA,BB,BB,-,BB,BB,BB,-,BB,BB,-,BB,BB,-,BB,BB,-,-,-,-,-,BB,BB,-,BB,BB,BB,-,BB,BB,BB,BB,BB,BB,AA,AA,-,AA,AA,-,-,AA,AA,-,AA,AA,-,-,AA,-,-,AA,AA,AA,-,AA,AA,AA,-,AA,-,AA,-,AA,-,-,AA,-,-,AA,AA,AA,AA,-,AA,-,AA,AA,AA,AA,AA,AA,BB,BB,BB,BB,BB,BB,-,BB,BB,-,-,-,-,BB,BB,BB,BB,BB,-,BB,BB,BB,BB,BB,BB,BB,BB,BB,BB,-,BB,BB,BB,-,BB,BB,BB,BB,BB,-,BB,BB,BB,BB,BB,BB,BB,BB,BB,BB,-,BB,BB,BB,BB,BB,BB,-,-,BB,BB,BB,BB,-,-,BB,-,BB,-,BB,BB,BB,BB,BB,BB,BB,BB,BB,BB,BB,-,-,-,-,BB,-,BB,BB,BB,-,-,BB,-,BB,BB,BB,BB,BB,BB,-,-,BB,BB,BB,-,BB,-,-,BB,BB,BB,BB,-,-,BB,-,BB,BB,BB,BB,BB,BB,BB,BB,BB,-,BB,BB,BB,BB,BB,BB,-,BB,-,BB,-,-,BB,BB,BB,BB,-,BB,BB,-,BB,-,BB,BB,-,BB,BB,BB,-,BB,BB,BB,BB,-,BB,BB,BB,BB,BB,-,BB,-,BB,-,BB,BB,BB,BB,-,BB,BB,-,BB,BB,BB,-,BB,BB,BB
178,1.9348805,2,49.925256,54.5,27.5000000000001,27.5,1.82602425981251,AA,-,BB,BB,AA,AA,AA,AA,AA,AA,AA,BB,AA,AA,AA,-,-,AA,AA,AA,AA,AA,AA,-,BB,BB,BB,-,AA,-,AA,AA,BB,-,BB,BB,BB,-,BB,BB,BB,BB,BB,BB,-,BB,AA,BB,-,BB,BB,BB,-,-,-,BB,-,-,AA,-,-,-,BB,-,BB,BB,-,BB,BB,BB,-,BB,-,BB,BB,BB,-,BB,-,BB,BB,-,-,BB,BB,BB,BB,BB,AA,-,AA,-,-,BB,BB,-,BB,-,BB,BB,BB,AA,BB,-,AA,AA,AA,-,AA,AA,AA,AA,AA,AA,-,AA,-,AA,AA,AA,-,-,-,-,-,BB,-,-,-,BB,-,-,BB,BB,BB,BB,-,-,BB,BB,-,BB,AA,AA,AA,-,-,AA,AA,AA,AA,AA,AA,AA,BB,AA,-,-,AA,-,AA,AA,BB,AA,AA,BB,BB,BB,-,BB,BB,BB,BB,BB,BB,BB,-,BB,-,-,BB,BB,BB,BB,BB,BB,-,BB,BB,BB,BB,-,BB,BB,-,BB,-,BB,BB,BB,BB,BB,BB,BB,BB,BB,BB,BB,BB,-,BB,BB,BB,BB,BB,BB,BB,BB,BB,-,BB,BB,BB,-,BB,BB,-,BB,BB,-,BB,BB,BB,BB,BB,BB,BB,BB,-,-,BB,BB,-,-,-,BB,BB,-,-,-,BB,BB,BB,-,-,AA,AA,AA,AA,-,BB,BB,-,AA,AA,BB,BB,BB,BB,BB,BB,BB,BB,-,-,BB,BB,-,-,-,BB,BB,BB,BB,BB,BB,BB,BB,AA,AA,AA,AA,AA,AA,AA,AA,AA,AA,AA,AA,-,AA,-,AA,AA,AA,-,AA,-,AA,AA,AA,AA,AA,AA,AA,AA,AA,AA,AA,AA,AA,-,AA,-,AA,AA,AA,-,-,-,AA,-,AA,AA,BB,BB,AA,AA,BB,BB,BB,BB,BB,BB,BB,BB,BB,BB,BB,BB,BB,BB,BB,-,-,BB,-,BB,AA,AA,AA,BB,BB,AA,-,AA,BB,AA,AA,-,-,AA,AA,AA,AA,AA,AA,AA,AA,AA,AA,AA,-,-,AA,AA,AA,AA,-,AA,-,AA,AA,AA,AA,-,AA,AA,AA,AA,AA,-,-,AA,AA,AA,-,AA,AA,AA,AA,AA,-,AA,-,AA,AA,AA,-,AA,AA,AA,AA,AA,AA,AA,AA,AA,AA,-,BB,-,-,-,-,BB,BB,-,BB,-,BB,BB,BB,BB,BB,BB,BB,BB,AA
179,0.188796,0.26333,46.781712,52.1111,21,21,-2.61781188763437,-,-,AA,AA,-,-,AA,-,BB,BB,AA,AA,AA,-,-,-,-,-,BB,-,-,-,-,AA,AA,AA,AA,-,-,-,-,-,-,-,-,BB,AA,AA,AA,AA,-,-,-,-,-,-,AA,-,-,-,-,-,-,-,-,-,-,-,AA,AA,-,-,-,-,-,-,-,-,-,-,-,-,-,-,-,-,-,-,-,-,-,-,-,-,-,-,AA,AA,AA,-,AA,-,-,-,-,-,-,-,BB,-,-,AA,-,-,AA,AA,AA,-,AA,-,BB,AA,-,BB,-,-,-,-,-,-,-,-,-,-,-,-,-,-,-,-,-,-,-,-,-,-,-,-,AA,-,-,-,-,-,-,-,-,-,-,AA,-,-,-,-,BB,-,-,-,-,-,BB,AA,BB,-,AA,BB,BB,-,-,-,-,BB,-,-,-,AA,-,BB,-,-,-,-,AA,-,-,AA,-,BB,BB,-,-,-,-,-,-,-,-,-,-,-,-,-,-,-,-,-,-,-,AA,-,-,BB,-,-,-,-,-,-,-,-,BB,-,-,-,-,-,-,-,-,-,-,-,-,-,-,-,-,-,-,-,-,-,-,-,-,-,-,-,-,-,-,-,-,-,-,-,-,-,-,-,AA,-,AA,-,BB,-,AA,BB,-,-,-,-,-,-,-,-,-,-,-,-,-,-,-,-,-,BB,AA,-,-,BB,AA,AA,-,-,-,-,-,-,-,-,AA,AA,-,-,-,AA,-,AA,AA,AA,AA,-,AA,-,-,-,-,-,-,-,-,BB,-,-,-,-,-,-,-,-,-,-,-,-,-,AA,AA,BB,BB,-,AA,AA,AA,AA,-,-,-,-,-,-,-,BB,AA,-,-,-,-,-,-,BB,BB,-,BB,-,-,-,-,-,-,-,-,-,-,-,-,AA,-,-,-,-,-,-,AA,-,AA,-,-,-,-,-,-,-,-,-,-,-,-,-,-,-,-,-,-,-,-,-,-,-,-,-,-,AA,-,BB,-,-,-,-,BB,-,-,AA,BB,-,-,-,BB,-,-,BB,-,-,-,-,-,-,-,-,-,-,-,-,-,AA,-,-,-,BB,-,BB
180,1.5996431,1.65333,48.953444,53.6667,25.4999999999999,25.5,0.167144138256205,AA,AA,AA,AA,AA,AA,AA,AA,AA,AA,AA,AA,AA,AA,AA,AA,BB,BB,BB,BB,BB,BB,BB,BB,BB,BB,BB,BB,BB,BB,AA,AA,AA,AA,AA,AA,AA,AA,AA,AA,AA,AA,AA,AA,AA,AA,AA,AA,AA,BB,AA,AA,AA,AA,AA,AA,AA,AA,AA,AA,AA,-,BB,-,BB,BB,BB,BB,BB,BB,BB,BB,BB,BB,BB,BB,BB,BB,BB,BB,BB,BB,BB,BB,BB,BB,BB,BB,BB,BB,BB,-,BB,-,BB,BB,BB,BB,BB,BB,BB,BB,BB,AA,AA,AA,AA,-,AA,AA,AA,AA,AA,AA,AA,AA,AA,AA,AA,AA,AA,AA,AA,AA,AA,AA,AA,AA,-,AA,AA,AA,AA,-,AA,AA,AA,AA,AA,AA,AA,AA,AA,AA,AA,-,-,AA,AA,AA,AA,AA,AA,AA,AA,AA,AA,AA,AA,AA,AA,AA,AA,AA,AA,AA,AA,AA,-,AA,AA,AA,AA,AA,AA,AA,AA,AA,AA,AA,AA,AA,AA,AA,AA,AA,-,AA,AA,AA,AA,AA,AA,AA,AA,AA,AA,AA,AA,AA,AA,AA,AA,AA,AA,AA,AA,AA,AA,AA,AA,AA,AA,AA,-,-,-,AA,AA,AA,AA,AA,AA,AA,AA,AA,AA,AA,AA,AA,AA,AA,AA,AA,AA,AA,AA,AA,AA,AA,-,AA,AA,AA,AA,AA,AA,AA,AA,BB,AA,AA,AA,AA,AA,AA,AA,AA,AA,AA,AA,AA,AA,AA,AA,BB,BB,BB,BB,BB,BB,BB,BB,BB,-,BB,BB,BB,BB,BB,BB,BB,BB,-,BB,BB,BB,BB,BB,BB,BB,BB,BB,BB,BB,BB,BB,BB,BB,BB,BB,BB,BB,-,BB,BB,BB,BB,BB,BB,BB,BB,BB,BB,BB,BB,BB,BB,BB,BB,BB,BB,BB,BB,BB,BB,BB,BB,BB,BB,BB,BB,BB,BB,BB,BB,BB,BB,BB,AA,AA,AA,AA,AA,AA,AA,AA,AA,AA,AA,AA,AA,AA,AA,AA,AA,AA,AA,AA,AA,AA,AA,AA,AA,AA,AA,AA,AA,AA,AA,AA,AA,AA,AA,AA,AA,AA,AA,AA,AA,AA,AA,AA,AA,AA,AA,AA,BB,AA,AA,AA,BB,BB,BB,BB,BB,BB,BB,BB,BB,BB,BB,BB,BB,BB,BB,BB,BB,BB,BB,BB,BB,BB,BB,BB,-,BB,BB,BB,BB,-,BB,BB,BB,BB,BB,BB,BB,BB,BB,-,BB,BB,BB,BB,BB,BB,BB,BB,BB,BB,BB,BB,BB,BB,BB,BB,BB,BB,BB
181,1.72584,1.805,38.23125,42,25.5000000000005,25.5,0.608625253977139,BB,BB,BB,BB,BB,BB,BB,-,BB,BB,BB,BB,BB,BB,BB,-,-,-,BB,-,BB,BB,BB,BB,BB,BB,BB,-,-,-,-,BB,-,BB,-,BB,BB,BB,BB,BB,BB,BB,BB,-,BB,BB,AA,-,BB,BB,BB,-,-,BB,-,BB,-,-,AA,AA,-,BB,BB,AA,-,BB,AA,-,AA,AA,-,BB,BB,BB,BB,BB,-,BB,-,BB,BB,BB,BB,BB,BB,BB,BB,BB,AA,BB,AA,AA,AA,-,AA,-,AA,AA,AA,AA,AA,AA,AA,BB,BB,BB,BB,BB,BB,BB,AA,BB,BB,BB,BB,BB,BB,BB,-,BB,BB,BB,BB,-,-,BB,BB,BB,-,BB,-,AA,AA,AA,AA,-,-,-,-,AA,AA,-,AA,AA,-,-,AA,AA,-,AA,AA,-,AA,AA,BB,-,AA,-,AA,AA,AA,AA,BB,AA,AA,BB,BB,AA,AA,-,AA,AA,AA,AA,AA,AA,AA,AA,-,AA,AA,AA,BB,AA,AA,AA,-,BB,BB,AA,-,AA,AA,-,AA,-,AA,AA,-,AA,AA,AA,-,AA,AA,AA,-,AA,AA,AA,AA,BB,-,BB,BB,BB,BB,BB,BB,BB,BB,-,BB,BB,BB,BB,-,-,BB,BB,-,BB,BB,-,BB,BB,BB,-,-,BB,BB,-,BB,BB,BB,BB,BB,BB,BB,BB,BB,-,-,BB,BB,-,BB,BB,BB,BB,BB,BB,BB,BB,AA,BB,BB,BB,BB,BB,BB,BB,-,BB,BB,BB,BB,BB,BB,-,BB,-,-,-,BB,BB,BB,BB,BB,BB,BB,AA,BB,-,-,BB,-,BB,-,BB,AA,AA,BB,-,BB,BB,BB,AA,AA,AA,AA,BB,BB,BB,BB,BB,BB,BB,-,BB,-,BB,BB,BB,BB,BB,-,BB,BB,BB,BB,BB,BB,BB,BB,BB,BB,BB,BB,AA,BB,BB,BB,AA,AA,AA,AA,AA,-,AA,AA,AA,AA,-,AA,AA,AA,-,AA,AA,AA,AA,AA,AA,-,AA,-,AA,-,AA,AA,AA,AA,AA,AA,AA,-,AA,AA,AA,-,AA,AA,-,-,AA,AA,AA,AA,AA,-,AA,-,-,AA,-,-,-,AA,AA,AA,-,-,AA,AA,AA,AA,AA,AA,AA,AA,AA,AA,AA,AA,-,AA,AA,AA,AA,AA,AA,AA,AA,AA,AA,AA,AA,AA,AA,AA,AA,AA,AA,AA,BB,-,BB,BB,-,BB,BB,-,BB,BB,BB,BB,BB,BB,AA
182,1.477233,1.54167,45.111502,50.1667,19.5,19.5,-0.118584280558254,BB,BB,AA,AA,BB,BB,BB,BB,BB,BB,BB,AA,BB,BB,BB,BB,BB,BB,BB,BB,BB,BB,BB,AA,AA,AA,AA,-,BB,BB,BB,BB,BB,BB,BB,BB,BB,BB,BB,BB,BB,BB,BB,BB,BB,BB,BB,BB,-,AA,AA,AA,AA,AA,AA,AA,AA,AA,BB,BB,AA,AA,-,AA,AA,AA,AA,AA,AA,-,AA,AA,AA,AA,AA,AA,AA,AA,-,AA,AA,AA,-,AA,AA,-,AA,-,BB,AA,BB,AA,AA,AA,AA,AA,AA,AA,AA,AA,AA,BB,AA,AA,AA,AA,AA,AA,AA,AA,AA,AA,AA,AA,AA,AA,AA,AA,AA,AA,AA,AA,AA,AA,AA,AA,-,AA,AA,AA,AA,AA,AA,-,AA,AA,AA,AA,AA,AA,AA,AA,AA,AA,AA,AA,AA,AA,BB,AA,BB,BB,BB,-,AA,BB,BB,BB,BB,BB,BB,BB,AA,BB,BB,AA,AA,BB,-,BB,BB,BB,BB,BB,BB,BB,BB,BB,BB,BB,BB,BB,BB,BB,BB,BB,-,BB,BB,BB,BB,BB,BB,BB,BB,BB,BB,BB,BB,BB,BB,-,BB,BB,BB,BB,BB,BB,BB,BB,BB,BB,BB,BB,BB,BB,BB,BB,BB,BB,BB,BB,BB,BB,BB,BB,BB,BB,AA,-,AA,AA,AA,AA,AA,AA,AA,AA,AA,-,AA,AA,AA,AA,AA,-,-,AA,AA,AA,AA,AA,AA,AA,AA,AA,AA,AA,AA,AA,AA,AA,AA,AA,AA,BB,BB,BB,BB,BB,BB,BB,BB,BB,-,BB,BB,BB,BB,BB,BB,BB,BB,BB,BB,BB,BB,-,AA,AA,AA,AA,AA,AA,AA,AA,AA,AA,AA,AA,AA,AA,AA,AA,AA,AA,AA,AA,AA,AA,AA,AA,AA,AA,AA,AA,AA,AA,AA,AA,AA,AA,AA,AA,AA,AA,AA,AA,AA,AA,AA,BB,BB,BB,BB,AA,AA,BB,BB,BB,BB,BB,BB,BB,BB,BB,BB,BB,BB,BB,BB,BB,BB,BB,-,BB,BB,BB,BB,BB,AA,AA,AA,AA,AA,AA,AA,AA,AA,AA,AA,AA,AA,AA,AA,AA,AA,AA,AA,AA,-,AA,AA,AA,-,AA,BB,AA,AA,AA,AA,-,AA,AA,AA,-,AA,AA,AA,AA,AA,AA,AA,BB,AA,AA,-,-,AA,AA,AA,AA,AA,AA,-,AA,AA,AA,AA,AA,AA,AA,AA,AA,AA,AA,AA,AA,AA,BB,AA,AA,AA,AA,AA,AA,AA,AA,AA,-,AA,AA,AA,AA,AA,AA,AA,AA,AA,BB
183,1.7762229,1.86167,46.496501,51.6667,23.5,23.5,0.834268330869748,BB,BB,BB,BB,-,BB,BB,BB,AA,AA,AA,AA,AA,AA,AA,AA,-,-,AA,-,-,-,AA,AA,AA,-,AA,-,AA,-,AA,AA,AA,-,AA,AA,AA,AA,AA,AA,-,AA,-,AA,AA,AA,AA,-,AA,AA,AA,AA,AA,AA,-,AA,AA,AA,AA,AA,-,-,-,-,BB,AA,BB,BB,BB,-,BB,-,BB,BB,-,-,-,BB,-,-,BB,BB,-,BB,BB,-,BB,BB,BB,-,BB,BB,BB,-,BB,BB,-,BB,BB,BB,BB,BB,BB,-,BB,BB,BB,-,BB,-,BB,BB,BB,-,-,BB,BB,BB,BB,-,BB,-,BB,AA,-,AA,-,AA,AA,AA,AA,AA,-,AA,AA,-,AA,-,AA,AA,AA,AA,AA,-,AA,-,AA,AA,AA,AA,AA,-,AA,AA,AA,AA,AA,AA,-,-,-,AA,AA,AA,AA,AA,-,AA,AA,-,AA,AA,AA,AA,AA,AA,AA,AA,AA,-,AA,-,AA,BB,-,-,BB,BB,BB,BB,-,BB,BB,BB,-,-,AA,AA,AA,AA,AA,AA,-,AA,AA,AA,AA,AA,AA,-,-,AA,AA,-,-,-,-,AA,AA,AA,AA,AA,-,-,AA,AA,-,AA,AA,-,-,AA,AA,AA,-,AA,AA,-,-,-,-,BB,-,BB,BB,BB,BB,BB,-,AA,AA,-,AA,AA,-,-,-,-,BB,BB,AA,AA,BB,BB,AA,BB,BB,BB,BB,BB,BB,BB,BB,-,BB,BB,BB,-,-,BB,-,BB,-,BB,-,BB,BB,AA,AA,AA,-,AA,AA,AA,AA,AA,AA,-,-,AA,AA,AA,AA,AA,-,AA,-,AA,AA,AA,AA,AA,AA,AA,AA,AA,AA,-,AA,AA,-,AA,AA,-,AA,AA,-,-,AA,-,-,-,AA,AA,AA,AA,AA,AA,AA,BB,BB,BB,BB,BB,BB,BB,BB,-,BB,-,BB,BB,BB,BB,-,-,BB,BB,BB,AA,AA,AA,AA,AA,-,-,-,AA,AA,AA,-,-,-,AA,AA,AA,-,AA,AA,AA,AA,AA,AA,-,-,-,AA,-,-,-,AA,AA,-,-,AA,AA,AA,-,AA,AA,AA,AA,AA,AA,AA,-,-,-,-,-,-,AA,AA,-,AA,-,-,AA,AA,-,-,AA,AA,AA,-,AA,AA,AA,-,AA,-,AA,AA,AA,-,AA,-,BB,-,-,BB,BB,BB,BB,BB,-,BB,BB,BB,BB
184,1.3841862,1.47167,42.690869,48.1111,20.5,20.5,-0.269414642558672,-,-,AA,AA,-,-,AA,-,AA,AA,AA,AA,AA,-,-,-,-,-,AA,-,-,-,-,AA,AA,AA,AA,AA,-,AA,-,-,-,-,-,AA,AA,AA,AA,AA,-,AA,-,-,AA,-,AA,-,-,AA,-,-,-,-,AA,-,AA,-,AA,AA,-,-,-,-,-,AA,-,AA,AA,-,-,-,-,-,-,-,-,AA,-,-,-,-,BB,-,-,-,BB,BB,BB,-,AA,-,-,-,-,BB,-,-,BB,BB,BB,BB,BB,-,BB,BB,BB,-,BB,-,BB,BB,BB,BB,-,BB,-,BB,-,-,BB,-,BB,-,-,-,-,-,BB,-,-,-,BB,BB,-,-,-,-,BB,BB,BB,-,-,BB,-,BB,BB,-,-,BB,-,-,BB,-,BB,-,-,BB,BB,-,BB,BB,BB,-,BB,BB,BB,-,-,-,AA,AA,AA,AA,AA,AA,-,AA,-,-,AA,-,AA,BB,BB,BB,-,BB,BB,-,BB,BB,-,-,-,-,-,-,BB,-,BB,-,-,-,-,-,-,BB,BB,-,-,BB,-,-,BB,BB,BB,BB,-,BB,BB,-,-,-,BB,-,BB,BB,BB,-,-,BB,-,-,-,BB,BB,-,-,-,-,-,-,-,-,-,-,BB,-,-,-,-,-,-,-,-,-,-,-,-,BB,BB,BB,BB,BB,BB,BB,BB,BB,-,-,-,-,-,BB,BB,-,-,-,-,-,-,BB,BB,BB,BB,BB,-,BB,BB,BB,BB,BB,-,-,BB,-,BB,BB,-,BB,BB,-,-,-,BB,BB,BB,BB,BB,-,BB,BB,-,-,-,AA,AA,-,-,-,AA,AA,-,-,AA,-,-,AA,-,-,-,AA,-,-,AA,AA,AA,AA,BB,BB,BB,BB,BB,BB,-,-,-,-,-,BB,BB,BB,-,-,-,BB,BB,BB,BB,BB,BB,BB,BB,-,-,BB,-,-,BB,-,-,-,BB,BB,BB,-,BB,-,-,-,BB,BB,-,BB,-,-,-,-,-,-,-,-,BB,-,BB,-,-,-,-,-,-,-,-,BB,-,-,-,-,-,-,BB,-,BB,BB,-,-,-,BB,-,-,BB,BB,-,-,-,BB,-,-,BB,-,BB,-,-,-,-,-,-,-,-,-,-,-,BB,-,-,-,BB,BB,-
185,1.9208835,2,42.411832,47.5,24,24,1.82602425981251,AA,AA,AA,AA,AA,AA,-,-,-,AA,-,AA,-,AA,AA,AA,AA,-,-,AA,AA,AA,AA,AA,AA,AA,AA,AA,AA,AA,AA,AA,AA,AA,AA,AA,AA,AA,AA,AA,AA,AA,AA,AA,AA,AA,AA,AA,AA,AA,AA,AA,AA,AA,AA,-,AA,AA,AA,AA,AA,AA,AA,AA,AA,AA,AA,AA,AA,AA,-,-,AA,AA,AA,BB,BB,BB,BB,BB,BB,BB,BB,BB,BB,BB,BB,BB,BB,BB,BB,BB,BB,BB,BB,BB,BB,BB,BB,BB,BB,BB,BB,AA,AA,-,AA,AA,-,AA,AA,AA,AA,-,AA,AA,-,AA,AA,AA,AA,AA,AA,AA,AA,-,AA,AA,AA,AA,AA,AA,AA,AA,-,AA,AA,AA,AA,AA,AA,AA,AA,AA,AA,AA,AA,AA,AA,AA,AA,AA,AA,AA,AA,AA,AA,-,AA,AA,AA,AA,AA,AA,AA,AA,AA,AA,AA,AA,AA,-,AA,AA,AA,-,AA,-,AA,AA,AA,AA,AA,AA,AA,AA,AA,AA,AA,AA,AA,AA,AA,AA,AA,BB,BB,BB,BB,BB,-,BB,BB,-,BB,BB,BB,BB,BB,BB,BB,BB,-,AA,-,-,AA,AA,-,AA,AA,AA,AA,AA,AA,-,AA,AA,AA,AA,AA,AA,AA,AA,AA,AA,AA,AA,AA,AA,-,AA,AA,AA,AA,AA,AA,AA,AA,BB,AA,AA,AA,AA,AA,AA,AA,AA,AA,AA,-,AA,-,AA,AA,BB,-,BB,BB,BB,BB,-,BB,-,BB,BB,BB,-,BB,-,BB,BB,-,BB,BB,BB,BB,BB,BB,BB,BB,BB,BB,BB,BB,BB,-,BB,BB,BB,BB,BB,BB,BB,BB,BB,-,BB,BB,BB,BB,BB,-,BB,BB,BB,BB,BB,-,-,BB,-,BB,BB,BB,-,BB,BB,BB,BB,BB,BB,BB,BB,BB,BB,BB,BB,BB,BB,BB,BB,BB,-,BB,BB,BB,BB,BB,BB,BB,BB,BB,BB,BB,BB,BB,BB,BB,-,BB,BB,-,BB,BB,BB,BB,BB,BB,BB,BB,BB,-,BB,BB,BB,BB,BB,BB,BB,BB,-,BB,BB,BB,BB,BB,AA,-,AA,AA,AA,AA,AA,AA,AA,AA,AA,AA,AA,AA,AA,AA,AA,AA,AA,AA,AA,AA,AA,AA,-,-,-,AA,AA,AA,AA,AA,BB,BB,BB,BB,BB,BB,BB,BB,BB,BB,BB,BB,AA,BB,BB,-,AA,BB,BB,BB,-,BB,BB,BB,BB,BB,BB,BB,BB,BB,BB
186,1.9209922,2,42.577716,48,21.5000000000001,21.5,1.82602425981251,AA,AA,AA,AA,AA,AA,AA,AA,AA,AA,AA,AA,AA,AA,-,AA,AA,AA,AA,AA,AA,AA,AA,AA,AA,AA,AA,AA,AA,AA,AA,AA,AA,AA,AA,AA,AA,-,AA,AA,AA,AA,AA,AA,AA,AA,AA,BB,BB,BB,AA,AA,AA,AA,AA,AA,AA,AA,AA,AA,AA,AA,AA,AA,AA,-,AA,-,-,BB,BB,-,BB,BB,BB,BB,BB,BB,BB,BB,BB,-,BB,BB,-,BB,BB,BB,BB,BB,BB,BB,BB,BB,BB,BB,BB,BB,BB,BB,BB,BB,BB,AA,AA,AA,AA,AA,AA,AA,AA,AA,AA,AA,AA,AA,AA,AA,AA,AA,AA,AA,AA,AA,AA,AA,AA,AA,AA,AA,-,AA,AA,AA,BB,BB,BB,BB,BB,BB,BB,BB,BB,BB,BB,BB,BB,BB,BB,BB,BB,BB,BB,-,BB,BB,BB,-,BB,BB,BB,BB,BB,BB,BB,BB,BB,BB,BB,BB,BB,BB,BB,BB,BB,BB,BB,BB,BB,-,BB,BB,BB,BB,BB,BB,BB,BB,BB,BB,BB,BB,BB,BB,BB,-,BB,BB,BB,BB,BB,AA,AA,AA,AA,AA,AA,AA,AA,AA,AA,AA,AA,AA,AA,AA,AA,AA,AA,AA,AA,AA,AA,AA,AA,AA,-,AA,AA,-,AA,AA,AA,AA,AA,AA,AA,AA,AA,AA,AA,AA,AA,AA,AA,AA,AA,AA,AA,-,-,-,AA,AA,BB,-,AA,AA,-,BB,AA,AA,AA,BB,AA,BB,BB,BB,BB,BB,BB,BB,BB,BB,BB,BB,BB,BB,BB,BB,-,BB,BB,BB,BB,BB,BB,BB,BB,BB,BB,BB,AA,BB,-,AA,AA,AA,AA,AA,AA,AA,BB,BB,BB,BB,BB,BB,BB,BB,BB,BB,BB,BB,BB,BB,BB,BB,BB,BB,BB,BB,-,BB,BB,BB,BB,-,BB,BB,BB,-,BB,BB,BB,BB,BB,BB,BB,BB,BB,BB,BB,BB,BB,-,BB,BB,BB,BB,BB,BB,BB,BB,BB,BB,BB,BB,BB,BB,BB,BB,BB,BB,BB,BB,BB,BB,BB,BB,BB,BB,BB,BB,BB,BB,BB,BB,BB,BB,BB,BB,BB,BB,BB,BB,BB,BB,BB,BB,BB,AA,BB,BB,BB,-,BB,BB,-,BB,BB,BB,BB,BB,BB,AA,-,AA,AA,AA,AA,AA,AA,AA,AA,AA,AA,AA,AA,-,-,AA,AA,AA,-,AA,AA,AA,AA,AA,AA,AA,AA,AA,AA,AA,AA,-,AA,AA,AA,AA,AA,AA,AA,AA,AA,AA,AA,AA
187,1.2323635,1.30667,40.931174,46.1667,22.5000000000003,22.5,-0.590922616605795,BB,BB,BB,BB,BB,BB,-,-,BB,BB,BB,BB,BB,-,BB,-,BB,BB,BB,BB,BB,BB,BB,BB,BB,BB,BB,BB,BB,BB,BB,BB,BB,BB,BB,BB,BB,BB,BB,BB,BB,BB,-,-,BB,BB,BB,BB,BB,BB,BB,BB,BB,BB,BB,BB,BB,BB,BB,BB,BB,-,BB,-,BB,BB,BB,-,BB,BB,BB,-,BB,BB,-,-,-,BB,BB,-,AA,AA,AA,AA,AA,AA,AA,AA,AA,AA,AA,AA,AA,AA,AA,AA,AA,AA,AA,AA,AA,AA,AA,-,BB,BB,BB,BB,BB,BB,BB,BB,BB,BB,AA,BB,BB,BB,BB,BB,BB,BB,-,-,AA,AA,AA,AA,AA,AA,-,BB,BB,BB,BB,BB,-,BB,BB,BB,BB,BB,BB,-,BB,BB,BB,-,BB,-,-,BB,-,BB,BB,-,-,BB,BB,BB,BB,BB,BB,BB,BB,BB,BB,BB,BB,BB,BB,BB,BB,BB,BB,BB,-,BB,BB,BB,BB,BB,BB,AA,AA,AA,AA,AA,AA,AA,AA,AA,-,AA,AA,AA,AA,AA,-,AA,AA,-,AA,AA,-,AA,AA,AA,AA,AA,AA,AA,-,AA,-,-,AA,-,AA,AA,AA,AA,AA,AA,AA,AA,AA,AA,AA,AA,BB,BB,BB,BB,BB,BB,BB,BB,-,BB,BB,BB,BB,-,BB,BB,BB,BB,-,BB,-,BB,BB,BB,BB,BB,BB,BB,-,BB,BB,BB,BB,BB,BB,BB,BB,BB,BB,-,BB,BB,BB,BB,BB,BB,BB,BB,BB,-,BB,BB,BB,BB,BB,BB,BB,BB,BB,BB,BB,BB,BB,-,-,BB,BB,BB,BB,BB,BB,BB,BB,BB,BB,BB,BB,BB,BB,BB,BB,BB,BB,BB,BB,-,BB,BB,BB,BB,BB,BB,-,BB,BB,BB,BB,BB,BB,BB,BB,BB,BB,BB,BB,BB,BB,BB,BB,AA,AA,AA,AA,AA,AA,AA,AA,AA,AA,AA,AA,AA,AA,AA,AA,AA,AA,-,AA,AA,AA,AA,AA,AA,AA,AA,AA,AA,AA,AA,-,-,AA,AA,AA,AA,AA,AA,AA,AA,AA,-,AA,AA,AA,AA,AA,AA,AA,AA,AA,AA,-,AA,AA,AA,AA,AA,AA,-,AA,-,AA,AA,AA,BB,BB,BB,BB,-,BB,BB,BB,BB,BB,BB,BB,BB,BB,-,BB,AA,AA,AA,AA,AA,AA,AA,AA,AA,AA,AA,AA,-,AA,-,AA,AA,AA,AA,AA,AA,-,AA,AA,BB,BB,BB,BB,BB
188,1.9196581,2,38.776025,44.1667,22.0000000000001,22,1.82602425981251,AA,AA,AA,AA,AA,AA,AA,AA,AA,AA,AA,AA,AA,AA,AA,-,AA,AA,-,AA,-,-,AA,AA,AA,AA,AA,AA,-,AA,AA,AA,AA,AA,AA,AA,AA,AA,AA,AA,AA,AA,AA,AA,AA,AA,AA,AA,AA,AA,AA,AA,AA,AA,AA,AA,AA,AA,AA,BB,BB,BB,BB,BB,BB,-,BB,-,BB,BB,BB,-,BB,-,BB,BB,-,BB,-,BB,BB,BB,BB,BB,BB,BB,BB,BB,BB,BB,BB,BB,BB,BB,-,BB,BB,BB,BB,BB,BB,BB,BB,BB,BB,BB,BB,BB,BB,-,BB,BB,BB,BB,-,-,BB,BB,BB,BB,-,-,BB,BB,BB,BB,BB,BB,BB,BB,BB,BB,BB,BB,BB,-,BB,BB,BB,BB,BB,BB,BB,-,BB,BB,BB,BB,BB,BB,BB,BB,-,BB,BB,BB,BB,BB,BB,-,-,BB,BB,BB,BB,BB,BB,BB,BB,BB,BB,BB,BB,BB,BB,BB,-,BB,BB,BB,BB,-,BB,BB,BB,BB,BB,BB,BB,BB,BB,-,BB,BB,BB,BB,BB,BB,BB,BB,BB,BB,BB,BB,BB,BB,-,BB,BB,-,BB,BB,-,BB,BB,BB,BB,BB,BB,BB,BB,BB,BB,BB,BB,BB,BB,BB,BB,BB,BB,BB,-,BB,BB,BB,BB,BB,BB,BB,BB,BB,BB,BB,BB,BB,BB,-,BB,BB,BB,BB,BB,BB,BB,BB,BB,BB,BB,BB,BB,BB,-,BB,BB,BB,BB,BB,BB,BB,BB,-,BB,-,BB,BB,BB,BB,BB,BB,BB,-,BB,BB,BB,BB,BB,BB,BB,BB,BB,BB,BB,BB,-,BB,-,BB,BB,BB,BB,BB,BB,BB,BB,BB,-,BB,BB,BB,BB,BB,BB,BB,BB,BB,BB,BB,BB,AA,-,AA,AA,AA,-,AA,AA,AA,-,AA,AA,AA,AA,AA,AA,AA,AA,AA,AA,BB,BB,BB,BB,BB,BB,BB,BB,-,BB,BB,BB,-,BB,-,BB,-,BB,BB,BB,BB,BB,BB,BB,BB,BB,BB,-,BB,BB,BB,BB,BB,BB,AA,AA,AA,BB,BB,AA,AA,AA,AA,AA,AA,-,AA,AA,AA,AA,AA,AA,-,AA,AA,AA,AA,AA,AA,AA,-,-,AA,AA,-,AA,AA,AA,AA,AA,-,AA,AA,AA,-,AA,AA,-,AA,AA,AA,-,BB,BB,AA,AA,BB,BB,BB,BB,AA,AA,AA,AA,AA,AA,-,-,AA,AA,-,AA,AA,AA,AA,AA,-,AA,AA,AA,AA
189,1.429395,1.51333,46.928087,52.25,21,21,-0.155907168592741,AA,AA,-,-,AA,AA,AA,AA,AA,AA,AA,AA,AA,-,AA,-,-,-,AA,AA,-,AA,-,-,-,-,AA,-,-,-,AA,-,-,AA,AA,AA,AA,AA,-,AA,AA,AA,AA,-,AA,AA,-,AA,AA,AA,AA,AA,AA,AA,AA,-,AA,AA,-,AA,AA,-,-,AA,AA,AA,AA,-,AA,AA,AA,AA,AA,-,AA,-,AA,AA,AA,AA,-,AA,AA,AA,AA,AA,AA,AA,-,AA,BB,AA,-,AA,AA,AA,-,BB,AA,AA,AA,-,BB,-,AA,AA,AA,AA,AA,-,-,BB,BB,BB,BB,BB,BB,BB,BB,-,BB,-,-,BB,BB,-,-,BB,BB,-,-,BB,BB,BB,BB,BB,BB,BB,BB,BB,BB,BB,BB,BB,BB,BB,BB,-,-,BB,BB,BB,BB,BB,-,BB,-,BB,BB,BB,BB,BB,-,BB,BB,-,-,BB,BB,BB,-,BB,-,-,-,-,-,BB,BB,BB,BB,BB,-,AA,AA,AA,AA,BB,-,AA,AA,-,-,-,-,AA,AA,AA,-,BB,AA,AA,-,AA,-,AA,AA,-,AA,-,AA,-,AA,AA,-,-,AA,AA,-,BB,-,AA,-,AA,AA,AA,-,BB,BB,BB,BB,-,-,BB,-,BB,BB,BB,BB,-,-,BB,BB,BB,BB,BB,-,BB,-,BB,-,BB,-,BB,-,BB,-,-,BB,BB,BB,BB,BB,BB,-,BB,BB,BB,-,BB,BB,-,BB,BB,BB,-,-,AA,AA,AA,AA,AA,-,AA,AA,AA,AA,AA,AA,AA,AA,-,AA,AA,AA,AA,-,AA,AA,AA,-,-,AA,AA,AA,AA,-,-,-,-,-,AA,AA,AA,AA,AA,AA,AA,AA,AA,AA,AA,AA,AA,AA,-,AA,AA,-,AA,-,AA,AA,AA,AA,-,-,AA,AA,BB,-,-,-,BB,-,BB,BB,BB,-,-,BB,BB,BB,BB,BB,BB,BB,BB,BB,BB,BB,BB,BB,BB,BB,-,-,-,-,BB,BB,-,BB,AA,AA,AA,BB,BB,-,-,-,AA,-,-,-,-,AA,-,-,AA,-,BB,-,-,AA,BB,BB,-,BB,BB,-,-,BB,-,BB,AA,AA,AA,AA,-,AA,AA,AA,AA,AA,-,AA,BB,-,BB,BB,BB,-,BB,BB,-,-,BB,BB,-,BB,BB,-,BB,BB,-,-,BB,BB,BB,-,-,-,BB,BB,BB,BB,BB,BB,-
190,1.8919257,1.95833,45.075436,50.1667,21.5000000000002,21.5,1.42765102094646,-,-,-,-,-,-,AA,-,AA,AA,AA,-,AA,-,-,-,-,-,AA,AA,-,AA,-,-,-,-,-,-,-,-,-,-,AA,-,-,AA,AA,-,-,-,BB,BB,-,BB,-,-,-,-,-,BB,BB,-,-,-,-,-,BB,BB,-,-,BB,-,BB,BB,-,BB,BB,-,BB,BB,-,BB,-,BB,-,BB,-,BB,-,-,-,-,-,BB,BB,BB,BB,BB,BB,-,BB,-,-,BB,-,-,-,BB,BB,BB,BB,BB,BB,-,AA,AA,AA,AA,BB,-,BB,BB,BB,BB,-,-,-,-,-,BB,BB,-,BB,-,-,-,-,-,BB,-,BB,-,-,-,BB,-,BB,-,BB,BB,-,-,BB,-,-,-,-,-,-,BB,-,BB,-,-,-,-,-,BB,BB,-,BB,BB,-,-,BB,-,-,-,-,AA,BB,BB,BB,BB,AA,AA,-,AA,-,-,AA,AA,AA,BB,BB,BB,-,-,-,-,BB,-,-,-,-,-,BB,BB,BB,-,-,-,BB,-,-,BB,-,-,BB,-,-,-,-,BB,-,BB,BB,BB,-,-,-,-,AA,AA,BB,-,AA,-,AA,-,AA,-,-,-,-,-,AA,BB,-,-,-,AA,-,AA,-,-,AA,-,AA,-,-,-,-,-,-,-,-,-,-,-,AA,AA,AA,AA,-,BB,BB,BB,BB,-,-,-,-,-,BB,-,-,-,-,-,-,-,-,-,-,BB,BB,-,BB,BB,BB,BB,BB,-,BB,BB,-,-,-,-,BB,BB,-,-,-,AA,-,-,-,-,-,AA,AA,AA,AA,AA,AA,-,AA,-,-,AA,-,-,-,AA,-,-,-,-,-,-,AA,-,-,-,-,AA,AA,BB,BB,BB,BB,BB,-,-,-,BB,-,BB,-,BB,BB,-,-,-,BB,-,-,BB,BB,BB,BB,BB,BB,BB,-,-,BB,-,-,-,-,BB,BB,BB,-,BB,-,-,-,-,BB,-,-,-,-,-,-,-,-,-,BB,BB,-,-,BB,-,-,-,BB,-,-,-,BB,-,-,-,BB,BB,-,BB,BB,BB,BB,-,-,BB,-,AA,-,AA,AA,-,-,-,AA,AA,AA,AA,-,AA,-,AA,-,-,-,-,BB,-,-,-,-,BB,BB,-,-,BB,BB,-
191,0.7227429,0.77833,38.117083,41.5,22.9999999999997,23,-1.43797031193787,BB,-,BB,BB,-,BB,BB,-,BB,AA,AA,AA,AA,AA,-,-,-,-,AA,AA,AA,-,AA,AA,AA,AA,AA,-,AA,-,-,-,AA,-,-,AA,AA,AA,AA,AA,-,AA,AA,AA,-,AA,AA,-,AA,BB,-,AA,-,AA,-,AA,AA,AA,AA,AA,-,AA,AA,-,-,AA,-,AA,AA,AA,AA,AA,-,-,AA,AA,-,AA,AA,-,AA,-,AA,AA,AA,AA,AA,AA,AA,AA,AA,AA,-,-,AA,AA,AA,-,AA,AA,AA,AA,AA,-,BB,BB,BB,BB,BB,-,BB,BB,BB,BB,-,BB,BB,-,BB,BB,BB,BB,-,-,-,-,BB,BB,BB,BB,-,BB,BB,BB,BB,-,-,-,BB,BB,BB,BB,BB,BB,BB,-,-,-,BB,BB,BB,BB,BB,BB,BB,BB,-,BB,-,BB,BB,BB,BB,BB,BB,BB,BB,BB,-,-,BB,BB,BB,BB,BB,BB,BB,BB,BB,-,BB,BB,BB,AA,AA,AA,BB,AA,AA,AA,-,AA,AA,-,AA,AA,AA,AA,AA,AA,-,AA,-,AA,-,AA,AA,AA,AA,-,-,AA,-,-,AA,BB,BB,AA,AA,-,BB,BB,-,BB,BB,BB,-,BB,BB,BB,BB,BB,BB,-,-,BB,BB,BB,BB,-,BB,BB,BB,BB,BB,-,BB,BB,-,-,BB,BB,BB,-,-,-,-,BB,-,BB,BB,BB,BB,BB,BB,BB,BB,BB,BB,-,BB,-,-,BB,-,BB,BB,AA,BB,-,-,-,-,-,BB,BB,BB,-,BB,BB,-,BB,BB,-,BB,BB,BB,BB,-,-,BB,BB,BB,-,BB,BB,BB,BB,BB,BB,BB,BB,BB,BB,BB,BB,BB,-,BB,-,BB,BB,BB,BB,BB,BB,-,BB,BB,-,BB,-,BB,-,AA,BB,BB,AA,BB,AA,AA,AA,AA,AA,-,AA,AA,AA,-,-,AA,AA,AA,AA,-,-,AA,-,AA,AA,AA,AA,AA,AA,AA,AA,AA,AA,AA,-,-,-,-,AA,AA,AA,-,-,AA,-,AA,AA,AA,AA,-,AA,AA,AA,-,AA,AA,-,AA,AA,AA,AA,AA,-,-,-,AA,-,AA,AA,AA,AA,-,-,AA,AA,AA,AA,-,-,AA,AA,-,AA,AA,-,-,AA,AA,AA,AA,AA,AA,-,AA,AA,AA,AA,-,AA,AA,AA,AA,AA,AA,AA,-,AA,AA,AA,AA,AA,-,AA,-,AA
192,1.5021045,1.45833,41.235897,40.8333,40.9999999999997,41,-0.311839843763077,AA,-,AA,AA,AA,AA,AA,-,AA,AA,AA,AA,AA,AA,-,AA,-,AA,AA,AA,AA,AA,AA,AA,AA,AA,AA,AA,AA,AA,AA,-,AA,AA,AA,AA,AA,-,-,-,AA,AA,AA,AA,AA,-,-,AA,AA,BB,-,BB,BB,BB,BB,-,BB,BB,BB,BB,BB,BB,BB,BB,BB,BB,BB,-,BB,BB,BB,-,BB,BB,BB,BB,-,BB,-,BB,BB,BB,BB,BB,BB,BB,BB,BB,-,BB,-,-,-,BB,-,BB,-,BB,BB,BB,BB,-,BB,BB,BB,BB,BB,-,BB,BB,-,BB,BB,BB,BB,-,-,BB,BB,BB,BB,-,BB,BB,BB,BB,BB,BB,BB,BB,BB,BB,BB,-,BB,-,BB,BB,BB,BB,-,BB,BB,BB,BB,BB,BB,-,BB,BB,BB,BB,BB,BB,-,BB,BB,-,BB,BB,BB,BB,-,BB,BB,-,-,BB,BB,BB,BB,BB,BB,BB,BB,BB,BB,BB,BB,-,BB,-,-,AA,AA,AA,AA,AA,AA,AA,AA,AA,AA,AA,AA,AA,AA,AA,AA,AA,AA,AA,AA,AA,AA,AA,AA,-,AA,AA,AA,AA,AA,-,AA,AA,AA,AA,AA,AA,-,AA,AA,-,AA,-,AA,AA,AA,-,-,AA,AA,AA,-,-,AA,AA,AA,-,AA,-,AA,AA,-,AA,AA,AA,AA,-,-,BB,BB,-,BB,BB,-,BB,BB,BB,BB,BB,BB,BB,BB,AA,-,AA,AA,AA,AA,AA,AA,AA,AA,AA,AA,BB,AA,BB,BB,BB,BB,BB,BB,BB,BB,BB,BB,BB,BB,BB,BB,BB,BB,BB,BB,BB,-,BB,BB,BB,-,-,BB,BB,BB,BB,BB,BB,BB,BB,BB,-,BB,BB,BB,BB,BB,BB,BB,BB,BB,-,BB,BB,BB,BB,BB,BB,BB,BB,BB,-,BB,BB,BB,BB,BB,AA,AA,AA,AA,AA,AA,AA,AA,AA,AA,AA,-,AA,AA,AA,AA,AA,AA,AA,AA,AA,AA,AA,AA,AA,AA,-,AA,AA,AA,AA,AA,AA,AA,AA,AA,AA,AA,AA,-,-,AA,AA,AA,AA,AA,BB,BB,-,BB,BB,BB,AA,BB,-,BB,AA,AA,AA,AA,AA,AA,-,AA,-,AA,AA,AA,AA,AA,AA,-,AA,AA,AA,AA,-,AA,AA,-,AA,AA,AA,-,AA,AA,-,-,AA,AA,-,AA,AA,AA,AA,AA,AA,-,AA,AA,-,-,AA,AA,AA,AA,-,AA,AA,AA,-
193,1.8997672,2,39.735571,43.8333,25.5,25.5,1.82602425981251,AA,AA,AA,AA,AA,AA,AA,AA,-,AA,-,AA,-,AA,AA,AA,AA,AA,-,-,AA,AA,AA,AA,AA,AA,AA,AA,AA,AA,AA,AA,AA,AA,AA,AA,AA,AA,AA,AA,AA,AA,AA,AA,AA,AA,AA,BB,AA,AA,AA,AA,AA,AA,AA,AA,AA,AA,AA,AA,AA,-,BB,BB,BB,-,BB,BB,BB,-,BB,BB,-,BB,BB,BB,BB,BB,BB,BB,BB,BB,BB,-,BB,BB,-,BB,BB,BB,BB,BB,BB,BB,BB,BB,BB,BB,BB,BB,-,BB,BB,BB,BB,BB,AA,AA,-,AA,AA,AA,AA,-,AA,AA,-,AA,AA,-,AA,AA,AA,AA,AA,AA,AA,AA,AA,AA,AA,AA,AA,AA,AA,AA,AA,AA,AA,-,AA,AA,AA,AA,AA,AA,AA,AA,AA,AA,AA,AA,AA,AA,AA,AA,AA,AA,AA,AA,AA,AA,AA,AA,AA,AA,AA,AA,AA,BB,BB,-,BB,BB,BB,-,BB,BB,BB,BB,BB,BB,BB,BB,BB,BB,BB,BB,BB,BB,BB,BB,BB,BB,BB,BB,BB,BB,-,BB,BB,BB,BB,BB,BB,BB,BB,BB,BB,BB,BB,BB,BB,BB,BB,BB,BB,BB,BB,BB,AA,AA,AA,AA,AA,AA,AA,AA,AA,AA,AA,AA,BB,BB,AA,BB,BB,BB,BB,BB,BB,BB,BB,BB,BB,BB,BB,BB,-,AA,AA,AA,AA,AA,AA,AA,AA,AA,AA,AA,-,AA,-,AA,AA,BB,-,BB,BB,BB,BB,BB,BB,BB,AA,AA,AA,BB,-,BB,BB,BB,-,BB,BB,BB,BB,BB,BB,BB,BB,BB,BB,BB,BB,BB,BB,BB,BB,BB,BB,BB,BB,BB,BB,BB,BB,BB,BB,BB,BB,BB,-,BB,BB,BB,BB,BB,BB,BB,BB,-,BB,BB,BB,BB,BB,BB,BB,-,BB,BB,BB,BB,BB,-,BB,BB,BB,BB,BB,BB,BB,-,BB,BB,BB,BB,BB,BB,BB,-,BB,-,BB,BB,BB,BB,BB,-,-,BB,-,BB,BB,BB,BB,BB,BB,BB,-,BB,BB,AA,AA,AA,AA,AA,AA,AA,-,AA,AA,AA,-,AA,AA,AA,AA,AA,-,-,AA,AA,AA,AA,AA,AA,AA,AA,AA,-,AA,AA,AA,AA,AA,AA,AA,AA,AA,-,BB,-,BB,BB,BB,BB,BB,AA,AA,AA,AA,AA,AA,AA,AA,AA,AA,AA,AA,AA,AA,AA,AA,AA,-,AA,AA,AA,AA,AA,AA,AA,AA,AA,AA,-,-,AA
194,1.4501214,1.54167,52.238451,57.7778,20.4999999999999,20.5,-0.118584280558254,-,-,BB,BB,-,-,BB,-,BB,BB,-,BB,-,BB,-,BB,-,BB,-,-,-,-,BB,BB,BB,BB,BB,BB,BB,BB,-,BB,-,-,BB,BB,BB,BB,BB,BB,BB,BB,BB,BB,-,BB,AA,AA,AA,AA,-,AA,AA,-,AA,-,-,-,AA,AA,AA,AA,-,-,AA,AA,AA,AA,AA,-,-,AA,AA,-,-,-,-,AA,-,-,-,AA,-,-,-,-,-,AA,AA,AA,AA,-,-,-,AA,AA,-,AA,AA,AA,AA,AA,AA,AA,AA,-,AA,AA,-,AA,AA,AA,AA,-,AA,AA,-,AA,-,-,-,-,AA,-,-,-,-,AA,AA,AA,AA,-,AA,-,AA,-,-,AA,AA,AA,-,-,AA,-,-,AA,-,-,BB,AA,BB,-,-,BB,BB,-,BB,BB,-,-,BB,BB,BB,BB,BB,BB,BB,BB,BB,BB,BB,-,-,BB,BB,-,-,-,-,BB,BB,BB,BB,BB,BB,BB,-,BB,BB,-,-,-,BB,-,-,BB,BB,BB,BB,-,BB,-,-,BB,BB,-,BB,BB,BB,-,BB,BB,-,-,BB,-,BB,-,-,-,BB,BB,BB,-,BB,-,BB,BB,AA,-,-,-,AA,AA,-,AA,AA,AA,-,-,AA,-,AA,AA,-,-,-,-,-,-,AA,AA,-,-,AA,AA,-,-,AA,AA,-,AA,-,AA,AA,BB,-,BB,BB,BB,BB,BB,-,-,BB,-,-,-,BB,-,BB,-,BB,-,BB,BB,BB,-,AA,AA,AA,AA,AA,-,AA,AA,AA,AA,-,AA,AA,AA,-,AA,-,-,AA,AA,AA,AA,AA,AA,AA,-,-,-,AA,AA,-,AA,-,-,AA,-,-,AA,-,AA,AA,AA,-,BB,-,BB,BB,-,BB,BB,BB,BB,BB,BB,BB,BB,BB,BB,BB,BB,BB,-,BB,-,-,-,-,BB,BB,BB,BB,BB,-,AA,-,AA,-,AA,-,-,-,AA,AA,AA,AA,AA,AA,AA,AA,-,AA,-,-,-,AA,AA,-,-,AA,AA,-,-,AA,-,AA,-,-,AA,AA,AA,AA,-,-,BB,-,-,AA,AA,AA,AA,AA,-,-,-,-,-,AA,-,AA,-,AA,-,-,AA,AA,AA,AA,AA,AA,-,AA,AA,-,AA,-,-,AA,-,-,AA,-,-,AA,AA,AA,-,AA,AA,-,-,-,AA
195,0.9767283,0.96,51.575528,51.8333,50.4999999999998,50.5,-1.06663720494569,AA,AA,AA,AA,AA,AA,AA,AA,AA,AA,AA,AA,AA,AA,AA,AA,-,AA,AA,AA,AA,AA,AA,AA,AA,AA,AA,AA,AA,AA,AA,AA,AA,AA,AA,AA,AA,AA,AA,AA,AA,AA,AA,AA,-,AA,AA,AA,AA,AA,AA,AA,AA,AA,AA,AA,AA,AA,AA,AA,AA,AA,AA,AA,AA,-,AA,AA,AA,AA,AA,AA,AA,AA,AA,AA,AA,AA,AA,AA,AA,AA,AA,AA,AA,-,AA,AA,AA,AA,AA,AA,AA,AA,AA,AA,AA,AA,AA,AA,-,AA,-,AA,AA,AA,AA,AA,AA,AA,AA,AA,AA,AA,AA,AA,AA,AA,AA,AA,-,-,AA,AA,AA,AA,AA,AA,AA,AA,AA,AA,AA,-,AA,AA,AA,AA,AA,-,AA,AA,AA,AA,AA,AA,-,AA,AA,AA,AA,AA,-,AA,AA,AA,-,AA,-,AA,AA,AA,AA,AA,AA,AA,AA,AA,-,AA,-,AA,AA,AA,AA,AA,AA,AA,-,AA,AA,-,AA,-,-,AA,AA,AA,AA,-,AA,AA,AA,AA,AA,AA,AA,AA,AA,AA,AA,AA,AA,AA,AA,AA,AA,AA,AA,AA,AA,AA,AA,AA,AA,AA,AA,AA,AA,AA,AA,AA,AA,AA,AA,AA,AA,AA,AA,AA,AA,-,AA,AA,AA,AA,AA,AA,AA,AA,AA,AA,AA,AA,AA,AA,AA,AA,AA,AA,AA,AA,AA,AA,AA,AA,AA,AA,AA,AA,AA,AA,AA,-,AA,AA,AA,AA,AA,AA,AA,AA,AA,AA,AA,AA,BB,BB,BB,BB,BB,BB,BB,BB,BB,BB,BB,-,BB,BB,BB,BB,BB,BB,BB,-,BB,BB,BB,BB,BB,BB,BB,BB,BB,BB,BB,BB,BB,BB,BB,BB,BB,BB,BB,BB,-,BB,BB,BB,BB,BB,BB,BB,BB,BB,BB,BB,BB,BB,BB,BB,BB,BB,BB,BB,BB,BB,BB,-,AA,AA,AA,AA,AA,AA,AA,AA,AA,AA,AA,AA,AA,AA,AA,AA,AA,AA,-,AA,AA,AA,AA,AA,AA,AA,AA,-,AA,AA,AA,AA,AA,AA,AA,AA,AA,-,AA,AA,AA,-,AA,AA,-,AA,AA,AA,AA,AA,AA,AA,AA,AA,AA,AA,AA,AA,AA,AA,AA,AA,-,AA,AA,AA,AA,BB,BB,BB,BB,BB,-,BB,BB,BB,BB,BB,BB,BB,BB,BB,BB,BB,BB,BB,BB,BB,BB,BB,-,BB,BB,BB,BB,BB,BB,BB,BB,BB,BB,BB,BB,BB,BB,AA,-,AA,AA,AA
196,0.9455057,1.02833,47.816009,52.1111,19.5,19.5,-0.979296238834673,BB,BB,BB,BB,BB,BB,BB,BB,BB,BB,BB,-,BB,BB,BB,BB,BB,BB,BB,BB,BB,BB,BB,-,BB,BB,BB,BB,BB,BB,BB,BB,BB,BB,BB,BB,BB,BB,BB,-,BB,BB,BB,AA,BB,BB,BB,BB,BB,BB,AA,AA,AA,AA,AA,AA,AA,AA,-,AA,AA,AA,AA,AA,AA,-,AA,AA,AA,-,AA,AA,AA,AA,AA,AA,AA,AA,AA,AA,AA,AA,AA,AA,AA,AA,-,AA,-,AA,AA,AA,AA,-,AA,AA,AA,AA,AA,AA,-,-,-,BB,BB,BB,-,-,-,BB,AA,AA,AA,-,AA,AA,AA,AA,AA,AA,AA,AA,AA,AA,AA,AA,AA,AA,AA,AA,AA,AA,AA,AA,AA,AA,AA,AA,AA,-,AA,AA,AA,AA,AA,AA,AA,AA,AA,AA,AA,AA,AA,AA,-,AA,AA,AA,AA,AA,AA,AA,AA,AA,AA,AA,-,BB,BB,BB,-,BB,BB,BB,BB,BB,BB,BB,BB,BB,BB,BB,BB,AA,AA,AA,-,AA,AA,AA,AA,AA,AA,AA,AA,AA,AA,AA,AA,AA,AA,AA,AA,AA,AA,AA,AA,AA,AA,AA,AA,AA,AA,AA,BB,-,AA,AA,AA,AA,AA,AA,AA,AA,AA,AA,AA,AA,AA,AA,AA,AA,AA,AA,AA,AA,AA,AA,AA,AA,AA,AA,AA,AA,AA,AA,AA,AA,AA,BB,AA,AA,AA,AA,BB,BB,AA,AA,AA,AA,AA,AA,AA,-,-,BB,BB,BB,BB,BB,BB,BB,BB,BB,BB,BB,BB,BB,BB,BB,BB,BB,BB,BB,BB,BB,BB,BB,BB,BB,BB,-,BB,BB,BB,-,BB,BB,BB,BB,BB,BB,BB,BB,BB,-,BB,BB,BB,BB,-,BB,BB,BB,BB,BB,BB,BB,BB,BB,BB,BB,BB,BB,BB,BB,BB,BB,BB,BB,BB,BB,BB,BB,BB,BB,-,BB,BB,-,AA,AA,AA,AA,AA,AA,AA,AA,AA,AA,AA,-,-,AA,AA,AA,AA,AA,AA,AA,-,AA,BB,BB,AA,AA,-,BB,BB,BB,BB,BB,BB,BB,BB,BB,BB,BB,BB,BB,BB,BB,BB,BB,BB,BB,BB,AA,BB,BB,BB,BB,BB,BB,BB,AA,BB,BB,BB,BB,BB,BB,BB,BB,BB,BB,BB,BB,BB,BB,BB,BB,BB,-,BB,BB,BB,BB,BB,BB,-,BB,BB,BB,BB,BB,BB,BB,BB,BB,BB,BB,BB,BB,BB,BB,BB,BB,BB,AA,AA,AA,AA,AA,AA,BB,BB,BB,BB,BB
197,1.7776715,1.72333,46.822032,47.5,55.0000000000002,55,0.339128042047994,BB,BB,BB,BB,BB,BB,BB,BB,BB,BB,BB,BB,BB,BB,BB,BB,BB,BB,BB,BB,BB,BB,BB,BB,BB,BB,BB,-,BB,BB,BB,BB,BB,BB,BB,BB,BB,BB,BB,BB,BB,BB,BB,-,BB,BB,BB,BB,BB,BB,BB,BB,BB,BB,BB,BB,BB,BB,BB,BB,-,BB,BB,BB,BB,-,-,BB,BB,BB,BB,BB,BB,BB,BB,BB,BB,BB,BB,BB,BB,BB,-,BB,BB,BB,BB,BB,BB,BB,BB,-,BB,-,BB,BB,BB,BB,BB,BB,-,BB,-,AA,AA,AA,AA,-,AA,AA,AA,AA,AA,AA,AA,AA,AA,AA,AA,AA,AA,AA,AA,AA,AA,AA,AA,AA,AA,AA,AA,AA,AA,AA,AA,AA,AA,AA,AA,-,AA,AA,AA,AA,AA,AA,AA,AA,AA,AA,AA,AA,AA,AA,AA,AA,AA,AA,AA,AA,AA,AA,AA,AA,AA,AA,BB,BB,BB,BB,-,BB,BB,BB,BB,BB,BB,BB,BB,BB,BB,BB,BB,-,-,BB,BB,BB,BB,-,BB,BB,BB,BB,BB,BB,BB,BB,BB,BB,BB,BB,BB,BB,BB,BB,BB,BB,BB,BB,BB,BB,AA,AA,-,AA,AA,AA,AA,AA,AA,AA,AA,-,AA,AA,AA,AA,AA,AA,AA,AA,AA,AA,AA,AA,AA,AA,AA,AA,AA,AA,AA,AA,AA,AA,AA,AA,AA,AA,AA,AA,AA,AA,AA,AA,AA,AA,AA,AA,AA,AA,AA,-,AA,AA,AA,AA,AA,AA,AA,AA,AA,AA,BB,BB,BB,BB,BB,BB,BB,BB,BB,BB,BB,BB,BB,BB,BB,BB,BB,BB,BB,BB,BB,-,BB,BB,BB,BB,BB,BB,BB,BB,-,AA,AA,AA,AA,AA,AA,AA,AA,AA,AA,-,-,AA,AA,AA,AA,AA,AA,AA,AA,AA,AA,AA,AA,AA,-,AA,AA,AA,AA,AA,AA,AA,AA,-,BB,BB,BB,BB,AA,AA,AA,BB,BB,BB,BB,BB,BB,BB,BB,BB,BB,BB,BB,BB,BB,BB,BB,-,BB,BB,BB,-,-,-,BB,BB,AA,BB,BB,BB,-,BB,BB,BB,BB,BB,BB,BB,BB,BB,BB,AA,BB,BB,BB,BB,BB,BB,BB,BB,BB,BB,BB,BB,BB,BB,BB,BB,BB,BB,BB,BB,AA,AA,AA,AA,AA,AA,AA,AA,AA,AA,AA,-,-,AA,AA,AA,AA,AA,AA,AA,AA,AA,AA,AA,AA,AA,AA,AA,AA,AA,AA,AA,AA,AA,AA,AA,AA,BB,AA,AA,AA,AA
198,1.682316,1.70833,48.691886,49.8333,37.5,37.5,0.277090111619422,BB,BB,BB,BB,BB,BB,BB,BB,BB,BB,BB,BB,BB,BB,BB,BB,BB,BB,BB,BB,BB,BB,BB,BB,BB,BB,BB,AA,AA,BB,AA,AA,AA,AA,AA,AA,AA,AA,AA,AA,AA,AA,AA,AA,AA,AA,AA,BB,BB,BB,BB,BB,BB,BB,BB,BB,BB,BB,BB,BB,BB,-,BB,BB,BB,BB,AA,AA,AA,-,AA,-,AA,AA,AA,AA,AA,AA,AA,AA,AA,AA,AA,AA,AA,AA,AA,AA,AA,AA,AA,-,AA,AA,AA,-,AA,AA,AA,AA,AA,AA,AA,BB,BB,BB,BB,BB,BB,-,BB,BB,BB,BB,BB,BB,BB,BB,BB,BB,BB,BB,-,BB,BB,BB,BB,BB,BB,-,BB,BB,BB,BB,BB,AA,-,BB,BB,BB,BB,BB,-,BB,BB,BB,BB,BB,-,BB,BB,BB,BB,-,BB,BB,BB,BB,BB,BB,-,BB,BB,-,BB,BB,BB,BB,BB,BB,BB,BB,BB,-,BB,BB,BB,BB,BB,BB,BB,BB,BB,BB,BB,BB,BB,AA,AA,AA,AA,AA,AA,AA,AA,AA,AA,AA,AA,AA,-,AA,-,AA,AA,AA,AA,AA,AA,AA,AA,AA,AA,AA,AA,AA,AA,AA,AA,AA,AA,AA,AA,AA,AA,AA,AA,AA,AA,-,AA,AA,AA,AA,AA,AA,AA,AA,AA,AA,AA,-,-,AA,AA,AA,AA,AA,AA,-,AA,AA,AA,AA,BB,AA,AA,AA,AA,AA,AA,AA,AA,AA,AA,AA,AA,AA,AA,AA,AA,AA,AA,AA,AA,AA,AA,AA,AA,AA,AA,AA,AA,-,AA,-,AA,-,AA,AA,AA,AA,AA,AA,AA,AA,AA,AA,AA,BB,BB,AA,BB,-,BB,BB,BB,BB,BB,BB,BB,BB,BB,BB,BB,BB,BB,-,BB,AA,AA,AA,AA,AA,AA,AA,AA,AA,AA,AA,AA,AA,AA,AA,AA,AA,AA,AA,AA,BB,BB,BB,BB,BB,BB,BB,BB,BB,-,BB,BB,BB,BB,BB,BB,BB,BB,BB,-,BB,BB,BB,BB,BB,BB,BB,BB,BB,BB,BB,BB,BB,BB,BB,BB,BB,BB,BB,BB,BB,BB,-,BB,BB,BB,BB,AA,AA,AA,AA,AA,AA,AA,AA,AA,AA,AA,AA,AA,AA,AA,-,-,AA,AA,BB,BB,BB,BB,BB,BB,BB,BB,BB,BB,-,BB,BB,BB,BB,BB,AA,AA,AA,AA,AA,AA,AA,AA,AA,AA,AA,AA,AA,-,-,AA,AA,AA,AA,AA,AA,AA,AA,AA,BB,BB,BB,BB,BB
199,1.4379403,1.47333,42.509249,42.5,49.9999999999999,50,-0.246481227542264,BB,BB,BB,BB,BB,BB,BB,BB,BB,BB,BB,BB,BB,BB,BB,BB,BB,BB,BB,AA,BB,BB,BB,BB,BB,BB,BB,AA,AA,AA,AA,AA,AA,AA,AA,AA,AA,AA,AA,AA,AA,AA,AA,AA,-,AA,AA,AA,AA,BB,AA,BB,-,BB,BB,BB,BB,BB,BB,BB,BB,BB,BB,BB,BB,BB,AA,AA,AA,-,-,AA,AA,AA,AA,AA,AA,AA,AA,AA,AA,AA,AA,AA,AA,-,AA,AA,AA,BB,AA,BB,BB,BB,BB,BB,BB,BB,BB,BB,BB,BB,BB,BB,BB,BB,BB,BB,BB,BB,BB,BB,BB,BB,BB,BB,BB,BB,BB,BB,BB,BB,BB,BB,BB,BB,BB,BB,BB,AA,AA,AA,AA,AA,AA,AA,AA,AA,AA,AA,AA,AA,AA,AA,AA,AA,AA,AA,AA,AA,AA,AA,-,AA,AA,AA,-,BB,AA,AA,AA,AA,AA,BB,AA,AA,BB,BB,BB,-,BB,BB,BB,BB,BB,BB,BB,BB,BB,BB,AA,AA,BB,AA,AA,AA,AA,AA,AA,-,AA,AA,AA,AA,AA,AA,AA,AA,AA,-,BB,AA,AA,AA,AA,AA,AA,AA,AA,AA,AA,AA,BB,BB,BB,BB,BB,BB,BB,BB,BB,BB,BB,BB,BB,BB,BB,BB,BB,BB,BB,BB,BB,BB,BB,BB,BB,BB,-,BB,BB,BB,-,BB,BB,BB,BB,BB,BB,BB,BB,BB,BB,BB,BB,BB,BB,BB,BB,BB,BB,BB,BB,BB,BB,AA,AA,AA,AA,AA,AA,AA,AA,AA,AA,AA,AA,AA,AA,-,-,AA,AA,AA,AA,AA,AA,-,BB,BB,BB,BB,BB,BB,BB,BB,BB,BB,BB,BB,BB,BB,BB,BB,-,BB,BB,BB,BB,BB,BB,BB,BB,BB,BB,BB,BB,BB,BB,BB,BB,BB,BB,BB,BB,-,BB,BB,BB,BB,BB,BB,BB,BB,BB,BB,BB,BB,BB,AA,AA,AA,AA,AA,AA,AA,AA,-,-,AA,AA,AA,AA,AA,AA,AA,AA,AA,AA,AA,AA,AA,AA,AA,AA,AA,AA,AA,AA,AA,AA,AA,AA,AA,AA,AA,AA,-,AA,AA,AA,AA,AA,AA,AA,AA,AA,AA,AA,AA,AA,AA,AA,AA,AA,AA,AA,AA,AA,AA,AA,AA,AA,AA,AA,AA,AA,AA,AA,AA,AA,AA,AA,AA,AA,AA,AA,AA,AA,-,AA,AA,AA,AA,AA,AA,AA,AA,AA,BB,AA,AA,BB,BB,BB,BB,BB,BB,BB,BB,BB,BB,BB,BB,BB,BB,BB,BB,BB,BB
200,1.1819645,1.195,34.849589,32.8333,21,21,-0.743420496902133,AA,AA,AA,AA,AA,AA,-,AA,AA,AA,AA,AA,AA,AA,AA,AA,-,BB,BB,BB,BB,BB,BB,BB,BB,BB,AA,BB,BB,BB,BB,BB,BB,BB,BB,BB,BB,BB,BB,BB,BB,BB,BB,BB,BB,BB,AA,AA,AA,AA,AA,AA,AA,AA,AA,-,AA,AA,AA,AA,AA,AA,-,AA,AA,AA,AA,AA,AA,AA,AA,-,AA,AA,AA,AA,AA,AA,AA,AA,AA,-,AA,AA,AA,AA,AA,AA,AA,AA,AA,AA,-,AA,AA,AA,AA,AA,AA,AA,AA,AA,AA,AA,AA,AA,AA,AA,AA,AA,AA,AA,AA,AA,AA,AA,-,AA,AA,AA,AA,-,AA,AA,AA,AA,-,AA,AA,AA,AA,AA,AA,AA,AA,AA,AA,AA,-,AA,AA,AA,AA,AA,AA,AA,-,AA,AA,-,AA,AA,AA,-,AA,AA,AA,AA,AA,AA,AA,AA,AA,AA,AA,AA,AA,-,-,AA,AA,AA,AA,AA,AA,AA,AA,AA,AA,AA,AA,AA,AA,AA,AA,AA,AA,AA,AA,AA,-,AA,AA,AA,AA,-,AA,AA,AA,AA,AA,AA,AA,AA,AA,AA,AA,AA,AA,-,AA,AA,BB,BB,BB,BB,BB,BB,-,BB,BB,-,BB,BB,BB,BB,BB,-,AA,-,AA,AA,-,-,AA,AA,AA,AA,AA,AA,AA,AA,AA,AA,AA,AA,BB,AA,BB,BB,AA,AA,AA,AA,AA,AA,AA,AA,AA,AA,AA,AA,AA,AA,AA,BB,BB,-,BB,BB,BB,BB,BB,BB,BB,BB,BB,BB,-,BB,BB,-,BB,BB,BB,BB,BB,BB,BB,BB,BB,BB,BB,BB,BB,BB,BB,BB,BB,BB,BB,BB,BB,BB,BB,BB,BB,BB,BB,BB,BB,BB,BB,BB,BB,BB,BB,BB,BB,-,BB,BB,BB,BB,-,BB,BB,-,BB,BB,BB,BB,BB,BB,BB,BB,BB,BB,BB,AA,AA,AA,AA,AA,AA,AA,AA,-,AA,AA,AA,AA,AA,AA,AA,AA,AA,AA,AA,AA,AA,AA,AA,AA,AA,AA,AA,AA,AA,AA,AA,-,AA,AA,AA,AA,AA,AA,AA,AA,AA,AA,AA,AA,AA,AA,AA,AA,AA,AA,AA,AA,AA,AA,AA,AA,AA,-,-,AA,AA,-,AA,AA,AA,AA,AA,AA,AA,AA,AA,AA,AA,AA,AA,AA,AA,AA,AA,AA,AA,AA,AA,AA,AA,AA,AA,AA,AA,AA,AA,AA,AA,AA,AA,AA,AA,AA,AA,AA,AA,AA,AA,AA,AA,AA,AA,AA,AA,AA
201,1.4694761,1.5,46.303431,49.8333,21.5000000000001,21.5,-0.182159918419296,AA,AA,AA,AA,AA,AA,-,AA,AA,AA,AA,AA,AA,AA,AA,-,AA,AA,AA,-,AA,AA,AA,AA,AA,AA,AA,-,AA,AA,-,AA,AA,-,AA,AA,AA,AA,AA,AA,AA,AA,AA,AA,AA,-,AA,-,AA,AA,AA,AA,AA,AA,AA,AA,AA,AA,AA,AA,-,AA,AA,AA,AA,AA,AA,AA,AA,-,AA,AA,AA,AA,AA,AA,-,AA,AA,AA,AA,AA,AA,-,-,AA,AA,AA,AA,BB,AA,BB,BB,BB,-,-,BB,BB,BB,BB,BB,BB,BB,BB,BB,BB,BB,BB,BB,-,BB,AA,AA,AA,-,AA,AA,AA,AA,AA,AA,-,AA,AA,AA,AA,AA,AA,AA,AA,AA,AA,AA,AA,AA,-,AA,AA,AA,AA,BB,BB,BB,BB,BB,BB,BB,AA,AA,BB,AA,BB,BB,-,BB,BB,BB,-,BB,BB,BB,BB,BB,BB,BB,BB,BB,BB,BB,BB,BB,BB,BB,BB,BB,BB,BB,BB,BB,-,BB,-,BB,BB,BB,BB,BB,BB,BB,BB,BB,BB,BB,BB,BB,AA,AA,AA,-,AA,-,AA,-,AA,AA,AA,AA,-,AA,AA,AA,AA,AA,BB,-,BB,BB,BB,BB,-,BB,BB,BB,BB,BB,BB,BB,BB,BB,BB,-,BB,BB,BB,BB,BB,BB,BB,BB,BB,BB,BB,BB,BB,BB,BB,BB,BB,BB,-,BB,BB,BB,BB,-,-,-,BB,BB,BB,BB,BB,BB,BB,BB,BB,BB,BB,BB,-,BB,BB,BB,BB,BB,BB,AA,AA,AA,-,AA,AA,-,AA,AA,AA,AA,AA,AA,AA,AA,AA,AA,AA,AA,AA,-,AA,AA,AA,AA,AA,AA,-,AA,AA,AA,AA,AA,AA,AA,AA,AA,AA,AA,BB,BB,BB,BB,BB,-,BB,BB,BB,AA,BB,BB,-,AA,AA,AA,AA,AA,AA,AA,AA,AA,AA,AA,BB,BB,BB,BB,BB,-,-,BB,BB,-,-,-,BB,BB,BB,BB,BB,BB,BB,BB,BB,BB,BB,BB,BB,-,BB,BB,BB,BB,BB,BB,BB,-,BB,BB,BB,BB,BB,BB,BB,BB,BB,BB,BB,BB,BB,BB,-,BB,BB,BB,-,BB,BB,BB,BB,BB,-,BB,BB,BB,-,BB,BB,BB,BB,-,-,BB,BB,BB,BB,BB,BB,BB,BB,BB,-,BB,BB,BB,BB,BB,BB,BB,BB,BB,BB,BB,BB,BB,BB,-,-,BB,BB,BB,BB,BB,BB,BB,BB,BB,BB,BB,BB,BB,BB,BB,BB
202,1.164367,1.235,43.06215,47,20,20,-0.686139144261701,AA,AA,AA,AA,AA,AA,AA,AA,AA,AA,AA,AA,AA,AA,AA,AA,AA,-,AA,AA,AA,AA,AA,AA,AA,AA,AA,AA,AA,AA,AA,AA,AA,AA,AA,AA,AA,AA,AA,AA,AA,AA,AA,-,AA,AA,AA,BB,AA,AA,AA,AA,AA,AA,AA,AA,AA,AA,AA,AA,AA,AA,AA,AA,AA,AA,AA,AA,AA,AA,AA,AA,AA,AA,-,AA,-,AA,AA,AA,AA,AA,AA,AA,AA,-,AA,AA,AA,AA,AA,AA,AA,AA,AA,-,AA,BB,AA,AA,AA,AA,BB,AA,AA,AA,AA,AA,AA,AA,AA,AA,AA,AA,AA,-,AA,AA,AA,AA,AA,AA,AA,AA,AA,AA,AA,BB,BB,BB,BB,BB,BB,BB,BB,BB,BB,BB,BB,BB,-,BB,BB,BB,BB,BB,BB,BB,BB,BB,BB,BB,BB,BB,BB,BB,BB,BB,BB,BB,BB,BB,BB,BB,BB,BB,BB,BB,BB,-,BB,BB,BB,BB,BB,BB,BB,BB,BB,BB,BB,BB,BB,BB,BB,BB,BB,BB,BB,BB,BB,BB,BB,BB,-,BB,BB,BB,-,BB,BB,BB,BB,BB,BB,BB,BB,BB,BB,BB,BB,BB,BB,BB,BB,BB,BB,BB,AA,AA,AA,AA,AA,AA,-,AA,-,AA,AA,AA,AA,AA,AA,AA,AA,AA,AA,AA,AA,AA,-,AA,AA,AA,AA,AA,AA,AA,AA,AA,-,AA,AA,AA,AA,-,AA,AA,AA,AA,AA,AA,AA,AA,AA,BB,BB,BB,BB,BB,-,BB,BB,-,BB,BB,AA,AA,AA,AA,AA,AA,AA,AA,AA,AA,AA,AA,AA,AA,AA,AA,AA,AA,AA,AA,AA,AA,-,AA,AA,AA,-,AA,BB,BB,BB,BB,BB,BB,BB,BB,BB,BB,BB,BB,BB,BB,BB,BB,BB,BB,BB,-,BB,BB,BB,BB,BB,BB,BB,BB,-,-,AA,AA,AA,AA,AA,AA,AA,AA,AA,AA,AA,-,AA,AA,AA,AA,AA,AA,AA,AA,AA,AA,AA,AA,AA,AA,AA,AA,AA,AA,AA,-,AA,AA,-,AA,AA,AA,AA,AA,AA,AA,AA,AA,AA,AA,AA,-,AA,AA,AA,AA,AA,BB,-,BB,BB,AA,BB,BB,BB,BB,BB,BB,BB,BB,BB,BB,BB,BB,BB,BB,BB,BB,BB,BB,BB,BB,BB,BB,BB,BB,BB,BB,BB,BB,AA,BB,BB,BB,BB,BB,BB,BB,BB,BB,BB,BB,BB,BB,BB,-,BB,BB,-,BB,BB,-,-,BB,BB,BB,BB,BB,BB,BB
203,1.6774134,1.765,41.685164,46,22.0000000000001,22,0.422628442276567,AA,AA,AA,AA,AA,AA,AA,AA,AA,AA,AA,AA,AA,AA,AA,-,AA,-,AA,-,AA,AA,AA,AA,AA,AA,AA,AA,AA,AA,AA,AA,AA,AA,AA,AA,AA,AA,AA,AA,AA,AA,AA,AA,AA,AA,AA,AA,AA,AA,AA,AA,AA,AA,AA,-,AA,AA,AA,AA,AA,AA,AA,AA,AA,AA,AA,AA,AA,BB,BB,BB,BB,BB,BB,BB,BB,BB,BB,-,BB,BB,BB,BB,BB,BB,BB,BB,BB,BB,BB,BB,BB,BB,BB,-,BB,BB,BB,BB,BB,BB,BB,BB,BB,BB,BB,BB,BB,BB,BB,BB,BB,BB,BB,BB,BB,BB,BB,BB,BB,BB,BB,BB,BB,BB,BB,BB,BB,BB,BB,BB,BB,BB,BB,-,BB,BB,BB,BB,BB,BB,BB,BB,BB,BB,BB,BB,BB,BB,BB,BB,BB,BB,BB,BB,BB,BB,BB,BB,BB,BB,BB,BB,BB,BB,BB,BB,BB,BB,BB,BB,BB,BB,BB,BB,BB,BB,BB,BB,BB,BB,BB,BB,BB,BB,BB,BB,BB,BB,BB,BB,BB,BB,BB,BB,BB,BB,BB,BB,BB,BB,BB,BB,BB,BB,BB,-,BB,BB,BB,BB,-,BB,BB,BB,BB,BB,BB,BB,BB,BB,BB,BB,BB,-,AA,AA,AA,AA,AA,AA,AA,AA,AA,AA,AA,AA,AA,AA,AA,AA,AA,AA,-,AA,AA,AA,AA,BB,AA,AA,AA,AA,AA,AA,AA,AA,AA,AA,AA,AA,AA,AA,AA,BB,BB,BB,BB,BB,-,BB,BB,BB,BB,BB,BB,BB,BB,BB,BB,BB,BB,BB,BB,BB,BB,AA,AA,AA,AA,AA,AA,AA,AA,AA,AA,AA,AA,-,AA,AA,AA,AA,AA,-,AA,AA,AA,AA,AA,-,-,AA,AA,AA,AA,AA,AA,AA,BB,BB,BB,BB,BB,BB,BB,BB,BB,BB,BB,BB,-,BB,BB,BB,BB,BB,BB,AA,AA,AA,AA,AA,AA,AA,AA,AA,AA,AA,AA,AA,AA,AA,AA,AA,AA,AA,AA,AA,AA,AA,AA,AA,AA,-,AA,AA,AA,AA,AA,AA,AA,AA,AA,AA,AA,AA,AA,AA,AA,AA,AA,AA,AA,AA,AA,AA,AA,AA,AA,AA,-,-,AA,AA,AA,AA,AA,AA,AA,AA,AA,AA,AA,AA,AA,-,AA,AA,AA,AA,AA,AA,AA,AA,AA,BB,BB,BB,BB,AA,AA,AA,AA,AA,AA,AA,-,AA,AA,AA,AA,AA,AA,AA,-,AA,AA,AA,AA,AA,AA,AA,AA,AA,AA,AA,AA,AA
204,1.2582309,1.305,42.651278,46.6667,32.4999999999998,32.5,-0.604181899103896,BB,-,BB,BB,-,BB,BB,-,BB,BB,BB,BB,BB,BB,-,-,BB,BB,-,BB,BB,BB,-,BB,BB,BB,BB,BB,BB,BB,-,AA,AA,AA,AA,AA,AA,AA,AA,AA,AA,AA,AA,AA,AA,AA,AA,-,-,BB,AA,BB,BB,BB,BB,BB,BB,BB,BB,AA,AA,-,AA,AA,AA,AA,AA,AA,AA,AA,AA,AA,AA,AA,AA,AA,AA,AA,AA,AA,AA,AA,AA,AA,BB,AA,AA,BB,AA,BB,AA,BB,-,BB,BB,BB,-,-,BB,BB,BB,BB,BB,AA,AA,AA,AA,BB,BB,BB,BB,BB,BB,BB,AA,BB,BB,BB,BB,BB,BB,BB,BB,BB,BB,BB,BB,BB,BB,BB,-,BB,BB,BB,BB,BB,BB,BB,BB,BB,BB,BB,BB,BB,BB,BB,BB,BB,BB,BB,-,BB,BB,BB,BB,-,AA,AA,AA,AA,BB,BB,BB,-,AA,AA,AA,AA,AA,AA,AA,AA,AA,AA,AA,AA,AA,AA,-,-,AA,AA,AA,AA,AA,AA,AA,AA,AA,AA,AA,AA,AA,AA,AA,AA,-,AA,AA,AA,AA,AA,-,AA,-,AA,AA,AA,AA,AA,AA,AA,AA,BB,BB,AA,AA,-,BB,BB,-,BB,BB,BB,AA,BB,BB,-,AA,AA,AA,AA,-,AA,AA,AA,AA,BB,BB,BB,BB,BB,BB,BB,-,BB,BB,BB,BB,-,-,BB,BB,BB,-,-,BB,BB,BB,-,BB,BB,-,BB,BB,AA,-,BB,AA,AA,BB,BB,-,BB,AA,AA,AA,BB,AA,-,AA,AA,AA,BB,BB,AA,BB,BB,BB,BB,BB,-,BB,BB,-,BB,BB,BB,BB,BB,BB,BB,BB,BB,BB,BB,BB,BB,BB,BB,BB,BB,BB,BB,BB,-,BB,-,BB,BB,BB,-,BB,BB,BB,-,BB,BB,BB,BB,BB,BB,BB,BB,BB,BB,BB,BB,BB,AA,AA,AA,BB,AA,AA,AA,AA,BB,AA,AA,-,BB,BB,-,BB,BB,BB,-,AA,AA,AA,AA,AA,AA,AA,-,AA,AA,AA,AA,-,AA,AA,AA,AA,AA,AA,AA,AA,-,AA,-,AA,AA,-,AA,AA,-,AA,AA,AA,AA,AA,AA,AA,AA,AA,AA,AA,AA,AA,AA,AA,AA,AA,AA,AA,AA,AA,-,AA,AA,AA,AA,AA,AA,-,AA,AA,AA,AA,AA,AA,AA,-,AA,AA,-,AA,AA,AA,AA,-,-,AA,AA,AA,AA,AA,AA,AA,AA,AA,AA,AA,AA,AA,AA,AA,AA
205,1.3318697,1.40333,46.331118,51.75,20.0000000000003,20,-0.430727299295457,AA,AA,AA,BB,-,BB,BB,-,BB,BB,BB,BB,BB,-,-,-,-,BB,BB,-,-,BB,BB,BB,BB,BB,BB,-,BB,-,BB,-,-,-,-,BB,BB,BB,BB,BB,-,BB,-,-,BB,-,BB,-,BB,AA,-,AA,-,-,-,-,-,AA,AA,AA,AA,-,-,AA,AA,AA,-,-,AA,-,-,-,-,-,-,-,-,AA,-,-,-,-,BB,-,-,-,BB,BB,BB,-,BB,BB,-,-,BB,-,-,-,BB,BB,BB,BB,BB,-,AA,AA,AA,-,AA,-,AA,AA,AA,AA,-,-,AA,AA,-,-,AA,-,AA,-,AA,-,-,-,-,-,-,-,-,AA,-,-,AA,-,AA,AA,-,-,-,AA,-,-,AA,AA,-,AA,-,AA,-,-,AA,AA,AA,-,-,-,AA,AA,AA,BB,BB,BB,BB,-,-,-,AA,AA,AA,AA,AA,AA,-,AA,-,-,AA,-,AA,AA,AA,AA,AA,AA,AA,AA,AA,-,-,AA,-,-,-,AA,-,-,-,-,-,-,-,-,-,-,AA,-,-,AA,-,-,-,AA,AA,-,BB,BB,BB,-,AA,-,BB,-,-,BB,BB,-,-,-,-,BB,-,BB,-,-,-,-,-,-,BB,BB,BB,-,-,AA,-,AA,-,-,-,-,-,-,AA,AA,AA,-,AA,AA,AA,AA,AA,BB,BB,BB,BB,-,-,-,-,-,-,-,-,BB,-,-,-,-,-,-,BB,BB,BB,-,BB,BB,BB,BB,BB,-,-,BB,-,BB,-,-,BB,BB,-,-,-,BB,-,BB,BB,BB,BB,BB,BB,-,-,-,BB,-,BB,-,-,BB,BB,BB,BB,-,-,BB,-,-,-,BB,-,-,-,BB,BB,BB,BB,AA,AA,AA,AA,AA,AA,AA,-,AA,AA,-,-,AA,AA,AA,AA,-,-,-,-,AA,BB,BB,AA,AA,BB,-,-,-,-,AA,-,-,-,AA,AA,AA,-,-,-,-,AA,-,AA,-,AA,-,AA,-,-,-,AA,-,-,-,AA,-,AA,-,-,-,-,-,-,-,AA,-,-,BB,BB,BB,-,BB,-,BB,BB,-,-,-,BB,BB,-,BB,BB,BB,-,BB,BB,-,-,BB,-,BB,-,-,BB,BB,-,-,-,-,BB,BB,-,BB,BB,-,BB,BB,BB,BB
206,1.7949319,1.89,38.895773,43,20.5,20.5,0.967421566101701,-,-,AA,AA,-,-,-,-,AA,AA,AA,AA,AA,-,-,-,-,-,AA,-,-,-,-,AA,AA,BB,BB,-,-,-,-,-,-,-,-,AA,BB,AA,BB,BB,-,AA,-,-,-,-,BB,-,-,AA,-,-,-,-,-,-,-,-,BB,AA,-,-,-,-,-,AA,-,-,AA,-,-,-,-,-,-,-,-,AA,-,-,-,-,-,-,-,-,AA,AA,AA,-,BB,-,-,-,-,-,-,-,BB,BB,AA,BB,BB,-,AA,AA,AA,-,AA,-,BB,AA,AA,AA,-,-,-,-,-,-,-,-,-,-,-,-,-,-,-,-,-,-,-,-,-,-,-,-,BB,AA,-,-,-,-,-,-,-,-,-,-,-,-,-,-,BB,-,-,-,-,-,AA,AA,BB,-,AA,AA,BB,-,-,-,BB,-,BB,BB,BB,BB,-,BB,-,-,BB,-,AA,BB,AA,AA,-,BB,AA,-,-,-,-,-,-,-,-,-,-,-,-,-,-,-,-,-,-,-,BB,-,-,BB,-,-,-,BB,BB,-,-,-,BB,-,-,-,AA,-,-,-,BB,-,-,-,-,-,-,-,-,-,-,-,-,-,-,-,-,-,-,-,-,-,-,-,-,-,-,-,-,-,-,-,AA,AA,AA,AA,AA,AA,AA,AA,AA,-,-,-,-,-,-,-,-,-,-,-,-,-,-,-,-,BB,BB,-,BB,BB,BB,AA,BB,-,-,BB,-,-,-,-,AA,BB,-,-,-,BB,-,BB,BB,BB,BB,BB,BB,-,-,-,BB,-,-,-,-,BB,-,-,-,-,-,-,-,-,-,-,-,-,-,BB,AA,BB,BB,BB,BB,AA,BB,BB,-,-,-,-,-,-,-,BB,BB,-,-,-,-,-,-,BB,BB,BB,BB,BB,-,-,-,-,-,-,-,-,-,BB,BB,BB,-,-,-,-,-,-,BB,-,AA,-,-,-,-,-,-,-,-,-,-,-,-,-,-,-,-,-,-,-,AA,-,-,-,-,-,-,AA,-,AA,AA,-,-,-,AA,-,-,AA,AA,-,-,-,BB,-,-,BB,-,AA,-,-,-,-,-,-,-,-,-,-,-,AA,AA,-,-,AA,AA,AA
207,1.6660925,1.72333,40.349044,45.5417,20.0000000000001,20,0.339128042047994,-,AA,AA,AA,AA,AA,AA,-,AA,AA,AA,AA,AA,AA,AA,AA,AA,AA,AA,AA,AA,AA,AA,AA,AA,AA,AA,AA,-,AA,AA,AA,AA,AA,-,AA,AA,AA,AA,AA,-,AA,AA,AA,AA,-,AA,AA,AA,BB,AA,AA,AA,-,AA,AA,AA,AA,AA,AA,-,-,AA,AA,AA,AA,AA,-,AA,-,BB,BB,BB,-,BB,BB,BB,BB,BB,BB,BB,BB,BB,-,BB,BB,BB,BB,BB,-,BB,BB,-,BB,BB,-,-,BB,BB,BB,BB,BB,BB,AA,BB,BB,BB,BB,BB,BB,BB,BB,BB,BB,AA,BB,BB,BB,BB,-,BB,BB,BB,BB,-,-,BB,BB,BB,BB,BB,BB,BB,-,-,-,BB,-,BB,BB,BB,BB,BB,-,BB,BB,BB,-,BB,BB,BB,BB,BB,BB,BB,BB,BB,BB,BB,-,BB,BB,BB,BB,BB,BB,BB,-,BB,BB,BB,BB,BB,BB,BB,BB,BB,BB,BB,-,BB,BB,BB,BB,BB,BB,BB,BB,BB,BB,-,-,BB,-,BB,BB,-,BB,-,BB,-,BB,BB,-,BB,-,BB,BB,BB,BB,BB,BB,BB,BB,BB,BB,BB,-,BB,BB,BB,BB,BB,BB,BB,AA,AA,-,AA,AA,-,AA,AA,AA,AA,AA,AA,BB,AA,AA,AA,AA,AA,AA,AA,AA,AA,-,AA,AA,AA,AA,-,AA,AA,-,AA,AA,AA,AA,AA,AA,AA,AA,AA,BB,BB,BB,BB,-,BB,BB,BB,-,BB,BB,BB,BB,BB,BB,BB,BB,-,BB,BB,BB,BB,BB,BB,BB,BB,BB,BB,BB,-,BB,BB,BB,BB,BB,BB,BB,BB,-,BB,-,BB,-,-,-,AA,-,-,AA,AA,AA,AA,AA,-,AA,-,BB,BB,-,BB,BB,BB,BB,BB,BB,BB,BB,BB,-,-,BB,BB,BB,BB,AA,AA,AA,AA,AA,AA,AA,AA,AA,AA,AA,AA,AA,AA,AA,AA,AA,AA,AA,AA,AA,AA,AA,AA,AA,-,AA,AA,AA,AA,AA,-,AA,-,AA,AA,AA,-,AA,AA,AA,-,AA,AA,AA,-,AA,AA,AA,AA,-,AA,AA,AA,AA,AA,AA,AA,AA,AA,AA,-,AA,-,AA,AA,AA,BB,AA,AA,-,AA,AA,AA,AA,AA,AA,AA,BB,BB,BB,BB,AA,AA,AA,-,AA,AA,AA,AA,AA,AA,AA,-,AA,AA,AA,AA,-,AA,AA,AA,-,AA,AA,AA,AA,AA,AA,AA,AA
208,1.6644534,1.61167,53.855242,53.8333,63,63,0.0628919974069845,AA,AA,AA,AA,AA,AA,AA,-,AA,AA,AA,AA,AA,-,-,-,-,AA,AA,-,AA,-,AA,AA,AA,AA,AA,AA,AA,-,-,AA,-,AA,AA,AA,AA,AA,AA,AA,AA,AA,-,AA,-,-,AA,-,AA,AA,-,AA,-,AA,AA,-,AA,AA,AA,AA,-,-,-,AA,BB,-,AA,-,AA,AA,AA,-,-,AA,-,-,AA,AA,AA,AA,-,BB,-,-,BB,BB,BB,BB,BB,BB,AA,BB,-,BB,-,-,AA,-,AA,BB,-,BB,-,-,BB,BB,BB,BB,BB,-,BB,BB,BB,BB,BB,BB,-,BB,BB,-,-,-,BB,BB,BB,BB,BB,BB,BB,BB,-,BB,-,BB,BB,BB,BB,BB,BB,-,BB,-,BB,BB,BB,BB,BB,-,BB,BB,BB,BB,BB,-,BB,AA,AA,-,AA,AA,BB,AA,AA,AA,AA,AA,AA,-,AA,-,-,AA,AA,AA,AA,AA,AA,AA,AA,-,AA,-,AA,-,-,AA,-,AA,AA,AA,AA,AA,AA,AA,AA,-,AA,AA,-,AA,AA,-,AA,AA,AA,AA,AA,-,AA,AA,AA,AA,AA,-,AA,AA,AA,-,-,BB,BB,BB,BB,BB,BB,BB,BB,BB,AA,BB,AA,AA,AA,AA,AA,AA,AA,BB,AA,-,AA,AA,-,AA,AA,-,AA,AA,-,-,BB,AA,-,BB,-,-,BB,BB,BB,BB,BB,BB,BB,-,BB,AA,AA,AA,AA,AA,-,-,AA,AA,AA,-,AA,BB,-,AA,BB,BB,BB,BB,BB,BB,BB,BB,BB,AA,AA,AA,AA,AA,AA,-,AA,AA,AA,AA,AA,AA,AA,-,AA,AA,-,BB,BB,AA,AA,AA,AA,-,BB,AA,-,-,AA,AA,AA,AA,AA,AA,AA,-,AA,AA,-,AA,AA,-,AA,-,-,AA,AA,AA,AA,-,BB,BB,BB,BB,-,-,BB,BB,BB,-,-,BB,BB,BB,BB,-,BB,BB,-,BB,BB,BB,BB,-,BB,-,-,BB,-,BB,BB,BB,-,BB,BB,BB,BB,BB,BB,BB,-,BB,BB,-,BB,-,BB,-,-,-,BB,BB,BB,BB,BB,BB,BB,BB,BB,-,BB,BB,-,BB,BB,-,BB,BB,BB,BB,BB,BB,BB,BB,BB,BB,BB,BB,BB,-,BB,BB,BB,BB,BB,BB,BB,BB,-,BB,BB,BB,-,BB,BB,BB,-,BB,-,BB,-,BB,BB,BB,BB,AA,AA,AA,AA,AA
209,0.8629975,0.89,41.593099,43.3333,43,43,-1.25510807905408,BB,BB,BB,BB,-,-,BB,-,BB,BB,BB,BB,BB,-,-,-,BB,-,AA,-,AA,-,AA,AA,BB,AA,BB,-,-,-,-,-,-,AA,-,AA,AA,AA,AA,AA,AA,AA,-,-,AA,AA,AA,-,-,AA,-,-,-,-,AA,-,-,AA,AA,AA,AA,-,-,-,-,AA,AA,-,AA,AA,-,AA,AA,-,-,-,-,AA,-,-,AA,AA,-,-,-,-,AA,AA,AA,-,AA,AA,AA,-,-,-,-,-,AA,AA,AA,AA,AA,-,BB,BB,BB,BB,BB,-,BB,BB,BB,BB,-,BB,-,-,-,BB,-,-,-,-,BB,-,BB,-,-,BB,-,-,-,-,BB,-,-,-,BB,BB,-,-,-,-,BB,-,-,BB,-,BB,-,BB,BB,-,BB,-,-,-,BB,BB,BB,BB,BB,-,BB,BB,BB,-,-,-,BB,BB,BB,BB,BB,BB,-,BB,BB,BB,BB,-,BB,BB,BB,BB,-,BB,BB,-,-,-,-,-,-,-,-,BB,-,-,BB,-,-,-,-,-,BB,BB,BB,-,BB,BB,-,AA,AA,-,AA,AA,-,-,BB,BB,-,-,BB,-,-,BB,BB,BB,-,-,BB,-,-,BB,BB,-,-,BB,-,BB,-,BB,-,-,-,-,-,-,-,BB,BB,-,-,-,-,BB,-,BB,BB,BB,BB,BB,BB,AA,AA,AA,AA,AA,-,AA,-,-,-,AA,-,-,AA,-,AA,AA,-,AA,-,AA,AA,-,AA,BB,BB,BB,BB,BB,-,BB,-,-,-,BB,BB,BB,BB,-,-,-,-,BB,BB,BB,BB,BB,BB,BB,-,-,BB,-,BB,-,-,BB,-,-,-,-,BB,BB,-,BB,BB,-,-,-,BB,BB,BB,BB,BB,BB,AA,AA,AA,BB,BB,BB,BB,AA,AA,-,AA,-,-,-,-,AA,AA,-,-,AA,AA,AA,AA,AA,-,-,AA,AA,-,AA,-,AA,AA,AA,AA,AA,-,AA,-,-,AA,AA,AA,AA,AA,BB,AA,-,-,AA,-,AA,-,-,AA,AA,AA,AA,-,AA,-,-,AA,-,AA,-,AA,AA,AA,-,AA,AA,AA,-,AA,-,-,-,AA,AA,-,AA,AA,AA,-,AA,AA,AA,-,AA,-,AA,-,-,BB,BB,-,-,-,-,BB,BB,-,BB,BB,BB,-,BB,BB,BB
210,1.8880127,1.945,39.10138,42.6667,24.5,24.5,1.22324032738863,-,AA,AA,AA,-,AA,AA,-,AA,AA,AA,AA,AA,-,-,-,-,-,AA,AA,-,-,-,AA,AA,AA,AA,-,-,-,-,AA,AA,AA,-,AA,AA,AA,AA,AA,AA,AA,AA,-,BB,BB,BB,BB,-,BB,BB,BB,BB,-,-,BB,-,BB,BB,BB,-,-,BB,-,-,BB,AA,BB,BB,-,BB,BB,BB,-,-,-,-,BB,-,BB,-,-,BB,-,-,-,BB,BB,BB,-,BB,-,BB,BB,-,-,-,-,BB,BB,BB,BB,BB,-,BB,BB,BB,BB,BB,BB,BB,BB,-,BB,-,-,-,BB,BB,BB,-,-,BB,BB,BB,BB,-,BB,BB,-,BB,BB,AA,BB,-,-,AA,AA,AA,AA,-,BB,BB,BB,BB,-,BB,-,-,BB,-,-,BB,-,BB,-,-,BB,-,-,BB,BB,BB,BB,BB,BB,BB,BB,BB,-,BB,BB,BB,BB,BB,BB,BB,BB,BB,-,AA,AA,BB,BB,BB,BB,BB,BB,BB,BB,-,-,-,BB,-,-,-,-,AA,AA,-,-,AA,AA,-,AA,AA,-,AA,AA,-,AA,AA,-,AA,AA,AA,AA,-,-,AA,AA,-,AA,AA,AA,AA,-,AA,AA,-,-,-,AA,AA,AA,AA,BB,-,AA,-,AA,AA,AA,AA,AA,-,AA,-,AA,-,AA,AA,-,-,-,-,-,AA,-,AA,AA,AA,AA,AA,BB,BB,BB,BB,-,-,-,BB,BB,BB,BB,AA,-,-,AA,-,-,AA,-,-,AA,AA,-,AA,AA,AA,AA,AA,AA,AA,AA,-,BB,-,-,BB,BB,BB,BB,-,BB,-,AA,AA,AA,AA,AA,AA,AA,AA,AA,AA,-,-,AA,AA,AA,-,-,AA,-,-,AA,-,-,AA,AA,AA,-,AA,AA,AA,BB,BB,BB,BB,BB,BB,BB,-,BB,BB,BB,BB,-,BB,BB,BB,-,BB,BB,-,-,BB,BB,BB,BB,BB,BB,BB,BB,BB,BB,-,BB,-,BB,-,BB,BB,BB,-,BB,-,-,-,-,BB,BB,BB,BB,BB,-,-,-,-,AA,BB,BB,-,-,-,-,-,-,-,-,-,BB,BB,BB,BB,BB,BB,BB,-,BB,-,BB,BB,BB,BB,-,BB,-,-,BB,BB,BB,BB,-,BB,-,-,AA,-,BB,AA,AA,-,-,-,BB,-,BB,-,-,-,BB,BB,BB,-,BB,BB,BB
211,1.5014625,1.55667,44.11301,49.0556,23.0000000000001,23,-0.040679226898454,-,-,BB,BB,-,-,BB,-,BB,BB,BB,BB,BB,-,-,-,-,-,AA,-,-,-,-,AA,AA,AA,BB,-,-,-,-,-,-,-,-,AA,AA,AA,AA,AA,-,AA,-,-,-,-,BB,-,-,BB,-,-,-,-,-,-,-,-,BB,BB,-,-,-,-,-,BB,-,-,BB,-,-,-,-,-,-,-,-,AA,-,-,-,-,-,-,-,-,AA,AA,AA,-,AA,-,-,-,-,-,-,-,AA,AA,AA,AA,AA,-,AA,AA,AA,-,AA,-,BB,BB,BB,BB,-,-,-,-,-,-,-,-,-,-,-,-,-,-,-,-,-,-,-,-,-,-,-,-,BB,BB,-,-,-,-,-,-,-,-,-,BB,-,-,-,-,BB,-,-,-,-,-,AA,AA,AA,-,AA,AA,AA,-,-,-,AA,AA,AA,AA,AA,AA,-,AA,-,-,AA,-,AA,AA,AA,AA,-,AA,AA,-,-,-,-,-,-,-,-,-,-,-,-,-,-,-,-,-,-,-,AA,-,-,AA,-,-,-,AA,AA,-,-,-,AA,-,-,-,AA,-,-,-,BB,-,-,-,-,-,-,-,-,-,-,-,-,-,-,-,-,-,-,-,-,-,-,-,-,-,-,-,-,-,-,-,BB,BB,BB,BB,BB,BB,BB,BB,BB,-,-,-,-,-,-,-,-,-,-,-,-,-,-,-,-,AA,AA,-,AA,AA,AA,AA,AA,-,-,AA,-,-,-,-,AA,AA,-,-,-,AA,-,AA,AA,AA,AA,AA,AA,-,-,-,AA,-,-,-,-,AA,-,-,-,-,-,-,-,-,-,-,-,-,-,AA,AA,AA,AA,AA,BB,BB,BB,BB,-,-,-,BB,-,-,-,BB,BB,-,-,-,-,-,-,BB,BB,BB,BB,BB,-,-,-,-,-,-,-,-,-,BB,BB,BB,-,-,-,-,-,-,BB,-,BB,-,-,-,-,-,-,-,-,-,-,-,-,-,-,-,-,-,-,-,BB,-,-,-,-,-,-,BB,-,BB,BB,-,-,-,BB,-,-,BB,BB,-,-,-,BB,-,-,BB,-,BB,-,-,-,-,-,-,-,-,-,-,-,BB,BB,-,-,BB,BB,BB
212,0.5672603,0.61167,45.732338,50.5,22,22,-1.70338750096559,BB,BB,BB,BB,BB,BB,BB,BB,-,-,-,BB,-,BB,BB,BB,BB,BB,-,BB,BB,BB,BB,BB,BB,BB,BB,BB,BB,BB,BB,BB,BB,BB,BB,-,BB,BB,BB,BB,BB,-,BB,BB,BB,BB,BB,BB,BB,AA,BB,BB,BB,BB,BB,BB,BB,BB,BB,BB,BB,BB,AA,AA,-,-,AA,AA,-,AA,AA,AA,AA,AA,AA,AA,AA,AA,AA,AA,AA,AA,AA,AA,AA,AA,AA,AA,AA,AA,AA,AA,AA,AA,-,AA,AA,AA,-,-,-,AA,-,BB,BB,BB,BB,-,BB,BB,AA,-,-,-,AA,AA,AA,AA,AA,AA,AA,AA,AA,AA,AA,AA,AA,AA,AA,-,AA,AA,AA,AA,AA,AA,AA,AA,AA,-,AA,AA,AA,AA,AA,AA,AA,AA,AA,AA,AA,AA,AA,AA,AA,AA,AA,AA,AA,AA,AA,AA,AA,AA,AA,AA,AA,AA,AA,AA,AA,AA,AA,AA,AA,AA,AA,-,BB,BB,-,BB,BB,AA,AA,AA,AA,AA,AA,-,AA,AA,AA,AA,AA,AA,AA,AA,AA,AA,AA,AA,AA,AA,AA,AA,AA,AA,-,AA,AA,AA,AA,AA,AA,BB,BB,AA,AA,AA,AA,AA,AA,AA,-,AA,AA,AA,AA,AA,AA,AA,AA,AA,AA,AA,AA,AA,AA,AA,AA,-,BB,BB,BB,BB,BB,BB,AA,AA,BB,BB,BB,BB,BB,BB,BB,BB,BB,BB,BB,BB,BB,BB,BB,BB,BB,BB,BB,BB,BB,BB,BB,BB,-,BB,BB,BB,BB,BB,BB,BB,BB,BB,BB,BB,BB,BB,BB,BB,BB,BB,BB,BB,BB,BB,BB,BB,BB,BB,BB,BB,BB,BB,BB,BB,-,AA,AA,AA,-,-,-,AA,AA,AA,-,AA,AA,AA,-,AA,AA,AA,AA,AA,AA,AA,AA,AA,AA,BB,BB,AA,AA,AA,AA,AA,BB,-,AA,AA,AA,-,AA,AA,AA,-,AA,AA,AA,AA,AA,AA,AA,AA,AA,AA,AA,-,-,-,-,-,AA,AA,AA,AA,AA,AA,AA,AA,-,AA,AA,-,AA,AA,AA,AA,AA,AA,AA,AA,AA,AA,AA,AA,AA,AA,-,AA,AA,AA,AA,AA,AA,AA,AA,AA,-,AA,-,AA,-,AA,AA,AA,AA,AA,AA,AA,AA,AA,AA,AA,AA,AA,AA,AA,AA,AA,AA,AA,AA,AA,AA,AA,AA,AA,AA,AA,AA,AA,AA,AA,AA,AA,AA,AA,AA,AA,AA,AA,AA,AA,-,AA,AA,AA
213,1.8617559,1.945,44.91207,50.3333,20.4999999999998,20.5,1.22324032738863,-,-,AA,AA,-,-,-,-,AA,AA,AA,AA,AA,-,-,-,-,-,AA,-,-,-,-,AA,AA,BB,BB,-,-,-,-,-,-,-,-,AA,BB,AA,BB,BB,-,BB,-,-,-,-,BB,-,-,BB,-,-,-,-,-,-,-,-,BB,AA,-,-,-,-,-,BB,-,-,BB,-,-,-,-,-,-,-,-,BB,-,-,-,-,-,-,-,-,BB,BB,AA,-,BB,-,-,-,-,-,-,-,BB,BB,BB,BB,BB,-,AA,AA,AA,-,AA,-,BB,AA,AA,AA,-,-,-,-,-,-,-,-,-,-,-,-,-,-,-,-,-,-,-,-,-,-,-,-,BB,AA,-,-,-,-,-,-,-,-,-,-,-,-,-,-,BB,-,-,-,-,-,AA,AA,BB,-,AA,AA,BB,-,-,-,AA,AA,AA,AA,AA,AA,-,BB,-,-,BB,-,AA,BB,BB,BB,-,BB,AA,-,-,-,-,-,-,-,-,-,-,-,-,-,-,-,-,-,-,-,BB,-,-,BB,-,-,-,BB,BB,-,-,-,BB,-,-,-,BB,-,-,-,BB,-,-,-,-,-,-,-,-,-,-,-,-,-,-,-,-,-,-,-,-,-,-,-,-,-,-,-,-,-,-,-,BB,BB,BB,BB,AA,AA,AA,AA,AA,-,-,-,-,-,-,-,-,-,-,-,-,-,-,-,-,BB,BB,-,BB,BB,BB,AA,BB,-,-,BB,-,-,-,-,AA,BB,-,-,-,BB,-,BB,BB,BB,BB,BB,BB,-,-,-,BB,-,-,-,-,BB,-,-,-,-,-,-,-,-,-,-,-,-,-,BB,AA,BB,BB,AA,BB,AA,BB,AA,-,-,-,-,-,-,-,AA,AA,-,-,-,-,-,-,AA,AA,AA,AA,AA,-,-,-,-,-,-,-,-,-,AA,AA,AA,-,-,-,-,-,-,BB,-,AA,-,-,-,-,-,-,-,-,-,-,-,-,-,-,-,-,-,-,-,AA,-,-,-,-,-,-,AA,-,AA,AA,-,-,-,AA,-,-,AA,AA,-,-,-,BB,-,-,BB,-,AA,-,-,-,-,-,-,-,-,-,-,-,AA,AA,-,-,AA,AA,AA
214,1.630067,1.72167,43.627732,49,21,21,0.30408655865373,BB,BB,AA,AA,AA,AA,AA,AA,AA,AA,AA,AA,AA,AA,AA,AA,AA,AA,AA,AA,-,AA,AA,AA,AA,BB,BB,AA,AA,AA,AA,AA,AA,AA,AA,AA,BB,AA,BB,BB,AA,AA,AA,AA,-,AA,BB,AA,AA,AA,AA,AA,-,AA,AA,AA,AA,AA,BB,AA,AA,-,AA,AA,AA,AA,AA,AA,BB,BB,BB,BB,BB,BB,BB,BB,AA,AA,AA,AA,AA,AA,AA,AA,AA,-,AA,AA,AA,AA,BB,-,-,-,BB,BB,BB,BB,BB,BB,BB,BB,BB,BB,BB,BB,BB,-,BB,BB,BB,BB,BB,BB,AA,BB,BB,BB,BB,BB,BB,BB,BB,BB,BB,-,BB,-,BB,BB,BB,BB,BB,BB,BB,BB,-,BB,BB,BB,BB,BB,AA,AA,-,AA,-,AA,AA,AA,AA,AA,AA,-,BB,AA,AA,AA,AA,AA,AA,AA,BB,AA,AA,AA,BB,AA,-,AA,AA,AA,AA,AA,AA,AA,AA,AA,AA,AA,AA,AA,AA,AA,AA,AA,AA,BB,AA,AA,AA,AA,AA,AA,AA,AA,AA,AA,AA,AA,BB,BB,BB,BB,BB,BB,BB,BB,BB,BB,-,BB,BB,BB,BB,BB,BB,BB,BB,BB,BB,BB,BB,BB,BB,BB,BB,BB,BB,BB,BB,BB,BB,BB,BB,BB,BB,BB,BB,-,BB,-,BB,BB,BB,BB,BB,BB,BB,BB,BB,BB,BB,BB,BB,BB,BB,BB,BB,BB,BB,BB,BB,BB,AA,BB,BB,BB,BB,BB,BB,BB,-,BB,-,BB,BB,BB,BB,BB,BB,BB,BB,BB,BB,BB,BB,BB,BB,BB,BB,AA,BB,BB,BB,BB,BB,-,BB,BB,AA,BB,BB,-,BB,BB,-,BB,BB,BB,BB,BB,BB,BB,BB,BB,BB,-,BB,-,BB,BB,BB,BB,BB,BB,BB,BB,BB,BB,BB,BB,AA,AA,AA,BB,AA,AA,AA,BB,BB,AA,BB,BB,BB,BB,BB,BB,BB,BB,BB,BB,BB,BB,AA,BB,BB,BB,BB,BB,BB,BB,BB,BB,-,BB,BB,BB,BB,BB,BB,BB,BB,BB,BB,BB,BB,BB,BB,BB,BB,BB,BB,BB,AA,BB,-,BB,BB,BB,BB,BB,BB,BB,BB,BB,BB,BB,BB,-,BB,BB,BB,-,BB,BB,-,AA,AA,AA,AA,AA,AA,AA,AA,AA,AA,AA,AA,AA,AA,AA,AA,AA,AA,AA,BB,AA,AA,BB,AA,AA,AA,AA,AA,AA,AA,AA,AA,-,AA,AA,AA,AA,AA,AA,-,AA,AA,AA
215,1.4486475,1.38833,43.929837,44.6667,50.5000000000004,50.5,-0.484094810520424,BB,BB,BB,BB,-,AA,BB,AA,AA,AA,AA,AA,AA,AA,AA,AA,AA,AA,AA,AA,AA,AA,AA,AA,AA,AA,AA,BB,BB,BB,BB,BB,BB,BB,BB,BB,BB,BB,BB,BB,BB,BB,BB,BB,AA,AA,AA,BB,AA,AA,AA,AA,AA,AA,AA,AA,AA,AA,AA,AA,AA,AA,AA,AA,AA,AA,-,-,AA,-,AA,AA,-,-,BB,AA,AA,AA,-,BB,BB,BB,-,-,BB,BB,BB,BB,BB,BB,BB,BB,-,-,-,BB,BB,BB,BB,BB,BB,BB,BB,BB,BB,BB,AA,-,AA,AA,AA,AA,AA,AA,-,AA,AA,AA,AA,AA,-,AA,-,AA,AA,AA,-,AA,AA,AA,AA,AA,AA,AA,-,AA,AA,-,AA,AA,AA,AA,AA,AA,AA,AA,AA,AA,AA,AA,-,AA,AA,BB,AA,BB,BB,BB,BB,BB,BB,BB,BB,BB,BB,BB,BB,BB,BB,BB,BB,BB,BB,BB,BB,BB,-,BB,BB,BB,BB,BB,BB,AA,AA,AA,-,AA,AA,AA,AA,AA,AA,AA,AA,AA,AA,AA,AA,-,AA,AA,AA,-,-,AA,AA,AA,AA,AA,AA,AA,AA,AA,-,-,AA,AA,AA,AA,AA,AA,-,AA,AA,AA,BB,BB,BB,BB,BB,BB,BB,BB,BB,BB,BB,BB,BB,-,BB,BB,-,-,BB,BB,-,BB,BB,BB,BB,BB,BB,BB,BB,BB,BB,BB,BB,BB,BB,BB,BB,BB,BB,AA,AA,AA,AA,AA,AA,AA,AA,AA,AA,AA,BB,BB,BB,BB,-,BB,-,BB,BB,BB,BB,BB,BB,BB,BB,BB,BB,BB,BB,BB,BB,BB,BB,BB,BB,BB,BB,BB,BB,BB,-,BB,BB,BB,BB,BB,BB,-,BB,BB,BB,BB,BB,BB,BB,BB,-,BB,BB,BB,BB,BB,BB,BB,BB,BB,BB,BB,BB,BB,BB,BB,BB,AA,AA,AA,AA,AA,AA,AA,AA,AA,-,AA,AA,AA,AA,-,AA,AA,AA,AA,-,AA,AA,AA,AA,AA,AA,AA,-,-,AA,AA,AA,-,AA,AA,AA,AA,AA,AA,AA,AA,-,AA,AA,AA,-,BB,AA,AA,-,AA,AA,AA,AA,AA,AA,AA,AA,-,AA,AA,AA,AA,AA,-,AA,-,-,AA,AA,AA,AA,AA,AA,AA,AA,AA,AA,AA,AA,BB,-,BB,BB,BB,BB,BB,BB,BB,BB,BB,BB,BB,BB,BB,-,-,BB,BB,BB,BB,BB,BB,BB,BB,BB,-,BB,BB,BB,BB
216,1.6683524,1.66667,40.187262,41,47.5000000000001,47.5,0.204761955742132,BB,BB,BB,BB,BB,-,BB,BB,BB,AA,AA,AA,AA,AA,AA,AA,AA,AA,AA,AA,-,-,AA,AA,AA,AA,AA,BB,BB,BB,BB,-,-,BB,BB,BB,BB,BB,BB,BB,-,BB,BB,BB,AA,AA,AA,AA,AA,AA,AA,BB,-,AA,AA,AA,AA,AA,AA,AA,AA,AA,AA,AA,AA,AA,AA,AA,AA,-,AA,AA,AA,AA,AA,AA,-,AA,BB,BB,BB,BB,-,BB,BB,BB,BB,BB,BB,BB,BB,BB,BB,BB,BB,BB,BB,BB,BB,BB,BB,BB,BB,BB,BB,BB,AA,AA,AA,-,AA,AA,AA,AA,AA,AA,AA,AA,AA,AA,AA,AA,AA,AA,AA,AA,BB,AA,AA,-,-,-,AA,-,BB,AA,AA,AA,AA,AA,AA,AA,AA,AA,AA,AA,AA,-,AA,AA,AA,-,-,BB,AA,BB,BB,BB,-,-,BB,BB,BB,BB,BB,BB,BB,-,BB,-,BB,BB,BB,BB,BB,BB,BB,BB,BB,BB,BB,BB,BB,AA,AA,AA,AA,AA,AA,-,AA,AA,AA,AA,AA,AA,AA,BB,AA,AA,AA,AA,AA,AA,AA,AA,-,AA,AA,AA,AA,AA,AA,AA,AA,AA,AA,AA,AA,AA,AA,AA,-,-,AA,AA,BB,BB,BB,-,BB,-,BB,BB,-,BB,-,-,-,BB,-,-,-,BB,BB,BB,BB,BB,BB,BB,BB,BB,BB,BB,BB,BB,BB,BB,BB,BB,BB,BB,BB,BB,BB,AA,AA,AA,AA,AA,AA,AA,AA,-,-,-,AA,AA,AA,AA,AA,AA,AA,AA,AA,AA,AA,AA,AA,BB,BB,-,BB,-,BB,BB,BB,BB,BB,-,BB,BB,BB,BB,BB,BB,BB,BB,BB,BB,BB,BB,BB,BB,BB,-,BB,BB,-,BB,BB,BB,BB,BB,-,BB,BB,-,-,BB,-,BB,BB,BB,BB,BB,BB,BB,BB,AA,AA,AA,AA,AA,AA,AA,-,AA,AA,AA,AA,AA,AA,AA,AA,AA,AA,AA,-,AA,AA,AA,AA,AA,AA,AA,AA,AA,AA,-,AA,AA,AA,AA,AA,AA,AA,-,AA,AA,AA,AA,AA,-,AA,AA,AA,AA,AA,AA,AA,AA,AA,AA,AA,AA,-,AA,-,AA,AA,AA,-,-,AA,AA,-,AA,AA,-,-,AA,AA,AA,AA,-,AA,AA,AA,BB,BB,BB,BB,BB,BB,BB,BB,BB,-,BB,BB,BB,BB,BB,-,BB,BB,BB,BB,BB,BB,BB,BB,BB,BB,BB,BB,BB,BB,BB
217,1.0370207,1.11167,45.338051,50.3333,26.0000000000001,26,-0.8823619210071,BB,BB,BB,BB,BB,BB,BB,BB,BB,BB,BB,BB,BB,BB,BB,-,-,BB,BB,BB,BB,BB,BB,BB,BB,BB,BB,-,BB,BB,BB,BB,BB,BB,BB,AA,AA,AA,AA,AA,BB,AA,BB,BB,BB,BB,AA,BB,BB,AA,BB,BB,BB,BB,BB,BB,-,BB,AA,AA,BB,BB,BB,BB,-,AA,-,BB,BB,BB,BB,BB,-,BB,BB,-,BB,BB,-,BB,BB,BB,BB,BB,BB,BB,BB,BB,BB,BB,BB,BB,BB,BB,-,BB,BB,BB,BB,BB,BB,BB,BB,AA,BB,BB,AA,AA,AA,AA,BB,BB,BB,BB,AA,AA,-,AA,AA,AA,AA,AA,AA,AA,AA,AA,AA,AA,-,AA,AA,AA,-,AA,AA,AA,AA,AA,BB,BB,AA,AA,AA,AA,AA,AA,AA,AA,AA,AA,AA,AA,-,AA,AA,AA,-,AA,-,AA,AA,BB,BB,AA,BB,BB,BB,AA,AA,AA,BB,BB,BB,BB,BB,BB,-,BB,AA,AA,BB,AA,BB,BB,BB,BB,BB,BB,BB,BB,BB,BB,BB,BB,BB,BB,BB,BB,BB,-,BB,BB,BB,BB,BB,BB,BB,BB,BB,BB,BB,BB,-,BB,BB,BB,BB,BB,BB,BB,BB,BB,BB,BB,BB,BB,-,BB,BB,BB,BB,BB,BB,BB,BB,BB,BB,BB,-,BB,BB,-,BB,BB,BB,BB,BB,BB,-,AA,BB,BB,BB,-,BB,BB,BB,BB,-,BB,BB,BB,BB,BB,BB,BB,BB,BB,BB,BB,BB,BB,BB,-,BB,BB,BB,-,-,BB,BB,BB,BB,BB,BB,AA,AA,BB,AA,AA,AA,AA,AA,AA,AA,AA,AA,AA,AA,-,BB,AA,AA,-,AA,BB,AA,BB,BB,BB,AA,BB,AA,AA,-,AA,AA,AA,AA,AA,-,AA,AA,-,AA,AA,-,AA,AA,AA,AA,-,AA,AA,AA,AA,AA,AA,AA,AA,AA,BB,BB,AA,BB,BB,BB,BB,BB,BB,BB,AA,AA,BB,-,-,BB,BB,AA,AA,AA,AA,AA,AA,AA,AA,-,AA,AA,AA,AA,-,AA,AA,AA,AA,AA,AA,AA,AA,-,-,AA,-,AA,BB,BB,AA,BB,BB,-,BB,BB,BB,BB,-,BB,BB,BB,BB,BB,BB,BB,BB,AA,BB,BB,BB,BB,BB,BB,BB,BB,BB,BB,BB,BB,BB,BB,BB,BB,BB,BB,BB,BB,BB,BB,BB,BB,BB,BB,BB,BB,BB,BB,BB,-,BB,BB,BB,BB,BB,-,BB,BB,BB,BB,BB,BB,BB
218,1.6439588,1.73667,43.858322,49.4861,20.0000000000001,20,0.386515339623718,-,-,AA,AA,BB,BB,-,BB,AA,AA,AA,AA,AA,BB,BB,-,BB,BB,AA,BB,BB,BB,BB,AA,AA,BB,BB,BB,BB,BB,BB,BB,BB,BB,BB,AA,BB,AA,BB,BB,BB,AA,BB,BB,BB,-,BB,-,BB,AA,-,AA,AA,AA,-,AA,AA,AA,BB,AA,AA,AA,AA,AA,AA,-,AA,AA,BB,AA,-,AA,-,AA,AA,AA,AA,BB,AA,AA,AA,-,AA,AA,AA,-,-,BB,AA,AA,BB,AA,-,AA,-,AA,AA,AA,BB,BB,BB,BB,BB,AA,BB,BB,-,AA,-,BB,BB,AA,AA,-,BB,BB,BB,BB,BB,BB,BB,BB,BB,BB,BB,BB,BB,BB,BB,BB,BB,BB,BB,BB,BB,BB,AA,BB,BB,AA,BB,BB,BB,-,BB,-,BB,BB,BB,-,-,BB,BB,BB,BB,BB,BB,BB,BB,BB,AA,AA,BB,BB,AA,AA,BB,-,-,BB,AA,AA,AA,AA,AA,AA,BB,AA,BB,-,AA,BB,AA,AA,AA,AA,AA,BB,AA,AA,AA,AA,AA,AA,AA,-,AA,AA,AA,AA,-,AA,AA,AA,AA,AA,-,-,AA,AA,AA,BB,AA,AA,AA,AA,AA,AA,BB,BB,BB,BB,AA,BB,AA,BB,BB,BB,AA,BB,BB,BB,BB,BB,BB,BB,BB,BB,BB,BB,-,BB,-,BB,BB,-,BB,BB,BB,-,BB,BB,-,AA,AA,AA,AA,AA,AA,AA,AA,AA,AA,AA,AA,AA,AA,AA,AA,AA,AA,AA,AA,AA,AA,AA,-,AA,AA,AA,-,AA,AA,AA,AA,AA,AA,AA,BB,BB,BB,AA,BB,BB,AA,BB,AA,AA,AA,AA,AA,BB,AA,-,BB,-,BB,BB,BB,BB,BB,BB,BB,BB,BB,BB,BB,BB,-,BB,-,BB,BB,BB,-,-,BB,-,BB,BB,-,-,BB,BB,BB,-,AA,BB,BB,BB,BB,AA,BB,BB,BB,BB,BB,-,BB,BB,BB,-,-,BB,BB,BB,BB,BB,BB,BB,-,BB,BB,BB,BB,BB,BB,BB,BB,BB,BB,BB,BB,BB,BB,BB,BB,BB,BB,BB,BB,BB,BB,BB,AA,-,BB,BB,BB,BB,-,BB,BB,BB,BB,BB,BB,BB,BB,-,BB,BB,BB,BB,AA,AA,AA,-,AA,AA,-,AA,AA,-,AA,AA,AA,AA,AA,AA,AA,BB,AA,AA,AA,AA,BB,AA,AA,BB,AA,BB,AA,AA,AA,AA,-,AA,AA,-,AA,AA,AA,BB,BB,AA,-,BB,BB,AA
219,1.6632041,1.66833,44.217355,46.8333,43.4999999999997,43.5,0.227469096233007,-,AA,AA,AA,AA,AA,BB,-,BB,BB,BB,AA,BB,-,-,-,AA,AA,BB,AA,-,-,AA,AA,AA,AA,AA,AA,AA,AA,AA,BB,BB,BB,BB,BB,AA,AA,AA,AA,BB,BB,BB,BB,BB,BB,AA,-,-,AA,BB,BB,BB,BB,-,BB,BB,BB,AA,AA,BB,-,BB,BB,-,AA,BB,BB,AA,BB,BB,-,-,BB,-,BB,BB,AA,-,BB,BB,BB,BB,BB,-,-,AA,AA,AA,-,AA,BB,BB,BB,BB,BB,BB,-,AA,AA,AA,AA,AA,AA,AA,AA,AA,AA,BB,-,BB,BB,BB,BB,AA,AA,AA,-,AA,-,AA,AA,AA,-,AA,AA,AA,AA,AA,BB,-,BB,BB,-,-,-,BB,-,-,BB,-,BB,AA,AA,AA,AA,AA,-,AA,BB,AA,AA,-,-,BB,BB,-,BB,BB,-,BB,BB,-,BB,BB,AA,AA,-,BB,BB,BB,BB,BB,BB,BB,BB,BB,BB,BB,-,BB,BB,AA,AA,AA,AA,AA,AA,AA,AA,-,-,-,-,-,-,AA,AA,AA,AA,AA,AA,-,-,AA,AA,AA,-,AA,AA,AA,AA,AA,AA,AA,-,AA,AA,AA,AA,AA,AA,AA,-,BB,AA,AA,AA,BB,-,BB,BB,BB,BB,BB,BB,BB,BB,-,BB,BB,BB,-,BB,-,BB,BB,BB,-,-,BB,BB,BB,-,-,BB,BB,BB,BB,BB,BB,AA,AA,AA,AA,AA,AA,AA,AA,AA,AA,AA,-,-,AA,AA,AA,BB,AA,BB,-,BB,BB,BB,BB,AA,AA,BB,BB,BB,AA,BB,AA,BB,BB,AA,-,BB,BB,BB,BB,BB,BB,BB,BB,BB,BB,BB,BB,BB,BB,BB,BB,BB,-,BB,BB,BB,BB,BB,BB,BB,BB,BB,-,BB,BB,BB,-,BB,BB,BB,BB,-,BB,AA,AA,BB,BB,BB,AA,AA,AA,BB,AA,-,AA,BB,AA,-,AA,BB,BB,AA,AA,-,AA,AA,AA,BB,BB,BB,BB,BB,AA,AA,AA,AA,-,AA,AA,AA,AA,BB,-,BB,-,AA,AA,AA,-,AA,AA,-,AA,AA,AA,-,-,AA,AA,-,AA,AA,-,AA,AA,AA,AA,-,-,AA,-,AA,BB,AA,AA,AA,-,-,-,AA,AA,-,AA,AA,-,-,AA,AA,-,AA,BB,AA,AA,AA,BB,AA,AA,BB,AA,AA,-,-,AA,-,AA,AA,-,AA,AA,AA,-,AA,AA,AA,AA,AA,AA,BB
220,1.8642881,1.89,38.714208,39.1667,44.9999999999999,45,0.967421566101701,-,AA,AA,AA,AA,AA,AA,-,AA,AA,AA,AA,AA,-,-,AA,-,AA,AA,AA,AA,AA,AA,AA,AA,AA,AA,AA,-,AA,AA,AA,-,AA,-,BB,BB,-,BB,BB,AA,BB,AA,-,AA,AA,BB,BB,-,BB,BB,AA,AA,AA,AA,-,AA,AA,BB,BB,AA,AA,AA,AA,AA,BB,AA,BB,BB,BB,-,-,BB,BB,-,AA,-,BB,AA,-,AA,AA,AA,AA,AA,-,BB,BB,BB,-,BB,AA,AA,AA,-,-,-,-,BB,BB,-,BB,-,BB,AA,AA,AA,BB,AA,BB,AA,AA,AA,AA,-,BB,BB,-,BB,BB,BB,-,BB,-,-,BB,BB,BB,BB,BB,-,BB,BB,BB,BB,BB,BB,-,BB,-,BB,BB,BB,BB,BB,-,BB,BB,BB,AA,BB,BB,BB,AA,AA,AA,AA,AA,AA,AA,AA,BB,BB,AA,BB,-,BB,AA,-,AA,BB,BB,BB,BB,BB,BB,-,BB,AA,AA,BB,-,BB,AA,AA,AA,AA,AA,AA,AA,AA,-,AA,-,AA,AA,-,AA,AA,AA,AA,AA,-,AA,AA,AA,AA,AA,AA,-,AA,AA,AA,AA,AA,AA,AA,-,AA,AA,AA,AA,AA,AA,AA,-,-,AA,BB,AA,AA,AA,AA,AA,AA,AA,AA,AA,-,-,-,-,AA,AA,AA,AA,AA,AA,AA,AA,AA,AA,AA,-,AA,-,AA,AA,AA,AA,BB,BB,BB,BB,BB,AA,AA,AA,AA,BB,-,-,BB,-,AA,AA,AA,AA,AA,-,AA,AA,AA,AA,-,BB,BB,AA,BB,BB,BB,BB,BB,BB,-,BB,BB,-,BB,BB,BB,BB,BB,BB,BB,BB,BB,BB,BB,BB,BB,BB,BB,BB,BB,BB,-,BB,BB,-,BB,BB,BB,BB,-,BB,-,AA,AA,AA,AA,AA,AA,AA,AA,-,BB,BB,BB,-,AA,AA,AA,AA,AA,AA,AA,AA,AA,AA,AA,AA,AA,AA,AA,-,AA,AA,AA,AA,AA,AA,AA,AA,AA,AA,AA,AA,AA,AA,AA,AA,AA,AA,AA,AA,AA,-,AA,AA,-,AA,AA,AA,-,AA,AA,AA,AA,AA,AA,AA,-,-,AA,AA,-,-,AA,AA,AA,AA,AA,AA,AA,AA,-,AA,-,-,AA,BB,AA,AA,AA,AA,AA,AA,AA,AA,AA,AA,AA,BB,BB,-,AA,-,BB,AA,BB,AA,-,-,BB,-,BB,BB,BB,BB,BB,-,BB,AA,AA,-,-,AA,AA,AA
221,-,-,-,-,-,-,-,BB,-,BB,BB,-,-,AA,BB,AA,AA,AA,BB,AA,BB,BB,-,-,AA,AA,AA,AA,AA,-,BB,BB,BB,BB,AA,-,AA,-,AA,-,AA,-,AA,BB,BB,BB,BB,AA,AA,AA,-,AA,AA,BB,AA,-,AA,AA,BB,AA,AA,AA,-,AA,AA,AA,AA,AA,AA,AA,-,AA,AA,AA,-,BB,AA,AA,AA,AA,AA,AA,-,-,AA,AA,-,AA,-,AA,-,AA,AA,AA,AA,AA,-,AA,AA,AA,AA,-,AA,-,AA,AA,AA,AA,AA,AA,-,BB,BB,BB,AA,BB,AA,BB,BB,BB,BB,AA,AA,AA,-,AA,AA,AA,-,-,AA,AA,-,-,-,BB,BB,BB,-,BB,-,-,BB,AA,-,BB,BB,BB,BB,BB,-,BB,-,BB,BB,BB,BB,BB,-,-,BB,BB,BB,BB,BB,-,BB,AA,AA,BB,AA,AA,BB,AA,-,AA,AA,AA,AA,AA,AA,AA,AA,AA,AA,AA,BB,AA,AA,BB,AA,AA,AA,BB,AA,AA,BB,BB,BB,BB,BB,BB,-,-,BB,-,BB,BB,-,BB,-,BB,-,BB,-,AA,BB,BB,AA,-,BB,BB,AA,AA,BB,BB,BB,BB,BB,BB,BB,AA,BB,BB,BB,AA,-,BB,-,BB,BB,BB,-,BB,-,-,BB,-,BB,BB,BB,BB,BB,BB,BB,BB,BB,AA,AA,AA,AA,-,AA,AA,AA,AA,AA,AA,AA,AA,AA,AA,BB,BB,BB,BB,BB,BB,-,BB,BB,BB,BB,AA,AA,AA,-,AA,AA,AA,AA,AA,AA,AA,AA,BB,BB,BB,BB,BB,AA,AA,BB,AA,AA,AA,-,AA,AA,AA,AA,AA,BB,AA,BB,BB,BB,BB,BB,BB,AA,AA,AA,BB,AA,AA,-,AA,BB,-,-,AA,AA,AA,AA,AA,AA,-,AA,AA,AA,AA,BB,BB,AA,AA,AA,BB,BB,BB,AA,AA,AA,AA,-,AA,AA,AA,AA,AA,AA,AA,AA,AA,-,AA,AA,AA,AA,AA,AA,-,AA,AA,AA,-,AA,AA,-,AA,AA,AA,-,AA,AA,AA,AA,AA,AA,BB,AA,BB,AA,AA,AA,AA,AA,-,AA,AA,AA,AA,-,-,AA,-,AA,AA,AA,AA,BB,AA,AA,AA,-,AA,AA,-,AA,AA,AA,AA,AA,AA,-,AA,AA,AA,BB,AA,AA,AA,-,AA,AA,AA,AA,AA,BB,AA,-,-,AA,AA,AA,AA,AA,AA,-,-,BB,BB,BB,-,BB,BB,AA
222,0.7207708,0.77667,43.261428,47.3333,20.0000000000001,20,-1.48086306202512,AA,-,BB,BB,AA,AA,BB,-,BB,BB,BB,BB,BB,-,-,-,AA,-,AA,AA,-,-,-,AA,AA,AA,AA,-,-,-,AA,AA,AA,AA,-,AA,-,-,AA,AA,-,AA,-,-,AA,-,AA,-,-,AA,-,-,-,-,-,-,-,-,AA,AA,-,-,-,-,AA,AA,AA,-,AA,-,-,-,-,AA,-,-,AA,AA,-,-,-,-,AA,-,-,-,AA,AA,AA,-,AA,-,AA,AA,-,-,-,AA,AA,AA,AA,AA,AA,-,AA,AA,AA,AA,AA,-,AA,AA,AA,AA,-,-,-,-,AA,-,-,AA,-,AA,-,-,-,-,-,-,-,AA,AA,-,AA,-,-,AA,BB,BB,-,-,AA,AA,AA,-,-,AA,AA,BB,-,AA,-,-,-,-,-,-,-,-,BB,BB,BB,AA,BB,-,-,-,AA,BB,AA,AA,AA,AA,AA,AA,BB,AA,-,-,AA,-,AA,BB,BB,BB,-,BB,BB,-,AA,AA,-,-,AA,-,AA,AA,-,-,-,AA,-,-,AA,-,AA,AA,BB,AA,-,-,-,-,-,BB,BB,-,AA,-,BB,AA,-,-,BB,-,-,-,BB,-,-,-,-,-,-,BB,-,BB,-,-,-,-,-,BB,BB,BB,-,-,BB,BB,-,-,BB,BB,-,BB,-,-,-,-,AA,AA,AA,AA,AA,BB,BB,BB,BB,-,BB,-,-,AA,AA,-,-,AA,-,-,-,-,-,-,-,AA,AA,-,AA,AA,AA,AA,AA,BB,-,AA,-,-,-,BB,AA,AA,BB,-,-,AA,BB,AA,AA,AA,AA,AA,AA,-,BB,BB,AA,BB,BB,BB,-,AA,-,-,-,-,-,BB,-,BB,-,-,-,-,-,AA,AA,AA,AA,AA,AA,AA,AA,AA,-,-,BB,AA,BB,BB,BB,AA,AA,BB,-,BB,BB,-,-,AA,AA,AA,AA,AA,-,BB,-,BB,-,BB,-,-,-,AA,AA,AA,BB,-,-,-,-,-,AA,-,-,-,-,-,-,-,-,-,-,BB,-,-,-,BB,-,BB,-,-,-,BB,AA,AA,-,-,-,-,-,AA,-,AA,AA,AA,-,AA,AA,-,-,AA,AA,AA,-,-,AA,-,-,AA,-,AA,-,-,-,-,BB,-,-,BB,-,BB,-,AA,BB,-,-,BB,BB,BB
223,1.0605483,1.09667,40.688942,41.3333,24.0000000000001,24,-0.921226561636732,AA,-,AA,BB,-,BB,BB,BB,BB,BB,BB,BB,BB,BB,BB,-,AA,BB,AA,AA,AA,AA,AA,AA,BB,AA,BB,AA,-,AA,-,AA,AA,AA,-,AA,AA,AA,AA,AA,AA,AA,AA,AA,AA,-,AA,BB,AA,AA,-,-,-,AA,AA,AA,AA,-,AA,AA,AA,AA,-,-,-,AA,AA,-,BB,BB,BB,BB,-,-,BB,BB,BB,BB,BB,AA,AA,AA,AA,AA,AA,AA,AA,AA,AA,AA,AA,AA,AA,AA,-,AA,-,AA,AA,AA,AA,AA,AA,-,AA,AA,AA,AA,AA,AA,AA,AA,AA,AA,-,AA,AA,AA,AA,-,AA,AA,AA,AA,-,AA,AA,AA,AA,AA,-,AA,AA,AA,-,-,AA,AA,-,AA,AA,-,AA,AA,-,AA,AA,AA,AA,AA,AA,AA,AA,AA,AA,-,AA,AA,AA,AA,AA,AA,AA,AA,AA,AA,AA,-,AA,AA,AA,AA,AA,AA,AA,AA,AA,AA,AA,-,BB,BB,AA,AA,AA,AA,-,AA,AA,AA,-,AA,-,AA,AA,AA,-,-,-,AA,-,AA,AA,AA,AA,AA,AA,-,AA,-,AA,AA,AA,-,AA,AA,AA,-,AA,-,AA,AA,-,AA,AA,BB,BB,BB,BB,BB,-,BB,-,BB,BB,BB,BB,BB,BB,BB,BB,-,BB,BB,BB,BB,BB,-,-,BB,-,AA,AA,AA,-,AA,AA,AA,AA,AA,AA,AA,AA,AA,AA,BB,BB,BB,BB,BB,-,-,-,-,BB,BB,-,BB,BB,BB,BB,BB,BB,BB,BB,BB,BB,BB,BB,BB,BB,BB,BB,-,BB,BB,BB,BB,BB,BB,BB,BB,BB,BB,BB,BB,BB,BB,BB,BB,BB,BB,BB,BB,BB,-,BB,BB,BB,-,-,BB,BB,-,BB,BB,BB,BB,BB,BB,BB,BB,BB,BB,BB,BB,BB,BB,BB,AA,AA,AA,AA,AA,AA,AA,-,AA,AA,AA,-,-,BB,AA,AA,AA,AA,-,AA,BB,-,-,-,-,-,AA,AA,AA,AA,AA,-,AA,AA,AA,AA,AA,AA,AA,BB,AA,AA,AA,AA,-,-,AA,AA,AA,-,-,AA,AA,AA,AA,-,AA,AA,AA,AA,AA,AA,-,-,AA,AA,BB,-,BB,BB,BB,BB,BB,AA,BB,BB,BB,BB,BB,BB,-,BB,BB,BB,BB,BB,BB,BB,BB,BB,BB,BB,BB,BB,BB,BB,BB,BB,-,-,-,BB,-,BB,BB,BB,-,BB,BB,BB,BB
224,1.9491908,1.945,44.791819,45.1667,52.5000000000003,52.5,1.22324032738863,AA,-,-,-,AA,AA,AA,-,AA,AA,AA,-,AA,AA,AA,AA,AA,AA,AA,AA,-,-,AA,-,-,-,-,AA,AA,-,-,AA,-,-,AA,AA,-,-,-,-,AA,AA,-,-,AA,AA,-,-,AA,BB,-,BB,BB,-,BB,-,BB,BB,-,-,-,BB,BB,BB,BB,-,BB,BB,BB,BB,BB,BB,-,-,AA,-,AA,AA,AA,-,AA,AA,AA,-,AA,AA,-,-,-,AA,-,AA,-,BB,-,BB,-,AA,BB,BB,-,-,-,AA,AA,AA,AA,AA,AA,AA,-,AA,AA,AA,AA,AA,AA,AA,AA,AA,-,AA,AA,AA,-,AA,AA,AA,AA,AA,-,AA,-,AA,AA,AA,AA,AA,AA,-,AA,AA,AA,AA,AA,AA,AA,AA,AA,AA,-,-,-,-,-,AA,-,AA,AA,AA,AA,AA,-,AA,AA,-,-,AA,AA,AA,-,AA,AA,AA,AA,AA,AA,AA,-,AA,AA,AA,-,-,-,BB,BB,-,-,BB,BB,-,BB,BB,-,-,BB,BB,BB,BB,-,-,BB,-,BB,BB,-,-,AA,-,AA,-,-,-,BB,BB,BB,-,-,BB,-,-,BB,-,BB,-,BB,BB,BB,BB,BB,BB,BB,BB,-,BB,BB,BB,BB,BB,BB,BB,BB,BB,BB,BB,BB,BB,-,BB,-,BB,-,BB,-,BB,BB,BB,-,BB,BB,BB,BB,-,-,AA,AA,-,AA,AA,-,-,-,AA,AA,AA,BB,BB,BB,BB,-,-,-,BB,BB,BB,BB,BB,BB,BB,BB,-,AA,-,BB,-,AA,AA,AA,-,-,-,AA,AA,-,AA,AA,-,-,-,-,AA,AA,AA,AA,AA,-,-,-,AA,AA,AA,-,-,AA,-,AA,AA,AA,AA,AA,BB,BB,BB,BB,-,-,BB,BB,-,-,-,-,BB,BB,-,-,BB,BB,BB,-,-,BB,-,BB,BB,BB,-,BB,BB,BB,BB,BB,BB,-,BB,BB,-,-,BB,BB,-,AA,BB,BB,BB,-,BB,BB,-,BB,BB,-,BB,-,-,BB,BB,-,BB,-,-,BB,BB,-,BB,BB,BB,-,BB,BB,BB,BB,BB,BB,BB,-,BB,BB,BB,BB,BB,-,BB,BB,AA,-,-,-,AA,AA,AA,-,-,AA,-,-,AA,-,-,AA,AA,-,-,AA,AA,AA,AA,-,-,AA,AA,AA,AA,AA,AA,AA,AA,AA,-
225,1.9472558,1.95833,47.357383,48,52.0000000000003,52,1.42765102094646,BB,BB,BB,BB,BB,BB,BB,BB,BB,BB,BB,BB,BB,BB,BB,BB,-,-,BB,-,-,BB,BB,BB,BB,BB,BB,BB,-,BB,BB,-,-,-,BB,BB,BB,BB,BB,BB,-,BB,BB,-,BB,-,BB,-,-,BB,BB,BB,BB,BB,-,-,BB,BB,BB,BB,-,-,BB,BB,-,-,BB,-,BB,BB,BB,BB,-,BB,BB,BB,BB,BB,BB,-,BB,BB,BB,BB,BB,BB,BB,BB,BB,BB,BB,BB,BB,BB,BB,-,BB,-,BB,BB,-,BB,-,-,BB,BB,BB,-,BB,-,BB,BB,BB,BB,AA,BB,-,-,-,BB,BB,BB,-,-,BB,-,BB,-,BB,-,-,AA,-,AA,-,AA,AA,AA,AA,-,AA,-,AA,AA,AA,AA,AA,AA,AA,AA,AA,-,AA,-,AA,AA,AA,-,AA,AA,AA,AA,AA,-,AA,AA,AA,-,AA,AA,-,AA,AA,AA,AA,AA,-,AA,AA,-,AA,-,AA,-,-,BB,BB,BB,BB,BB,-,-,BB,BB,BB,-,BB,BB,-,BB,-,-,BB,-,-,BB,-,-,BB,BB,BB,BB,-,BB,BB,BB,BB,BB,-,BB,BB,BB,BB,BB,BB,-,BB,BB,AA,AA,-,AA,AA,AA,AA,-,-,AA,AA,AA,-,-,-,BB,BB,BB,BB,-,BB,-,BB,-,-,BB,-,BB,-,-,-,BB,BB,BB,BB,-,BB,AA,AA,AA,AA,-,-,AA,-,-,AA,AA,AA,AA,AA,-,-,AA,AA,AA,AA,AA,AA,AA,AA,AA,AA,AA,AA,-,AA,-,-,AA,AA,-,AA,AA,-,-,BB,BB,BB,BB,BB,BB,BB,BB,BB,BB,BB,-,-,-,-,BB,-,BB,-,BB,BB,-,BB,BB,BB,-,-,BB,BB,-,-,BB,BB,BB,BB,-,BB,AA,AA,BB,AA,-,BB,AA,AA,AA,AA,AA,AA,AA,AA,AA,AA,AA,AA,AA,AA,AA,AA,AA,AA,AA,AA,AA,AA,AA,-,-,-,AA,AA,AA,AA,AA,AA,-,-,-,AA,AA,AA,AA,AA,-,AA,AA,AA,AA,-,-,-,AA,AA,-,-,AA,AA,-,AA,AA,AA,AA,AA,-,AA,AA,-,AA,AA,AA,AA,AA,AA,AA,AA,AA,AA,AA,AA,AA,AA,AA,AA,AA,-,AA,AA,AA,AA,AA,AA,AA,-,AA,AA,AA,AA,AA,AA,AA,AA,AA,AA,AA,AA,AA
226,1.9044549,1.89,46.126921,47.5,51,51,0.967421566101701,AA,AA,AA,AA,AA,AA,AA,AA,AA,AA,AA,AA,AA,AA,-,AA,-,-,-,-,-,-,AA,AA,AA,AA,AA,AA,AA,-,-,-,-,AA,AA,AA,AA,AA,AA,AA,AA,AA,AA,AA,-,-,AA,AA,AA,AA,-,BB,AA,AA,AA,AA,AA,AA,AA,AA,-,-,AA,AA,AA,AA,AA,-,BB,BB,BB,BB,BB,BB,BB,-,BB,BB,BB,BB,BB,-,BB,-,BB,BB,BB,BB,BB,BB,BB,BB,BB,BB,-,-,BB,BB,BB,BB,BB,BB,BB,BB,BB,BB,BB,-,BB,BB,BB,BB,BB,BB,-,BB,BB,BB,-,-,BB,BB,-,BB,BB,BB,BB,-,BB,-,-,-,AA,-,AA,AA,AA,AA,AA,AA,-,-,AA,-,-,AA,AA,AA,AA,AA,-,-,AA,AA,AA,-,AA,-,AA,-,AA,AA,AA,AA,AA,AA,AA,AA,AA,-,AA,AA,AA,AA,AA,AA,AA,AA,AA,AA,AA,AA,AA,BB,BB,BB,BB,BB,BB,BB,-,BB,-,BB,BB,BB,-,BB,BB,BB,BB,-,BB,BB,BB,BB,BB,-,BB,-,BB,BB,BB,BB,-,BB,BB,BB,BB,BB,BB,BB,AA,BB,BB,-,BB,BB,BB,-,BB,BB,BB,BB,BB,-,-,BB,BB,BB,-,BB,-,-,BB,BB,BB,BB,BB,BB,-,BB,-,-,-,BB,-,-,BB,BB,BB,BB,-,BB,BB,AA,-,AA,AA,-,-,AA,-,-,AA,AA,AA,AA,AA,-,-,-,-,AA,AA,AA,AA,AA,AA,AA,AA,AA,AA,AA,AA,AA,AA,-,-,AA,AA,AA,AA,-,AA,-,-,AA,AA,AA,AA,AA,AA,AA,AA,AA,AA,-,AA,AA,-,AA,-,AA,AA,AA,AA,-,AA,-,-,AA,AA,AA,-,AA,AA,AA,AA,BB,BB,BB,BB,BB,-,BB,BB,BB,-,-,-,-,BB,BB,BB,-,BB,BB,BB,BB,-,BB,BB,BB,-,-,BB,BB,-,BB,-,-,BB,BB,BB,BB,-,BB,BB,-,BB,BB,BB,BB,BB,-,BB,BB,-,-,-,-,BB,BB,BB,-,BB,BB,BB,BB,BB,-,-,BB,BB,AA,-,AA,AA,AA,AA,AA,AA,AA,AA,AA,-,AA,AA,AA,-,AA,AA,-,AA,AA,AA,-,-,AA,-,AA,AA,-,-,AA,-,AA,AA,AA,-,-,AA,AA,AA,-,AA,-,AA,AA
227,1.6512932,1.64,43.192516,45.8333,38,38,0.137221828805116,AA,AA,AA,AA,-,AA,AA,-,AA,AA,AA,AA,AA,AA,AA,-,AA,AA,AA,-,AA,-,AA,AA,AA,AA,AA,AA,-,-,AA,AA,AA,AA,AA,AA,AA,AA,AA,AA,-,AA,-,AA,AA,AA,AA,BB,-,AA,-,BB,-,AA,-,AA,AA,AA,AA,AA,AA,AA,-,AA,-,-,AA,AA,AA,AA,-,-,AA,-,-,BB,-,BB,BB,-,BB,-,BB,BB,BB,BB,BB,BB,BB,BB,BB,BB,BB,BB,-,BB,BB,BB,BB,BB,-,BB,-,AA,-,BB,BB,-,BB,BB,BB,BB,BB,BB,BB,BB,BB,-,BB,BB,-,BB,-,BB,-,BB,-,AA,AA,-,-,BB,BB,BB,BB,BB,-,BB,AA,-,BB,-,BB,BB,-,BB,BB,BB,BB,BB,-,-,-,BB,BB,-,BB,BB,-,BB,BB,BB,BB,BB,BB,BB,BB,AA,AA,AA,-,AA,AA,AA,AA,AA,AA,AA,-,AA,AA,-,AA,AA,AA,AA,AA,AA,AA,AA,-,AA,-,AA,BB,BB,BB,-,-,BB,BB,BB,-,BB,BB,-,BB,-,BB,-,BB,BB,-,-,BB,BB,BB,-,-,BB,BB,BB,BB,BB,BB,BB,BB,BB,BB,BB,BB,BB,BB,BB,BB,BB,BB,BB,BB,BB,-,-,-,BB,BB,BB,-,BB,BB,-,BB,BB,BB,-,-,-,-,BB,BB,-,BB,BB,BB,BB,BB,AA,AA,AA,AA,AA,-,AA,AA,-,AA,AA,-,AA,AA,-,AA,-,AA,AA,AA,AA,AA,AA,AA,AA,AA,AA,AA,-,AA,BB,-,BB,BB,BB,BB,BB,BB,BB,BB,BB,-,BB,BB,-,BB,BB,BB,BB,BB,BB,-,BB,-,BB,BB,BB,-,BB,-,-,BB,-,-,-,BB,BB,-,-,BB,BB,BB,BB,BB,BB,BB,BB,BB,BB,BB,BB,-,BB,BB,BB,BB,BB,BB,-,-,BB,BB,BB,BB,BB,BB,BB,BB,-,BB,BB,-,BB,BB,BB,-,BB,BB,BB,BB,BB,BB,BB,BB,BB,BB,-,BB,BB,BB,BB,BB,BB,-,BB,BB,-,BB,BB,BB,BB,BB,BB,-,BB,-,BB,BB,BB,BB,BB,-,-,BB,BB,BB,BB,BB,BB,BB,BB,BB,-,BB,BB,BB,BB,BB,BB,BB,BB,BB,BB,BB,BB,BB,BB,BB,BB,AA,AA,AA,AA,AA,AA,-,-,AA,AA,AA,-,AA,AA,AA,AA
228,1.617554,1.625,53.254833,55.6667,44.5000000000001,44.5,0.0999878362676705,-,AA,BB,BB,AA,AA,BB,AA,BB,BB,BB,BB,BB,-,AA,AA,AA,AA,BB,AA,AA,AA,AA,BB,BB,BB,BB,-,AA,AA,AA,-,AA,AA,AA,BB,BB,BB,BB,BB,BB,BB,BB,BB,BB,BB,BB,-,-,BB,BB,BB,BB,BB,BB,BB,BB,BB,AA,AA,BB,BB,BB,-,BB,AA,BB,BB,AA,BB,BB,BB,BB,BB,BB,BB,BB,AA,BB,BB,-,BB,BB,-,BB,BB,AA,AA,AA,BB,AA,BB,BB,BB,BB,BB,BB,BB,AA,AA,AA,AA,AA,AA,BB,BB,BB,-,BB,AA,BB,BB,BB,-,AA,AA,AA,AA,AA,AA,AA,AA,AA,AA,-,AA,AA,AA,AA,AA,-,AA,AA,AA,-,AA,AA,-,-,BB,AA,AA,AA,AA,AA,AA,AA,AA,AA,BB,-,AA,AA,AA,BB,BB,BB,-,BB,BB,BB,BB,BB,BB,BB,BB,BB,BB,BB,BB,AA,AA,AA,AA,AA,AA,BB,AA,-,BB,AA,-,AA,AA,AA,AA,AA,AA,AA,AA,AA,AA,AA,BB,BB,BB,BB,BB,BB,BB,BB,-,BB,BB,BB,-,BB,BB,AA,BB,BB,AA,BB,BB,BB,AA,AA,BB,BB,BB,AA,BB,BB,BB,AA,BB,BB,BB,AA,BB,BB,-,BB,BB,BB,BB,BB,BB,BB,BB,BB,BB,BB,BB,BB,BB,BB,BB,BB,BB,BB,BB,AA,AA,AA,AA,AA,AA,AA,AA,AA,AA,AA,AA,AA,AA,AA,AA,AA,BB,BB,BB,BB,BB,BB,BB,-,AA,AA,AA,AA,AA,AA,AA,AA,AA,AA,AA,BB,BB,BB,BB,BB,AA,-,BB,AA,AA,AA,AA,BB,BB,AA,-,AA,BB,AA,BB,BB,BB,BB,BB,BB,AA,AA,AA,BB,-,AA,AA,AA,BB,BB,BB,BB,-,BB,AA,-,-,AA,-,AA,AA,AA,-,BB,BB,BB,BB,BB,BB,BB,BB,BB,BB,BB,-,BB,-,-,BB,BB,BB,BB,-,BB,BB,BB,BB,BB,BB,BB,BB,BB,BB,BB,AA,AA,AA,AA,AA,AA,BB,BB,BB,AA,AA,-,AA,AA,AA,BB,AA,BB,BB,BB,BB,-,BB,BB,BB,BB,BB,BB,-,BB,BB,BB,-,BB,BB,AA,AA,BB,AA,AA,AA,AA,AA,AA,BB,AA,BB,BB,AA,AA,AA,BB,AA,AA,BB,BB,AA,AA,AA,BB,AA,AA,BB,AA,BB,-,AA,AA,AA,-,-,AA,AA,AA,AA,AA,BB,BB,-,AA,AA,AA,AA
229,1.6640066,1.70833,37.20849,41,34.0000000000001,34,0.277090111619422,AA,AA,AA,AA,-,-,AA,AA,AA,AA,AA,AA,AA,AA,-,-,AA,AA,AA,AA,AA,-,-,AA,AA,AA,AA,BB,BB,AA,BB,-,-,AA,AA,AA,BB,AA,AA,AA,-,AA,AA,AA,AA,AA,AA,BB,AA,AA,AA,AA,AA,-,-,AA,AA,-,AA,AA,-,-,-,-,BB,BB,-,BB,BB,BB,BB,BB,BB,BB,BB,BB,BB,BB,-,-,-,-,BB,BB,BB,-,BB,BB,BB,BB,BB,BB,-,-,BB,BB,-,BB,BB,BB,BB,BB,BB,-,BB,BB,BB,-,BB,BB,BB,BB,-,BB,AA,BB,BB,-,-,-,-,BB,BB,-,-,-,BB,BB,-,BB,BB,-,BB,BB,-,-,-,BB,BB,BB,BB,-,-,BB,BB,BB,-,BB,-,BB,BB,BB,BB,BB,BB,-,BB,BB,BB,BB,BB,BB,BB,BB,BB,BB,BB,BB,BB,BB,BB,BB,BB,BB,BB,BB,-,BB,-,BB,BB,BB,BB,BB,BB,BB,BB,BB,BB,BB,-,-,BB,-,BB,BB,BB,BB,BB,-,BB,BB,-,BB,-,BB,BB,-,BB,BB,BB,BB,-,-,BB,BB,BB,BB,-,BB,BB,BB,BB,-,BB,BB,-,BB,BB,-,-,BB,BB,BB,BB,BB,BB,BB,BB,BB,BB,BB,BB,BB,-,-,BB,-,-,-,BB,BB,BB,-,-,-,BB,BB,BB,-,BB,BB,BB,BB,BB,AA,AA,AA,AA,-,AA,AA,AA,AA,AA,AA,AA,AA,AA,-,-,-,-,AA,-,AA,AA,AA,AA,AA,AA,AA,AA,AA,AA,AA,-,AA,-,AA,AA,AA,AA,AA,-,AA,-,AA,AA,AA,AA,AA,AA,-,-,BB,BB,BB,-,-,BB,BB,-,BB,BB,BB,BB,-,-,-,-,BB,BB,-,BB,BB,BB,BB,BB,BB,AA,AA,AA,AA,-,-,-,-,AA,-,AA,AA,AA,-,AA,-,-,AA,AA,AA,AA,AA,AA,AA,-,AA,-,AA,-,AA,AA,AA,AA,AA,AA,AA,AA,-,-,-,-,-,AA,AA,-,AA,-,AA,-,-,AA,AA,AA,AA,AA,AA,AA,-,-,AA,-,-,-,AA,AA,-,AA,AA,AA,-,-,AA,-,AA,AA,AA,AA,-,AA,AA,AA,AA,AA,-,-,-,AA,AA,AA,AA,-,AA,-,AA,AA,AA,AA,AA,AA,-,AA,AA,-,AA,AA,AA,AA,AA,AA,AA
230,1.2883345,1.34667,53.64733,58.3333,26.5,26.5,-0.556058167139324,BB,BB,BB,BB,BB,-,-,BB,BB,BB,BB,BB,-,BB,BB,-,BB,BB,-,BB,BB,BB,BB,-,BB,BB,BB,BB,BB,BB,BB,BB,BB,BB,BB,BB,BB,BB,BB,BB,BB,BB,BB,-,AA,AA,AA,BB,-,AA,AA,AA,AA,-,AA,AA,AA,AA,AA,AA,AA,-,BB,BB,BB,AA,-,-,BB,BB,BB,-,BB,BB,BB,BB,BB,BB,BB,BB,BB,BB,BB,-,BB,-,BB,BB,BB,BB,BB,-,BB,BB,BB,BB,BB,BB,BB,BB,BB,BB,BB,AA,AA,AA,AA,BB,BB,BB,BB,BB,BB,-,BB,BB,BB,BB,BB,-,BB,-,BB,-,BB,BB,BB,BB,BB,BB,BB,BB,AA,AA,AA,AA,AA,AA,BB,AA,AA,AA,AA,-,AA,AA,AA,AA,AA,-,-,-,AA,AA,-,-,AA,AA,AA,AA,AA,AA,AA,AA,AA,AA,-,-,-,AA,AA,-,AA,AA,AA,AA,AA,AA,AA,AA,AA,AA,BB,BB,BB,BB,-,BB,BB,BB,BB,-,BB,BB,BB,BB,BB,BB,BB,BB,BB,BB,BB,-,-,BB,BB,BB,BB,BB,BB,BB,BB,BB,BB,BB,BB,BB,AA,BB,BB,BB,BB,BB,BB,AA,AA,AA,AA,AA,AA,AA,BB,BB,BB,BB,BB,BB,BB,-,BB,-,BB,BB,BB,BB,BB,BB,BB,BB,BB,BB,BB,BB,BB,BB,BB,BB,BB,BB,BB,BB,BB,BB,BB,BB,BB,BB,BB,BB,BB,BB,BB,BB,BB,BB,BB,-,-,AA,-,-,AA,AA,AA,AA,AA,-,AA,AA,AA,AA,AA,AA,AA,AA,AA,AA,AA,AA,AA,AA,AA,AA,AA,AA,AA,AA,AA,-,AA,AA,AA,AA,AA,AA,AA,-,AA,AA,AA,AA,AA,-,AA,-,AA,AA,AA,AA,AA,AA,AA,AA,AA,AA,AA,AA,AA,AA,AA,AA,AA,AA,AA,AA,AA,-,AA,AA,-,AA,-,AA,-,AA,AA,AA,AA,AA,AA,AA,AA,AA,-,AA,AA,AA,AA,AA,AA,AA,AA,AA,AA,AA,AA,AA,AA,AA,-,AA,AA,AA,-,AA,AA,AA,AA,AA,AA,-,AA,AA,AA,AA,AA,AA,AA,AA,AA,AA,-,AA,AA,AA,AA,AA,AA,AA,AA,AA,AA,AA,AA,AA,AA,AA,AA,AA,AA,BB,BB,BB,BB,BB,BB,-,BB,BB,-,BB,BB,BB,-,-,BB,BB,BB,BB,BB,BB,BB,BB,BB,BB,BB,BB,BB,BB
231,1.606632,1.65333,50.241202,52.5,22.5000000000001,22.5,0.167144138256205,BB,BB,BB,BB,BB,BB,BB,-,BB,BB,BB,BB,BB,BB,BB,BB,-,BB,BB,BB,BB,BB,BB,BB,BB,BB,BB,BB,BB,BB,BB,BB,BB,BB,BB,BB,BB,BB,BB,BB,BB,BB,BB,BB,BB,BB,BB,BB,BB,BB,BB,-,BB,BB,BB,-,BB,BB,BB,BB,-,-,BB,BB,BB,-,BB,BB,BB,BB,BB,BB,BB,BB,BB,BB,BB,BB,BB,BB,BB,AA,BB,BB,BB,BB,BB,BB,BB,BB,BB,-,BB,BB,BB,BB,BB,-,BB,BB,-,BB,-,BB,BB,BB,BB,BB,AA,AA,AA,AA,AA,AA,AA,AA,AA,AA,AA,AA,AA,AA,-,AA,AA,AA,AA,AA,-,AA,AA,AA,AA,-,AA,AA,AA,AA,AA,-,AA,-,-,-,AA,AA,-,AA,AA,AA,AA,AA,AA,AA,AA,-,AA,AA,AA,AA,AA,AA,AA,AA,AA,AA,AA,-,-,-,-,AA,AA,AA,AA,AA,AA,AA,AA,AA,AA,AA,AA,-,-,AA,AA,AA,AA,AA,-,AA,AA,AA,AA,AA,AA,AA,AA,AA,AA,AA,AA,AA,AA,AA,AA,AA,AA,AA,AA,AA,AA,AA,AA,AA,BB,AA,AA,AA,AA,AA,AA,-,AA,AA,AA,AA,AA,AA,AA,AA,AA,AA,AA,AA,AA,BB,AA,AA,AA,AA,AA,AA,AA,AA,AA,AA,AA,-,AA,AA,AA,AA,BB,BB,-,BB,BB,BB,AA,AA,BB,-,BB,BB,BB,BB,BB,BB,BB,BB,BB,BB,-,BB,BB,BB,BB,BB,BB,BB,BB,BB,BB,BB,BB,BB,BB,BB,BB,BB,BB,BB,BB,-,BB,BB,BB,BB,BB,BB,BB,BB,AA,BB,AA,AA,AA,AA,AA,AA,AA,AA,AA,AA,-,AA,AA,AA,AA,AA,AA,AA,AA,AA,-,AA,AA,AA,AA,AA,AA,AA,AA,AA,AA,AA,AA,-,BB,BB,BB,BB,BB,BB,BB,BB,BB,BB,BB,BB,BB,BB,BB,BB,BB,BB,BB,BB,BB,BB,BB,BB,BB,-,BB,-,-,BB,BB,BB,BB,BB,BB,BB,BB,BB,BB,BB,BB,BB,BB,BB,BB,BB,BB,AA,BB,BB,BB,AA,AA,AA,AA,AA,AA,AA,AA,BB,-,AA,AA,AA,AA,AA,AA,AA,AA,AA,AA,AA,AA,AA,AA,AA,AA,AA,AA,AA,AA,AA,AA,AA,AA,AA,AA,AA,-,AA,AA,AA,AA,AA,AA,AA,AA,AA,AA,AA,AA,AA,AA,AA,AA,AA,AA,AA,AA,AA
232,1.4979313,1.55667,45.333707,49.2222,20,20,-0.040679226898454,BB,BB,BB,BB,BB,BB,-,BB,BB,AA,AA,AA,AA,AA,AA,AA,AA,AA,AA,AA,AA,-,AA,AA,AA,AA,AA,AA,AA,AA,AA,BB,BB,BB,BB,BB,BB,BB,BB,BB,BB,BB,BB,BB,BB,BB,BB,BB,BB,BB,BB,BB,BB,BB,BB,BB,BB,BB,BB,BB,BB,BB,AA,AA,AA,BB,AA,AA,AA,-,AA,AA,AA,AA,AA,AA,AA,AA,-,AA,AA,AA,AA,AA,AA,AA,AA,AA,AA,AA,AA,AA,BB,AA,AA,AA,AA,AA,AA,AA,AA,AA,AA,BB,BB,BB,BB,-,BB,BB,AA,AA,AA,AA,AA,AA,AA,AA,AA,AA,AA,AA,AA,AA,AA,AA,AA,AA,AA,AA,AA,AA,AA,AA,AA,AA,AA,AA,AA,AA,AA,AA,AA,AA,AA,AA,AA,-,AA,-,AA,AA,AA,AA,AA,AA,AA,AA,AA,AA,AA,AA,AA,AA,AA,AA,AA,AA,AA,AA,AA,AA,AA,AA,AA,AA,AA,AA,-,AA,AA,AA,AA,AA,AA,AA,-,AA,AA,AA,AA,AA,AA,AA,AA,AA,AA,AA,AA,AA,AA,AA,AA,AA,AA,AA,AA,AA,AA,AA,AA,AA,AA,AA,BB,AA,AA,AA,AA,AA,AA,AA,AA,AA,AA,AA,AA,AA,AA,AA,AA,AA,AA,AA,AA,AA,AA,AA,AA,AA,AA,AA,AA,AA,AA,AA,AA,AA,AA,BB,BB,BB,BB,BB,BB,BB,BB,BB,BB,BB,BB,BB,BB,BB,BB,BB,BB,BB,BB,BB,BB,BB,BB,BB,BB,BB,BB,BB,BB,BB,BB,BB,BB,BB,BB,BB,BB,BB,BB,BB,BB,BB,BB,BB,BB,BB,BB,BB,BB,BB,BB,BB,BB,BB,BB,BB,BB,BB,BB,BB,BB,BB,BB,BB,BB,BB,AA,BB,AA,AA,AA,AA,AA,AA,AA,AA,AA,AA,AA,AA,AA,AA,AA,AA,AA,AA,AA,AA,AA,BB,BB,BB,BB,BB,BB,BB,BB,BB,BB,BB,BB,BB,BB,BB,BB,BB,BB,BB,BB,BB,BB,BB,BB,BB,BB,BB,BB,BB,-,BB,BB,BB,BB,BB,BB,BB,-,BB,BB,BB,BB,BB,BB,BB,BB,BB,BB,BB,BB,BB,BB,BB,BB,BB,BB,BB,BB,BB,BB,BB,BB,BB,BB,BB,BB,BB,BB,AA,BB,BB,BB,BB,BB,BB,BB,BB,BB,BB,BB,BB,-,BB,BB,BB,BB,BB,BB,BB,BB,BB,BB,BB,BB,BB,BB,BB,BB,BB,BB,-,BB,BB,BB,BB,BB,AA,AA,AA,AA,AA
233,1.4871072,1.57,49.719596,55,20.5000000000001,20.5,0.00369710027280443,AA,AA,AA,AA,AA,AA,AA,-,AA,AA,AA,AA,AA,AA,AA,AA,AA,AA,AA,AA,-,-,AA,AA,AA,AA,AA,AA,AA,AA,AA,AA,AA,AA,BB,AA,AA,AA,AA,AA,BB,AA,-,BB,AA,AA,AA,BB,BB,AA,BB,BB,BB,BB,BB,BB,-,BB,AA,AA,BB,-,BB,BB,BB,-,-,BB,AA,BB,BB,BB,BB,-,BB,-,BB,AA,BB,AA,AA,AA,AA,-,AA,AA,AA,AA,AA,AA,AA,AA,AA,AA,-,-,AA,-,AA,AA,-,AA,-,BB,AA,AA,AA,BB,AA,BB,AA,AA,AA,AA,BB,BB,BB,BB,BB,BB,BB,BB,-,-,-,-,BB,-,BB,BB,BB,BB,BB,BB,BB,BB,-,-,-,-,BB,BB,-,BB,BB,BB,BB,BB,BB,BB,BB,BB,-,BB,AA,BB,BB,BB,-,BB,AA,AA,AA,BB,AA,AA,AA,-,BB,BB,-,AA,AA,AA,AA,AA,BB,BB,BB,BB,BB,BB,BB,-,-,BB,BB,BB,BB,BB,BB,BB,BB,BB,BB,BB,BB,BB,BB,BB,BB,BB,BB,BB,-,BB,BB,BB,AA,BB,BB,AA,BB,BB,BB,AA,AA,BB,BB,BB,AA,BB,BB,BB,AA,BB,BB,BB,AA,BB,BB,BB,-,BB,-,BB,BB,BB,BB,BB,BB,BB,BB,BB,BB,BB,BB,BB,BB,-,AA,AA,AA,-,BB,BB,AA,AA,AA,AA,AA,AA,AA,-,AA,BB,BB,BB,BB,AA,AA,AA,AA,AA,AA,AA,AA,BB,BB,BB,BB,BB,BB,BB,BB,BB,BB,BB,BB,BB,BB,BB,BB,-,-,-,AA,AA,AA,AA,BB,BB,-,AA,AA,BB,AA,BB,BB,BB,BB,BB,BB,BB,-,BB,-,-,BB,BB,-,AA,BB,BB,BB,BB,-,BB,BB,BB,BB,BB,AA,AA,AA,AA,AA,AA,BB,-,BB,BB,BB,BB,BB,BB,BB,BB,-,BB,AA,BB,BB,-,AA,AA,AA,AA,AA,BB,BB,BB,BB,BB,BB,AA,-,AA,AA,AA,AA,AA,AA,AA,AA,AA,-,AA,AA,AA,AA,AA,AA,AA,AA,AA,AA,AA,AA,AA,AA,AA,AA,-,AA,AA,AA,AA,AA,AA,AA,AA,AA,BB,BB,AA,AA,AA,AA,AA,AA,BB,AA,AA,AA,BB,BB,BB,AA,BB,BB,AA,AA,BB,-,BB,AA,BB,BB,AA,BB,AA,BB,BB,-,BB,BB,BB,BB,BB,BB,AA,AA,AA,AA,AA,-,AA,AA,AA
234,1.5661923,1.58167,46.130869,45.5,53.9999999999998,54,0.0221843706279273,BB,BB,BB,BB,BB,BB,BB,BB,BB,BB,BB,BB,BB,BB,BB,-,AA,BB,BB,-,BB,-,BB,BB,BB,BB,BB,-,BB,BB,BB,BB,-,-,BB,BB,BB,BB,BB,BB,BB,BB,BB,BB,-,BB,BB,-,BB,BB,BB,BB,BB,BB,BB,BB,BB,BB,BB,BB,BB,BB,BB,-,BB,BB,-,BB,BB,BB,-,-,BB,BB,BB,BB,-,BB,BB,AA,AA,-,BB,-,-,-,BB,BB,BB,BB,BB,-,BB,BB,BB,BB,BB,BB,BB,BB,AA,BB,AA,AA,-,-,-,BB,AA,-,AA,AA,AA,AA,AA,AA,AA,-,-,AA,AA,AA,AA,AA,-,AA,-,-,AA,-,AA,AA,AA,-,-,-,AA,AA,AA,AA,AA,AA,-,-,AA,AA,-,AA,-,AA,-,AA,-,-,AA,AA,-,AA,AA,-,AA,AA,AA,AA,AA,AA,AA,AA,-,-,BB,AA,AA,AA,AA,AA,AA,AA,AA,AA,AA,AA,AA,AA,AA,BB,-,BB,BB,-,BB,BB,BB,BB,BB,BB,BB,BB,BB,BB,BB,BB,BB,BB,BB,BB,-,-,BB,BB,BB,BB,BB,BB,-,BB,BB,BB,BB,BB,BB,-,AA,BB,BB,BB,BB,BB,BB,-,BB,BB,BB,-,-,BB,BB,BB,BB,-,-,-,BB,BB,BB,BB,-,BB,BB,BB,AA,BB,BB,-,BB,-,BB,BB,BB,BB,BB,BB,BB,BB,BB,AA,AA,AA,AA,AA,AA,AA,AA,-,AA,AA,AA,AA,AA,AA,AA,AA,AA,AA,AA,AA,AA,-,BB,BB,BB,BB,BB,BB,BB,BB,BB,BB,BB,BB,BB,BB,BB,BB,BB,BB,BB,BB,BB,BB,BB,BB,BB,-,BB,BB,AA,BB,BB,BB,BB,BB,BB,BB,BB,BB,BB,BB,BB,BB,BB,BB,BB,BB,BB,BB,BB,BB,BB,BB,BB,BB,BB,BB,BB,BB,-,BB,BB,-,-,BB,BB,BB,-,BB,AA,AA,-,AA,AA,AA,AA,AA,AA,AA,AA,-,AA,AA,AA,-,AA,AA,AA,AA,AA,-,AA,AA,AA,AA,AA,-,-,AA,AA,AA,AA,-,AA,-,AA,AA,AA,AA,AA,-,AA,AA,AA,-,AA,AA,AA,AA,-,AA,AA,-,-,AA,AA,AA,AA,AA,-,AA,AA,BB,BB,BB,BB,BB,BB,BB,BB,BB,BB,BB,-,BB,BB,BB,BB,BB,BB,BB,BB,BB,BB,BB,BB,BB,BB,BB,BB,BB,BB,BB
235,0.7610179,0.77833,34.241172,36.8333,44,44,-1.43797031193787,BB,BB,BB,BB,BB,BB,BB,AA,AA,AA,AA,AA,AA,AA,AA,AA,AA,AA,AA,AA,AA,-,AA,AA,AA,AA,AA,AA,AA,AA,AA,AA,AA,AA,AA,AA,AA,AA,AA,AA,AA,AA,AA,AA,AA,AA,AA,-,AA,AA,-,AA,AA,AA,AA,AA,AA,AA,AA,AA,-,AA,AA,AA,-,-,AA,-,AA,AA,AA,AA,-,AA,AA,AA,AA,AA,AA,AA,AA,-,AA,AA,AA,AA,AA,AA,AA,AA,AA,AA,AA,AA,AA,AA,AA,AA,AA,AA,-,AA,-,BB,BB,BB,BB,BB,BB,BB,BB,BB,BB,BB,BB,BB,BB,BB,BB,BB,BB,BB,BB,BB,BB,BB,BB,AA,AA,AA,AA,AA,AA,AA,AA,AA,AA,AA,AA,-,AA,AA,AA,AA,AA,BB,BB,BB,BB,BB,BB,BB,BB,BB,BB,BB,BB,BB,BB,BB,BB,BB,BB,BB,BB,BB,BB,BB,BB,BB,-,BB,BB,BB,BB,BB,BB,BB,BB,-,BB,BB,BB,-,-,BB,-,BB,AA,BB,BB,BB,AA,AA,AA,AA,BB,BB,BB,BB,-,BB,BB,BB,BB,-,-,BB,BB,BB,BB,BB,BB,BB,BB,BB,BB,BB,BB,BB,BB,-,BB,BB,BB,BB,BB,BB,BB,-,BB,BB,BB,BB,BB,BB,BB,BB,BB,BB,BB,BB,BB,BB,BB,BB,BB,BB,BB,BB,BB,BB,BB,BB,BB,-,BB,BB,BB,BB,BB,BB,BB,-,BB,AA,AA,AA,BB,AA,AA,AA,BB,BB,BB,BB,BB,BB,-,BB,BB,BB,BB,BB,BB,BB,BB,BB,BB,BB,BB,BB,BB,BB,BB,-,BB,BB,BB,BB,BB,BB,BB,BB,BB,BB,BB,BB,BB,BB,BB,BB,BB,BB,BB,BB,-,BB,BB,BB,BB,BB,BB,BB,BB,BB,BB,BB,BB,BB,BB,BB,BB,BB,BB,-,BB,BB,BB,-,AA,AA,AA,AA,AA,AA,AA,AA,AA,AA,AA,AA,AA,AA,AA,AA,AA,AA,AA,AA,AA,AA,AA,AA,AA,AA,AA,AA,AA,AA,AA,-,AA,AA,AA,AA,AA,AA,AA,AA,AA,AA,AA,AA,AA,AA,AA,AA,AA,AA,AA,AA,AA,AA,-,AA,AA,AA,AA,-,AA,AA,AA,AA,AA,AA,AA,-,AA,AA,AA,AA,AA,AA,AA,AA,AA,AA,AA,AA,-,AA,AA,AA,AA,AA,AA,AA,AA,AA,-,AA,AA,AA,AA,-,AA,AA,AA,AA,AA,AA,AA,AA,AA,AA,AA,AA,AA,AA
236,0.8847824,0.93,41.784735,46.5,21.5000000000001,21.5,-1.14143892149066,AA,AA,AA,BB,-,BB,BB,BB,BB,AA,AA,AA,AA,AA,AA,-,AA,BB,AA,AA,AA,AA,AA,AA,AA,AA,AA,-,AA,AA,AA,AA,AA,AA,AA,AA,AA,BB,BB,BB,BB,BB,BB,BB,BB,BB,BB,BB,BB,BB,BB,BB,BB,BB,AA,AA,AA,AA,AA,AA,AA,AA,-,AA,AA,-,AA,AA,AA,AA,AA,AA,AA,-,AA,-,AA,AA,AA,AA,AA,-,AA,AA,AA,-,AA,AA,AA,AA,AA,AA,AA,AA,-,AA,AA,AA,AA,AA,AA,AA,AA,AA,AA,AA,AA,AA,AA,AA,AA,AA,AA,AA,AA,AA,AA,AA,AA,AA,AA,-,-,BB,BB,BB,BB,BB,BB,BB,BB,BB,BB,BB,BB,BB,-,BB,BB,-,BB,BB,BB,BB,BB,BB,BB,BB,BB,BB,-,BB,BB,BB,BB,BB,BB,BB,BB,BB,BB,BB,BB,BB,BB,BB,BB,BB,BB,BB,BB,BB,BB,BB,BB,BB,BB,BB,BB,BB,BB,BB,BB,-,-,BB,BB,BB,BB,BB,-,BB,-,BB,BB,-,BB,BB,BB,BB,BB,BB,BB,BB,BB,BB,BB,-,BB,BB,BB,BB,BB,-,BB,BB,BB,BB,-,BB,BB,BB,BB,BB,BB,BB,BB,BB,BB,BB,BB,BB,BB,BB,BB,BB,BB,BB,BB,BB,BB,BB,BB,BB,BB,BB,BB,BB,BB,BB,BB,BB,BB,BB,BB,BB,BB,BB,BB,BB,BB,BB,BB,BB,BB,BB,BB,BB,BB,BB,BB,BB,BB,BB,BB,BB,BB,AA,-,BB,BB,BB,BB,BB,BB,BB,BB,BB,BB,BB,BB,BB,BB,BB,BB,BB,BB,BB,BB,BB,BB,BB,BB,BB,BB,BB,BB,BB,BB,BB,BB,BB,BB,BB,BB,BB,-,BB,BB,BB,-,BB,BB,BB,BB,BB,BB,BB,-,BB,BB,BB,BB,BB,BB,BB,BB,BB,BB,BB,BB,AA,AA,BB,BB,BB,BB,AA,AA,AA,AA,AA,AA,AA,AA,AA,AA,-,AA,AA,AA,AA,AA,AA,-,AA,AA,AA,AA,AA,AA,AA,AA,AA,AA,AA,AA,AA,AA,AA,-,AA,AA,AA,AA,AA,AA,AA,AA,AA,AA,AA,AA,AA,AA,AA,AA,AA,AA,AA,AA,AA,AA,AA,AA,-,AA,AA,AA,AA,AA,AA,AA,AA,AA,AA,AA,AA,AA,AA,AA,AA,AA,AA,AA,AA,AA,AA,BB,BB,BB,BB,BB,BB,BB,BB,BB,BB,BB,BB,BB,BB,BB,BB,BB,BB,BB,BB,BB,BB
237,1.4996482,1.54167,48.289942,52.6667,27.0000000000001,27,-0.118584280558254,AA,AA,-,-,AA,AA,AA,AA,AA,AA,AA,-,AA,AA,-,-,AA,-,AA,-,AA,-,AA,-,-,AA,-,-,AA,-,AA,AA,AA,AA,-,AA,AA,-,AA,AA,AA,AA,AA,AA,AA,-,AA,-,-,BB,-,-,BB,BB,-,BB,BB,BB,BB,BB,BB,BB,-,BB,-,-,BB,-,BB,BB,BB,-,-,BB,BB,BB,-,BB,BB,BB,-,-,AA,AA,AA,AA,AA,AA,AA,AA,AA,-,AA,AA,AA,AA,-,AA,AA,AA,-,BB,-,BB,BB,BB,BB,BB,BB,BB,-,BB,BB,BB,AA,BB,BB,-,BB,-,-,-,BB,-,BB,BB,BB,BB,BB,BB,-,-,-,BB,BB,-,BB,BB,BB,-,-,-,BB,BB,BB,BB,BB,BB,-,BB,BB,BB,-,BB,-,BB,-,BB,BB,BB,BB,BB,AA,BB,BB,AA,AA,BB,BB,-,-,BB,BB,BB,BB,BB,-,BB,BB,-,BB,-,-,-,-,AA,AA,-,-,AA,-,AA,AA,-,-,AA,-,AA,AA,AA,-,-,AA,-,-,-,-,AA,AA,AA,-,BB,AA,-,BB,BB,BB,-,BB,BB,BB,-,AA,BB,BB,-,BB,BB,BB,BB,BB,BB,BB,BB,BB,BB,-,-,BB,BB,BB,-,BB,BB,BB,BB,-,AA,-,-,AA,-,-,AA,BB,-,BB,BB,-,-,AA,AA,AA,-,AA,BB,BB,BB,AA,BB,BB,BB,BB,AA,-,AA,-,AA,AA,-,-,AA,-,BB,AA,AA,AA,AA,AA,AA,AA,-,AA,AA,AA,-,AA,-,AA,-,AA,-,AA,-,AA,AA,AA,-,BB,-,-,AA,AA,AA,AA,-,-,AA,AA,AA,AA,AA,-,-,-,-,AA,AA,-,-,AA,-,-,AA,-,AA,-,AA,AA,-,-,BB,-,BB,BB,BB,BB,BB,BB,BB,BB,BB,BB,BB,-,BB,BB,-,-,AA,AA,AA,AA,AA,-,-,-,AA,AA,-,AA,-,-,AA,AA,AA,AA,AA,AA,AA,AA,AA,-,-,-,-,AA,AA,-,AA,AA,-,-,-,AA,-,AA,AA,-,AA,AA,AA,-,AA,AA,AA,-,AA,-,-,-,AA,-,AA,AA,AA,-,AA,-,-,-,BB,-,BB,BB,BB,-,BB,-,-,-,BB,BB,BB,BB,BB,-,BB,BB,BB,BB,-,BB,BB,BB,-,-,BB,BB,BB
238,1.7648975,1.83333,47.539763,52.5,26,26,0.672170865541125,AA,AA,AA,AA,-,AA,AA,AA,BB,AA,BB,AA,BB,AA,AA,AA,AA,-,BB,-,AA,AA,-,AA,AA,AA,AA,AA,-,AA,AA,AA,AA,AA,-,AA,AA,AA,AA,AA,AA,AA,AA,AA,-,AA,AA,BB,BB,BB,-,BB,BB,BB,BB,-,BB,BB,BB,BB,BB,BB,BB,BB,BB,BB,BB,-,BB,BB,BB,BB,BB,BB,BB,BB,BB,BB,BB,BB,BB,AA,AA,AA,AA,AA,AA,AA,AA,AA,BB,AA,AA,AA,AA,AA,AA,-,AA,AA,AA,AA,AA,BB,BB,BB,BB,BB,BB,BB,BB,BB,BB,BB,-,BB,-,BB,-,-,BB,BB,BB,BB,-,BB,BB,BB,BB,BB,BB,BB,-,BB,BB,BB,BB,BB,BB,BB,BB,BB,BB,BB,BB,BB,BB,BB,BB,BB,BB,BB,-,BB,BB,-,BB,-,BB,BB,BB,BB,BB,BB,BB,BB,BB,BB,BB,BB,BB,AA,BB,BB,BB,AA,-,AA,BB,BB,BB,BB,BB,AA,AA,AA,AA,AA,AA,AA,AA,-,AA,AA,AA,AA,AA,AA,AA,AA,AA,-,-,AA,AA,AA,AA,AA,AA,AA,AA,AA,AA,BB,BB,BB,BB,BB,BB,BB,BB,BB,BB,BB,BB,BB,BB,BB,BB,BB,BB,BB,BB,BB,-,BB,BB,BB,BB,BB,BB,BB,BB,BB,BB,BB,AA,AA,AA,AA,AA,AA,AA,-,BB,BB,BB,BB,BB,-,BB,AA,BB,BB,BB,BB,AA,BB,AA,BB,BB,BB,BB,AA,AA,AA,AA,AA,-,AA,AA,AA,AA,AA,AA,AA,AA,AA,AA,AA,AA,AA,AA,-,AA,AA,-,AA,AA,-,AA,AA,AA,-,AA,AA,AA,AA,AA,AA,AA,AA,BB,AA,AA,AA,AA,AA,AA,AA,-,BB,AA,AA,AA,AA,AA,AA,AA,AA,AA,AA,AA,AA,AA,AA,AA,AA,AA,BB,BB,BB,BB,AA,BB,BB,BB,BB,BB,BB,BB,BB,BB,BB,BB,BB,BB,-,BB,AA,-,-,AA,-,BB,BB,BB,-,BB,AA,AA,-,AA,AA,AA,AA,AA,AA,AA,AA,AA,-,AA,AA,AA,-,AA,AA,AA,AA,AA,AA,AA,-,AA,AA,AA,AA,AA,AA,AA,AA,-,AA,AA,-,BB,AA,AA,AA,AA,AA,AA,AA,AA,-,AA,AA,AA,AA,-,BB,BB,BB,BB,BB,BB,BB,BB,BB,BB,BB,-,BB,BB,-,BB,-,BB,-,BB,BB,BB,BB,BB,BB,BB,BB,BB,BB
239,0.4826708,0.555,45.300573,50.5,20.4999999999999,20.5,-1.84596866648033,BB,BB,BB,BB,-,BB,BB,BB,BB,BB,BB,BB,BB,BB,BB,-,AA,AA,BB,-,AA,-,AA,AA,AA,AA,AA,AA,AA,AA,-,AA,AA,-,AA,AA,AA,AA,AA,AA,AA,AA,AA,AA,-,-,AA,-,AA,AA,-,-,-,AA,AA,-,AA,AA,AA,AA,AA,AA,AA,AA,AA,AA,-,AA,AA,AA,AA,AA,-,AA,-,AA,AA,AA,-,AA,-,AA,-,-,AA,-,AA,AA,AA,AA,AA,AA,AA,AA,-,AA,AA,-,AA,AA,AA,AA,AA,-,AA,BB,AA,AA,AA,-,AA,AA,AA,AA,AA,AA,-,-,AA,AA,AA,AA,AA,AA,AA,AA,AA,-,-,BB,BB,BB,BB,BB,-,-,BB,-,BB,-,-,-,BB,BB,-,BB,BB,-,BB,BB,-,-,BB,BB,BB,-,BB,-,BB,BB,BB,BB,BB,AA,BB,BB,AA,AA,AA,-,AA,BB,-,AA,AA,BB,AA,BB,-,-,AA,AA,AA,-,BB,BB,-,BB,BB,BB,BB,-,BB,BB,BB,BB,AA,AA,AA,-,-,BB,BB,-,-,-,BB,-,BB,BB,BB,BB,BB,BB,-,-,BB,-,-,BB,BB,BB,AA,BB,BB,-,-,-,BB,-,-,-,BB,BB,-,BB,BB,BB,-,-,BB,-,-,-,-,BB,-,BB,-,-,AA,-,-,-,-,-,AA,-,-,AA,AA,AA,AA,AA,AA,BB,BB,BB,BB,-,BB,BB,-,-,BB,-,-,-,AA,-,AA,-,-,AA,AA,-,AA,AA,AA,AA,AA,AA,AA,-,-,AA,AA,AA,AA,AA,AA,AA,AA,AA,AA,AA,AA,AA,AA,AA,AA,AA,BB,-,AA,-,-,-,AA,AA,-,AA,AA,-,AA,-,AA,AA,AA,-,AA,AA,AA,-,AA,AA,AA,AA,AA,AA,AA,AA,AA,AA,AA,AA,AA,AA,AA,AA,AA,AA,AA,-,AA,-,AA,-,AA,AA,AA,AA,AA,AA,-,AA,AA,AA,-,AA,AA,-,AA,AA,AA,AA,AA,AA,AA,AA,-,-,AA,-,AA,AA,AA,AA,-,AA,-,AA,-,-,AA,-,AA,AA,-,AA,-,AA,-,AA,AA,AA,-,AA,AA,-,-,AA,AA,AA,AA,AA,-,-,AA,-,-,AA,AA,AA,AA,-,AA,-,AA,AA,AA,AA,AA,-,-,-,-,-,-,AA,AA,-,BB,AA,BB,-,-,BB,BB,BB
240,1.3686841,1.43167,46.960146,52,21,21,-0.366671179587451,AA,-,AA,AA,AA,AA,AA,AA,AA,AA,AA,AA,AA,-,AA,-,-,AA,AA,-,AA,AA,AA,AA,AA,AA,AA,-,-,AA,-,-,AA,AA,-,AA,AA,AA,AA,AA,AA,AA,AA,-,-,-,AA,AA,AA,AA,AA,-,AA,AA,AA,AA,AA,AA,AA,AA,AA,-,AA,AA,-,-,AA,-,AA,AA,-,AA,AA,AA,AA,-,-,AA,-,-,AA,-,AA,-,AA,AA,AA,AA,AA,-,AA,AA,AA,AA,AA,AA,-,AA,AA,AA,-,AA,-,-,AA,AA,AA,-,AA,AA,AA,AA,AA,AA,AA,AA,-,AA,-,-,-,AA,-,-,-,AA,-,AA,AA,AA,AA,-,AA,-,AA,-,AA,AA,AA,-,AA,AA,AA,-,AA,AA,AA,AA,-,AA,-,AA,-,AA,AA,AA,AA,AA,-,-,-,AA,AA,AA,AA,AA,AA,AA,-,AA,-,AA,AA,AA,AA,AA,-,AA,-,AA,AA,-,AA,-,-,BB,-,BB,BB,-,BB,-,-,BB,-,-,BB,-,-,BB,BB,BB,BB,-,BB,-,BB,-,BB,-,BB,BB,-,BB,BB,BB,BB,BB,BB,BB,BB,BB,BB,BB,BB,BB,BB,BB,AA,-,AA,-,-,AA,AA,AA,AA,AA,AA,AA,-,AA,-,-,-,AA,-,AA,AA,AA,AA,-,AA,-,-,AA,AA,AA,AA,AA,AA,AA,AA,-,AA,BB,BB,BB,BB,BB,BB,BB,BB,BB,-,-,-,-,-,-,-,BB,BB,BB,BB,BB,BB,BB,BB,BB,BB,BB,BB,BB,BB,-,BB,BB,-,-,BB,BB,AA,AA,AA,AA,-,AA,AA,AA,-,AA,AA,-,-,AA,-,-,-,AA,AA,AA,-,-,AA,AA,AA,AA,AA,-,-,-,AA,-,AA,AA,AA,AA,AA,-,AA,AA,AA,AA,BB,BB,BB,AA,AA,AA,-,AA,AA,AA,AA,-,AA,AA,AA,AA,AA,AA,AA,AA,AA,AA,-,AA,AA,AA,-,AA,AA,AA,AA,AA,-,-,AA,-,AA,-,AA,-,-,AA,AA,-,AA,AA,AA,AA,-,AA,-,-,AA,AA,AA,AA,AA,AA,AA,-,AA,AA,AA,AA,AA,AA,AA,AA,AA,AA,AA,AA,AA,AA,AA,-,AA,AA,AA,AA,AA,AA,AA,AA,-,AA,-,AA,AA,AA,-,BB,BB,BB,BB,-,BB,BB,BB,BB,BB,BB,BB,BB,BB,BB
241,1.2070993,1.20667,42.636954,45.6667,37.5000000000004,37.5,-0.733707799965819,-,AA,AA,AA,-,AA,AA,-,AA,AA,AA,AA,AA,AA,AA,AA,-,-,AA,-,-,-,-,AA,AA,AA,AA,-,AA,AA,AA,-,AA,AA,-,AA,AA,AA,AA,AA,AA,AA,AA,AA,-,-,AA,-,AA,AA,AA,AA,-,AA,AA,AA,AA,-,AA,AA,AA,-,AA,AA,AA,-,AA,-,AA,-,BB,BB,-,BB,BB,-,BB,BB,-,-,BB,-,BB,-,-,-,BB,AA,BB,-,BB,BB,-,-,BB,BB,BB,BB,BB,BB,-,BB,-,BB,BB,BB,BB,BB,BB,BB,BB,BB,BB,BB,-,BB,BB,-,BB,BB,-,-,BB,-,BB,-,-,BB,BB,-,-,BB,AA,-,-,-,-,AA,AA,AA,AA,AA,AA,AA,AA,AA,AA,AA,AA,AA,AA,-,AA,-,AA,-,-,-,BB,BB,BB,BB,BB,BB,BB,BB,BB,-,BB,BB,BB,BB,BB,BB,BB,BB,-,BB,BB,BB,AA,AA,BB,AA,AA,AA,-,AA,AA,-,-,AA,AA,BB,BB,AA,-,-,-,AA,AA,-,-,-,-,AA,-,AA,AA,AA,AA,AA,-,-,-,AA,AA,AA,-,AA,AA,AA,-,AA,AA,AA,-,AA,BB,BB,BB,BB,-,-,BB,BB,BB,-,BB,-,BB,BB,BB,BB,-,BB,BB,BB,-,BB,-,BB,-,BB,-,-,BB,BB,-,BB,BB,BB,BB,BB,BB,AA,AA,AA,AA,AA,-,-,-,AA,-,AA,AA,-,-,AA,AA,-,-,AA,AA,AA,AA,AA,AA,AA,AA,AA,AA,AA,AA,-,-,AA,-,AA,AA,AA,AA,-,-,AA,-,BB,BB,BB,BB,BB,BB,BB,BB,BB,-,BB,-,BB,BB,BB,BB,BB,-,-,BB,BB,BB,BB,-,AA,-,AA,-,AA,AA,AA,AA,-,AA,AA,AA,AA,AA,-,AA,-,AA,-,AA,AA,BB,BB,-,-,BB,BB,-,BB,BB,BB,BB,BB,BB,-,-,-,BB,-,BB,-,BB,AA,AA,AA,-,BB,-,AA,-,-,BB,-,-,-,-,-,AA,-,-,-,-,-,AA,AA,AA,-,-,-,-,AA,-,-,AA,AA,-,AA,AA,AA,-,AA,AA,AA,BB,AA,-,AA,-,-,-,AA,AA,AA,AA,AA,AA,-,AA,AA,-,AA,AA,-,AA,AA,-,AA,AA,AA,-,AA,AA,AA,AA,AA,-,AA,AA,AA
242,1.8244393,1.835,43.435024,43.6667,43.9999999999998,44,0.743420496902133,-,AA,AA,AA,AA,AA,AA,AA,AA,AA,AA,AA,AA,-,AA,AA,-,AA,AA,-,-,AA,-,AA,AA,AA,AA,BB,-,BB,AA,-,-,-,AA,AA,AA,AA,AA,AA,AA,AA,AA,-,AA,AA,AA,BB,-,AA,-,-,AA,AA,AA,-,AA,-,AA,AA,-,-,-,AA,AA,-,AA,AA,AA,AA,-,AA,-,AA,AA,-,AA,AA,AA,AA,-,-,AA,-,AA,AA,AA,AA,AA,AA,AA,AA,-,AA,AA,AA,-,AA,AA,AA,-,AA,-,AA,AA,AA,AA,-,AA,AA,AA,AA,AA,AA,-,AA,AA,AA,AA,-,-,AA,AA,AA,AA,-,AA,AA,-,AA,-,AA,AA,AA,AA,AA,AA,AA,AA,-,AA,AA,AA,AA,AA,AA,-,-,-,AA,AA,AA,AA,AA,AA,AA,-,-,AA,-,-,AA,AA,-,-,AA,AA,BB,BB,BB,-,-,AA,AA,AA,AA,-,AA,-,-,-,AA,AA,-,-,BB,BB,BB,BB,BB,BB,-,BB,-,BB,BB,BB,BB,-,BB,-,-,BB,BB,-,BB,BB,BB,BB,-,BB,BB,BB,BB,BB,BB,BB,BB,-,BB,BB,BB,AA,BB,BB,BB,BB,BB,BB,BB,-,-,BB,BB,-,BB,BB,BB,BB,BB,BB,BB,BB,-,-,BB,BB,BB,BB,BB,BB,BB,BB,BB,BB,BB,-,BB,BB,BB,-,BB,-,-,BB,AA,-,AA,AA,-,AA,AA,AA,-,AA,-,BB,BB,BB,BB,BB,BB,BB,BB,BB,BB,BB,-,BB,BB,BB,BB,BB,-,BB,-,-,BB,-,-,BB,BB,BB,BB,-,BB,-,BB,BB,BB,BB,BB,-,BB,-,BB,-,BB,-,-,BB,-,BB,-,BB,-,-,BB,BB,BB,BB,AA,-,-,AA,AA,AA,AA,AA,-,BB,BB,BB,BB,-,BB,BB,BB,BB,BB,BB,-,BB,BB,BB,BB,BB,-,-,BB,BB,BB,BB,-,-,-,BB,-,-,BB,-,BB,BB,BB,BB,BB,BB,BB,BB,BB,BB,-,BB,-,BB,BB,BB,BB,-,BB,-,BB,BB,BB,BB,BB,BB,BB,BB,-,BB,BB,-,-,BB,BB,BB,-,BB,BB,BB,BB,BB,BB,BB,BB,BB,BB,BB,BB,-,BB,BB,BB,-,BB,BB,-,BB,BB,-,BB,BB,BB,-,BB,BB,-,-,BB,BB,-,BB,BB,BB,BB,BB,-,BB,BB
243,1.9260451,1.945,43.250493,46.5,36.5000000000001,36.5,1.22324032738863,AA,-,AA,AA,AA,AA,AA,AA,AA,AA,AA,AA,AA,AA,AA,AA,-,-,AA,-,AA,AA,AA,AA,AA,AA,AA,AA,AA,-,AA,AA,AA,AA,AA,AA,AA,AA,AA,AA,AA,AA,AA,AA,-,AA,AA,BB,-,AA,-,-,AA,AA,AA,AA,AA,AA,AA,BB,BB,-,-,BB,-,-,BB,BB,BB,BB,-,BB,BB,BB,BB,BB,BB,BB,BB,BB,BB,-,BB,BB,BB,BB,BB,BB,BB,BB,BB,BB,BB,-,BB,BB,BB,BB,BB,BB,-,BB,-,-,BB,BB,BB,BB,BB,BB,BB,BB,BB,BB,BB,BB,BB,BB,BB,BB,BB,BB,BB,BB,BB,BB,-,BB,BB,BB,BB,BB,BB,BB,-,BB,BB,BB,BB,-,BB,BB,BB,-,BB,BB,BB,BB,BB,BB,BB,BB,-,BB,BB,BB,BB,BB,BB,-,BB,BB,BB,BB,BB,BB,BB,BB,BB,BB,-,BB,-,BB,BB,BB,BB,BB,BB,-,BB,BB,BB,BB,BB,BB,-,BB,BB,BB,BB,BB,BB,BB,BB,BB,BB,BB,BB,BB,BB,BB,BB,-,BB,BB,BB,-,BB,BB,BB,BB,BB,BB,-,-,BB,BB,-,BB,BB,-,AA,BB,BB,BB,-,BB,BB,BB,BB,-,BB,BB,BB,-,BB,BB,BB,-,-,-,AA,BB,BB,BB,BB,BB,BB,BB,AA,-,AA,-,AA,AA,-,AA,AA,AA,AA,AA,AA,-,AA,AA,-,AA,AA,AA,AA,-,AA,AA,BB,-,-,AA,BB,BB,BB,-,-,BB,BB,BB,BB,BB,BB,BB,BB,-,BB,-,BB,-,-,-,AA,AA,AA,AA,-,-,BB,BB,BB,BB,BB,BB,BB,BB,BB,-,BB,BB,BB,BB,BB,BB,BB,BB,BB,BB,BB,-,BB,BB,BB,BB,BB,BB,BB,BB,BB,BB,BB,BB,BB,-,BB,BB,BB,BB,-,BB,BB,BB,BB,BB,BB,-,BB,-,BB,-,BB,BB,BB,BB,BB,BB,BB,BB,BB,BB,BB,BB,BB,AA,AA,AA,-,AA,AA,AA,AA,-,AA,-,AA,-,AA,AA,AA,AA,AA,AA,BB,BB,BB,BB,BB,BB,-,BB,BB,BB,BB,-,-,BB,BB,BB,BB,BB,BB,BB,BB,AA,AA,-,-,-,-,-,-,BB,BB,BB,AA,-,BB,AA,BB,BB,BB,-,AA,AA,AA,AA,AA,AA,AA,-,-,AA,AA,AA,AA,-,AA,AA,AA,AA,AA,-,AA,AA
244,1.9213435,2,45.66302,50.9444,23.0000000000001,23,1.82602425981251,-,-,AA,AA,-,AA,AA,AA,AA,AA,AA,AA,AA,-,AA,AA,-,AA,AA,-,AA,-,AA,AA,AA,AA,AA,AA,-,AA,AA,AA,AA,AA,AA,AA,AA,AA,AA,AA,AA,AA,AA,AA,AA,-,BB,-,BB,AA,-,-,BB,BB,BB,-,BB,-,BB,BB,BB,BB,BB,BB,BB,-,BB,BB,BB,BB,-,-,-,BB,-,-,-,BB,BB,-,BB,AA,AA,-,-,-,BB,BB,AA,AA,BB,AA,-,AA,AA,-,AA,AA,BB,BB,-,AA,-,BB,BB,BB,BB,BB,BB,-,BB,BB,BB,BB,BB,BB,-,BB,-,-,BB,BB,BB,-,-,BB,BB,BB,BB,BB,-,-,BB,BB,BB,AA,-,-,BB,-,BB,BB,-,BB,BB,-,BB,BB,BB,BB,-,-,BB,BB,BB,-,-,BB,BB,BB,BB,BB,BB,BB,BB,BB,BB,BB,-,BB,-,BB,BB,BB,BB,BB,-,BB,BB,BB,BB,BB,BB,BB,BB,BB,AA,AA,AA,AA,AA,-,AA,-,AA,AA,-,AA,AA,AA,-,BB,-,BB,BB,BB,AA,AA,BB,AA,-,AA,AA,-,AA,BB,BB,AA,-,-,AA,AA,AA,AA,BB,-,AA,AA,BB,AA,AA,AA,AA,-,-,AA,AA,AA,AA,AA,-,AA,-,AA,AA,-,-,AA,-,AA,AA,-,-,-,-,-,AA,-,AA,-,AA,AA,AA,-,AA,AA,AA,BB,AA,-,BB,BB,BB,BB,BB,BB,-,BB,BB,-,BB,-,BB,BB,-,BB,BB,BB,BB,BB,BB,BB,BB,BB,BB,-,-,BB,BB,-,BB,BB,BB,-,BB,BB,BB,BB,BB,BB,-,BB,BB,-,BB,BB,BB,BB,BB,-,BB,BB,BB,-,-,-,BB,BB,BB,-,BB,BB,-,BB,BB,BB,BB,BB,BB,-,BB,BB,BB,BB,BB,-,BB,BB,BB,BB,BB,BB,BB,BB,BB,BB,-,BB,BB,BB,BB,BB,BB,BB,BB,BB,BB,BB,-,BB,-,-,BB,AA,AA,AA,-,-,BB,BB,BB,-,BB,BB,BB,BB,-,BB,BB,BB,BB,BB,BB,-,BB,-,BB,BB,BB,BB,BB,BB,-,BB,BB,BB,BB,-,BB,BB,BB,-,BB,-,-,BB,-,-,BB,-,-,-,BB,BB,BB,BB,BB,BB,-,BB,-,AA,BB,-,BB,BB,BB,BB,-,BB,-,BB,BB,AA,AA,-,BB,AA,AA,BB
245,1.8084414,1.84667,46.244318,49.6667,40.0000000000001,40,0.772990465081287,-,-,BB,BB,-,-,BB,BB,BB,BB,BB,BB,BB,-,BB,-,-,-,BB,BB,-,-,BB,BB,BB,BB,BB,-,-,BB,-,-,-,BB,BB,BB,BB,BB,BB,BB,-,BB,BB,-,-,-,BB,-,-,AA,BB,AA,-,-,-,-,AA,AA,AA,BB,BB,-,-,-,-,BB,-,-,BB,BB,-,-,-,BB,-,-,-,BB,-,-,BB,BB,-,BB,BB,-,BB,BB,BB,BB,BB,-,-,-,-,BB,-,-,BB,BB,-,BB,-,-,BB,BB,BB,BB,BB,-,BB,BB,BB,BB,-,-,-,-,-,BB,BB,-,-,-,-,-,BB,-,-,-,-,-,-,BB,-,-,-,-,BB,-,AA,-,AA,-,-,-,AA,AA,-,AA,AA,-,-,-,AA,AA,-,-,-,-,-,AA,AA,-,AA,AA,AA,-,AA,-,-,AA,AA,AA,-,AA,-,AA,-,-,AA,-,AA,-,-,AA,BB,AA,AA,-,-,-,-,AA,AA,-,AA,AA,-,-,-,-,-,-,-,-,-,-,AA,-,-,AA,-,-,-,BB,BB,-,-,BB,BB,BB,BB,BB,BB,-,-,-,BB,-,BB,-,BB,-,BB,-,-,-,-,-,-,-,-,BB,BB,-,-,BB,-,-,-,-,-,BB,-,-,-,-,-,BB,BB,BB,BB,BB,BB,AA,AA,AA,AA,-,-,-,AA,-,AA,-,AA,-,-,-,-,-,-,BB,AA,BB,AA,-,AA,AA,AA,AA,AA,AA,-,BB,AA,-,-,AA,AA,AA,AA,-,-,AA,-,AA,AA,AA,BB,AA,BB,BB,-,-,-,-,-,BB,-,BB,-,-,-,-,-,-,-,BB,-,-,BB,-,-,BB,BB,BB,BB,BB,BB,BB,BB,BB,BB,-,-,BB,BB,-,BB,-,BB,-,BB,-,-,-,BB,AA,AA,AA,AA,AA,AA,-,AA,-,-,AA,-,-,-,AA,AA,AA,-,AA,-,AA,AA,-,AA,-,-,-,-,AA,AA,AA,-,-,-,-,-,-,-,AA,-,-,-,AA,AA,AA,AA,-,-,-,-,-,-,AA,AA,AA,AA,AA,-,AA,AA,-,-,AA,AA,AA,-,-,AA,-,AA,AA,AA,AA,-,-,-,AA,-,-,-,-,-,-,-,AA,AA,-,-,AA,AA,AA
246,1.7276605,1.72333,48.538868,47.3333,55.5000000000001,55.5,0.339128042047994,BB,-,BB,BB,-,BB,BB,-,BB,BB,-,BB,BB,BB,BB,-,-,BB,-,-,-,BB,BB,BB,BB,BB,BB,BB,-,BB,-,BB,-,BB,-,BB,BB,BB,BB,BB,-,BB,BB,BB,BB,BB,BB,-,BB,AA,-,BB,BB,BB,-,-,BB,BB,BB,BB,BB,BB,-,BB,BB,BB,BB,BB,BB,BB,BB,-,-,BB,BB,-,BB,BB,-,BB,BB,AA,AA,-,-,-,BB,BB,AA,AA,AA,AA,-,AA,-,AA,AA,AA,BB,BB,BB,AA,BB,-,BB,BB,BB,-,BB,-,BB,-,BB,-,BB,BB,BB,-,-,BB,-,-,-,-,BB,BB,-,AA,AA,-,AA,-,-,-,-,AA,AA,-,AA,BB,AA,AA,AA,-,-,AA,AA,AA,-,AA,AA,AA,-,-,AA,-,-,AA,AA,-,AA,AA,AA,-,AA,AA,AA,-,-,-,AA,-,AA,AA,AA,-,AA,AA,-,-,AA,AA,AA,BB,BB,AA,BB,BB,BB,BB,BB,BB,-,BB,-,BB,-,BB,BB,BB,-,BB,-,-,BB,-,-,-,-,BB,BB,BB,BB,BB,BB,BB,BB,BB,-,-,BB,BB,AA,BB,BB,BB,-,BB,BB,BB,-,BB,BB,BB,BB,BB,-,-,BB,-,BB,-,-,BB,-,BB,BB,BB,BB,-,-,-,-,BB,BB,-,-,-,-,-,BB,BB,-,BB,BB,AA,-,AA,AA,AA,-,-,AA,-,-,AA,AA,-,-,AA,BB,BB,-,BB,BB,AA,AA,BB,AA,AA,AA,BB,AA,-,-,AA,BB,BB,BB,BB,BB,BB,BB,-,BB,AA,BB,BB,BB,BB,BB,AA,-,BB,BB,-,BB,-,-,BB,-,BB,-,BB,-,BB,-,BB,-,BB,BB,BB,BB,-,-,BB,BB,BB,BB,BB,BB,BB,BB,BB,-,-,BB,-,BB,-,BB,BB,BB,BB,BB,BB,BB,-,BB,-,AA,AA,AA,AA,BB,-,BB,BB,BB,-,-,BB,BB,AA,AA,AA,-,BB,BB,BB,-,BB,BB,-,BB,BB,BB,-,BB,-,BB,-,BB,BB,BB,BB,BB,BB,-,BB,BB,-,-,BB,AA,BB,-,-,BB,BB,BB,AA,BB,AA,AA,-,-,BB,BB,BB,-,AA,BB,BB,-,BB,BB,-,-,BB,BB,AA,BB,-,BB,BB,BB,BB,-,BB,-,-,-,AA,AA,BB,BB,-,AA,BB
247,1.7776056,1.78571,48.232327,49.1429,43.5,43.5,0.577766420683216,-,-,AA,AA,-,-,AA,-,BB,BB,BB,AA,BB,-,-,-,-,-,BB,-,-,-,-,AA,AA,AA,AA,-,-,-,-,-,-,-,-,BB,AA,AA,AA,AA,-,BB,-,-,-,-,AA,-,-,BB,-,-,-,-,-,-,-,-,AA,AA,-,-,-,-,-,BB,-,-,BB,-,-,-,-,-,-,-,-,BB,-,-,-,-,-,-,-,-,AA,AA,AA,-,AA,-,-,-,-,-,-,-,AA,AA,AA,AA,AA,-,BB,BB,BB,-,BB,-,BB,BB,BB,BB,-,-,-,-,-,-,-,-,-,-,-,-,-,-,-,-,-,-,-,-,-,-,-,-,AA,AA,-,-,-,-,-,-,-,-,-,AA,-,-,-,-,AA,-,-,-,-,-,AA,AA,AA,-,AA,AA,AA,-,-,-,AA,AA,AA,AA,AA,AA,-,AA,-,-,AA,-,AA,BB,BB,BB,-,BB,BB,-,-,-,-,-,-,-,-,-,-,-,-,-,-,-,-,-,-,-,BB,-,-,AA,-,-,-,BB,BB,-,-,-,AA,-,-,-,BB,-,-,-,BB,-,-,-,-,-,-,-,-,-,-,-,-,-,-,-,-,-,-,-,-,-,-,-,-,-,-,-,-,-,-,-,BB,BB,BB,BB,AA,AA,AA,AA,AA,-,-,-,-,-,-,-,-,-,-,-,-,-,-,-,-,BB,BB,-,BB,BB,BB,BB,BB,-,-,BB,-,-,-,-,BB,BB,-,-,-,BB,-,BB,BB,BB,BB,BB,BB,-,-,-,BB,-,-,-,-,BB,-,-,-,-,-,-,-,-,-,-,-,-,-,AA,AA,BB,BB,BB,BB,BB,BB,BB,-,-,-,BB,-,-,-,BB,BB,-,-,-,-,-,-,BB,BB,BB,BB,BB,-,-,-,-,-,-,-,-,-,BB,BB,BB,-,-,-,-,-,-,BB,-,BB,-,-,-,-,-,-,-,-,-,-,-,-,-,-,-,-,-,-,-,BB,-,-,-,-,-,-,BB,-,BB,BB,-,-,-,AA,-,-,BB,AA,-,-,-,AA,-,-,AA,-,BB,-,-,-,-,-,-,-,-,-,-,-,BB,BB,-,-,BB,BB,BB
248,1.7610419,1.72167,52.576585,52.8333,59.4999999999999,59.5,0.30408655865373,-,-,AA,AA,-,-,AA,AA,AA,AA,AA,AA,AA,AA,-,-,-,-,AA,-,AA,-,-,AA,AA,AA,AA,BB,-,-,-,-,-,-,-,AA,BB,BB,BB,BB,-,AA,-,BB,-,-,BB,-,-,AA,-,BB,BB,BB,-,-,-,-,BB,BB,-,-,BB,BB,-,AA,-,-,AA,-,-,-,-,-,BB,-,BB,AA,-,-,-,BB,-,BB,-,-,AA,AA,BB,-,BB,-,-,-,BB,-,-,-,AA,AA,AA,BB,AA,-,BB,BB,BB,AA,BB,AA,AA,BB,BB,BB,AA,AA,AA,-,-,-,-,-,-,AA,-,-,AA,-,-,-,-,-,-,-,-,-,AA,-,AA,AA,-,-,AA,-,-,-,-,-,-,AA,-,-,AA,AA,AA,-,-,-,AA,-,AA,AA,AA,-,AA,AA,AA,-,AA,-,AA,AA,AA,AA,AA,AA,-,AA,AA,-,AA,-,AA,BB,BB,BB,AA,AA,AA,AA,AA,-,AA,-,AA,-,-,-,-,-,-,AA,-,-,-,-,AA,-,AA,-,AA,AA,-,-,-,AA,AA,-,BB,-,BB,-,-,-,AA,BB,-,-,BB,-,BB,-,-,-,-,BB,-,BB,-,BB,-,-,-,BB,-,-,-,-,-,-,-,-,-,-,-,-,-,-,-,-,AA,AA,AA,AA,BB,AA,AA,AA,AA,-,-,-,-,-,-,AA,-,-,AA,-,AA,-,AA,AA,-,AA,AA,-,BB,BB,BB,AA,BB,-,-,BB,-,-,-,-,AA,AA,-,-,-,BB,AA,AA,AA,AA,AA,BB,BB,AA,-,AA,BB,-,-,AA,AA,AA,-,-,-,-,-,-,AA,-,-,-,-,-,-,AA,AA,AA,BB,BB,AA,AA,AA,BB,-,AA,-,-,-,-,-,BB,BB,-,AA,-,-,-,-,BB,BB,BB,BB,BB,-,-,-,-,-,AA,-,-,AA,BB,BB,BB,-,-,-,AA,-,-,AA,-,AA,-,-,-,-,-,-,-,-,-,-,-,-,-,-,-,-,-,-,AA,AA,-,-,BB,-,AA,-,AA,-,AA,AA,-,-,-,BB,-,-,AA,BB,BB,-,-,BB,BB,-,BB,BB,AA,BB,-,-,-,BB,-,-,-,-,BB,-,BB,BB,-,-,BB,BB,BB
249,2.0125539,2,46.770986,44.6667,49.8795180722889,50,1.82602425981251,BB,BB,BB,BB,BB,-,BB,BB,AA,AA,AA,BB,AA,BB,BB,BB,BB,-,AA,BB,BB,BB,BB,BB,BB,BB,BB,BB,-,-,BB,BB,BB,-,BB,BB,BB,BB,BB,BB,-,BB,BB,BB,BB,BB,BB,BB,BB,BB,BB,BB,BB,BB,BB,BB,BB,BB,BB,BB,BB,-,BB,AA,AA,BB,AA,BB,BB,-,BB,BB,BB,BB,BB,BB,BB,BB,BB,BB,BB,BB,BB,BB,BB,BB,BB,BB,BB,BB,BB,BB,BB,BB,-,BB,BB,BB,BB,BB,BB,-,BB,AA,AA,AA,AA,AA,AA,-,AA,AA,AA,AA,AA,AA,AA,AA,AA,AA,AA,AA,AA,AA,AA,AA,AA,AA,AA,-,AA,-,AA,AA,-,AA,AA,AA,AA,AA,AA,AA,AA,AA,AA,-,AA,AA,AA,AA,AA,-,-,AA,AA,AA,AA,AA,-,-,AA,AA,AA,AA,AA,AA,AA,AA,AA,AA,AA,AA,AA,AA,AA,AA,AA,AA,AA,AA,AA,AA,AA,AA,AA,AA,BB,AA,AA,-,AA,AA,AA,AA,AA,AA,AA,AA,AA,AA,AA,AA,AA,AA,AA,AA,-,AA,AA,AA,AA,AA,AA,AA,AA,BB,BB,AA,AA,AA,AA,AA,-,-,BB,AA,AA,AA,BB,AA,AA,-,AA,AA,AA,AA,AA,-,-,AA,AA,-,AA,AA,AA,AA,AA,AA,AA,AA,BB,BB,BB,BB,BB,BB,BB,BB,BB,BB,BB,BB,BB,BB,BB,AA,AA,AA,AA,AA,AA,AA,AA,-,-,-,BB,BB,BB,BB,BB,BB,BB,BB,BB,AA,AA,BB,AA,AA,AA,BB,AA,BB,BB,AA,BB,BB,BB,-,BB,BB,BB,BB,BB,AA,BB,BB,BB,BB,BB,AA,AA,BB,BB,BB,AA,BB,BB,BB,BB,AA,BB,BB,-,BB,BB,-,-,BB,BB,BB,BB,BB,BB,-,BB,AA,AA,AA,AA,AA,AA,AA,AA,AA,-,-,AA,AA,AA,AA,AA,AA,AA,AA,AA,AA,-,AA,AA,AA,AA,AA,AA,AA,AA,AA,AA,-,AA,AA,AA,AA,AA,AA,AA,-,AA,AA,AA,AA,AA,-,AA,AA,AA,AA,BB,BB,AA,BB,BB,BB,-,BB,BB,BB,BB,BB,BB,BB,BB,-,AA,BB,-,BB,BB,-,-,AA,BB,AA,AA,BB,BB,BB,BB,BB,BB,BB,BB,BB,BB,BB,BB,BB,BB,BB,BB,BB,BB,BB,BB,BB,BB,BB,BB,BB,BB,BB,BB,BB,BB,BB,BB,BB,BB,BB
250,1.7741982,1.83333,37.747464,42,28.0000000000001,28,0.672170865541125,AA,AA,AA,AA,AA,AA,AA,AA,AA,AA,AA,AA,AA,AA,AA,AA,AA,AA,AA,AA,AA,-,AA,AA,AA,AA,AA,AA,AA,AA,AA,AA,AA,AA,AA,AA,AA,AA,AA,AA,AA,AA,BB,AA,BB,AA,BB,BB,BB,BB,BB,BB,BB,BB,BB,BB,BB,BB,BB,BB,BB,BB,BB,BB,BB,-,-,BB,BB,BB,BB,BB,BB,BB,BB,BB,-,BB,BB,BB,BB,BB,BB,BB,BB,BB,BB,BB,BB,BB,BB,BB,BB,BB,BB,BB,BB,BB,BB,BB,-,BB,-,BB,BB,BB,BB,BB,AA,AA,AA,AA,AA,AA,AA,AA,AA,AA,AA,AA,AA,AA,AA,AA,AA,AA,AA,AA,AA,AA,AA,AA,AA,AA,AA,AA,AA,AA,AA,-,AA,AA,AA,AA,AA,AA,AA,AA,AA,AA,AA,AA,-,AA,AA,AA,AA,AA,AA,AA,AA,AA,AA,AA,AA,AA,AA,AA,AA,AA,-,AA,AA,AA,-,AA,AA,AA,AA,AA,AA,AA,AA,-,-,BB,BB,BB,BB,-,BB,BB,BB,BB,BB,BB,BB,BB,BB,BB,BB,BB,BB,BB,BB,BB,BB,BB,BB,BB,BB,BB,BB,BB,BB,BB,BB,BB,BB,BB,BB,BB,BB,-,BB,BB,BB,BB,BB,BB,BB,BB,BB,BB,BB,BB,BB,BB,BB,BB,BB,BB,-,BB,BB,BB,BB,BB,BB,BB,BB,BB,BB,BB,BB,BB,BB,BB,BB,BB,BB,BB,BB,-,BB,BB,BB,BB,BB,BB,BB,BB,BB,BB,BB,BB,AA,AA,AA,AA,AA,AA,AA,AA,AA,AA,AA,-,AA,AA,AA,AA,AA,AA,AA,-,AA,AA,AA,AA,AA,AA,AA,AA,-,AA,AA,AA,AA,AA,AA,AA,AA,AA,AA,AA,-,AA,AA,AA,AA,AA,AA,AA,AA,AA,AA,AA,AA,AA,-,AA,AA,AA,AA,AA,AA,AA,AA,-,BB,BB,BB,BB,BB,BB,BB,BB,BB,BB,BB,BB,BB,BB,BB,BB,BB,BB,BB,BB,BB,BB,BB,-,BB,BB,BB,BB,BB,-,BB,BB,BB,BB,BB,BB,BB,BB,BB,BB,BB,BB,BB,BB,BB,BB,BB,AA,AA,AA,BB,AA,AA,AA,AA,AA,AA,AA,AA,AA,AA,AA,AA,AA,AA,AA,AA,AA,AA,-,AA,AA,AA,AA,AA,AA,AA,AA,AA,AA,AA,AA,AA,AA,AA,AA,AA,AA,AA,AA,AA,AA,AA,AA,AA,-,AA,AA,AA,AA,AA,AA,AA,AA,AA,AA,AA,AA,AA,AA
251,1.6456911,1.65167,55.136906,56,48.4999999999998,48.5,0.152165952471814,-,-,BB,BB,BB,-,-,-,BB,BB,BB,BB,BB,BB,-,-,BB,-,BB,BB,-,-,-,BB,BB,BB,BB,-,-,-,-,-,-,-,-,BB,BB,BB,BB,BB,BB,BB,BB,BB,-,-,BB,-,-,BB,-,-,BB,-,-,-,-,-,BB,BB,-,-,-,-,-,-,-,BB,BB,BB,BB,-,-,-,-,-,-,BB,-,-,-,-,-,-,-,-,BB,BB,AA,-,AA,-,-,-,AA,-,-,BB,BB,BB,-,AA,-,BB,AA,AA,AA,AA,AA,-,AA,AA,AA,AA,AA,-,-,AA,-,AA,AA,AA,-,-,-,-,-,AA,-,-,AA,-,AA,-,-,-,-,AA,AA,-,-,AA,-,AA,-,-,-,-,-,-,-,AA,-,-,AA,-,-,AA,-,-,AA,AA,AA,-,AA,AA,AA,-,-,-,-,AA,AA,AA,AA,AA,AA,AA,-,-,AA,-,AA,BB,BB,AA,AA,AA,AA,-,AA,-,AA,AA,BB,-,-,BB,-,BB,-,-,-,BB,-,-,BB,-,AA,-,-,-,BB,-,-,AA,AA,AA,-,-,AA,-,-,AA,AA,AA,AA,-,AA,-,-,-,AA,-,-,-,-,AA,-,-,-,-,-,AA,AA,-,-,-,AA,AA,-,-,-,-,-,BB,AA,AA,-,-,BB,BB,BB,-,AA,AA,AA,BB,AA,-,-,-,-,-,-,-,-,-,BB,-,BB,BB,-,-,-,BB,BB,-,BB,BB,BB,BB,BB,-,-,-,AA,AA,-,-,AA,AA,-,-,-,BB,-,AA,AA,AA,AA,BB,BB,-,AA,-,BB,-,AA,-,-,BB,-,-,-,-,-,-,AA,AA,-,-,-,-,-,AA,AA,BB,BB,-,BB,BB,BB,AA,BB,-,BB,-,-,-,-,AA,AA,-,-,BB,-,BB,BB,AA,AA,AA,AA,AA,BB,-,-,-,-,-,-,BB,BB,AA,AA,AA,-,BB,BB,-,-,-,BB,-,BB,BB,-,BB,-,-,-,-,-,-,-,-,-,-,BB,-,-,-,-,-,BB,BB,BB,-,BB,BB,BB,BB,-,BB,BB,-,BB,-,BB,-,BB,BB,BB,-,-,-,BB,-,BB,BB,-,BB,BB,BB,-,-,AA,-,-,-,-,-,-,BB,BB,-,-,BB,BB,AA
252,1.4590134,1.48667,46.206365,49.1667,43,43,-0.227469096233007,BB,BB,BB,BB,-,BB,BB,-,BB,BB,BB,BB,BB,-,-,-,-,BB,BB,-,-,-,-,BB,BB,BB,BB,-,BB,-,-,-,-,-,-,BB,BB,BB,BB,BB,BB,BB,-,-,BB,-,BB,BB,-,BB,-,-,-,-,-,-,BB,BB,BB,BB,-,-,-,-,-,-,AA,-,BB,BB,-,BB,-,-,-,-,BB,AA,-,AA,AA,-,AA,-,-,-,AA,AA,AA,-,AA,-,-,-,BB,-,BB,BB,AA,AA,-,AA,-,AA,BB,BB,AA,-,AA,-,AA,AA,AA,AA,AA,-,-,-,-,-,-,AA,-,-,AA,-,AA,-,-,-,-,-,-,AA,-,AA,AA,-,AA,-,-,AA,AA,-,-,-,AA,-,-,AA,-,-,-,AA,AA,-,-,-,-,AA,AA,AA,AA,AA,AA,AA,AA,-,-,-,-,AA,AA,AA,AA,AA,-,AA,-,-,AA,-,AA,AA,AA,AA,BB,AA,AA,-,-,-,AA,-,AA,AA,AA,-,-,-,-,AA,AA,-,AA,AA,-,-,-,-,-,AA,AA,-,AA,AA,AA,-,-,-,AA,-,-,-,AA,AA,-,-,AA,-,-,-,-,-,AA,-,-,-,-,-,AA,-,-,AA,-,-,AA,-,-,AA,BB,BB,-,-,BB,-,-,-,-,-,AA,AA,AA,-,BB,BB,-,AA,-,-,-,AA,-,-,-,AA,BB,-,-,BB,-,BB,-,-,-,BB,BB,-,BB,BB,BB,BB,AA,BB,BB,-,-,BB,-,-,BB,BB,-,-,-,AA,BB,BB,BB,BB,BB,AA,AA,-,-,-,AA,-,-,-,BB,AA,BB,-,-,-,-,BB,-,BB,BB,-,-,BB,BB,BB,BB,AA,AA,-,AA,AA,AA,BB,AA,-,-,AA,-,-,-,BB,BB,-,AA,-,-,-,-,BB,BB,BB,BB,BB,-,AA,-,AA,AA,-,-,AA,AA,BB,BB,BB,-,-,-,-,AA,-,AA,-,-,AA,-,AA,-,AA,AA,-,-,-,AA,AA,-,AA,-,-,-,-,AA,AA,BB,-,-,-,BB,BB,-,BB,BB,BB,BB,-,BB,BB,BB,-,-,BB,BB,BB,-,-,BB,-,-,BB,-,BB,-,-,BB,-,BB,BB,-,-,-,-,BB,AA,AA,-,BB,AA,AA,BB
253,0.8952474,0.91833,43.912239,46.3333,19.5,19.5,-1.16297965232527,AA,AA,AA,AA,-,BB,BB,-,BB,BB,BB,BB,BB,BB,BB,BB,AA,AA,BB,BB,BB,-,BB,BB,AA,BB,BB,BB,BB,BB,BB,BB,BB,-,BB,BB,BB,BB,BB,BB,BB,BB,BB,-,BB,BB,BB,-,BB,BB,BB,BB,BB,BB,BB,BB,-,BB,BB,BB,BB,BB,AA,AA,AA,-,AA,AA,AA,-,AA,BB,BB,BB,BB,BB,AA,AA,-,AA,AA,AA,AA,-,-,AA,AA,AA,AA,AA,AA,AA,-,AA,AA,AA,AA,-,AA,AA,-,AA,-,AA,AA,AA,AA,AA,AA,AA,AA,AA,AA,AA,AA,AA,AA,AA,AA,AA,AA,AA,-,AA,AA,AA,AA,AA,AA,AA,AA,AA,BB,BB,-,-,AA,AA,AA,-,AA,AA,-,-,-,AA,BB,BB,BB,AA,-,BB,BB,BB,BB,BB,-,BB,-,BB,BB,BB,BB,BB,BB,BB,BB,BB,BB,BB,-,BB,BB,BB,BB,BB,-,BB,BB,BB,BB,BB,BB,-,-,AA,AA,AA,AA,-,AA,BB,-,AA,AA,-,AA,AA,AA,-,-,AA,AA,AA,AA,AA,AA,AA,AA,AA,AA,AA,AA,AA,AA,AA,AA,-,AA,AA,AA,AA,AA,AA,AA,AA,AA,AA,AA,AA,AA,AA,AA,AA,AA,AA,AA,-,-,AA,-,AA,AA,AA,AA,AA,AA,AA,AA,BB,BB,-,BB,BB,AA,AA,BB,BB,BB,BB,BB,BB,BB,-,BB,BB,BB,BB,BB,BB,-,-,BB,BB,BB,BB,BB,BB,BB,BB,BB,BB,BB,BB,-,BB,BB,BB,BB,BB,BB,BB,BB,BB,-,-,-,BB,BB,BB,BB,BB,BB,-,-,BB,-,BB,BB,BB,BB,BB,BB,BB,-,BB,-,BB,BB,BB,BB,BB,BB,BB,BB,BB,BB,BB,BB,BB,BB,BB,BB,BB,BB,BB,BB,BB,BB,-,AA,AA,AA,AA,AA,AA,AA,AA,AA,AA,AA,AA,AA,AA,-,AA,AA,AA,-,AA,AA,AA,AA,AA,AA,AA,-,AA,AA,AA,AA,AA,AA,AA,AA,AA,AA,AA,AA,AA,AA,-,AA,-,AA,AA,-,-,AA,AA,AA,AA,-,AA,AA,AA,AA,AA,AA,AA,AA,AA,AA,AA,AA,AA,-,AA,AA,AA,AA,AA,BB,BB,BB,-,BB,BB,BB,BB,BB,BB,BB,BB,BB,-,BB,BB,BB,BB,-,BB,BB,BB,-,BB,BB,BB,-,BB,BB,BB,BB,BB,BB,BB,BB,BB,BB,BB
254,1.0340403,1.05667,45.177619,46.5,58.5000000000005,58.5,-0.944072221525245,-,-,AA,AA,-,-,AA,-,AA,AA,AA,AA,AA,-,AA,-,-,-,AA,-,-,-,-,AA,AA,AA,AA,-,-,-,-,-,-,-,-,AA,AA,AA,AA,AA,AA,AA,-,-,AA,-,AA,-,AA,AA,-,-,AA,-,-,AA,-,AA,AA,AA,-,-,-,-,-,-,AA,-,AA,-,AA,-,-,-,-,-,-,AA,AA,-,AA,-,-,AA,-,-,AA,AA,AA,-,AA,-,-,AA,AA,-,-,AA,AA,AA,-,AA,-,BB,BB,BB,BB,-,BB,-,BB,BB,BB,BB,BB,BB,-,-,-,-,-,-,-,-,BB,-,-,-,-,BB,BB,-,-,-,-,-,BB,-,BB,-,-,-,BB,-,-,-,BB,-,-,BB,-,-,BB,-,BB,-,BB,-,-,BB,BB,BB,BB,BB,BB,BB,BB,BB,-,-,-,BB,BB,BB,BB,BB,-,BB,BB,-,BB,-,BB,-,-,BB,-,BB,BB,-,BB,BB,-,-,BB,-,-,BB,-,-,-,BB,-,-,-,-,BB,-,BB,-,-,BB,-,BB,BB,BB,BB,-,BB,-,BB,BB,BB,-,BB,-,-,-,BB,BB,-,BB,-,-,-,-,-,BB,-,-,-,BB,-,-,-,BB,-,-,-,-,-,BB,BB,BB,-,AA,-,-,-,-,BB,BB,BB,-,BB,AA,AA,AA,AA,-,AA,AA,-,-,AA,AA,-,-,-,-,AA,-,-,BB,-,AA,AA,AA,AA,AA,AA,AA,BB,-,-,-,BB,BB,-,-,BB,BB,-,-,-,BB,-,BB,BB,BB,BB,BB,AA,BB,-,-,-,-,-,-,-,AA,AA,-,-,-,-,-,-,-,-,-,AA,-,-,AA,AA,AA,AA,-,AA,AA,AA,AA,-,AA,-,AA,-,AA,-,AA,AA,-,-,AA,-,AA,AA,AA,AA,AA,AA,AA,-,-,AA,-,-,-,AA,-,AA,AA,AA,AA,-,-,-,-,-,AA,AA,-,AA,-,-,-,-,AA,-,-,BB,-,BB,BB,-,BB,BB,-,-,-,-,BB,BB,-,-,-,BB,BB,-,BB,-,BB,BB,BB,-,-,BB,BB,-,BB,BB,-,-,BB,BB,BB,-,BB,-,BB,-,-,BB,BB,BB,-,-,BB,-,-,BB,BB,BB,BB,-,BB,BB,BB
255,1.7315135,1.75,40.271639,43.3333,39.5000000000001,39.5,0.40250061721073,-,-,AA,AA,-,-,AA,-,AA,AA,AA,AA,AA,-,-,-,-,-,AA,-,-,-,-,-,AA,AA,AA,-,-,-,-,-,-,-,-,AA,AA,AA,AA,-,-,AA,-,-,-,-,AA,-,-,BB,-,-,-,-,-,-,-,-,BB,BB,-,-,-,-,-,BB,-,-,BB,-,-,-,-,-,-,-,-,BB,-,-,-,-,-,-,-,-,BB,BB,-,-,BB,-,-,-,-,-,-,-,BB,BB,BB,BB,BB,-,BB,BB,BB,-,BB,-,BB,BB,BB,BB,-,-,-,-,-,-,-,-,-,-,-,-,-,-,-,-,-,-,-,-,-,-,-,-,AA,AA,-,-,-,-,-,-,-,-,-,AA,-,-,-,-,-,-,-,-,-,-,BB,BB,BB,-,BB,BB,-,-,-,-,BB,BB,BB,BB,BB,BB,-,AA,-,-,AA,-,AA,AA,AA,AA,-,AA,AA,-,-,-,-,-,-,-,-,-,-,-,-,-,-,-,-,-,-,-,AA,-,-,-,-,-,-,-,AA,-,-,-,AA,-,-,-,AA,-,-,-,BB,-,-,-,-,-,-,-,-,-,-,-,-,-,-,-,-,-,-,-,-,-,-,-,-,-,-,-,-,-,-,-,BB,BB,BB,BB,-,AA,AA,AA,BB,-,-,-,-,-,-,-,-,-,-,-,-,-,-,-,-,AA,BB,-,BB,AA,AA,AA,AA,-,-,AA,-,-,-,-,AA,AA,-,-,-,BB,-,BB,BB,BB,-,BB,BB,-,-,-,BB,-,-,-,-,AA,-,-,-,-,-,-,-,-,-,-,-,-,-,AA,-,AA,BB,BB,BB,BB,BB,BB,-,-,-,BB,-,-,-,AA,AA,-,-,-,-,-,-,AA,AA,AA,AA,AA,-,-,-,-,-,-,-,-,-,AA,AA,AA,-,-,-,-,-,-,AA,-,AA,-,-,-,-,-,-,-,-,-,-,-,-,-,-,-,-,-,-,-,AA,-,-,-,-,-,-,AA,-,-,AA,-,-,-,AA,-,-,AA,AA,-,-,-,AA,-,-,AA,-,AA,-,-,-,-,-,-,-,-,-,-,-,AA,AA,-,-,AA,AA,AA
256,1.5077853,1.57,49.393833,53.1667,24,24,0.00369710027280443,BB,-,BB,BB,-,BB,BB,BB,BB,BB,BB,BB,BB,BB,BB,BB,-,-,BB,BB,BB,BB,BB,BB,BB,BB,BB,-,BB,BB,BB,-,-,-,BB,BB,BB,BB,BB,BB,-,BB,BB,BB,BB,BB,BB,BB,-,-,BB,BB,-,BB,-,-,BB,BB,BB,BB,-,BB,-,BB,-,BB,-,-,BB,BB,BB,-,-,BB,-,BB,-,BB,-,-,-,-,BB,-,BB,-,BB,BB,BB,-,BB,BB,-,BB,-,-,BB,-,BB,BB,BB,BB,BB,-,-,-,-,AA,AA,-,AA,AA,AA,AA,-,AA,AA,-,AA,-,AA,-,-,AA,AA,-,AA,AA,AA,AA,-,-,-,AA,AA,AA,AA,AA,-,AA,AA,AA,AA,-,-,-,AA,-,-,AA,-,-,-,-,AA,AA,AA,AA,-,AA,-,AA,AA,AA,AA,AA,AA,-,BB,-,AA,AA,AA,AA,AA,AA,-,AA,BB,BB,AA,BB,BB,BB,BB,BB,BB,BB,BB,BB,-,BB,BB,BB,BB,BB,BB,BB,-,BB,-,BB,-,-,-,BB,-,AA,BB,AA,AA,AA,AA,AA,AA,BB,BB,-,AA,-,AA,AA,AA,AA,BB,-,-,AA,BB,-,-,BB,BB,-,-,BB,-,BB,BB,-,BB,BB,BB,BB,BB,AA,AA,AA,-,BB,-,-,AA,-,-,BB,-,-,-,BB,BB,-,BB,BB,AA,AA,AA,BB,AA,AA,BB,BB,-,-,BB,-,AA,-,-,AA,-,-,AA,AA,BB,AA,AA,-,BB,BB,BB,AA,BB,-,-,BB,-,-,-,-,AA,AA,-,-,-,BB,AA,AA,AA,AA,AA,BB,BB,AA,-,AA,BB,-,-,-,-,BB,AA,-,AA,AA,-,AA,-,-,-,AA,AA,AA,AA,AA,AA,BB,BB,BB,AA,AA,AA,BB,-,AA,AA,AA,AA,-,AA,BB,BB,AA,-,AA,AA,AA,-,AA,AA,AA,AA,AA,AA,-,-,AA,AA,AA,AA,-,AA,AA,AA,AA,-,AA,AA,AA,-,-,AA,-,-,AA,AA,BB,BB,-,-,BB,-,BB,BB,-,BB,-,BB,-,BB,-,BB,BB,AA,-,BB,-,BB,BB,-,AA,BB,AA,AA,BB,BB,-,BB,BB,BB,BB,BB,BB,BB,-,BB,BB,-,BB,-,BB,-,-,BB,-,BB,BB,-,BB,-,BB,-,BB,BB,-,-,BB,BB,BB
257,1.5753663,1.55667,49.006971,50,56.0000000000001,56,-0.040679226898454,BB,-,BB,BB,BB,BB,BB,AA,AA,AA,AA,AA,AA,AA,-,-,-,-,AA,AA,-,AA,-,AA,AA,AA,AA,AA,AA,-,-,AA,AA,-,-,AA,AA,AA,AA,AA,AA,AA,AA,AA,-,-,AA,BB,-,AA,AA,AA,AA,AA,AA,AA,AA,AA,AA,AA,AA,-,AA,-,AA,AA,AA,AA,AA,AA,-,-,AA,AA,-,AA,AA,AA,AA,-,AA,AA,AA,-,-,-,AA,AA,AA,AA,AA,-,-,BB,BB,-,-,BB,BB,BB,AA,BB,BB,BB,BB,BB,BB,BB,BB,BB,BB,BB,BB,BB,AA,BB,-,BB,BB,BB,-,-,BB,-,BB,-,BB,-,BB,-,BB,BB,BB,BB,BB,BB,BB,BB,BB,BB,BB,BB,-,BB,BB,BB,BB,BB,BB,BB,BB,BB,BB,BB,BB,BB,BB,-,BB,BB,BB,BB,BB,BB,BB,BB,BB,AA,AA,AA,AA,AA,AA,AA,AA,AA,-,AA,AA,-,AA,-,AA,AA,AA,AA,AA,AA,AA,-,AA,AA,AA,-,-,-,-,AA,-,-,-,AA,AA,-,AA,AA,AA,-,AA,AA,-,AA,AA,-,BB,BB,BB,BB,-,-,BB,BB,-,BB,BB,-,-,BB,BB,BB,BB,BB,BB,BB,BB,BB,BB,BB,BB,-,BB,BB,BB,AA,AA,AA,AA,-,AA,-,AA,-,-,AA,-,-,AA,-,AA,-,AA,AA,-,AA,AA,AA,-,AA,AA,-,AA,AA,AA,AA,AA,AA,AA,AA,AA,-,AA,AA,AA,AA,AA,AA,AA,AA,AA,AA,BB,BB,BB,BB,-,BB,BB,BB,BB,BB,BB,BB,BB,-,BB,BB,BB,BB,BB,BB,BB,BB,BB,BB,BB,BB,AA,AA,AA,AA,AA,AA,AA,AA,AA,-,-,AA,-,-,AA,-,-,AA,AA,AA,AA,AA,AA,AA,AA,AA,AA,AA,AA,AA,AA,AA,AA,-,AA,AA,AA,AA,AA,AA,AA,AA,AA,AA,AA,AA,AA,AA,-,AA,AA,AA,AA,AA,AA,-,AA,AA,AA,AA,AA,AA,AA,-,AA,-,AA,AA,AA,-,-,AA,-,AA,-,AA,-,AA,AA,AA,AA,AA,-,AA,-,AA,AA,AA,AA,AA,-,AA,AA,AA,-,AA,AA,-,AA,-,AA,-,AA,AA,-,AA,BB,AA,-,BB,BB,BB,-,AA,BB,BB,AA,-,AA,AA,-,AA,AA,-,AA,AA,-,AA,AA,-,AA,-,AA,AA
258,1.7517781,1.805,52.585701,57.1111,27.0000000000001,27,0.608625253977139,-,-,BB,BB,-,-,BB,-,BB,BB,BB,BB,BB,-,-,-,-,-,BB,-,-,-,-,BB,BB,BB,BB,-,-,-,-,-,-,-,-,BB,BB,BB,BB,BB,-,BB,-,-,-,-,BB,-,-,AA,-,-,-,-,-,-,-,-,AA,AA,-,-,-,-,-,-,-,-,BB,-,-,-,-,-,-,-,-,BB,-,-,-,-,-,-,-,-,BB,BB,BB,-,BB,-,-,-,-,-,-,-,BB,BB,-,-,-,-,BB,AA,AA,-,AA,-,AA,AA,AA,AA,-,-,-,-,-,-,-,-,-,-,-,-,-,-,-,-,-,-,-,-,-,-,-,-,AA,-,-,-,-,-,-,-,-,-,-,BB,-,-,-,-,BB,-,-,-,-,-,BB,BB,BB,-,BB,BB,BB,-,-,-,-,BB,BB,BB,-,BB,-,BB,-,-,BB,-,BB,-,-,BB,-,BB,BB,-,-,-,-,-,-,-,-,-,-,-,-,-,-,-,-,-,-,-,BB,-,-,BB,-,-,-,BB,BB,-,-,-,AA,-,-,-,AA,-,-,-,AA,-,-,-,-,-,-,-,-,-,-,-,-,-,-,-,-,-,-,-,-,-,-,-,-,-,-,-,-,-,-,-,AA,AA,AA,-,AA,BB,BB,BB,BB,-,-,-,-,-,-,-,-,-,-,-,-,-,-,-,-,BB,AA,-,AA,AA,AA,AA,AA,-,-,-,-,-,-,-,BB,BB,-,-,-,BB,-,AA,AA,AA,-,AA,AA,-,-,-,-,-,-,-,-,BB,-,-,-,-,-,-,-,-,-,-,-,-,-,BB,-,BB,BB,-,AA,AA,AA,AA,-,-,-,AA,-,-,-,AA,BB,-,-,-,-,-,-,BB,BB,BB,BB,BB,-,-,-,-,-,-,-,-,-,BB,BB,BB,-,-,-,-,-,-,BB,-,BB,-,-,-,-,-,-,-,-,-,-,-,-,-,-,-,-,-,-,-,BB,-,-,-,-,-,-,AA,-,AA,AA,-,-,-,AA,-,-,AA,AA,-,-,-,AA,-,-,AA,-,AA,-,-,-,-,-,-,-,-,-,-,-,BB,BB,-,-,BB,BB,BB
259,1.9991704,1.89,59.749951,61,81.1204819277106,81,0.967421566101701,AA,AA,AA,BB,-,-,AA,AA,AA,AA,AA,AA,AA,AA,AA,AA,AA,-,AA,-,AA,AA,AA,AA,AA,AA,AA,AA,AA,-,AA,AA,AA,AA,AA,AA,AA,AA,AA,AA,-,AA,AA,AA,AA,-,AA,-,-,AA,AA,AA,AA,-,-,AA,AA,AA,AA,AA,AA,AA,AA,AA,AA,-,-,AA,AA,AA,AA,-,AA,AA,AA,BB,-,BB,-,BB,BB,BB,-,BB,BB,BB,BB,BB,BB,BB,BB,-,-,BB,BB,BB,BB,BB,BB,BB,-,BB,-,-,BB,BB,BB,BB,BB,-,BB,BB,BB,BB,-,BB,BB,BB,BB,BB,BB,BB,-,AA,-,AA,AA,AA,AA,AA,AA,-,AA,AA,-,AA,AA,AA,AA,-,AA,AA,AA,-,AA,AA,-,AA,AA,AA,AA,-,AA,AA,AA,AA,-,AA,AA,AA,AA,AA,AA,AA,AA,AA,AA,-,AA,AA,-,AA,AA,AA,AA,AA,-,AA,AA,AA,AA,AA,AA,-,-,AA,AA,AA,AA,AA,AA,-,AA,AA,AA,-,-,-,-,-,-,-,AA,AA,AA,-,AA,AA,AA,AA,AA,AA,AA,AA,-,AA,AA,-,AA,-,AA,-,AA,AA,AA,AA,AA,AA,AA,-,AA,AA,AA,AA,AA,AA,AA,AA,AA,-,-,AA,AA,AA,-,AA,AA,AA,AA,AA,AA,AA,AA,AA,BB,BB,AA,AA,-,BB,AA,AA,AA,-,AA,AA,AA,AA,AA,AA,AA,AA,AA,AA,AA,AA,-,AA,AA,AA,AA,AA,AA,AA,AA,AA,AA,AA,AA,AA,AA,AA,AA,AA,-,-,-,AA,AA,-,AA,AA,-,AA,AA,AA,-,AA,AA,AA,AA,AA,AA,AA,AA,AA,-,AA,AA,-,AA,AA,AA,AA,AA,-,AA,AA,AA,AA,AA,AA,AA,AA,AA,AA,AA,AA,AA,-,AA,AA,AA,AA,AA,-,-,AA,AA,-,AA,AA,AA,-,-,-,AA,-,AA,AA,AA,AA,AA,AA,-,-,-,BB,-,AA,AA,AA,AA,AA,AA,BB,-,AA,AA,-,BB,BB,AA,BB,BB,-,BB,AA,BB,BB,BB,AA,BB,-,BB,BB,BB,BB,BB,BB,BB,-,BB,BB,BB,-,BB,BB,BB,BB,BB,BB,-,BB,BB,BB,BB,BB,BB,BB,-,BB,BB,BB,-,BB,BB,BB,-,BB,BB,BB,BB,BB,BB,-,-,AA,AA,AA,AA,AA,-,AA,AA,AA,AA,AA,AA,AA
260,1.3347112,1.33333,42.393651,44.6667,46.0000000000003,46,-0.573403263107838,-,-,AA,AA,AA,AA,AA,AA,AA,AA,AA,AA,AA,AA,AA,-,AA,AA,AA,-,-,AA,AA,AA,AA,AA,AA,AA,AA,AA,AA,AA,AA,AA,-,AA,AA,AA,AA,AA,AA,AA,AA,AA,AA,AA,AA,BB,-,BB,BB,-,-,-,-,-,BB,BB,-,AA,-,AA,AA,-,AA,AA,AA,-,AA,AA,-,AA,AA,AA,-,AA,-,AA,-,-,-,AA,-,-,AA,-,AA,AA,AA,AA,AA,AA,-,-,-,AA,AA,AA,AA,AA,AA,AA,AA,AA,BB,BB,BB,BB,BB,-,BB,BB,-,BB,-,-,-,BB,BB,-,BB,BB,BB,BB,-,BB,BB,BB,BB,-,BB,-,-,-,BB,BB,BB,-,BB,BB,BB,-,-,BB,BB,-,BB,BB,BB,BB,-,-,BB,-,BB,-,BB,-,BB,-,BB,BB,BB,BB,BB,BB,BB,-,BB,-,BB,BB,BB,BB,BB,BB,BB,BB,BB,-,BB,-,BB,AA,AA,AA,AA,BB,BB,AA,AA,BB,-,BB,-,-,-,BB,BB,BB,BB,BB,-,-,-,BB,-,BB,BB,-,BB,BB,BB,BB,BB,BB,BB,BB,AA,-,AA,-,AA,-,AA,-,AA,-,AA,AA,AA,-,AA,AA,AA,AA,AA,AA,-,AA,-,-,-,BB,BB,BB,BB,AA,BB,-,BB,-,-,BB,AA,-,BB,-,-,BB,BB,BB,BB,BB,BB,AA,AA,AA,AA,AA,-,-,AA,AA,-,AA,AA,-,AA,AA,-,-,BB,BB,-,BB,BB,BB,BB,BB,BB,-,BB,-,-,BB,-,BB,-,BB,BB,BB,-,-,BB,BB,BB,BB,BB,BB,BB,BB,AA,AA,AA,AA,AA,AA,AA,-,AA,AA,AA,-,-,-,AA,-,AA,AA,AA,AA,-,AA,AA,AA,AA,AA,AA,BB,BB,BB,BB,BB,BB,-,-,BB,BB,-,BB,BB,BB,-,BB,-,BB,-,-,BB,BB,BB,BB,BB,BB,BB,BB,BB,-,-,BB,-,BB,BB,BB,BB,-,BB,BB,BB,-,BB,BB,-,BB,BB,BB,AA,-,AA,-,AA,-,AA,-,-,AA,-,AA,-,-,AA,AA,AA,AA,-,BB,AA,-,-,-,AA,AA,-,AA,-,-,-,AA,AA,-,AA,AA,AA,AA,AA,AA,AA,-,AA,AA,AA,-,-,AA,AA,-,AA,-,AA,AA,AA,-,AA,AA,-,AA,AA,AA,AA
261,1.7506095,1.695,46.076378,47,50.9999999999999,51,0.257930977441349,-,AA,AA,AA,AA,AA,AA,-,AA,AA,AA,AA,-,AA,-,AA,-,AA,-,AA,-,AA,AA,AA,AA,AA,AA,-,-,AA,AA,-,AA,AA,AA,AA,AA,AA,AA,AA,AA,BB,-,-,-,AA,AA,BB,AA,BB,AA,AA,-,-,-,AA,AA,AA,AA,AA,AA,AA,AA,-,AA,AA,AA,AA,AA,-,AA,AA,AA,AA,AA,AA,-,BB,BB,BB,-,BB,-,BB,BB,BB,BB,-,BB,BB,BB,-,BB,BB,BB,-,BB,BB,BB,BB,BB,BB,BB,AA,AA,AA,AA,AA,AA,AA,AA,-,-,-,AA,AA,AA,AA,AA,AA,AA,AA,BB,BB,AA,-,-,AA,-,-,-,AA,AA,-,AA,-,AA,-,AA,AA,AA,AA,-,AA,AA,AA,AA,AA,AA,AA,-,AA,AA,AA,-,AA,AA,AA,AA,AA,AA,AA,AA,AA,AA,AA,AA,AA,-,AA,AA,-,AA,AA,AA,-,AA,-,-,AA,AA,-,AA,AA,AA,AA,AA,AA,AA,AA,AA,AA,AA,AA,AA,AA,AA,AA,AA,-,AA,AA,AA,AA,AA,AA,AA,AA,AA,AA,AA,AA,AA,AA,AA,-,AA,AA,AA,AA,AA,AA,-,AA,AA,AA,AA,AA,AA,AA,AA,AA,AA,AA,-,AA,AA,AA,AA,-,AA,BB,BB,BB,-,-,BB,BB,BB,BB,BB,AA,AA,AA,AA,-,AA,AA,-,AA,-,AA,-,AA,AA,AA,AA,AA,AA,-,AA,-,AA,AA,AA,AA,AA,AA,-,-,AA,AA,AA,AA,AA,AA,AA,AA,BB,BB,-,BB,BB,BB,BB,BB,BB,BB,BB,-,BB,BB,-,BB,BB,BB,BB,BB,BB,BB,BB,BB,BB,BB,BB,-,BB,BB,BB,BB,-,BB,BB,-,BB,BB,BB,AA,-,-,AA,AA,AA,AA,-,AA,AA,AA,AA,AA,AA,AA,AA,AA,AA,AA,AA,AA,AA,-,-,AA,AA,AA,-,AA,AA,-,AA,AA,AA,AA,AA,AA,AA,AA,AA,AA,AA,AA,AA,AA,AA,AA,AA,AA,AA,AA,AA,-,AA,AA,AA,AA,-,AA,AA,AA,AA,AA,-,AA,AA,AA,AA,-,AA,AA,AA,AA,AA,AA,AA,AA,AA,-,AA,AA,-,-,AA,-,AA,-,AA,-,AA,AA,AA,AA,AA,AA,AA,AA,AA,-,AA,AA,AA,AA,-,AA,AA,-,-,AA,AA,AA,AA,-,AA,AA,AA,AA,AA,AA,AA,-,AA,AA
262,1.6387483,1.70833,42.708282,45.8333,19.9999999999999,20,0.277090111619422,-,BB,BB,BB,BB,BB,-,AA,AA,AA,AA,AA,AA,AA,AA,-,AA,AA,AA,-,AA,AA,AA,AA,AA,AA,AA,AA,AA,AA,-,AA,-,AA,-,AA,AA,AA,AA,AA,AA,AA,-,-,BB,BB,BB,-,-,AA,-,AA,AA,-,AA,AA,AA,AA,AA,AA,-,AA,AA,AA,AA,AA,AA,-,AA,-,AA,-,-,AA,AA,AA,AA,AA,BB,BB,BB,BB,BB,BB,-,-,BB,BB,BB,BB,BB,BB,BB,BB,-,BB,-,-,BB,BB,BB,BB,BB,AA,-,AA,AA,AA,AA,AA,BB,BB,BB,BB,BB,BB,-,BB,BB,-,-,BB,BB,BB,BB,BB,BB,-,BB,BB,BB,BB,BB,BB,BB,-,BB,-,BB,BB,AA,AA,AA,AA,BB,AA,AA,AA,AA,-,-,AA,AA,AA,AA,-,-,AA,AA,AA,AA,AA,AA,AA,AA,AA,AA,AA,-,AA,AA,AA,AA,AA,AA,AA,AA,AA,AA,AA,AA,AA,AA,BB,BB,BB,BB,BB,BB,BB,BB,BB,-,BB,-,BB,BB,BB,BB,BB,BB,-,BB,-,BB,AA,AA,AA,AA,AA,AA,AA,-,AA,-,-,AA,AA,AA,AA,AA,-,AA,AA,AA,AA,AA,AA,AA,AA,AA,-,AA,AA,AA,AA,-,AA,AA,-,-,AA,AA,AA,AA,AA,AA,AA,BB,BB,BB,-,BB,-,BB,BB,-,-,BB,BB,BB,BB,BB,BB,BB,AA,BB,BB,BB,-,BB,BB,-,-,-,BB,BB,AA,BB,-,-,-,-,BB,BB,BB,BB,BB,BB,BB,BB,BB,BB,BB,-,BB,BB,BB,-,BB,BB,BB,BB,BB,BB,BB,BB,BB,BB,BB,BB,BB,BB,BB,BB,-,BB,BB,BB,-,BB,BB,BB,BB,BB,BB,-,BB,BB,BB,-,-,BB,BB,BB,BB,BB,BB,BB,AA,AA,AA,AA,AA,AA,AA,AA,-,AA,-,AA,AA,AA,AA,AA,AA,AA,-,AA,AA,AA,AA,AA,AA,AA,AA,AA,-,AA,AA,AA,-,-,BB,BB,BB,BB,BB,BB,BB,BB,-,BB,-,BB,-,AA,-,-,AA,AA,AA,AA,AA,AA,AA,AA,-,AA,AA,-,-,AA,AA,AA,AA,AA,-,-,AA,AA,AA,AA,AA,AA,AA,AA,AA,AA,AA,-,AA,AA,AA,-,-,AA,AA,AA,AA,AA,AA,AA,AA,AA,AA,-,AA,-,AA,AA,-,AA,AA,AA,AA,-,AA,-,AA
263,1.8152369,1.89,48.235543,53.2778,25.0000000000002,25,0.967421566101701,-,BB,BB,BB,-,-,BB,-,BB,BB,BB,BB,-,BB,BB,BB,-,-,-,-,-,BB,-,BB,BB,BB,BB,BB,-,-,BB,AA,-,AA,AA,AA,AA,AA,AA,AA,AA,AA,-,-,AA,AA,AA,AA,-,AA,-,-,-,AA,-,-,AA,AA,AA,AA,-,-,AA,-,-,AA,-,-,BB,-,BB,-,BB,BB,-,BB,BB,BB,BB,BB,BB,-,BB,-,-,BB,BB,BB,BB,-,BB,AA,-,BB,BB,-,-,BB,BB,BB,AA,BB,BB,AA,AA,AA,AA,AA,-,-,BB,BB,BB,BB,BB,BB,BB,-,-,BB,BB,-,BB,-,-,-,BB,BB,BB,BB,BB,BB,-,-,BB,-,BB,-,BB,BB,-,BB,BB,BB,-,-,BB,-,BB,BB,BB,BB,-,-,BB,BB,-,-,-,-,BB,BB,BB,BB,BB,BB,BB,BB,-,BB,BB,BB,BB,BB,BB,-,BB,BB,-,BB,BB,BB,BB,BB,BB,BB,-,AA,AA,-,-,-,AA,-,-,-,AA,-,AA,-,-,-,BB,-,BB,BB,-,-,BB,-,BB,BB,-,BB,-,BB,BB,-,-,BB,BB,BB,BB,-,BB,-,-,BB,AA,-,-,-,-,-,-,AA,AA,-,AA,AA,-,-,AA,AA,-,AA,AA,-,AA,AA,AA,-,-,-,-,-,-,-,AA,-,-,AA,-,AA,AA,BB,BB,BB,BB,-,BB,-,-,-,-,AA,-,BB,-,-,-,-,-,-,BB,BB,BB,BB,BB,BB,BB,BB,BB,BB,-,BB,BB,BB,BB,-,BB,BB,BB,-,-,BB,BB,BB,BB,BB,BB,BB,BB,-,BB,BB,BB,BB,BB,BB,BB,-,-,-,BB,-,BB,BB,-,-,-,-,BB,BB,-,BB,BB,BB,BB,BB,BB,BB,BB,BB,BB,-,BB,BB,BB,-,BB,-,BB,-,BB,BB,BB,-,BB,BB,-,BB,BB,BB,BB,-,-,-,-,-,-,-,-,BB,BB,BB,-,BB,-,-,-,BB,BB,-,BB,-,BB,-,BB,BB,BB,-,BB,-,-,-,BB,-,BB,-,BB,-,-,BB,BB,-,BB,BB,-,-,BB,-,-,BB,BB,-,-,BB,BB,-,BB,BB,BB,BB,BB,BB,BB,-,BB,BB,BB,BB,BB,-,-,-,-,-,-,-,-,-,-,BB,BB,-,-,BB,BB,BB
264,1.569829,1.57,45.031483,45.8333,48.4999999999997,48.5,0.00369710027280443,BB,BB,BB,BB,-,BB,BB,-,BB,BB,BB,BB,BB,-,-,-,-,BB,BB,-,BB,-,-,BB,BB,BB,BB,BB,BB,-,-,BB,BB,BB,-,BB,BB,BB,BB,BB,-,BB,BB,-,BB,BB,BB,BB,BB,BB,-,BB,-,BB,-,BB,-,BB,BB,BB,BB,-,-,-,-,-,BB,BB,BB,-,-,BB,-,-,-,-,-,BB,BB,BB,BB,BB,BB,-,BB,-,BB,BB,BB,BB,BB,BB,-,-,-,-,BB,-,BB,BB,-,BB,-,-,AA,AA,AA,-,AA,AA,AA,AA,AA,AA,AA,-,-,AA,-,AA,-,AA,-,AA,AA,AA,AA,-,-,-,-,BB,-,-,BB,BB,-,BB,BB,-,-,-,-,-,BB,-,-,BB,-,BB,-,-,-,BB,BB,BB,BB,-,BB,-,BB,BB,BB,-,BB,BB,BB,-,-,-,-,BB,-,BB,BB,BB,-,BB,-,BB,BB,-,BB,BB,BB,BB,BB,BB,BB,-,BB,BB,-,BB,-,-,-,BB,BB,-,-,-,BB,-,BB,-,-,-,BB,BB,-,BB,BB,-,-,-,BB,-,BB,BB,BB,BB,BB,BB,BB,AA,-,AA,AA,AA,AA,-,AA,-,AA,AA,AA,-,-,AA,-,-,-,AA,-,AA,-,-,-,AA,-,-,BB,BB,-,BB,-,BB,-,-,BB,BB,BB,-,BB,AA,-,AA,AA,AA,-,-,-,AA,AA,AA,AA,-,-,-,-,-,-,AA,AA,AA,AA,AA,AA,AA,AA,AA,AA,AA,-,-,-,AA,-,-,AA,AA,AA,-,-,BB,BB,BB,BB,BB,BB,BB,BB,-,BB,BB,BB,-,-,-,-,-,-,-,BB,-,-,-,-,-,-,-,-,-,-,BB,BB,BB,BB,-,AA,AA,AA,AA,-,AA,-,AA,AA,-,-,AA,AA,-,-,AA,-,AA,-,-,AA,AA,AA,AA,-,-,-,AA,AA,AA,-,AA,-,AA,AA,AA,-,-,AA,AA,AA,AA,AA,-,AA,-,AA,-,-,-,-,-,-,AA,-,-,-,-,-,-,-,-,-,-,AA,AA,-,-,AA,AA,AA,AA,-,AA,AA,AA,-,AA,AA,-,-,AA,AA,-,-,AA,AA,-,-,AA,AA,AA,-,-,AA,AA,AA,-,-,-,AA,AA,-,AA,AA,-,AA,AA,AA,AA
265,1.9488691,2,43.224276,47.6667,28,28,1.82602425981251,BB,BB,BB,BB,BB,-,BB,BB,BB,BB,BB,BB,BB,-,BB,BB,BB,BB,BB,BB,BB,BB,BB,BB,BB,BB,BB,BB,BB,BB,BB,-,BB,BB,BB,BB,BB,BB,BB,BB,-,BB,BB,BB,BB,BB,BB,-,BB,BB,BB,BB,BB,BB,BB,BB,BB,BB,BB,BB,BB,-,-,BB,BB,BB,BB,BB,BB,BB,BB,BB,-,BB,BB,BB,BB,BB,BB,-,BB,BB,BB,BB,BB,-,BB,BB,BB,-,BB,BB,BB,BB,BB,BB,BB,BB,BB,BB,BB,BB,BB,AA,AA,AA,AA,AA,AA,AA,BB,AA,AA,AA,AA,AA,AA,AA,AA,AA,AA,BB,AA,-,-,AA,-,AA,AA,AA,AA,AA,AA,AA,AA,AA,AA,AA,AA,AA,AA,AA,AA,AA,AA,AA,AA,AA,AA,AA,AA,AA,AA,AA,AA,AA,AA,AA,AA,AA,AA,AA,AA,AA,AA,AA,AA,BB,BB,BB,BB,BB,BB,BB,BB,BB,BB,BB,BB,BB,AA,AA,BB,AA,BB,BB,AA,BB,BB,BB,BB,-,-,BB,BB,BB,BB,BB,BB,-,BB,BB,BB,BB,BB,-,BB,BB,BB,BB,-,BB,BB,BB,BB,BB,BB,BB,BB,BB,BB,BB,BB,BB,BB,BB,-,-,BB,BB,BB,BB,BB,BB,BB,BB,BB,BB,BB,BB,-,BB,BB,BB,BB,BB,BB,-,BB,BB,BB,BB,BB,BB,AA,-,AA,AA,AA,AA,BB,AA,AA,AA,AA,BB,BB,BB,BB,BB,BB,BB,BB,BB,BB,BB,BB,BB,BB,BB,-,BB,BB,BB,BB,BB,BB,BB,BB,BB,BB,BB,BB,BB,BB,BB,BB,BB,BB,BB,BB,BB,BB,BB,BB,BB,BB,BB,BB,BB,BB,BB,BB,BB,BB,BB,BB,BB,BB,BB,BB,BB,BB,BB,BB,BB,BB,BB,BB,BB,BB,BB,BB,BB,BB,BB,BB,BB,BB,BB,BB,BB,BB,BB,BB,BB,-,-,BB,-,BB,BB,BB,BB,BB,BB,BB,BB,BB,AA,AA,AA,AA,AA,AA,AA,AA,AA,AA,AA,AA,AA,AA,AA,AA,AA,AA,AA,AA,AA,AA,AA,AA,AA,AA,AA,AA,AA,AA,AA,AA,AA,AA,AA,AA,AA,AA,AA,AA,AA,AA,AA,AA,AA,AA,AA,AA,AA,AA,-,AA,AA,AA,AA,AA,AA,AA,AA,AA,-,AA,AA,AA,AA,AA,AA,AA,AA,AA,AA,-,AA,AA,-,AA,BB,-,BB,BB,BB,BB,BB,BB,BB,BB,BB,BB,BB,BB,BB
266,1.7848187,1.83333,43.099338,46.6667,26,26,0.672170865541125,-,-,AA,AA,-,-,-,-,-,AA,-,AA,-,-,-,-,-,-,-,-,-,-,-,AA,AA,AA,AA,-,-,-,-,-,-,-,-,AA,AA,AA,AA,AA,-,AA,-,-,-,-,BB,-,-,BB,-,-,-,-,-,-,-,-,BB,BB,-,-,-,-,-,BB,-,-,BB,-,-,-,-,-,-,-,-,BB,-,-,-,-,-,-,-,-,BB,BB,BB,-,BB,-,-,-,-,-,-,-,BB,BB,BB,BB,BB,-,BB,BB,BB,-,AA,-,AA,AA,AA,-,-,-,-,-,-,-,-,-,-,-,-,-,-,-,-,-,-,-,-,-,-,-,-,-,AA,AA,-,-,-,-,-,-,-,-,-,-,-,-,-,-,AA,-,-,-,-,-,AA,AA,AA,-,AA,AA,AA,-,-,-,AA,-,AA,AA,AA,-,-,-,-,-,AA,-,AA,BB,BB,BB,-,BB,BB,-,-,-,-,-,-,-,-,-,-,-,-,-,-,-,-,-,-,-,BB,-,-,BB,-,-,-,BB,BB,-,-,-,AA,-,-,-,AA,-,-,-,AA,-,-,-,-,-,-,-,-,-,-,-,-,-,-,-,-,-,-,-,-,-,-,-,-,-,-,-,-,-,-,-,-,BB,-,BB,BB,BB,BB,BB,BB,-,-,-,-,-,-,-,-,-,-,-,-,-,-,-,-,AA,AA,-,AA,AA,AA,AA,AA,-,-,AA,-,-,-,-,AA,AA,-,-,-,AA,-,AA,AA,AA,AA,AA,AA,-,-,-,AA,-,-,-,-,AA,-,-,-,-,-,-,-,-,-,-,-,-,-,AA,AA,AA,AA,BB,BB,BB,BB,BB,-,-,-,BB,-,-,-,-,BB,-,-,-,-,-,-,BB,BB,BB,-,BB,-,-,-,-,-,-,-,-,-,BB,BB,BB,-,-,-,-,-,-,BB,-,BB,-,-,-,-,-,-,-,-,-,-,-,-,-,-,-,-,-,-,-,AA,-,-,-,-,-,-,-,-,-,AA,-,-,-,AA,-,-,AA,AA,-,-,-,AA,-,-,AA,-,AA,-,-,-,-,-,-,-,-,-,-,-,AA,AA,-,-,-,AA,AA
267,1.6991541,1.77833,48.031154,53.3333,22,22,0.517625245832955,AA,AA,-,-,AA,AA,AA,AA,AA,AA,AA,-,AA,AA,AA,AA,AA,AA,AA,AA,AA,-,AA,-,-,-,-,AA,AA,AA,AA,AA,AA,AA,AA,AA,-,-,-,-,AA,AA,AA,-,AA,AA,-,AA,AA,AA,AA,AA,AA,AA,AA,AA,AA,AA,-,-,BB,BB,BB,BB,BB,BB,AA,-,AA,-,-,AA,AA,AA,AA,AA,AA,AA,AA,AA,AA,AA,AA,AA,BB,-,AA,AA,-,BB,-,-,BB,BB,BB,BB,BB,-,BB,BB,BB,-,BB,BB,BB,BB,BB,BB,BB,BB,-,AA,AA,AA,AA,AA,AA,AA,AA,AA,AA,AA,-,AA,AA,AA,AA,AA,AA,AA,AA,AA,AA,-,AA,AA,AA,AA,AA,AA,AA,AA,-,AA,AA,AA,-,AA,AA,AA,AA,AA,AA,AA,-,AA,AA,AA,AA,AA,AA,AA,-,AA,AA,-,-,AA,-,AA,AA,AA,AA,AA,AA,AA,AA,AA,AA,AA,AA,AA,-,AA,AA,AA,AA,-,-,AA,AA,AA,AA,AA,AA,AA,AA,AA,AA,-,AA,AA,AA,AA,AA,AA,AA,AA,AA,AA,AA,-,AA,AA,AA,AA,AA,AA,AA,AA,-,AA,AA,AA,AA,AA,AA,AA,AA,AA,AA,AA,AA,AA,AA,AA,AA,-,AA,AA,AA,AA,AA,AA,AA,AA,AA,AA,BB,BB,BB,BB,BB,BB,BB,BB,BB,BB,BB,BB,BB,BB,BB,BB,-,BB,BB,BB,BB,BB,BB,BB,BB,BB,BB,BB,BB,BB,BB,BB,BB,BB,BB,BB,BB,BB,BB,BB,BB,BB,BB,-,BB,BB,-,BB,BB,BB,BB,BB,-,-,AA,AA,AA,AA,AA,-,-,-,-,AA,AA,AA,AA,AA,AA,AA,AA,AA,BB,AA,AA,AA,AA,AA,AA,AA,AA,AA,AA,AA,AA,AA,AA,-,-,AA,AA,BB,-,-,-,BB,BB,BB,BB,BB,BB,BB,BB,BB,BB,BB,BB,BB,BB,BB,BB,BB,BB,BB,BB,BB,BB,BB,BB,BB,BB,BB,BB,BB,AA,BB,BB,BB,BB,BB,BB,BB,BB,BB,-,BB,-,BB,BB,-,BB,BB,BB,BB,BB,BB,BB,BB,BB,BB,BB,BB,BB,BB,BB,BB,BB,BB,BB,BB,BB,BB,BB,BB,BB,BB,BB,BB,-,BB,-,BB,BB,BB,-,BB,BB,BB,-,BB,BB,-,-,BB,BB,BB,BB,BB,BB,BB,BB,BB,BB,BB,BB,BB,BB,BB,BB,BB,BB,-
268,1.7879969,1.79167,43.613736,45.8333,45.0000000000002,45,0.590922616605795,BB,BB,BB,-,-,-,-,AA,BB,BB,BB,-,BB,AA,BB,BB,BB,BB,BB,BB,BB,-,BB,BB,BB,BB,BB,BB,BB,BB,BB,BB,BB,BB,-,BB,BB,BB,BB,BB,BB,BB,BB,BB,-,BB,BB,-,BB,BB,BB,-,BB,-,BB,BB,BB,BB,BB,BB,BB,BB,BB,BB,-,BB,BB,BB,BB,BB,BB,BB,BB,BB,BB,BB,BB,BB,-,BB,BB,-,BB,BB,-,-,BB,BB,BB,BB,BB,-,BB,-,BB,BB,BB,AA,BB,BB,BB,BB,BB,BB,AA,AA,AA,BB,AA,BB,BB,AA,AA,AA,BB,BB,-,BB,-,-,BB,-,BB,BB,BB,-,-,-,BB,BB,BB,-,BB,-,BB,BB,-,BB,BB,AA,BB,BB,BB,-,BB,BB,-,BB,BB,BB,AA,AA,AA,AA,AA,AA,-,AA,AA,AA,AA,AA,AA,AA,AA,AA,AA,-,-,BB,AA,AA,AA,AA,AA,AA,BB,AA,BB,-,AA,BB,BB,BB,BB,BB,BB,BB,BB,BB,BB,BB,BB,-,BB,BB,BB,BB,BB,BB,BB,BB,BB,BB,BB,BB,BB,BB,BB,BB,-,BB,BB,BB,AA,BB,BB,AA,AA,AA,AA,-,AA,AA,BB,AA,AA,-,BB,AA,AA,-,AA,AA,AA,AA,AA,AA,AA,-,-,AA,AA,-,BB,BB,BB,BB,-,BB,AA,-,AA,AA,BB,BB,BB,BB,BB,BB,BB,BB,BB,BB,BB,AA,AA,AA,AA,AA,AA,AA,AA,AA,AA,AA,-,AA,AA,AA,-,AA,AA,AA,AA,AA,BB,AA,BB,AA,AA,AA,AA,AA,AA,AA,AA,AA,AA,-,AA,AA,AA,BB,BB,BB,BB,BB,BB,BB,BB,BB,BB,BB,BB,BB,BB,BB,BB,BB,BB,BB,BB,BB,BB,-,BB,BB,BB,BB,BB,BB,BB,AA,AA,AA,BB,BB,AA,AA,AA,AA,AA,AA,AA,AA,AA,AA,-,-,AA,AA,AA,AA,-,AA,AA,AA,AA,AA,AA,AA,AA,AA,AA,AA,AA,AA,AA,AA,AA,AA,AA,BB,BB,BB,AA,AA,AA,AA,AA,AA,AA,AA,AA,AA,AA,BB,AA,AA,AA,BB,AA,-,AA,-,BB,BB,BB,BB,BB,BB,BB,BB,AA,-,BB,BB,BB,BB,BB,AA,BB,-,AA,BB,BB,BB,BB,BB,BB,AA,BB,BB,BB,BB,BB,-,BB,BB,-,BB,BB,BB,BB,BB,-,BB,BB,BB,BB,BB,BB,BB,BB,BB,BB,BB,BB,BB
269,1.0695021,1.13667,41.016331,46.2222,20,20,-0.85539884379652,AA,AA,AA,AA,AA,AA,AA,AA,AA,AA,AA,AA,AA,AA,AA,AA,AA,AA,AA,AA,AA,-,AA,AA,AA,AA,AA,AA,AA,AA,AA,AA,AA,AA,AA,AA,AA,AA,AA,AA,AA,AA,AA,AA,-,BB,BB,BB,BB,AA,BB,BB,AA,AA,AA,AA,AA,AA,AA,AA,-,AA,AA,AA,AA,AA,AA,AA,AA,-,-,AA,AA,AA,AA,AA,AA,AA,AA,AA,AA,AA,AA,AA,AA,-,AA,AA,AA,AA,AA,AA,AA,AA,AA,AA,AA,AA,AA,AA,AA,AA,AA,AA,AA,AA,AA,AA,AA,AA,BB,BB,BB,BB,BB,BB,BB,BB,BB,BB,BB,BB,BB,-,BB,BB,BB,BB,BB,-,BB,-,BB,BB,BB,BB,-,BB,BB,BB,AA,AA,AA,AA,AA,AA,-,AA,AA,AA,AA,AA,-,AA,AA,AA,AA,-,AA,AA,AA,AA,AA,AA,AA,AA,AA,AA,-,AA,AA,AA,AA,AA,AA,AA,AA,AA,AA,AA,AA,AA,AA,BB,BB,BB,BB,AA,AA,-,AA,-,AA,AA,AA,AA,AA,AA,AA,-,AA,AA,AA,AA,AA,AA,AA,AA,AA,AA,AA,AA,AA,AA,AA,-,AA,AA,AA,AA,AA,AA,AA,AA,AA,AA,AA,AA,AA,AA,AA,-,AA,AA,AA,AA,AA,AA,AA,AA,AA,-,AA,AA,AA,AA,AA,AA,BB,BB,BB,BB,BB,BB,BB,BB,BB,BB,BB,BB,BB,BB,BB,BB,BB,BB,BB,BB,BB,-,BB,BB,BB,BB,-,BB,BB,BB,BB,BB,BB,BB,-,BB,BB,BB,BB,-,BB,BB,BB,BB,BB,-,-,BB,BB,BB,BB,BB,BB,BB,BB,BB,BB,BB,BB,BB,BB,BB,BB,BB,BB,BB,BB,BB,BB,BB,BB,BB,BB,BB,BB,-,BB,BB,BB,BB,BB,-,BB,BB,BB,BB,BB,BB,BB,BB,BB,AA,AA,AA,AA,AA,-,AA,AA,-,AA,AA,AA,AA,AA,AA,AA,AA,AA,AA,-,AA,AA,AA,AA,AA,AA,AA,-,-,AA,AA,AA,AA,AA,AA,AA,AA,AA,-,AA,AA,AA,AA,AA,AA,AA,AA,AA,AA,AA,AA,AA,AA,AA,AA,AA,AA,AA,AA,AA,AA,AA,-,AA,AA,AA,BB,BB,BB,BB,BB,BB,BB,-,BB,BB,BB,-,BB,BB,BB,BB,BB,BB,BB,BB,BB,BB,BB,BB,AA,AA,AA,AA,AA,AA,AA,AA,AA,AA,AA,AA,AA,AA,AA,AA,AA,AA,AA,AA,AA
270,1.3731321,1.45833,37.304811,42,28.5000000000001,28.5,-0.311839843763077,-,BB,AA,AA,BB,-,AA,BB,AA,AA,AA,AA,AA,BB,BB,BB,BB,BB,AA,-,BB,BB,BB,AA,AA,AA,AA,BB,BB,-,BB,-,BB,BB,-,AA,AA,AA,AA,AA,BB,AA,BB,BB,BB,BB,AA,BB,BB,AA,-,BB,BB,-,BB,BB,BB,-,AA,AA,BB,-,BB,AA,AA,AA,AA,BB,AA,BB,BB,-,-,-,BB,BB,BB,AA,-,AA,AA,-,-,-,AA,AA,BB,BB,BB,-,AA,AA,AA,-,-,-,BB,BB,BB,BB,-,BB,BB,AA,BB,BB,BB,-,BB,AA,BB,BB,BB,BB,AA,AA,AA,AA,AA,-,-,AA,AA,-,AA,AA,AA,AA,AA,-,AA,-,AA,AA,AA,AA,-,AA,BB,BB,AA,AA,AA,AA,AA,AA,AA,AA,-,BB,AA,AA,-,AA,BB,-,AA,AA,-,AA,BB,BB,BB,AA,BB,BB,BB,-,AA,AA,BB,BB,-,BB,BB,BB,-,BB,AA,-,BB,-,BB,AA,AA,AA,-,AA,AA,AA,-,-,AA,AA,AA,AA,BB,-,AA,AA,-,AA,-,-,AA,AA,AA,AA,AA,AA,AA,AA,AA,AA,-,-,BB,AA,AA,AA,AA,AA,AA,-,AA,AA,AA,AA,AA,AA,-,AA,AA,AA,AA,AA,AA,-,AA,AA,AA,AA,-,AA,AA,AA,-,AA,AA,AA,BB,BB,BB,BB,-,-,BB,BB,BB,BB,AA,AA,BB,BB,BB,AA,AA,AA,BB,AA,AA,AA,AA,AA,AA,AA,BB,BB,BB,BB,BB,BB,-,-,BB,BB,BB,BB,BB,BB,BB,BB,BB,BB,BB,BB,BB,BB,-,BB,BB,BB,BB,BB,BB,BB,-,BB,BB,BB,BB,BB,BB,BB,BB,-,BB,BB,BB,BB,BB,BB,-,BB,BB,BB,BB,BB,BB,BB,BB,BB,-,BB,BB,BB,BB,BB,BB,AA,AA,AA,AA,AA,-,AA,AA,-,-,AA,AA,AA,AA,AA,AA,AA,AA,AA,AA,AA,AA,AA,AA,AA,AA,-,-,AA,AA,AA,AA,AA,AA,AA,AA,AA,AA,AA,AA,AA,-,-,AA,AA,-,AA,AA,AA,AA,AA,-,AA,AA,-,AA,AA,AA,AA,AA,AA,-,AA,-,AA,AA,BB,BB,BB,BB,BB,BB,AA,BB,AA,AA,BB,BB,BB,AA,BB,-,AA,AA,BB,-,BB,AA,-,-,AA,-,AA,BB,BB,BB,-,BB,BB,BB,BB,BB,BB,-,AA,AA,BB,BB,AA,AA,AA
271,1.7636117,1.72333,48.427931,49.8333,48.9999999999998,49,0.339128042047994,-,BB,AA,AA,BB,BB,AA,BB,AA,AA,AA,AA,AA,BB,BB,BB,BB,BB,AA,-,BB,BB,BB,AA,AA,AA,AA,BB,BB,BB,BB,BB,BB,BB,BB,AA,AA,AA,AA,AA,BB,AA,BB,BB,BB,BB,AA,BB,-,AA,-,BB,BB,BB,BB,-,BB,BB,AA,AA,BB,BB,BB,AA,AA,-,AA,BB,BB,BB,BB,BB,BB,BB,BB,-,BB,BB,BB,AA,AA,AA,-,AA,-,AA,BB,BB,BB,AA,BB,-,AA,AA,BB,BB,BB,BB,BB,BB,-,BB,-,AA,BB,BB,BB,AA,AA,AA,AA,AA,AA,AA,AA,AA,AA,AA,AA,AA,-,AA,AA,AA,AA,AA,AA,AA,AA,AA,AA,-,AA,AA,-,AA,-,-,AA,-,AA,-,AA,AA,AA,AA,AA,AA,AA,AA,AA,AA,-,AA,-,AA,-,AA,-,-,BB,BB,BB,-,AA,AA,AA,-,AA,AA,-,AA,AA,AA,AA,AA,AA,AA,AA,AA,AA,-,AA,-,-,AA,BB,AA,AA,-,AA,AA,AA,AA,AA,AA,AA,AA,AA,-,AA,AA,AA,AA,AA,AA,AA,AA,AA,AA,AA,AA,AA,AA,AA,BB,BB,AA,AA,AA,BB,AA,AA,AA,BB,AA,AA,AA,BB,AA,AA,AA,AA,AA,AA,AA,AA,AA,AA,AA,AA,AA,AA,AA,AA,-,AA,AA,AA,AA,BB,-,BB,BB,BB,BB,-,BB,BB,BB,AA,AA,AA,-,AA,AA,AA,AA,AA,AA,-,AA,AA,AA,BB,AA,BB,BB,BB,BB,BB,BB,BB,BB,-,BB,BB,-,AA,AA,AA,AA,AA,BB,-,-,BB,BB,BB,BB,AA,AA,BB,BB,-,AA,-,AA,AA,AA,AA,AA,AA,BB,-,BB,-,BB,BB,BB,BB,AA,BB,BB,BB,BB,BB,-,BB,BB,BB,BB,BB,BB,BB,AA,AA,AA,-,-,BB,BB,BB,BB,AA,AA,AA,BB,AA,AA,AA,-,BB,AA,AA,-,AA,AA,-,BB,BB,BB,BB,-,AA,AA,AA,-,AA,AA,AA,AA,AA,BB,BB,BB,AA,-,AA,AA,-,AA,BB,AA,BB,AA,-,AA,AA,AA,AA,AA,AA,-,AA,AA,AA,AA,AA,AA,AA,-,AA,AA,BB,BB,BB,BB,BB,BB,BB,BB,-,BB,BB,BB,BB,BB,BB,BB,BB,AA,AA,BB,BB,BB,AA,BB,-,AA,BB,AA,BB,BB,BB,BB,BB,BB,BB,BB,BB,BB,BB,BB,BB,BB,BB,BB,BB,BB
272,1.8011522,1.77833,44.79233,45.8333,54.0000000000001,54,0.517625245832955,AA,AA,AA,AA,-,BB,AA,BB,AA,AA,AA,AA,AA,BB,BB,BB,AA,AA,BB,BB,BB,BB,BB,BB,-,BB,AA,BB,-,BB,-,BB,BB,BB,BB,BB,BB,BB,-,BB,BB,BB,BB,-,BB,BB,BB,BB,BB,BB,BB,BB,BB,BB,BB,-,BB,-,BB,AA,BB,-,AA,AA,-,-,AA,AA,AA,-,-,BB,BB,BB,BB,-,AA,BB,AA,AA,AA,-,AA,-,AA,-,BB,AA,BB,AA,BB,AA,-,AA,AA,AA,AA,AA,AA,AA,-,-,-,AA,BB,BB,BB,AA,BB,-,BB,BB,BB,BB,-,AA,-,AA,AA,AA,AA,-,AA,AA,AA,AA,AA,AA,-,AA,AA,AA,BB,BB,AA,AA,AA,AA,BB,-,AA,AA,AA,AA,AA,AA,-,BB,BB,BB,BB,BB,BB,BB,BB,BB,-,BB,BB,BB,BB,BB,BB,BB,BB,BB,BB,-,-,BB,-,BB,BB,BB,BB,BB,BB,BB,BB,BB,BB,BB,BB,-,-,BB,AA,BB,BB,AA,AA,AA,AA,AA,AA,-,AA,AA,-,AA,AA,AA,-,AA,AA,AA,AA,AA,BB,AA,AA,BB,AA,AA,AA,BB,BB,AA,AA,AA,-,AA,AA,AA,AA,AA,AA,AA,AA,AA,AA,AA,-,AA,AA,AA,-,AA,AA,-,AA,AA,AA,AA,AA,AA,-,AA,AA,BB,-,BB,BB,BB,AA,BB,-,BB,BB,BB,AA,AA,AA,-,AA,AA,AA,AA,AA,BB,BB,-,BB,BB,-,BB,BB,BB,BB,BB,BB,BB,-,BB,BB,AA,AA,BB,AA,AA,AA,AA,AA,-,BB,-,BB,BB,-,BB,AA,AA,BB,BB,BB,AA,-,AA,AA,AA,-,AA,AA,BB,BB,BB,-,BB,BB,-,BB,AA,-,BB,BB,BB,BB,BB,BB,BB,BB,BB,BB,BB,-,-,AA,AA,-,-,BB,-,-,BB,-,AA,AA,AA,-,AA,AA,AA,AA,AA,-,AA,AA,AA,AA,AA,AA,AA,AA,AA,AA,AA,AA,-,-,AA,AA,-,AA,AA,AA,AA,AA,AA,-,AA,AA,-,-,AA,AA,AA,AA,AA,AA,AA,AA,AA,AA,AA,-,AA,AA,AA,AA,AA,AA,AA,AA,AA,AA,AA,AA,AA,AA,AA,AA,BB,-,BB,BB,BB,BB,BB,BB,BB,BB,AA,AA,BB,BB,BB,-,BB,-,-,-,AA,BB,BB,BB,-,BB,BB,BB,BB,BB,BB,BB,AA,AA,BB,BB,AA,AA,AA
273,1.7035702,1.77833,46.791098,51.8333,24.5,24.5,0.517625245832955,-,-,AA,AA,-,-,-,-,AA,AA,AA,AA,AA,-,-,-,-,AA,AA,-,-,-,-,AA,AA,AA,AA,-,AA,AA,-,AA,-,-,-,AA,AA,AA,AA,AA,-,AA,-,-,-,-,BB,-,-,-,BB,BB,-,-,-,BB,BB,BB,BB,BB,-,-,BB,BB,-,BB,-,-,BB,-,BB,-,-,-,BB,-,-,BB,-,-,BB,BB,BB,BB,BB,-,BB,BB,BB,-,BB,-,-,-,BB,BB,BB,-,BB,BB,BB,BB,BB,-,AA,AA,AA,AA,AA,-,BB,BB,BB,BB,AA,BB,BB,BB,BB,BB,BB,BB,-,BB,BB,BB,-,-,BB,BB,BB,BB,-,-,-,-,-,BB,BB,BB,-,-,BB,-,BB,-,-,-,-,-,-,BB,BB,-,BB,BB,-,-,-,BB,BB,BB,BB,-,BB,BB,BB,-,BB,BB,BB,BB,BB,BB,BB,BB,BB,BB,-,-,BB,BB,BB,AA,AA,AA,-,AA,AA,AA,AA,-,AA,-,-,-,-,AA,-,-,-,-,-,-,-,AA,AA,-,AA,AA,AA,AA,AA,-,AA,BB,AA,AA,-,-,AA,AA,-,-,AA,-,-,-,AA,-,-,AA,-,-,AA,-,AA,-,-,-,-,AA,-,-,AA,AA,-,AA,AA,-,AA,AA,AA,-,-,-,-,AA,AA,AA,AA,AA,AA,AA,AA,BB,BB,BB,BB,-,BB,BB,BB,BB,AA,AA,AA,-,-,-,AA,-,-,AA,AA,AA,AA,AA,AA,AA,AA,AA,AA,AA,-,AA,AA,-,-,-,AA,AA,AA,-,-,AA,AA,AA,AA,AA,AA,AA,AA,AA,-,-,AA,AA,-,-,AA,AA,-,AA,AA,-,AA,AA,-,AA,AA,-,-,-,AA,AA,AA,AA,AA,AA,AA,AA,AA,AA,AA,-,AA,AA,-,-,-,AA,AA,-,-,AA,-,AA,-,AA,AA,AA,AA,AA,-,AA,-,AA,-,AA,-,-,AA,AA,-,AA,-,AA,-,AA,AA,AA,AA,-,AA,-,AA,-,-,-,-,-,AA,AA,AA,-,AA,-,-,-,AA,-,-,AA,AA,-,-,AA,AA,AA,-,AA,-,AA,AA,-,-,-,AA,AA,AA,BB,BB,BB,BB,BB,BB,-,-,BB,-,BB,BB,BB,-,BB,-,-,BB,-,BB,BB,-,BB,BB,-,BB,BB,BB,BB
274,1.0164808,1.11,46.535719,52.1111,21.5000000000001,21.5,-0.898851877209896,-,-,BB,BB,AA,-,BB,-,-,-,-,BB,-,AA,-,AA,-,-,-,-,-,-,-,BB,BB,BB,BB,-,-,-,-,-,-,AA,AA,AA,AA,AA,AA,AA,-,AA,-,AA,-,-,AA,-,BB,AA,-,BB,-,-,BB,-,-,-,AA,AA,-,BB,BB,-,-,-,-,-,-,BB,BB,BB,-,-,-,-,BB,-,-,BB,-,-,-,BB,-,-,-,-,AA,-,AA,-,BB,-,-,-,-,-,-,-,-,AA,-,-,BB,BB,BB,-,-,-,AA,-,-,-,AA,-,BB,-,-,-,-,BB,BB,-,-,-,-,-,-,-,-,-,-,-,-,-,-,-,-,-,BB,-,BB,-,-,BB,-,-,-,AA,-,-,-,-,AA,-,-,-,-,BB,-,-,AA,-,-,AA,AA,AA,BB,BB,-,-,-,-,-,-,-,-,BB,-,-,BB,AA,-,-,-,BB,AA,AA,-,BB,-,-,-,-,-,-,-,AA,-,BB,-,-,-,BB,BB,BB,-,-,-,BB,AA,-,-,BB,BB,BB,-,-,-,BB,-,-,-,BB,-,-,BB,BB,-,-,BB,BB,-,-,-,-,BB,-,-,BB,-,-,BB,BB,-,-,BB,AA,-,-,-,-,-,BB,BB,-,-,-,-,-,-,-,-,BB,-,-,BB,-,-,-,-,-,-,BB,BB,BB,AA,-,-,BB,-,-,-,-,-,BB,-,-,-,-,AA,-,BB,-,-,AA,-,-,AA,AA,AA,AA,BB,-,-,-,AA,AA,AA,AA,-,-,-,-,-,-,-,-,BB,-,AA,BB,-,-,-,-,-,-,-,-,-,BB,-,BB,AA,AA,-,-,BB,BB,BB,BB,BB,-,-,-,BB,BB,-,-,BB,BB,BB,BB,-,-,-,-,BB,BB,BB,BB,BB,-,-,-,-,-,BB,-,-,-,AA,AA,-,-,-,-,-,-,-,BB,-,BB,-,-,-,-,-,-,-,-,-,-,-,AA,AA,-,-,-,-,AA,-,BB,AA,-,-,-,-,AA,BB,-,-,-,-,-,-,BB,AA,AA,-,BB,-,-,-,BB,-,-,BB,AA,-,-,-,-,-,-,-,-,AA,-,-,-,-,-,AA,-,-,AA,BB
275,0.513852,0.58333,43.16492,48.1667,22.5,22.5,-1.78818408754596,BB,BB,BB,BB,-,BB,BB,BB,BB,BB,BB,BB,BB,BB,BB,BB,BB,BB,BB,BB,BB,BB,BB,BB,BB,BB,BB,-,BB,-,-,BB,BB,AA,-,AA,AA,AA,AA,AA,AA,AA,AA,AA,AA,AA,AA,-,-,AA,AA,AA,AA,-,AA,-,AA,AA,AA,AA,AA,-,AA,-,AA,AA,AA,-,AA,AA,AA,AA,AA,AA,AA,AA,AA,AA,AA,AA,-,-,-,AA,AA,-,AA,AA,AA,-,AA,AA,AA,AA,-,-,AA,AA,AA,AA,AA,AA,AA,-,BB,BB,BB,BB,AA,AA,AA,AA,AA,AA,-,AA,-,AA,AA,AA,AA,AA,-,AA,-,-,AA,AA,AA,AA,AA,AA,AA,AA,AA,AA,AA,-,AA,AA,AA,AA,AA,-,AA,-,AA,AA,AA,AA,-,AA,AA,AA,AA,AA,-,-,AA,AA,AA,AA,AA,-,AA,AA,AA,-,AA,AA,AA,AA,AA,AA,AA,AA,-,AA,-,-,AA,-,AA,AA,AA,AA,AA,AA,AA,AA,AA,AA,-,AA,AA,-,AA,AA,-,-,-,AA,AA,-,AA,-,AA,AA,AA,AA,AA,AA,BB,BB,BB,BB,BB,-,BB,-,BB,-,BB,BB,BB,BB,BB,BB,BB,-,BB,BB,BB,BB,-,BB,BB,BB,BB,BB,-,BB,BB,BB,BB,BB,BB,BB,BB,-,-,BB,-,-,BB,-,BB,BB,BB,BB,BB,BB,BB,BB,BB,BB,BB,BB,BB,BB,BB,-,-,-,-,-,AA,-,-,AA,-,-,-,AA,AA,AA,AA,AA,AA,AA,AA,AA,AA,AA,AA,AA,-,AA,-,AA,AA,AA,AA,AA,-,AA,-,AA,AA,AA,AA,AA,AA,AA,AA,AA,AA,-,AA,AA,AA,AA,AA,AA,AA,AA,AA,AA,AA,AA,AA,-,-,-,-,AA,AA,AA,AA,BB,BB,BB,BB,BB,BB,BB,BB,BB,BB,BB,BB,BB,BB,-,-,BB,-,-,BB,BB,BB,BB,BB,BB,BB,-,-,BB,BB,BB,-,BB,BB,BB,BB,BB,BB,BB,BB,BB,-,BB,BB,BB,BB,-,BB,-,BB,BB,BB,-,BB,BB,BB,BB,BB,-,-,BB,BB,-,BB,BB,BB,BB,-,-,BB,BB,BB,BB,BB,BB,BB,-,-,BB,BB,-,BB,BB,BB,BB,BB,BB,BB,BB,BB,BB,BB,BB,BB,BB,-,BB,-,-,BB,BB,BB,BB,-,BB,BB,-,AA,BB,AA,BB
276,1.7256886,1.77833,48.328286,53,26,26,0.517625245832955,BB,BB,BB,BB,BB,BB,-,-,BB,BB,BB,BB,BB,BB,BB,BB,BB,-,BB,BB,BB,BB,-,-,BB,-,-,BB,BB,BB,BB,BB,BB,BB,-,BB,-,-,BB,BB,-,BB,BB,BB,BB,-,BB,BB,BB,BB,BB,BB,BB,-,-,BB,-,BB,-,-,-,-,BB,-,BB,BB,BB,-,BB,BB,BB,BB,-,BB,BB,BB,-,BB,BB,BB,BB,BB,BB,-,BB,BB,BB,BB,BB,-,BB,BB,BB,BB,-,-,BB,BB,BB,BB,-,BB,BB,-,BB,BB,BB,BB,BB,BB,BB,BB,BB,BB,-,BB,BB,BB,-,BB,-,-,BB,BB,BB,BB,BB,BB,BB,BB,BB,BB,BB,BB,BB,BB,-,BB,BB,-,BB,BB,BB,BB,BB,-,BB,BB,BB,-,-,BB,-,BB,-,-,BB,BB,BB,-,BB,BB,BB,BB,BB,-,-,BB,BB,BB,BB,BB,-,BB,BB,BB,-,BB,BB,BB,BB,BB,-,BB,BB,BB,BB,BB,-,BB,BB,-,-,-,-,BB,-,BB,BB,BB,BB,-,AA,AA,AA,AA,AA,AA,AA,AA,AA,-,AA,AA,AA,-,AA,AA,-,AA,AA,AA,AA,BB,AA,BB,BB,-,BB,BB,BB,BB,BB,-,BB,BB,BB,BB,-,BB,BB,BB,BB,BB,-,-,BB,BB,-,AA,AA,AA,AA,AA,AA,AA,-,AA,AA,AA,AA,AA,AA,AA,AA,BB,BB,BB,BB,BB,BB,BB,-,BB,BB,BB,BB,BB,BB,BB,-,BB,BB,-,BB,BB,BB,BB,AA,AA,AA,AA,AA,AA,AA,AA,AA,AA,AA,AA,-,AA,AA,AA,-,AA,AA,AA,-,AA,AA,AA,AA,AA,AA,-,BB,BB,BB,-,BB,BB,BB,BB,-,-,BB,BB,BB,BB,-,BB,BB,BB,-,BB,BB,BB,BB,AA,AA,AA,AA,AA,AA,AA,-,-,AA,AA,-,AA,AA,AA,AA,AA,AA,AA,-,-,AA,AA,AA,AA,AA,-,AA,AA,AA,AA,-,AA,AA,AA,AA,AA,AA,AA,AA,AA,-,AA,AA,AA,-,AA,AA,AA,AA,AA,AA,AA,AA,AA,-,-,AA,AA,AA,AA,AA,AA,AA,AA,AA,AA,BB,BB,BB,-,BB,BB,BB,BB,BB,BB,-,BB,-,BB,BB,BB,-,BB,BB,BB,BB,BB,BB,BB,-,BB,-,-,AA,-,-,AA,AA,AA,AA,BB,BB,AA,BB,BB,BB,BB,BB,BB
277,1.4492142,1.38667,44.536353,44,65.0000000000001,65,-0.50078964495363,AA,-,AA,AA,AA,AA,AA,-,AA,AA,-,AA,AA,AA,AA,AA,AA,-,AA,-,-,AA,AA,AA,AA,AA,AA,AA,AA,AA,AA,AA,-,AA,AA,AA,AA,AA,AA,AA,AA,AA,AA,AA,AA,AA,AA,BB,AA,AA,AA,-,AA,-,AA,AA,AA,AA,AA,AA,AA,AA,AA,-,AA,AA,AA,AA,AA,AA,-,AA,AA,AA,AA,AA,AA,BB,BB,BB,BB,AA,BB,-,BB,AA,AA,AA,AA,BB,BB,BB,BB,BB,-,BB,BB,BB,BB,BB,-,BB,BB,BB,BB,BB,BB,BB,BB,BB,BB,BB,BB,BB,-,BB,BB,BB,BB,-,-,BB,BB,BB,-,BB,BB,BB,-,-,BB,BB,BB,BB,BB,BB,BB,BB,BB,-,-,BB,BB,BB,BB,BB,BB,BB,-,BB,BB,BB,BB,BB,BB,BB,BB,BB,-,BB,-,BB,BB,BB,BB,BB,BB,BB,BB,BB,BB,BB,-,BB,BB,BB,BB,BB,-,BB,BB,BB,BB,-,BB,BB,BB,BB,BB,BB,BB,BB,-,BB,BB,-,BB,BB,BB,BB,BB,BB,-,BB,BB,BB,BB,-,BB,BB,BB,BB,-,BB,-,-,BB,BB,-,BB,BB,BB,BB,BB,BB,BB,BB,BB,BB,BB,BB,BB,BB,BB,-,BB,BB,BB,-,BB,-,BB,BB,BB,BB,BB,BB,BB,-,BB,-,-,BB,BB,BB,BB,-,-,BB,BB,-,BB,BB,BB,BB,AA,-,AA,AA,AA,-,-,-,AA,AA,-,AA,AA,AA,-,AA,-,-,AA,AA,BB,AA,AA,AA,AA,AA,AA,AA,AA,AA,-,-,-,AA,AA,AA,AA,AA,AA,AA,AA,AA,AA,AA,AA,AA,AA,AA,AA,AA,AA,-,-,AA,AA,AA,AA,-,AA,AA,-,-,AA,AA,-,AA,AA,-,AA,AA,AA,AA,AA,AA,AA,AA,AA,AA,AA,-,-,AA,-,AA,AA,AA,AA,-,AA,AA,AA,AA,-,AA,-,AA,AA,-,AA,AA,-,-,AA,AA,AA,-,AA,AA,AA,AA,AA,AA,AA,AA,AA,-,AA,AA,-,AA,BB,BB,AA,BB,AA,-,BB,AA,-,-,AA,AA,BB,BB,BB,BB,AA,BB,BB,BB,BB,BB,AA,AA,AA,AA,-,AA,-,AA,AA,AA,AA,AA,AA,AA,AA,AA,AA,-,AA,AA,AA,BB,BB,BB,BB,BB,BB,BB,BB,-,BB,-,BB,BB,-,BB,BB,BB,BB,AA,BB,BB,BB
278,1.9311723,1.945,46.339893,48.6667,45.9999999999999,46,1.22324032738863,-,-,BB,BB,-,-,BB,-,BB,BB,BB,BB,BB,BB,-,-,-,-,BB,-,-,-,-,BB,BB,BB,BB,-,-,BB,-,-,-,BB,BB,BB,BB,BB,BB,BB,-,BB,BB,-,-,-,BB,AA,-,AA,-,-,-,-,-,-,AA,AA,BB,BB,-,-,-,-,-,-,AA,-,AA,AA,AA,-,AA,-,-,-,-,AA,AA,-,AA,-,-,-,-,-,AA,AA,BB,-,BB,-,-,BB,-,-,-,-,BB,BB,-,BB,-,-,AA,AA,AA,-,AA,-,AA,AA,AA,AA,-,-,-,-,-,-,-,-,-,-,-,AA,-,-,-,AA,AA,AA,-,-,-,-,AA,-,AA,-,-,-,-,-,BB,-,-,BB,-,BB,-,-,-,-,BB,-,-,-,BB,-,BB,BB,BB,BB,BB,BB,BB,-,-,-,-,BB,BB,BB,BB,BB,-,BB,-,BB,BB,-,BB,-,-,BB,BB,BB,BB,BB,-,-,-,-,-,-,BB,-,BB,-,-,-,-,-,BB,-,-,-,BB,-,BB,AA,-,-,-,BB,BB,-,-,BB,AA,-,-,-,BB,-,-,-,BB,-,-,-,-,BB,BB,-,-,BB,-,-,-,-,-,BB,-,-,-,-,-,-,-,-,-,-,-,-,-,-,-,-,BB,BB,BB,-,AA,BB,AA,AA,AA,-,-,AA,-,-,-,-,AA,AA,-,-,-,-,-,-,AA,AA,AA,-,AA,AA,AA,AA,AA,-,-,-,-,AA,-,-,BB,BB,-,AA,-,AA,-,BB,BB,AA,AA,AA,AA,AA,-,-,-,-,-,-,-,AA,AA,-,-,-,-,-,-,-,AA,-,-,-,-,AA,AA,AA,AA,-,AA,AA,AA,BB,BB,-,-,BB,BB,-,BB,BB,BB,-,-,-,-,BB,-,BB,BB,BB,BB,BB,-,-,-,-,BB,BB,-,-,-,BB,BB,BB,-,BB,-,-,-,-,BB,-,BB,-,-,-,-,-,-,-,-,-,-,BB,-,-,-,-,-,-,-,-,BB,-,-,-,BB,-,-,BB,-,BB,BB,-,-,-,BB,-,-,BB,BB,BB,-,-,BB,BB,-,BB,BB,BB,BB,BB,-,-,BB,BB,-,-,-,-,-,BB,BB,-,AA,AA,AA,BB
279,1.6005329,1.52833,48.384914,47,74.9999999999999,75,-0.137221828805116,-,-,AA,AA,-,AA,AA,AA,AA,AA,AA,AA,AA,-,AA,AA,AA,AA,AA,AA,-,AA,-,AA,AA,AA,AA,-,-,-,-,-,AA,-,-,AA,AA,AA,AA,AA,-,AA,AA,-,-,-,AA,AA,-,AA,-,BB,AA,-,AA,AA,AA,AA,AA,AA,-,-,-,AA,-,-,AA,AA,AA,AA,AA,-,AA,AA,-,-,-,BB,-,BB,-,BB,-,-,-,-,BB,BB,BB,BB,BB,-,-,BB,-,BB,BB,BB,BB,BB,-,BB,-,AA,AA,AA,AA,AA,AA,AA,AA,AA,AA,AA,AA,AA,AA,AA,-,-,AA,-,-,AA,-,AA,AA,AA,AA,-,AA,AA,-,AA,AA,AA,AA,AA,AA,-,-,AA,AA,AA,AA,AA,AA,-,-,AA,-,AA,-,-,AA,-,AA,-,AA,-,AA,AA,AA,AA,AA,AA,AA,AA,-,-,-,AA,AA,AA,-,AA,-,AA,-,AA,AA,AA,AA,-,-,AA,AA,AA,AA,AA,-,AA,AA,AA,AA,-,AA,-,-,AA,AA,-,-,-,AA,-,AA,AA,AA,-,AA,AA,AA,-,-,AA,AA,AA,AA,AA,AA,AA,AA,-,AA,-,-,AA,AA,-,-,AA,AA,-,AA,AA,AA,AA,-,AA,-,AA,AA,-,AA,AA,-,-,AA,-,AA,-,-,AA,BB,-,AA,AA,-,-,AA,AA,AA,-,AA,AA,AA,AA,AA,AA,AA,-,AA,-,AA,AA,AA,AA,AA,-,-,-,-,AA,AA,AA,AA,AA,AA,AA,AA,AA,AA,-,-,-,-,AA,-,AA,AA,AA,AA,AA,AA,AA,AA,AA,AA,AA,AA,AA,AA,AA,AA,-,-,-,-,AA,AA,AA,-,AA,-,AA,-,AA,AA,-,-,AA,AA,-,AA,AA,AA,AA,AA,-,BB,AA,AA,BB,BB,BB,-,-,BB,AA,AA,AA,AA,AA,AA,AA,AA,AA,AA,AA,AA,AA,AA,AA,AA,-,AA,AA,AA,AA,AA,-,-,AA,AA,AA,-,AA,AA,-,AA,AA,AA,AA,-,-,-,AA,-,AA,-,AA,AA,-,-,-,-,AA,AA,AA,-,AA,-,AA,AA,AA,BB,-,AA,-,-,BB,BB,BB,BB,-,-,BB,BB,BB,-,AA,AA,BB,BB,AA,BB,-,BB,BB,BB,BB,-,BB,BB,BB,-,BB,BB,-,-,BB,-,BB,BB,BB,BB,BB,BB,BB
280,1.6213843,1.61167,50.911907,50,52.9999999999999,53,0.0628919974069845,AA,-,AA,AA,AA,-,AA,AA,AA,AA,AA,AA,AA,AA,AA,AA,AA,-,BB,-,BB,-,-,BB,AA,BB,AA,-,-,-,AA,AA,-,AA,-,AA,AA,AA,AA,AA,AA,AA,AA,-,AA,-,AA,-,-,AA,-,AA,-,-,AA,-,AA,-,AA,AA,-,AA,AA,-,AA,AA,AA,-,AA,AA,-,-,AA,-,-,-,-,AA,-,AA,AA,AA,-,-,-,-,AA,AA,AA,AA,AA,AA,-,AA,-,-,AA,-,AA,AA,AA,AA,BB,-,AA,AA,AA,-,AA,-,AA,AA,AA,AA,-,AA,-,AA,-,-,-,-,AA,-,-,-,AA,-,AA,AA,-,AA,-,-,AA,AA,AA,-,AA,AA,AA,AA,-,-,AA,AA,AA,AA,-,AA,-,-,-,-,AA,-,AA,-,-,AA,AA,AA,AA,AA,AA,AA,AA,AA,-,AA,AA,AA,AA,AA,AA,AA,-,AA,-,-,AA,-,AA,BB,BB,BB,BB,BB,BB,-,-,BB,-,-,BB,-,BB,BB,-,BB,BB,-,BB,-,BB,-,AA,AA,AA,-,-,AA,AA,-,AA,-,AA,AA,-,AA,AA,-,-,-,AA,-,-,BB,BB,-,-,BB,-,-,-,-,BB,BB,-,-,BB,BB,-,-,-,BB,BB,-,-,BB,BB,-,-,BB,-,AA,AA,-,-,AA,BB,BB,AA,AA,AA,AA,AA,AA,AA,-,-,-,-,AA,-,-,-,-,-,-,-,-,AA,AA,-,AA,AA,-,BB,BB,BB,BB,BB,BB,BB,BB,-,-,BB,-,BB,BB,BB,BB,BB,BB,-,BB,BB,BB,BB,BB,BB,-,-,-,BB,-,-,-,BB,BB,BB,-,-,BB,-,AA,AA,-,AA,-,-,-,-,AA,AA,AA,AA,BB,BB,BB,BB,BB,-,BB,BB,BB,-,-,BB,BB,BB,-,-,-,-,BB,BB,BB,BB,BB,BB,BB,BB,-,-,BB,-,BB,-,-,-,BB,BB,BB,-,BB,BB,BB,-,BB,BB,-,BB,BB,BB,-,-,BB,-,-,BB,BB,-,BB,-,-,-,-,BB,-,-,BB,BB,BB,-,BB,BB,BB,BB,BB,BB,BB,BB,BB,-,-,BB,-,-,BB,BB,BB,BB,BB,BB,-,BB,BB,-,BB,BB,-,-,-,-,BB,-,BB,-,-,-,BB,BB,-,BB,BB,BB,BB
281,0.5547092,0.59833,44.656876,48.1667,39.5000000000001,39.5,-1.75274366066359,-,AA,BB,BB,-,-,AA,-,AA,AA,AA,BB,AA,AA,-,AA,-,-,AA,-,AA,-,-,BB,BB,BB,BB,AA,AA,-,AA,AA,AA,AA,AA,AA,BB,BB,BB,BB,-,AA,AA,-,-,-,AA,BB,-,AA,-,AA,-,-,-,AA,AA,AA,AA,AA,-,-,AA,AA,-,-,AA,-,AA,AA,-,AA,AA,AA,AA,AA,-,BB,-,AA,AA,-,-,-,-,AA,AA,AA,AA,AA,AA,AA,AA,-,-,-,AA,-,AA,AA,-,BB,-,AA,AA,AA,AA,AA,AA,-,AA,AA,AA,AA,-,AA,-,AA,AA,-,-,-,AA,AA,BB,-,BB,BB,BB,-,-,BB,-,-,-,-,BB,-,BB,-,BB,BB,BB,-,BB,-,-,-,-,BB,-,-,AA,-,BB,AA,-,AA,-,-,-,AA,BB,AA,AA,BB,BB,-,-,AA,-,AA,AA,AA,-,AA,AA,AA,-,-,AA,AA,BB,-,-,-,BB,BB,BB,BB,BB,BB,BB,BB,BB,BB,-,BB,AA,AA,-,AA,-,AA,-,AA,AA,-,AA,AA,-,BB,-,-,-,BB,BB,-,-,-,BB,-,BB,BB,BB,BB,BB,BB,BB,BB,BB,BB,BB,BB,-,BB,BB,-,BB,BB,-,-,-,BB,BB,BB,-,-,-,BB,BB,BB,BB,BB,-,AA,-,-,BB,BB,BB,BB,BB,-,BB,BB,BB,AA,AA,-,-,-,AA,AA,AA,AA,BB,-,BB,BB,-,-,BB,-,BB,BB,BB,BB,BB,BB,BB,AA,BB,BB,-,-,BB,BB,-,BB,AA,AA,BB,-,AA,AA,AA,AA,AA,AA,AA,AA,AA,AA,AA,-,-,AA,-,AA,-,AA,AA,AA,AA,-,AA,-,-,-,-,AA,AA,AA,AA,AA,AA,AA,AA,-,BB,BB,BB,AA,-,AA,-,-,AA,-,AA,AA,AA,-,-,AA,AA,-,BB,-,-,-,-,AA,-,BB,-,BB,BB,BB,AA,AA,AA,AA,AA,AA,AA,-,AA,AA,-,-,BB,-,BB,-,-,AA,AA,AA,-,-,AA,AA,-,AA,-,-,-,AA,-,AA,-,AA,AA,-,-,AA,AA,AA,-,AA,-,AA,AA,-,-,-,BB,AA,-,AA,BB,AA,AA,AA,BB,AA,AA,BB,-,AA,-,-,AA,-,-,AA,AA,AA,AA,AA,-,AA,AA,AA,-,AA,AA,AA
282,1.8190434,1.83333,54.190717,51.1667,57.0000000000002,57,0.672170865541125,BB,-,AA,AA,BB,BB,BB,-,AA,AA,AA,AA,AA,-,BB,BB,BB,BB,AA,BB,BB,-,BB,AA,AA,AA,AA,-,-,BB,BB,BB,BB,BB,-,AA,AA,AA,AA,AA,-,AA,BB,BB,BB,-,AA,-,BB,AA,BB,BB,BB,BB,BB,-,BB,BB,AA,AA,BB,BB,BB,BB,BB,-,BB,BB,AA,BB,BB,BB,BB,BB,-,BB,BB,AA,BB,BB,-,BB,BB,BB,BB,BB,AA,AA,AA,-,AA,BB,BB,BB,-,-,BB,BB,AA,AA,-,AA,-,AA,BB,BB,AA,AA,AA,-,AA,AA,AA,AA,-,AA,-,AA,AA,AA,AA,AA,-,AA,AA,-,AA,AA,AA,AA,-,AA,BB,AA,BB,BB,-,AA,BB,-,BB,AA,AA,AA,AA,AA,AA,AA,BB,AA,BB,BB,BB,BB,AA,BB,-,-,BB,-,BB,BB,AA,BB,BB,AA,AA,BB,BB,BB,-,BB,AA,AA,AA,AA,BB,AA,BB,BB,AA,-,AA,-,-,AA,BB,BB,BB,BB,BB,-,BB,-,BB,-,BB,BB,BB,BB,BB,BB,-,BB,AA,AA,AA,AA,AA,AA,AA,AA,AA,-,-,AA,AA,-,AA,AA,BB,-,AA,-,BB,-,BB,BB,BB,-,BB,BB,BB,-,BB,BB,BB,BB,-,-,BB,BB,BB,BB,BB,BB,BB,BB,BB,AA,-,AA,AA,AA,-,AA,AA,AA,AA,AA,AA,AA,AA,-,BB,AA,AA,AA,AA,AA,-,AA,AA,-,-,AA,AA,AA,-,AA,-,AA,AA,AA,-,AA,AA,-,AA,AA,AA,BB,AA,AA,-,-,-,BB,BB,-,BB,BB,-,BB,BB,AA,BB,AA,AA,AA,AA,AA,AA,AA,-,-,-,AA,-,-,AA,AA,AA,-,AA,AA,AA,-,AA,-,AA,AA,AA,-,AA,AA,AA,AA,AA,-,AA,AA,AA,AA,AA,BB,BB,AA,AA,AA,AA,AA,AA,-,-,-,BB,BB,BB,AA,AA,AA,AA,AA,BB,-,BB,BB,-,BB,BB,BB,BB,BB,BB,BB,BB,BB,BB,-,BB,BB,AA,-,AA,BB,BB,-,BB,BB,-,-,BB,-,BB,-,BB,BB,-,-,-,BB,BB,BB,BB,BB,BB,BB,BB,BB,BB,BB,BB,BB,BB,BB,-,BB,AA,BB,-,BB,AA,BB,BB,BB,AA,-,BB,AA,BB,BB,BB,-,BB,BB,BB,BB,-,BB,BB,BB,BB,BB,BB,-,BB,BB,BB,AA
283,1.2393662,1.16667,56.367081,55.3333,58.5000000000001,58.5,-0.813503913319191,AA,-,AA,AA,AA,AA,AA,-,AA,AA,AA,AA,AA,AA,-,-,AA,-,AA,-,-,AA,-,AA,AA,AA,AA,-,AA,-,-,-,-,AA,AA,AA,AA,AA,AA,AA,AA,AA,AA,AA,AA,AA,AA,-,-,AA,-,-,BB,AA,-,-,-,AA,BB,BB,-,-,-,AA,AA,-,AA,-,AA,AA,AA,-,AA,-,AA,-,-,AA,-,-,AA,-,AA,-,-,-,AA,AA,AA,AA,AA,-,-,AA,-,AA,AA,-,AA,AA,-,BB,-,BB,BB,BB,AA,AA,AA,AA,AA,AA,AA,AA,-,AA,-,AA,-,-,AA,-,-,-,-,-,AA,-,AA,-,-,-,-,AA,-,-,-,AA,AA,-,AA,-,AA,AA,-,AA,AA,-,-,AA,-,AA,AA,-,AA,-,BB,-,BB,BB,BB,BB,AA,-,-,AA,BB,-,AA,-,-,BB,AA,AA,-,AA,-,AA,-,-,AA,-,BB,-,-,AA,-,AA,AA,-,AA,AA,-,AA,-,-,AA,AA,-,-,AA,AA,-,-,-,-,-,-,AA,-,AA,AA,-,AA,-,AA,BB,-,-,-,AA,BB,AA,-,BB,BB,-,-,-,-,-,BB,-,BB,BB,BB,BB,BB,-,-,-,-,AA,-,-,AA,AA,AA,-,-,-,-,-,-,AA,-,-,AA,AA,AA,AA,AA,AA,-,AA,AA,AA,AA,AA,-,-,-,AA,-,AA,-,AA,AA,AA,-,-,AA,-,AA,AA,BB,AA,-,AA,AA,AA,AA,AA,-,-,-,-,AA,AA,AA,AA,AA,AA,-,AA,AA,-,AA,AA,AA,AA,AA,AA,-,AA,-,-,-,AA,-,-,AA,-,-,AA,-,-,AA,-,AA,-,-,-,-,-,AA,AA,AA,AA,-,BB,AA,AA,AA,-,AA,AA,AA,-,AA,AA,AA,AA,-,-,AA,-,-,-,AA,AA,AA,AA,AA,AA,-,-,-,-,AA,-,-,BB,BB,BB,BB,-,BB,BB,-,BB,-,AA,-,AA,-,BB,-,-,BB,-,-,-,BB,-,BB,BB,BB,-,-,-,-,BB,-,BB,-,BB,-,BB,BB,-,BB,-,BB,BB,BB,BB,-,AA,-,-,BB,AA,-,BB,-,AA,BB,-,AA,BB,BB,BB,-,BB,-,BB,-,BB,BB,-,BB,-,BB,BB,BB,BB,BB,BB,AA
284,1.7378783,1.725,47.850254,49.6667,49,49,0.370628227972564,-,-,BB,BB,-,AA,AA,-,AA,AA,AA,BB,AA,AA,-,-,AA,AA,AA,-,AA,-,-,AA,AA,AA,AA,AA,-,AA,-,-,AA,-,-,AA,AA,AA,AA,AA,AA,AA,AA,-,-,-,AA,BB,AA,AA,-,-,AA,-,-,-,-,-,AA,AA,-,AA,-,AA,-,-,-,-,BB,BB,-,BB,-,-,BB,-,-,BB,-,-,-,BB,-,-,-,-,BB,BB,BB,-,BB,BB,-,BB,-,-,BB,BB,BB,BB,-,BB,-,-,BB,BB,BB,-,BB,-,AA,BB,BB,BB,-,-,BB,BB,-,-,-,BB,-,BB,-,-,BB,-,-,BB,-,-,BB,-,-,-,-,BB,BB,-,-,-,-,-,BB,-,-,-,-,BB,BB,-,AA,-,AA,-,-,-,-,-,BB,BB,AA,BB,BB,AA,AA,-,-,-,-,BB,BB,BB,BB,BB,-,BB,BB,-,BB,-,AA,-,-,AA,-,AA,AA,-,-,-,AA,-,-,-,-,-,-,AA,-,-,AA,-,-,-,-,-,AA,-,-,BB,BB,BB,-,BB,BB,-,-,-,BB,-,BB,-,BB,-,-,BB,BB,-,-,-,BB,-,-,BB,-,-,BB,-,-,-,-,BB,-,-,BB,BB,BB,-,-,-,-,-,-,-,-,-,-,-,BB,BB,BB,-,BB,AA,AA,AA,AA,-,-,-,-,-,-,-,AA,-,AA,-,-,-,-,-,AA,AA,AA,-,AA,AA,AA,BB,AA,-,AA,-,-,-,-,-,BB,BB,-,AA,AA,AA,-,BB,BB,BB,BB,AA,AA,-,AA,-,-,-,-,AA,-,AA,AA,-,-,-,-,-,-,-,AA,AA,-,BB,-,AA,AA,AA,AA,-,AA,AA,AA,BB,-,-,-,BB,-,-,BB,BB,BB,BB,-,BB,-,-,BB,BB,BB,BB,BB,-,BB,-,-,BB,BB,BB,-,-,-,BB,BB,BB,-,BB,-,-,BB,-,AA,BB,AA,-,BB,-,-,-,-,BB,-,BB,-,-,-,-,-,-,-,-,BB,BB,BB,BB,-,BB,-,-,-,BB,-,BB,BB,-,-,-,AA,-,-,BB,AA,-,-,-,AA,-,-,AA,-,BB,-,-,BB,-,-,-,-,-,-,-,BB,BB,BB,-,BB,BB,BB,AA
285,1.5837456,1.61167,43.421511,48,22.4999999999999,22.5,0.0628919974069845,-,-,AA,AA,-,-,AA,-,AA,-,-,AA,-,-,-,-,-,-,BB,-,-,-,-,BB,-,BB,-,-,-,-,-,-,-,-,-,-,BB,AA,AA,AA,-,BB,-,-,-,-,AA,-,-,BB,-,-,-,-,-,-,-,-,BB,BB,-,-,-,-,-,BB,-,-,BB,-,-,-,-,-,-,-,-,BB,-,-,-,-,-,-,-,-,BB,BB,BB,-,BB,-,-,-,-,-,-,-,BB,BB,-,BB,BB,-,AA,AA,AA,-,AA,-,AA,AA,AA,AA,-,-,-,-,-,-,-,-,-,-,-,-,-,-,-,-,-,-,-,-,-,-,-,-,-,-,-,-,-,-,-,-,-,-,-,-,-,-,-,-,-,-,-,-,-,-,-,-,BB,-,-,BB,AA,-,-,-,AA,AA,-,AA,AA,AA,-,AA,-,-,AA,-,AA,AA,AA,AA,-,AA,AA,-,-,-,-,-,-,-,-,-,-,-,-,-,-,-,-,-,-,-,AA,-,-,AA,-,-,-,-,AA,-,-,-,AA,-,-,-,AA,-,-,-,AA,-,-,-,-,-,-,-,-,-,-,-,-,-,-,-,-,-,-,-,-,-,-,-,-,-,-,-,-,-,-,-,AA,AA,AA,AA,AA,BB,BB,BB,BB,-,-,-,-,-,-,-,-,-,-,-,-,-,-,-,-,BB,BB,-,-,-,-,-,AA,-,-,-,-,-,-,-,AA,AA,-,-,-,AA,-,AA,AA,BB,BB,BB,BB,-,-,-,BB,-,-,-,-,BB,-,-,-,-,-,-,-,-,-,-,-,-,-,-,BB,-,-,AA,-,-,-,BB,-,-,-,-,-,-,-,-,BB,-,-,-,-,-,-,BB,-,-,-,-,-,-,-,-,-,-,-,-,-,-,AA,-,-,-,-,-,-,-,-,-,BB,-,-,-,-,-,-,-,-,-,-,-,-,-,-,-,-,-,-,-,AA,-,-,-,-,-,-,AA,-,AA,AA,-,-,-,AA,-,-,AA,AA,-,-,-,AA,-,-,AA,-,AA,-,-,-,-,-,-,-,-,-,-,-,AA,AA,-,-,AA,AA,AA
286,1.7624961,1.77667,38.913437,41,49.5000000000002,49.5,0.455196954073443,BB,BB,BB,BB,BB,BB,BB,BB,BB,BB,BB,BB,BB,BB,BB,BB,BB,BB,BB,BB,BB,BB,BB,BB,BB,BB,BB,BB,BB,BB,BB,-,BB,-,BB,BB,BB,BB,BB,BB,BB,BB,-,BB,BB,BB,BB,BB,BB,BB,BB,BB,BB,BB,BB,BB,BB,BB,BB,BB,BB,BB,BB,BB,BB,BB,BB,BB,BB,BB,BB,BB,BB,-,BB,BB,BB,BB,-,BB,BB,BB,BB,BB,BB,BB,BB,BB,BB,-,BB,BB,BB,BB,BB,BB,BB,BB,BB,BB,-,BB,BB,BB,BB,AA,AA,AA,AA,AA,AA,AA,AA,AA,AA,-,AA,AA,AA,AA,AA,AA,-,AA,AA,AA,AA,-,AA,-,AA,AA,AA,AA,AA,AA,AA,AA,AA,AA,AA,AA,AA,AA,AA,AA,AA,AA,AA,AA,AA,AA,AA,AA,AA,AA,AA,BB,BB,BB,AA,AA,AA,BB,BB,AA,BB,-,BB,BB,BB,BB,BB,BB,BB,BB,BB,BB,BB,BB,BB,BB,BB,BB,BB,BB,BB,BB,BB,BB,BB,BB,BB,AA,AA,AA,AA,AA,AA,AA,-,AA,AA,AA,AA,AA,AA,AA,AA,AA,AA,AA,AA,AA,BB,-,AA,AA,AA,AA,AA,AA,AA,AA,BB,AA,AA,AA,BB,AA,AA,AA,AA,BB,BB,BB,BB,BB,BB,BB,BB,BB,BB,BB,BB,BB,BB,BB,BB,BB,BB,BB,BB,BB,BB,BB,BB,BB,BB,BB,BB,BB,BB,BB,BB,AA,AA,AA,AA,AA,AA,AA,AA,AA,AA,AA,AA,AA,AA,AA,AA,AA,-,AA,AA,AA,AA,-,AA,AA,AA,AA,AA,AA,AA,AA,AA,AA,AA,AA,AA,AA,BB,BB,BB,BB,BB,BB,BB,BB,BB,BB,BB,BB,-,BB,BB,BB,BB,BB,BB,BB,BB,BB,BB,BB,BB,BB,BB,BB,BB,BB,BB,BB,BB,BB,BB,BB,AA,AA,AA,AA,AA,AA,AA,AA,AA,AA,AA,-,AA,AA,AA,AA,AA,AA,AA,AA,AA,AA,AA,AA,AA,AA,AA,AA,AA,AA,AA,AA,AA,AA,AA,AA,AA,AA,AA,AA,AA,AA,AA,AA,AA,AA,AA,AA,AA,AA,AA,AA,AA,-,AA,AA,AA,AA,AA,AA,AA,AA,AA,AA,AA,AA,AA,AA,AA,AA,AA,AA,AA,AA,AA,AA,AA,AA,AA,AA,AA,AA,AA,AA,AA,AA,AA,AA,AA,AA,AA,AA,AA,AA,AA,AA,AA,AA,AA,AA,AA,-,AA,AA,AA,AA,AA,AA,AA,AA,AA,AA
287,1.8608275,1.945,49.306403,54.7222,21.5000000000002,21.5,1.22324032738863,AA,AA,AA,AA,AA,AA,AA,AA,AA,AA,AA,AA,AA,AA,AA,AA,AA,AA,AA,AA,AA,AA,AA,AA,AA,AA,AA,-,AA,AA,AA,AA,AA,AA,AA,AA,AA,AA,AA,AA,AA,AA,AA,AA,AA,AA,AA,AA,AA,AA,AA,AA,AA,AA,AA,AA,AA,AA,AA,AA,AA,AA,-,AA,AA,-,AA,AA,AA,-,AA,BB,BB,BB,BB,BB,BB,BB,-,AA,AA,AA,AA,AA,AA,-,AA,AA,AA,AA,AA,-,BB,BB,BB,BB,BB,BB,BB,BB,-,BB,-,AA,AA,AA,AA,AA,AA,AA,AA,AA,AA,AA,AA,AA,AA,AA,AA,AA,AA,AA,AA,AA,BB,BB,BB,-,BB,-,BB,BB,BB,BB,BB,BB,-,BB,BB,-,BB,BB,BB,BB,BB,BB,-,BB,BB,BB,BB,BB,BB,BB,BB,BB,BB,BB,BB,BB,BB,BB,BB,BB,BB,BB,BB,BB,-,BB,-,BB,BB,BB,BB,BB,BB,BB,BB,BB,AA,BB,BB,-,-,AA,AA,AA,AA,AA,AA,AA,AA,AA,AA,AA,AA,AA,AA,AA,AA,AA,AA,AA,AA,AA,AA,AA,AA,AA,AA,AA,AA,AA,AA,AA,AA,AA,AA,AA,AA,AA,-,AA,AA,AA,AA,AA,AA,AA,AA,AA,AA,AA,AA,AA,AA,AA,AA,AA,AA,AA,AA,AA,AA,AA,AA,AA,AA,AA,AA,AA,AA,AA,AA,AA,AA,-,AA,AA,AA,AA,AA,-,AA,BB,BB,BB,BB,BB,BB,BB,BB,BB,-,BB,BB,BB,BB,BB,BB,BB,BB,BB,BB,BB,BB,BB,BB,BB,BB,BB,BB,BB,BB,-,BB,BB,BB,BB,BB,BB,BB,BB,BB,BB,BB,BB,BB,BB,BB,BB,BB,BB,BB,BB,-,BB,BB,AA,AA,AA,AA,AA,AA,AA,AA,-,AA,-,AA,AA,AA,AA,AA,AA,AA,AA,AA,-,BB,BB,BB,BB,BB,BB,BB,BB,BB,BB,BB,BB,BB,BB,BB,BB,-,BB,BB,BB,BB,BB,BB,BB,BB,BB,BB,BB,BB,BB,BB,BB,BB,BB,BB,BB,BB,BB,BB,BB,BB,BB,BB,BB,BB,BB,BB,BB,BB,BB,BB,BB,BB,BB,BB,BB,BB,BB,BB,BB,BB,BB,BB,BB,BB,BB,BB,-,BB,BB,BB,BB,-,BB,BB,BB,BB,BB,BB,BB,BB,BB,BB,BB,BB,BB,BB,BB,BB,BB,-,BB,BB,BB,BB,BB,BB,BB,BB,BB,BB,BB,BB,BB,BB,BB,-,BB,BB,BB
288,1.5597298,1.5,50.524462,47.5,66.9999999999999,67,-0.182159918419296,AA,AA,AA,AA,AA,AA,AA,-,AA,AA,AA,AA,AA,AA,AA,AA,AA,AA,AA,AA,AA,AA,AA,AA,AA,AA,AA,AA,AA,AA,AA,AA,AA,AA,AA,AA,AA,AA,AA,AA,AA,AA,AA,AA,AA,AA,AA,AA,AA,BB,AA,BB,AA,AA,AA,AA,AA,AA,BB,BB,AA,AA,AA,AA,AA,-,AA,AA,BB,AA,AA,BB,BB,BB,BB,BB,BB,BB,AA,AA,AA,AA,-,AA,AA,-,BB,BB,BB,AA,BB,-,BB,BB,BB,BB,BB,BB,BB,BB,-,BB,BB,AA,BB,BB,AA,AA,AA,AA,AA,AA,AA,AA,AA,AA,AA,AA,AA,AA,AA,AA,AA,AA,BB,BB,BB,BB,BB,BB,BB,BB,BB,BB,BB,BB,-,BB,AA,AA,BB,BB,BB,BB,BB,BB,-,BB,BB,AA,BB,BB,BB,BB,AA,BB,BB,BB,BB,BB,AA,AA,AA,BB,AA,AA,AA,BB,-,BB,AA,AA,AA,AA,AA,AA,BB,AA,BB,BB,AA,BB,AA,BB,BB,BB,AA,AA,AA,AA,AA,AA,AA,AA,AA,AA,AA,AA,AA,AA,AA,AA,AA,AA,AA,AA,AA,AA,AA,AA,AA,AA,AA,AA,AA,-,AA,AA,AA,AA,AA,AA,AA,AA,AA,AA,AA,AA,AA,AA,AA,AA,AA,AA,AA,AA,AA,AA,AA,AA,AA,AA,AA,AA,AA,AA,AA,AA,AA,AA,AA,AA,AA,AA,AA,AA,AA,AA,AA,AA,AA,AA,AA,AA,AA,AA,AA,AA,AA,BB,BB,BB,BB,BB,BB,BB,BB,BB,BB,BB,BB,BB,BB,BB,BB,AA,AA,BB,AA,AA,AA,AA,AA,BB,BB,AA,BB,BB,BB,BB,AA,AA,BB,BB,BB,-,BB,BB,BB,BB,BB,BB,BB,BB,BB,BB,BB,BB,BB,AA,AA,BB,AA,AA,AA,AA,AA,AA,AA,AA,AA,AA,AA,AA,AA,-,BB,BB,BB,AA,AA,AA,AA,AA,BB,BB,BB,AA,BB,BB,BB,AA,AA,BB,BB,BB,BB,BB,BB,AA,AA,AA,AA,AA,BB,BB,BB,BB,BB,BB,BB,BB,BB,AA,AA,AA,BB,BB,BB,BB,BB,BB,AA,BB,AA,BB,BB,BB,BB,BB,BB,BB,BB,BB,BB,BB,BB,BB,BB,BB,BB,BB,BB,BB,BB,BB,BB,BB,BB,BB,BB,-,-,-,-,BB,AA,BB,-,BB,BB,-,-,BB,BB,BB,AA,AA,BB,AA,-,AA,BB,BB,BB,BB,BB,BB,BB,BB,BB,BB,BB,AA,AA,BB,BB,AA,AA,AA
289,1.5169636,1.47167,50.684781,50.8333,61.9999999999999,62,-0.269414642558672,AA,AA,AA,AA,AA,AA,AA,-,AA,AA,AA,AA,AA,AA,AA,-,AA,-,AA,-,AA,-,AA,AA,AA,AA,AA,-,-,-,AA,-,AA,AA,AA,AA,AA,AA,AA,AA,-,AA,AA,-,-,AA,AA,-,AA,AA,-,BB,BB,BB,-,-,-,-,AA,AA,-,BB,BB,-,BB,-,-,-,AA,-,-,BB,-,BB,-,BB,BB,AA,BB,BB,BB,-,BB,-,-,-,AA,AA,AA,-,AA,-,BB,-,-,BB,BB,-,AA,AA,-,AA,-,BB,BB,BB,BB,AA,AA,AA,AA,-,-,-,-,AA,-,AA,AA,AA,AA,-,-,AA,-,BB,-,AA,AA,AA,AA,AA,-,-,AA,AA,-,AA,AA,-,-,-,-,AA,AA,-,AA,-,AA,AA,AA,-,-,AA,AA,AA,AA,AA,-,AA,-,AA,AA,-,AA,AA,AA,AA,AA,-,-,AA,AA,AA,AA,AA,-,AA,-,-,AA,-,AA,-,-,AA,BB,AA,AA,BB,-,-,AA,AA,AA,-,AA,-,-,-,-,-,AA,AA,AA,AA,-,AA,AA,-,-,AA,-,-,AA,AA,AA,AA,AA,-,AA,AA,AA,-,AA,-,-,-,AA,-,-,-,AA,-,-,AA,AA,-,-,AA,-,-,AA,AA,-,AA,AA,-,-,AA,-,-,AA,AA,AA,AA,-,-,AA,AA,BB,BB,BB,-,BB,AA,AA,AA,AA,AA,AA,AA,AA,AA,AA,AA,-,-,-,AA,AA,-,AA,AA,AA,AA,AA,-,BB,BB,BB,BB,BB,AA,-,-,AA,-,AA,AA,BB,BB,-,-,-,BB,BB,BB,BB,BB,BB,BB,BB,BB,BB,BB,-,BB,BB,BB,-,BB,-,BB,-,-,-,-,BB,BB,-,BB,-,BB,-,AA,AA,AA,AA,-,AA,AA,AA,AA,-,AA,-,AA,-,AA,AA,AA,AA,AA,-,-,AA,AA,AA,AA,AA,AA,AA,AA,-,-,-,-,-,AA,-,AA,AA,AA,AA,AA,AA,-,AA,AA,AA,-,AA,AA,AA,BB,-,-,-,-,BB,BB,BB,-,BB,-,-,-,-,-,-,BB,BB,-,AA,BB,-,-,AA,AA,AA,BB,AA,BB,BB,-,-,AA,BB,BB,BB,BB,BB,-,-,BB,BB,-,AA,BB,-,BB,AA,-,AA,AA,-,AA,AA,-,AA,AA,-,BB,BB,-,-,BB,BB,BB
290,1.70513,1.77833,43.75007,49.1111,19.5,19.5,0.517625245832955,AA,AA,BB,BB,AA,AA,AA,AA,AA,AA,AA,BB,AA,AA,-,AA,AA,-,AA,AA,AA,AA,AA,BB,BB,BB,BB,-,AA,AA,-,AA,AA,AA,AA,AA,BB,BB,BB,BB,-,AA,AA,-,AA,AA,BB,BB,AA,AA,-,AA,AA,AA,AA,AA,AA,AA,BB,BB,AA,AA,-,AA,AA,BB,-,-,AA,-,AA,-,AA,-,AA,-,AA,AA,AA,AA,AA,AA,AA,AA,-,-,AA,AA,BB,-,BB,AA,AA,AA,AA,AA,BB,-,AA,AA,AA,BB,AA,BB,BB,BB,BB,-,BB,AA,AA,BB,BB,BB,AA,AA,AA,AA,-,AA,AA,AA,AA,AA,-,AA,AA,-,AA,AA,AA,AA,AA,-,AA,AA,AA,AA,BB,AA,-,-,AA,-,AA,AA,-,AA,-,BB,AA,AA,AA,AA,BB,AA,AA,AA,-,AA,BB,BB,BB,AA,AA,BB,BB,AA,-,AA,BB,AA,AA,AA,AA,AA,-,AA,BB,AA,AA,-,BB,AA,AA,BB,AA,AA,AA,-,AA,AA,AA,-,AA,AA,AA,AA,AA,-,AA,AA,AA,AA,-,AA,AA,AA,BB,-,AA,AA,-,AA,AA,BB,BB,AA,AA,-,AA,AA,AA,AA,BB,AA,AA,AA,AA,AA,AA,-,AA,AA,AA,AA,AA,AA,-,AA,-,BB,-,BB,BB,BB,BB,BB,BB,BB,BB,BB,BB,BB,-,BB,-,BB,-,BB,AA,AA,AA,BB,AA,-,BB,BB,BB,AA,AA,AA,AA,AA,AA,AA,AA,AA,AA,AA,AA,AA,AA,AA,AA,BB,BB,-,AA,AA,AA,BB,AA,BB,BB,BB,BB,BB,BB,BB,BB,BB,BB,-,BB,AA,BB,AA,AA,AA,AA,AA,AA,BB,-,BB,AA,BB,BB,BB,-,BB,-,BB,BB,BB,BB,-,-,AA,AA,-,-,AA,-,AA,AA,BB,BB,BB,BB,BB,BB,AA,AA,AA,AA,AA,-,-,-,AA,AA,AA,-,AA,AA,AA,AA,-,-,-,AA,AA,AA,AA,AA,-,AA,AA,-,AA,-,AA,AA,AA,AA,AA,AA,AA,AA,AA,BB,AA,BB,AA,AA,AA,AA,AA,AA,AA,-,AA,AA,-,AA,AA,AA,-,AA,AA,-,AA,AA,-,BB,BB,BB,BB,BB,AA,-,-,AA,BB,BB,BB,AA,BB,BB,BB,AA,BB,BB,-,AA,BB,BB,AA,-,BB,BB,BB,BB,-,BB,BB,BB,BB,-,BB,BB,BB,BB,BB,BB,BB,BB,AA
291,1.9539632,1.945,48.901868,47.3333,48,48,1.22324032738863,AA,-,AA,AA,AA,AA,AA,-,AA,AA,AA,AA,AA,AA,-,-,-,AA,AA,AA,AA,-,AA,AA,AA,AA,AA,AA,AA,-,AA,AA,AA,AA,-,AA,AA,AA,AA,AA,-,AA,-,-,-,AA,AA,-,-,BB,AA,-,AA,AA,AA,AA,AA,AA,AA,AA,AA,AA,AA,-,AA,AA,AA,BB,BB,BB,-,BB,BB,-,BB,-,BB,BB,-,BB,-,BB,BB,-,-,-,BB,BB,BB,-,BB,-,BB,-,-,-,-,-,BB,BB,-,BB,BB,BB,BB,BB,BB,-,BB,-,BB,-,BB,BB,-,-,-,BB,BB,BB,-,BB,BB,BB,-,-,BB,-,-,BB,BB,-,BB,BB,AA,-,-,AA,AA,AA,-,AA,-,AA,AA,AA,AA,AA,AA,AA,AA,-,-,AA,AA,AA,-,AA,AA,AA,AA,AA,AA,AA,AA,AA,AA,-,AA,AA,AA,AA,AA,AA,AA,AA,-,AA,-,-,AA,-,AA,BB,BB,BB,BB,BB,BB,-,BB,BB,BB,BB,-,BB,BB,BB,BB,-,BB,-,BB,BB,-,-,-,-,BB,BB,BB,BB,BB,BB,BB,BB,BB,-,BB,BB,BB,BB,AA,BB,BB,-,-,-,BB,-,BB,BB,-,-,BB,BB,BB,BB,-,-,BB,BB,BB,BB,BB,BB,-,BB,-,-,AA,-,AA,AA,-,AA,AA,AA,AA,AA,AA,AA,AA,AA,AA,AA,-,AA,AA,AA,AA,-,-,-,AA,AA,AA,AA,AA,AA,AA,AA,AA,AA,AA,AA,AA,-,AA,AA,BB,BB,BB,-,BB,BB,BB,-,-,BB,BB,BB,-,-,-,BB,-,BB,BB,BB,BB,BB,BB,BB,-,-,BB,BB,BB,-,BB,BB,-,-,-,-,BB,BB,BB,-,-,BB,BB,BB,BB,BB,BB,BB,BB,AA,AA,AA,AA,AA,-,AA,AA,-,-,AA,AA,AA,AA,-,AA,AA,AA,-,-,AA,AA,AA,AA,AA,AA,-,AA,-,AA,AA,-,AA,AA,AA,AA,AA,AA,-,AA,AA,AA,-,AA,AA,AA,AA,-,AA,-,-,-,-,AA,-,AA,AA,AA,AA,-,-,AA,-,-,-,-,-,-,-,BB,BB,BB,BB,-,BB,BB,BB,-,BB,BB,-,BB,AA,AA,-,AA,-,AA,AA,AA,AA,AA,AA,-,AA,AA,-,AA,AA,AA,AA,AA,AA,-,AA,AA,AA,AA,AA,AA,AA
292,1.4786933,1.5,37.321792,38.6667,46.9999999999998,47,-0.182159918419296,BB,BB,BB,BB,BB,BB,BB,BB,BB,BB,BB,BB,BB,BB,BB,BB,-,BB,BB,BB,BB,BB,BB,BB,BB,BB,BB,-,-,BB,-,BB,BB,BB,BB,BB,BB,BB,BB,BB,-,BB,-,-,BB,-,BB,-,AA,AA,-,-,-,-,BB,-,BB,BB,BB,BB,-,BB,BB,-,-,BB,BB,-,BB,-,BB,BB,-,BB,BB,BB,-,BB,BB,BB,BB,-,-,-,BB,-,BB,BB,BB,BB,BB,BB,BB,BB,BB,-,BB,-,BB,BB,BB,BB,BB,-,BB,BB,BB,BB,BB,BB,BB,BB,BB,BB,BB,BB,-,-,BB,-,BB,-,-,-,-,-,BB,BB,BB,BB,-,-,-,-,BB,BB,-,-,BB,BB,BB,BB,BB,BB,-,-,BB,-,BB,BB,-,-,BB,-,BB,BB,BB,-,BB,-,BB,BB,BB,BB,BB,BB,BB,-,-,-,BB,BB,BB,BB,BB,BB,-,BB,BB,-,BB,BB,BB,BB,BB,BB,-,BB,BB,BB,-,BB,BB,BB,-,-,BB,BB,-,BB,-,BB,-,-,-,-,-,BB,BB,-,BB,BB,BB,-,-,BB,BB,BB,-,BB,BB,-,BB,BB,BB,BB,BB,BB,BB,BB,-,BB,-,-,BB,BB,BB,BB,BB,BB,BB,-,BB,-,-,BB,-,BB,BB,-,BB,BB,BB,-,-,BB,-,BB,BB,-,BB,BB,BB,BB,BB,AA,AA,-,AA,AA,AA,-,AA,AA,AA,-,AA,-,-,-,AA,AA,AA,AA,-,AA,AA,AA,AA,AA,AA,AA,AA,-,AA,AA,-,AA,AA,AA,AA,AA,AA,-,AA,AA,AA,AA,AA,AA,AA,AA,AA,AA,AA,-,AA,-,AA,AA,-,BB,-,-,-,BB,BB,-,-,-,BB,-,BB,BB,-,BB,BB,BB,BB,AA,AA,AA,AA,AA,-,-,AA,AA,AA,AA,AA,AA,AA,AA,-,-,AA,AA,AA,AA,AA,AA,AA,AA,AA,-,-,AA,AA,AA,AA,-,AA,AA,AA,AA,AA,AA,-,AA,AA,AA,AA,AA,-,-,-,AA,AA,-,AA,-,AA,AA,AA,AA,AA,-,-,AA,AA,AA,AA,AA,AA,AA,AA,AA,AA,AA,AA,AA,AA,AA,AA,AA,-,AA,AA,-,AA,AA,AA,AA,-,-,AA,-,-,AA,AA,AA,AA,AA,AA,-,-,AA,AA,-,AA,AA,AA,AA,AA,-,AA,AA,AA,AA
293,0.6593053,0.72333,47.140859,52.2222,23.0000000000001,23,-1.58884940887985,AA,-,AA,AA,-,-,AA,AA,AA,AA,AA,AA,AA,AA,AA,-,AA,-,AA,AA,-,-,-,AA,AA,AA,AA,AA,-,AA,-,AA,-,BB,-,BB,BB,BB,BB,BB,-,BB,BB,BB,-,-,BB,BB,BB,BB,BB,BB,BB,BB,-,BB,BB,BB,BB,BB,-,AA,AA,AA,-,AA,AA,-,AA,AA,-,-,-,-,AA,AA,AA,AA,AA,-,AA,-,-,-,AA,AA,AA,AA,AA,AA,AA,-,-,AA,AA,-,AA,AA,AA,AA,AA,AA,AA,-,BB,BB,BB,BB,BB,BB,BB,BB,BB,BB,BB,BB,BB,BB,BB,BB,BB,BB,-,-,-,BB,BB,BB,BB,BB,-,-,BB,BB,BB,BB,BB,-,BB,BB,BB,BB,BB,-,BB,BB,BB,-,BB,BB,-,BB,BB,BB,BB,-,BB,-,BB,-,BB,BB,BB,-,BB,BB,BB,-,BB,BB,BB,BB,BB,BB,BB,BB,-,BB,-,-,BB,-,BB,AA,AA,AA,AA,AA,AA,AA,-,AA,-,AA,AA,-,-,AA,AA,AA,-,-,-,-,-,-,AA,AA,AA,-,AA,AA,AA,-,AA,-,AA,AA,AA,AA,AA,AA,AA,AA,AA,-,AA,AA,AA,-,-,AA,-,AA,-,AA,-,BB,-,AA,-,AA,-,-,-,-,AA,AA,AA,BB,BB,-,BB,BB,-,BB,BB,-,BB,BB,BB,BB,BB,BB,BB,BB,BB,BB,BB,BB,-,-,-,BB,BB,BB,BB,-,-,AA,-,-,-,AA,AA,AA,AA,AA,AA,AA,AA,AA,AA,AA,-,AA,AA,-,AA,AA,AA,AA,-,-,-,AA,AA,AA,AA,AA,AA,AA,AA,AA,AA,AA,AA,-,-,-,AA,AA,-,AA,-,-,AA,AA,-,AA,AA,-,-,AA,-,AA,-,AA,AA,AA,AA,AA,AA,AA,AA,-,-,AA,AA,-,AA,AA,AA,-,AA,AA,AA,-,-,AA,AA,AA,AA,AA,AA,-,-,AA,AA,-,AA,AA,AA,AA,AA,AA,AA,AA,AA,-,-,-,AA,AA,-,-,-,AA,AA,AA,AA,AA,-,AA,AA,-,AA,AA,-,AA,-,AA,AA,AA,AA,AA,AA,-,AA,AA,-,AA,-,BB,BB,BB,-,BB,BB,-,BB,BB,BB,BB,BB,BB,BB,BB,-,BB,-,BB,BB,-,BB,BB,-,-,BB,BB,BB,BB,-,BB,BB,BB,BB,BB,BB,BB
294,1.8872992,1.945,48.278412,53.2778,23.0000000000001,23,1.22324032738863,BB,-,AA,AA,-,BB,BB,-,BB,BB,BB,AA,BB,-,BB,BB,-,BB,BB,BB,BB,BB,-,AA,AA,AA,AA,BB,BB,-,-,BB,-,BB,-,BB,AA,AA,AA,AA,BB,BB,BB,-,BB,BB,AA,BB,BB,BB,BB,BB,BB,BB,BB,BB,BB,BB,AA,AA,BB,-,BB,-,-,BB,BB,BB,BB,BB,BB,-,BB,BB,BB,-,BB,BB,BB,BB,-,-,BB,BB,BB,BB,BB,BB,BB,BB,BB,BB,BB,BB,BB,BB,BB,BB,BB,BB,BB,BB,BB,-,AA,AA,AA,AA,AA,AA,AA,AA,AA,-,AA,AA,AA,AA,AA,BB,BB,AA,BB,BB,BB,BB,-,BB,BB,-,-,BB,BB,BB,BB,BB,BB,-,BB,BB,-,BB,BB,BB,-,BB,BB,-,BB,BB,-,BB,BB,-,AA,BB,BB,BB,BB,-,BB,BB,BB,BB,BB,BB,BB,BB,BB,BB,BB,BB,BB,BB,BB,BB,BB,BB,BB,BB,BB,BB,BB,AA,AA,AA,AA,AA,AA,AA,AA,-,-,AA,-,-,AA,AA,-,AA,AA,-,AA,AA,AA,AA,AA,AA,AA,-,-,BB,AA,AA,-,-,AA,-,BB,AA,BB,AA,AA,AA,AA,-,AA,-,AA,AA,AA,-,AA,AA,AA,AA,AA,AA,-,AA,AA,AA,AA,AA,AA,AA,AA,-,AA,-,-,-,-,AA,AA,-,AA,AA,-,AA,AA,AA,AA,AA,BB,BB,BB,BB,BB,-,BB,BB,-,BB,BB,BB,-,AA,BB,BB,-,BB,BB,BB,BB,BB,BB,BB,BB,BB,BB,BB,BB,BB,BB,BB,BB,BB,BB,BB,BB,BB,BB,BB,-,BB,-,AA,AA,AA,AA,AA,AA,-,AA,AA,AA,-,AA,AA,-,AA,AA,AA,AA,AA,-,AA,AA,-,AA,-,AA,AA,-,AA,AA,AA,AA,BB,AA,AA,AA,BB,-,BB,BB,-,BB,BB,BB,BB,BB,-,BB,BB,BB,BB,BB,BB,BB,BB,BB,BB,-,BB,BB,BB,BB,BB,-,BB,-,BB,BB,AA,BB,BB,-,-,AA,AA,AA,AA,AA,-,AA,AA,-,AA,AA,AA,AA,-,AA,-,AA,AA,-,AA,-,-,AA,AA,AA,-,-,BB,BB,BB,-,BB,BB,AA,AA,AA,-,-,BB,AA,AA,AA,AA,AA,AA,AA,AA,AA,-,AA,AA,AA,AA,-,-,AA,AA,AA,-,AA,-,AA,AA,AA,AA,AA,-,AA,AA,AA
295,0.9520658,0.94333,42.813119,42.5,59.5000000000004,59.5,-1.1204151940069,AA,AA,AA,AA,-,AA,AA,-,AA,AA,-,AA,-,-,-,-,AA,AA,AA,AA,-,AA,-,AA,AA,AA,AA,-,AA,-,-,-,-,-,-,AA,AA,AA,AA,AA,AA,AA,-,-,-,-,AA,-,-,AA,-,BB,-,AA,AA,-,AA,-,AA,AA,-,-,-,-,-,AA,-,-,AA,-,-,-,AA,-,AA,-,-,AA,-,-,AA,-,-,-,-,-,AA,AA,AA,AA,AA,-,-,-,-,-,-,AA,AA,AA,-,AA,AA,-,BB,AA,AA,AA,AA,AA,AA,AA,AA,-,-,AA,-,AA,-,-,AA,-,AA,-,-,AA,AA,-,-,AA,-,-,-,AA,AA,-,-,-,AA,AA,-,-,-,AA,-,-,AA,-,AA,AA,-,AA,AA,-,AA,-,AA,-,-,AA,-,AA,AA,-,-,AA,AA,-,AA,-,AA,-,-,AA,AA,AA,-,-,-,AA,AA,-,AA,-,BB,BB,BB,BB,BB,-,-,-,-,-,-,BB,-,-,-,-,-,-,-,-,-,-,-,BB,BB,-,BB,BB,-,-,BB,-,BB,-,-,-,BB,BB,-,-,BB,-,-,-,BB,BB,-,-,BB,-,-,-,BB,BB,-,BB,-,-,-,BB,-,-,BB,BB,-,-,-,BB,-,-,-,-,-,-,-,-,-,BB,-,BB,BB,AA,-,AA,AA,AA,-,-,-,-,-,AA,-,AA,-,-,-,AA,AA,-,-,BB,-,BB,BB,BB,BB,BB,BB,-,-,BB,BB,BB,-,-,BB,BB,BB,-,-,BB,BB,BB,BB,BB,BB,BB,-,BB,-,-,-,-,-,BB,-,-,BB,BB,-,BB,-,BB,BB,BB,-,-,BB,-,-,BB,BB,BB,BB,AA,AA,AA,AA,AA,-,-,AA,AA,-,AA,-,AA,AA,-,-,AA,-,-,AA,-,AA,AA,-,AA,AA,-,-,-,-,AA,-,AA,AA,AA,AA,AA,AA,AA,AA,-,AA,AA,AA,-,AA,-,AA,-,-,-,-,-,-,-,-,AA,AA,-,-,-,-,AA,AA,-,AA,-,-,-,-,-,BB,-,-,BB,BB,-,-,-,BB,-,-,BB,BB,BB,-,-,BB,BB,-,BB,-,BB,BB,-,-,-,-,-,BB,-,-,-,-,BB,BB,-,AA,-,BB,BB
296,0.3969563,0.43,44.16666,46.8333,46.9999999999997,47,-2.21809035136053,BB,-,BB,BB,BB,BB,BB,-,BB,BB,BB,BB,BB,BB,BB,BB,-,-,BB,BB,-,BB,-,BB,BB,BB,BB,BB,BB,BB,BB,BB,BB,BB,-,BB,BB,BB,BB,BB,-,BB,-,BB,BB,BB,BB,BB,-,BB,-,BB,BB,-,BB,BB,BB,BB,BB,BB,BB,BB,BB,BB,BB,BB,BB,-,BB,AA,AA,AA,AA,-,-,-,AA,AA,AA,-,-,AA,AA,AA,AA,AA,AA,AA,AA,AA,AA,AA,AA,-,-,-,-,AA,AA,AA,AA,AA,AA,AA,AA,AA,AA,-,AA,AA,AA,AA,AA,AA,AA,-,AA,AA,AA,AA,AA,AA,AA,AA,-,-,AA,-,AA,AA,-,BB,-,-,BB,BB,-,BB,BB,AA,BB,-,BB,-,BB,-,BB,BB,BB,BB,-,-,-,BB,BB,-,-,BB,BB,BB,BB,BB,BB,BB,BB,BB,BB,BB,-,BB,BB,BB,BB,BB,BB,BB,BB,BB,-,BB,BB,BB,BB,AA,AA,BB,BB,BB,BB,BB,BB,BB,BB,-,-,BB,BB,-,BB,BB,-,BB,BB,BB,-,BB,BB,-,BB,BB,BB,BB,-,BB,BB,BB,BB,BB,-,-,AA,AA,-,AA,AA,-,-,AA,AA,AA,AA,AA,-,AA,AA,-,-,AA,BB,BB,-,-,-,BB,BB,BB,BB,BB,BB,BB,-,BB,BB,BB,-,-,BB,BB,-,-,BB,BB,BB,BB,BB,AA,AA,AA,AA,-,AA,-,AA,AA,-,AA,BB,BB,BB,-,BB,BB,-,BB,BB,BB,BB,-,BB,BB,BB,BB,BB,BB,BB,BB,-,BB,-,-,BB,BB,BB,-,BB,BB,BB,BB,BB,AA,AA,AA,AA,AA,AA,AA,AA,-,AA,AA,-,BB,BB,-,BB,BB,BB,BB,BB,BB,BB,-,-,-,BB,BB,BB,BB,BB,BB,AA,AA,AA,AA,AA,-,AA,-,AA,-,-,AA,AA,AA,AA,-,AA,AA,AA,AA,AA,AA,AA,AA,AA,AA,-,AA,AA,AA,AA,-,AA,AA,AA,AA,-,AA,AA,AA,-,-,AA,-,-,AA,-,-,AA,AA,AA,-,AA,AA,AA,-,-,AA,AA,-,AA,AA,AA,AA,AA,AA,AA,AA,-,-,-,AA,-,AA,AA,-,-,AA,AA,AA,-,AA,AA,AA,AA,-,AA,-,-,AA,-,AA,-,-,AA,-,-,-,BB,-,BB,-,-,BB,BB,-,-,BB,BB,BB
297,0.984735,0.945,49.098515,48.8333,69.0000000000001,69,-1.1066701208952,BB,BB,BB,BB,BB,BB,-,-,BB,AA,AA,AA,AA,AA,-,AA,AA,AA,AA,-,AA,-,-,AA,AA,AA,AA,AA,AA,-,AA,-,-,BB,-,BB,BB,BB,BB,BB,-,BB,BB,-,-,-,BB,BB,-,BB,-,BB,BB,BB,-,-,BB,BB,BB,BB,-,-,BB,-,BB,BB,BB,-,BB,-,-,BB,BB,BB,BB,AA,-,AA,AA,-,AA,-,-,AA,AA,AA,AA,AA,AA,-,AA,AA,AA,-,AA,-,-,AA,AA,AA,-,AA,AA,-,AA,AA,AA,AA,AA,AA,AA,AA,AA,AA,-,-,-,AA,AA,AA,AA,-,-,AA,-,AA,-,-,-,-,AA,AA,AA,AA,AA,AA,AA,AA,AA,AA,-,AA,AA,-,AA,AA,-,-,AA,-,AA,AA,AA,AA,AA,AA,AA,AA,AA,AA,AA,AA,AA,AA,AA,AA,AA,AA,AA,-,AA,-,-,AA,AA,AA,AA,AA,AA,AA,AA,AA,AA,AA,AA,AA,AA,AA,AA,AA,-,AA,-,AA,-,-,AA,AA,-,AA,-,-,-,-,AA,AA,AA,-,AA,-,-,AA,-,AA,-,-,AA,AA,-,-,AA,-,AA,AA,AA,AA,-,BB,BB,-,-,-,-,BB,BB,BB,BB,-,-,-,-,BB,BB,BB,BB,-,-,BB,-,-,-,-,BB,BB,-,-,-,BB,BB,-,BB,BB,BB,BB,BB,AA,-,AA,AA,-,AA,-,AA,-,-,BB,-,AA,BB,-,-,BB,BB,-,BB,BB,BB,BB,BB,BB,BB,BB,BB,BB,BB,BB,-,-,BB,BB,BB,BB,-,BB,-,BB,-,BB,BB,BB,BB,BB,AA,BB,AA,-,AA,AA,AA,AA,AA,AA,-,AA,-,AA,-,-,AA,AA,AA,AA,AA,AA,-,AA,AA,AA,AA,AA,AA,AA,AA,AA,-,AA,-,-,AA,AA,-,AA,AA,AA,AA,AA,AA,-,-,AA,AA,AA,AA,AA,-,AA,AA,AA,-,AA,AA,AA,AA,AA,AA,AA,AA,AA,AA,AA,-,-,AA,-,AA,-,AA,AA,AA,-,-,AA,-,AA,AA,-,-,-,-,-,-,AA,-,AA,AA,-,AA,-,-,-,-,AA,AA,AA,AA,AA,AA,-,AA,AA,-,AA,AA,AA,AA,-,AA,AA,AA,AA,-,AA,AA,AA,AA,-,AA,-,AA,AA,AA,AA,-,AA,AA,-,AA,AA,AA,AA
298,1.366172,1.445,50.283125,55.4444,23.5000000000001,23.5,-0.335214709370681,AA,-,AA,AA,-,-,AA,-,AA,AA,-,AA,AA,-,-,-,-,-,AA,AA,-,-,-,AA,AA,AA,AA,-,-,AA,-,-,-,-,-,AA,AA,AA,AA,AA,AA,AA,-,-,AA,-,AA,-,BB,AA,BB,-,-,-,AA,-,-,AA,AA,AA,AA,-,BB,-,-,AA,BB,-,BB,-,BB,-,BB,BB,-,-,-,BB,BB,-,BB,-,-,-,-,-,BB,BB,BB,AA,BB,-,-,-,-,-,-,-,AA,AA,AA,AA,AA,-,AA,AA,AA,AA,AA,-,BB,BB,BB,-,-,BB,-,-,-,-,-,-,BB,-,-,-,-,BB,-,-,-,AA,-,-,AA,-,AA,AA,AA,AA,-,-,-,-,-,AA,-,-,-,AA,-,-,AA,-,AA,-,-,-,AA,-,AA,AA,AA,-,AA,AA,AA,-,-,-,AA,AA,AA,AA,AA,AA,AA,AA,-,-,AA,-,AA,BB,BB,BB,BB,BB,BB,-,-,-,-,-,BB,-,-,-,-,AA,-,-,AA,-,AA,-,AA,-,AA,-,AA,AA,-,-,-,BB,AA,-,-,-,AA,-,-,-,AA,-,-,-,AA,-,-,-,-,AA,AA,-,AA,AA,AA,-,AA,-,-,-,-,-,-,AA,-,-,-,AA,-,-,-,-,-,AA,-,-,AA,AA,AA,AA,AA,BB,BB,BB,BB,BB,-,-,-,-,-,-,BB,-,-,BB,BB,BB,-,-,-,BB,BB,-,BB,AA,AA,AA,AA,-,AA,AA,-,-,BB,-,BB,BB,-,-,-,BB,BB,BB,BB,BB,BB,BB,BB,BB,-,-,BB,-,BB,-,-,BB,-,-,BB,-,-,-,-,-,-,-,-,-,BB,BB,BB,BB,BB,AA,AA,AA,AA,AA,-,-,-,AA,-,-,-,AA,-,-,AA,-,-,-,-,BB,BB,BB,BB,BB,BB,-,BB,-,-,BB,-,BB,BB,BB,BB,BB,-,-,BB,-,-,-,BB,-,BB,AA,-,-,-,-,AA,-,-,-,-,-,-,AA,-,-,-,AA,AA,AA,AA,-,AA,-,-,-,AA,AA,AA,AA,AA,-,-,-,AA,-,-,BB,BB,BB,-,BB,BB,BB,-,BB,-,BB,-,-,BB,-,-,-,BB,BB,-,-,-,BB,BB,-,-,BB,BB,BB
299,1.6259859,1.66667,47.692313,47.3333,42.4999999999999,42.5,0.204761955742132,-,-,AA,AA,-,-,AA,-,AA,AA,AA,AA,AA,AA,-,AA,AA,-,BB,BB,-,-,-,BB,AA,AA,AA,-,-,BB,-,-,BB,-,-,AA,AA,AA,AA,AA,-,AA,-,AA,-,-,AA,-,-,BB,-,BB,-,-,BB,-,-,-,BB,BB,-,BB,-,-,BB,BB,-,-,BB,BB,BB,-,-,-,BB,-,-,BB,-,-,-,-,-,BB,-,BB,BB,BB,BB,-,BB,-,BB,-,-,-,-,-,BB,BB,BB,BB,BB,AA,AA,AA,AA,-,AA,AA,AA,AA,AA,AA,-,-,-,-,AA,-,-,-,-,AA,-,-,AA,-,-,AA,-,AA,-,AA,-,-,-,AA,AA,AA,-,-,-,-,-,-,AA,-,-,AA,-,AA,-,-,BB,BB,-,-,-,-,BB,BB,BB,-,BB,BB,BB,-,AA,AA,AA,AA,AA,AA,AA,AA,-,AA,-,AA,AA,AA,AA,BB,BB,BB,BB,BB,BB,BB,BB,BB,-,-,-,BB,BB,BB,-,BB,-,-,-,-,-,-,BB,-,BB,BB,BB,BB,-,-,-,BB,BB,-,-,BB,BB,BB,-,-,BB,-,-,-,BB,BB,-,-,-,-,BB,-,-,BB,BB,-,BB,-,-,-,-,BB,BB,-,-,-,-,-,-,-,-,BB,-,BB,-,-,BB,BB,BB,BB,BB,BB,BB,AA,BB,AA,-,-,AA,-,-,AA,BB,AA,AA,BB,-,-,AA,AA,AA,AA,AA,-,AA,AA,AA,AA,AA,-,AA,AA,AA,AA,-,-,AA,AA,-,-,-,BB,-,BB,BB,BB,BB,BB,BB,-,-,-,BB,BB,-,-,-,AA,-,-,-,-,-,-,-,-,AA,-,-,-,-,AA,AA,AA,AA,BB,BB,BB,BB,BB,-,-,-,-,BB,-,BB,BB,BB,-,BB,BB,-,-,-,BB,BB,BB,BB,BB,-,-,-,BB,-,-,-,-,-,BB,BB,BB,-,BB,BB,-,-,BB,BB,-,BB,-,-,BB,-,BB,-,BB,-,BB,-,-,-,-,BB,-,-,-,-,-,BB,-,-,BB,BB,BB,-,BB,BB,BB,BB,BB,BB,BB,BB,-,-,AA,AA,-,-,-,AA,AA,AA,AA,-,AA,-,-,-,-,-,AA,-,-,-,-,-,AA,AA,BB,-,BB,BB,BB
300,1.928907,2,41.58874,45.3333,22.5,22.5,1.82602425981251,BB,-,BB,BB,BB,BB,BB,-,BB,BB,BB,BB,BB,BB,BB,BB,BB,-,BB,BB,BB,BB,BB,BB,BB,BB,BB,BB,-,-,BB,BB,BB,-,BB,BB,BB,BB,BB,-,BB,BB,BB,BB,BB,-,BB,BB,-,BB,BB,BB,BB,BB,BB,BB,-,BB,BB,BB,BB,BB,-,BB,BB,BB,-,-,BB,BB,-,BB,BB,BB,-,BB,BB,BB,BB,BB,BB,BB,BB,-,BB,BB,BB,BB,-,BB,BB,BB,BB,BB,BB,BB,BB,BB,BB,BB,BB,BB,BB,AA,AA,AA,AA,AA,-,AA,AA,BB,BB,BB,BB,BB,-,BB,-,BB,BB,AA,BB,BB,BB,BB,BB,BB,BB,BB,-,BB,BB,BB,BB,-,BB,BB,BB,BB,BB,BB,-,BB,BB,BB,-,AA,BB,AA,BB,BB,BB,-,-,AA,AA,AA,AA,AA,AA,AA,AA,AA,AA,AA,AA,-,AA,AA,AA,AA,AA,AA,AA,AA,AA,AA,AA,AA,AA,AA,AA,AA,AA,AA,-,-,AA,AA,-,AA,-,AA,-,-,AA,AA,-,AA,AA,AA,AA,AA,-,AA,AA,AA,AA,AA,AA,AA,-,-,AA,AA,AA,AA,BB,-,AA,AA,AA,AA,AA,AA,AA,AA,AA,AA,AA,-,-,-,-,AA,AA,AA,AA,-,-,AA,AA,AA,AA,AA,AA,AA,AA,AA,AA,AA,AA,AA,AA,AA,AA,-,AA,AA,AA,AA,AA,AA,-,BB,BB,BB,BB,-,BB,-,BB,-,-,BB,BB,BB,BB,BB,BB,BB,-,BB,BB,BB,BB,BB,BB,BB,BB,-,BB,BB,BB,BB,BB,BB,BB,BB,BB,-,BB,-,BB,BB,AA,-,AA,AA,AA,AA,AA,AA,AA,AA,AA,-,-,AA,AA,AA,AA,BB,AA,AA,AA,AA,AA,-,AA,AA,-,-,AA,AA,AA,AA,AA,BB,BB,BB,BB,BB,BB,BB,BB,-,BB,BB,BB,BB,BB,BB,BB,BB,BB,BB,BB,BB,BB,BB,BB,BB,BB,BB,BB,BB,BB,BB,-,-,-,BB,BB,AA,-,BB,BB,AA,AA,-,BB,AA,BB,-,AA,AA,AA,-,AA,AA,AA,AA,AA,AA,AA,AA,AA,-,AA,-,AA,AA,AA,AA,AA,AA,AA,AA,AA,AA,AA,AA,AA,AA,AA,AA,AA,-,AA,AA,AA,AA,AA,AA,AA,AA,-,AA,AA,AA,AA,AA,AA,AA,AA,-,AA,-,-,-,AA,-,AA,AA,-,-,AA,AA
301,1.5043104,1.55667,47.032912,51.7778,24.4999999999999,24.5,-0.040679226898454,-,BB,BB,BB,BB,BB,BB,BB,BB,BB,BB,BB,AA,BB,BB,BB,BB,BB,AA,BB,BB,-,-,AA,AA,AA,AA,-,AA,BB,-,AA,AA,AA,-,AA,AA,AA,AA,AA,AA,AA,-,AA,-,-,BB,BB,BB,BB,BB,BB,BB,BB,BB,BB,-,BB,BB,BB,-,BB,BB,BB,-,BB,-,BB,BB,BB,BB,-,BB,BB,BB,BB,-,BB,-,BB,-,BB,BB,BB,-,BB,BB,BB,BB,BB,BB,-,BB,-,BB,-,-,BB,BB,BB,-,BB,BB,AA,AA,AA,AA,AA,AA,AA,AA,AA,AA,AA,AA,BB,-,-,BB,BB,-,-,BB,BB,BB,BB,BB,BB,-,BB,BB,BB,BB,-,-,BB,BB,BB,AA,AA,-,BB,-,BB,BB,BB,BB,BB,-,AA,-,BB,-,-,AA,BB,-,BB,-,BB,BB,BB,BB,BB,BB,BB,BB,-,BB,-,BB,BB,-,BB,BB,BB,-,BB,BB,BB,BB,BB,BB,AA,AA,AA,BB,AA,AA,-,-,-,-,BB,BB,-,-,BB,BB,BB,BB,BB,-,BB,BB,BB,BB,BB,AA,-,-,AA,BB,-,AA,-,AA,-,-,AA,AA,AA,AA,AA,AA,AA,AA,-,AA,AA,AA,AA,-,AA,-,AA,AA,AA,-,-,-,AA,AA,AA,AA,AA,-,AA,-,AA,AA,AA,AA,AA,AA,AA,AA,AA,-,AA,AA,AA,AA,AA,AA,BB,BB,BB,BB,BB,BB,BB,BB,-,-,BB,BB,-,-,-,-,BB,-,-,BB,AA,AA,-,AA,AA,AA,AA,AA,BB,BB,AA,BB,-,BB,-,BB,BB,BB,BB,-,BB,BB,BB,BB,BB,BB,BB,BB,AA,AA,AA,BB,AA,AA,-,AA,BB,-,AA,-,AA,AA,AA,AA,-,AA,AA,AA,AA,-,BB,BB,BB,BB,BB,BB,BB,BB,BB,BB,-,BB,AA,BB,-,BB,AA,AA,BB,-,-,BB,-,BB,AA,AA,AA,AA,AA,BB,BB,-,-,BB,-,-,-,-,BB,BB,BB,BB,BB,BB,BB,-,-,BB,-,BB,-,-,AA,AA,-,-,AA,-,AA,AA,AA,AA,-,AA,AA,AA,AA,AA,AA,BB,-,BB,BB,BB,BB,BB,BB,BB,BB,BB,-,BB,-,BB,BB,BB,BB,BB,BB,BB,BB,BB,BB,BB,AA,BB,AA,-,-,-,BB,BB,-,BB,BB,BB,BB,-,AA,AA,BB,BB,AA,AA,AA
302,1.886605,1.945,48.099985,53,22,22,1.22324032738863,-,-,BB,BB,-,-,-,-,BB,BB,BB,BB,BB,-,-,-,-,-,BB,-,-,-,-,BB,BB,BB,BB,-,-,-,-,-,-,-,-,AA,AA,AA,AA,AA,-,AA,-,-,-,-,BB,-,-,BB,-,-,-,-,-,-,-,-,BB,BB,-,-,-,-,-,BB,-,-,BB,-,-,-,-,-,-,-,-,BB,-,-,-,-,-,-,-,-,BB,BB,BB,-,BB,-,-,-,-,-,-,-,BB,BB,-,BB,AA,-,AA,AA,AA,-,AA,-,BB,BB,BB,BB,-,-,-,-,-,-,-,-,-,-,-,-,-,-,-,-,-,-,-,-,-,-,-,-,BB,AA,-,-,-,-,-,-,-,-,-,-,-,-,-,-,BB,-,-,-,-,-,BB,BB,BB,-,BB,BB,BB,-,-,-,BB,BB,BB,BB,BB,BB,-,BB,-,-,BB,-,BB,AA,AA,BB,-,BB,BB,-,-,-,-,-,-,-,-,-,-,-,-,-,-,-,-,-,-,-,BB,-,-,BB,-,-,-,AA,AA,-,-,-,AA,-,-,-,AA,-,-,-,AA,-,-,-,-,-,-,-,-,-,-,-,-,-,-,-,-,-,-,-,-,-,-,-,-,-,-,-,-,-,-,-,AA,AA,AA,BB,AA,BB,BB,BB,BB,-,-,-,-,-,-,-,-,-,-,-,-,-,-,-,-,BB,BB,-,BB,BB,BB,BB,BB,-,-,BB,-,-,-,-,BB,BB,-,-,-,BB,-,BB,BB,BB,AA,BB,AA,-,-,-,AA,-,-,-,-,AA,-,-,-,-,-,-,-,-,-,-,-,-,-,AA,AA,AA,AA,BB,BB,BB,BB,BB,-,-,-,BB,-,-,-,BB,BB,-,-,-,-,-,-,BB,BB,BB,BB,-,-,-,-,-,-,-,-,-,-,BB,BB,BB,-,-,-,-,-,-,BB,-,BB,-,-,-,-,-,-,-,-,-,-,-,-,-,-,-,-,-,-,-,AA,-,-,-,-,-,-,BB,-,BB,BB,-,-,-,BB,-,-,BB,BB,-,-,-,BB,-,-,BB,-,BB,-,-,-,-,-,-,-,-,-,-,-,BB,BB,-,-,BB,BB,BB
303,0.7083106,0.78,44.868281,50,22.5,22.5,-1.39757114654666,BB,BB,AA,BB,-,-,-,BB,AA,AA,AA,BB,AA,BB,-,BB,BB,BB,AA,-,-,-,BB,BB,BB,BB,BB,AA,AA,-,AA,AA,AA,-,AA,BB,BB,BB,BB,BB,AA,AA,AA,AA,AA,-,AA,-,AA,AA,AA,-,-,AA,-,-,AA,-,-,-,-,-,AA,AA,AA,AA,-,AA,AA,-,-,-,-,-,AA,-,AA,AA,AA,AA,AA,AA,AA,AA,-,AA,AA,AA,AA,AA,AA,AA,AA,AA,AA,AA,AA,AA,BB,BB,AA,BB,BB,BB,BB,BB,BB,-,BB,BB,BB,BB,BB,BB,AA,AA,AA,AA,AA,-,-,AA,AA,AA,AA,-,AA,-,-,AA,AA,-,AA,AA,-,-,-,-,BB,BB,-,AA,-,AA,AA,AA,AA,AA,AA,BB,-,AA,-,AA,BB,AA,-,-,AA,AA,BB,BB,BB,AA,-,-,AA,-,AA,AA,-,-,-,-,-,-,-,-,AA,-,-,AA,BB,BB,BB,BB,-,BB,BB,-,BB,-,-,BB,-,-,BB,-,BB,-,BB,-,-,BB,-,-,-,BB,AA,BB,BB,AA,-,BB,BB,-,AA,-,-,-,AA,-,-,BB,AA,BB,BB,-,BB,BB,-,BB,BB,BB,BB,BB,BB,BB,BB,-,BB,-,-,BB,-,-,BB,-,BB,-,BB,BB,BB,BB,BB,BB,BB,BB,BB,BB,BB,BB,BB,BB,BB,BB,BB,BB,BB,AA,-,BB,-,BB,BB,-,BB,AA,BB,-,BB,-,BB,BB,-,BB,BB,BB,BB,BB,BB,BB,BB,-,BB,BB,BB,BB,-,BB,BB,BB,BB,-,-,BB,-,BB,BB,BB,BB,BB,BB,-,-,BB,BB,BB,BB,BB,-,BB,BB,BB,-,-,BB,BB,BB,-,BB,BB,-,BB,-,BB,BB,BB,BB,AA,AA,AA,AA,AA,-,-,-,AA,AA,AA,AA,AA,AA,-,-,AA,-,-,-,AA,AA,AA,AA,AA,AA,AA,-,-,AA,AA,AA,AA,-,AA,AA,AA,AA,-,AA,AA,AA,AA,AA,BB,-,BB,-,-,BB,BB,BB,-,BB,-,-,-,-,BB,BB,BB,-,BB,-,-,BB,-,-,BB,BB,-,BB,BB,BB,BB,BB,BB,BB,BB,BB,-,-,BB,BB,BB,-,BB,BB,-,-,BB,-,BB,BB,BB,BB,-,-,BB,-,BB,-,BB,BB,BB,BB,BB,BB,BB,BB,BB
304,0.8687129,0.90333,44.389992,47.5,38.9999999999999,39,-1.1925686544332,BB,BB,BB,BB,BB,BB,-,BB,BB,BB,BB,BB,BB,AA,AA,AA,AA,AA,BB,AA,AA,AA,AA,BB,BB,BB,BB,AA,-,AA,AA,AA,AA,AA,AA,AA,AA,AA,AA,AA,AA,AA,AA,AA,-,BB,AA,BB,BB,AA,BB,BB,BB,BB,BB,BB,BB,BB,AA,AA,BB,BB,-,-,BB,AA,BB,-,AA,BB,-,BB,BB,BB,BB,BB,BB,AA,BB,BB,BB,BB,BB,BB,BB,BB,AA,AA,AA,-,AA,-,BB,-,BB,BB,BB,BB,AA,AA,AA,AA,AA,-,BB,BB,BB,AA,BB,AA,AA,AA,AA,AA,AA,AA,AA,AA,-,AA,-,AA,AA,AA,-,AA,-,-,AA,AA,BB,BB,AA,-,BB,AA,AA,AA,-,AA,AA,BB,AA,AA,AA,AA,-,AA,AA,-,AA,BB,BB,-,AA,BB,BB,BB,BB,BB,AA,AA,AA,BB,AA,AA,AA,BB,-,BB,AA,AA,AA,AA,AA,AA,BB,AA,-,BB,AA,BB,AA,BB,BB,BB,AA,BB,BB,AA,AA,AA,AA,AA,AA,AA,AA,AA,AA,-,AA,AA,AA,AA,AA,AA,AA,AA,BB,AA,AA,BB,AA,AA,AA,BB,BB,AA,AA,AA,BB,AA,AA,AA,BB,AA,AA,AA,BB,AA,AA,AA,AA,AA,AA,AA,-,AA,-,-,AA,AA,AA,AA,AA,AA,AA,AA,AA,AA,AA,AA,-,AA,AA,AA,AA,AA,AA,AA,BB,BB,BB,BB,BB,AA,AA,AA,BB,-,BB,BB,BB,BB,-,AA,AA,-,AA,AA,-,AA,AA,AA,AA,BB,BB,AA,BB,BB,BB,BB,BB,AA,AA,BB,AA,BB,AA,BB,BB,BB,BB,BB,-,BB,-,BB,BB,BB,BB,BB,BB,BB,BB,BB,BB,BB,BB,BB,BB,BB,BB,BB,BB,BB,-,BB,BB,BB,BB,BB,BB,BB,BB,-,BB,BB,BB,AA,AA,AA,AA,AA,BB,BB,BB,AA,BB,BB,AA,AA,AA,-,AA,AA,AA,AA,AA,AA,AA,AA,AA,AA,-,AA,AA,AA,AA,AA,AA,AA,BB,AA,AA,AA,BB,BB,BB,BB,-,BB,AA,BB,-,BB,BB,BB,BB,BB,BB,BB,BB,BB,BB,BB,-,BB,BB,BB,BB,BB,-,BB,BB,BB,BB,BB,BB,BB,BB,BB,BB,BB,BB,BB,AA,BB,BB,BB,-,BB,BB,BB,BB,BB,BB,BB,BB,BB,AA,BB,-,AA,AA,-,BB,BB,-,BB,BB,BB,BB,BB,BB,BB,BB,BB,BB,BB
305,1.7130272,1.68167,41.988777,44.5,26.5000000000001,26.5,0.24267188756827,AA,AA,BB,BB,AA,AA,BB,-,BB,BB,BB,BB,AA,AA,AA,AA,AA,AA,AA,AA,AA,AA,AA,AA,AA,AA,AA,-,-,-,AA,-,AA,AA,AA,AA,AA,AA,AA,AA,AA,AA,AA,-,AA,AA,BB,AA,AA,BB,AA,AA,AA,AA,AA,AA,-,-,BB,BB,AA,-,BB,BB,BB,BB,BB,BB,BB,BB,BB,BB,BB,BB,BB,BB,BB,BB,AA,AA,AA,AA,AA,AA,-,AA,BB,BB,BB,AA,BB,AA,-,AA,AA,-,AA,-,BB,BB,BB,BB,BB,BB,AA,AA,AA,BB,AA,BB,AA,AA,AA,AA,-,AA,AA,AA,AA,AA,AA,AA,-,AA,AA,AA,AA,-,AA,AA,AA,AA,AA,AA,AA,AA,AA,AA,-,AA,-,AA,-,AA,AA,AA,AA,AA,AA,-,AA,AA,AA,AA,BB,AA,AA,AA,-,-,BB,BB,BB,AA,BB,BB,BB,AA,AA,AA,BB,BB,BB,BB,BB,-,AA,BB,-,AA,BB,AA,BB,AA,AA,AA,BB,AA,AA,BB,BB,BB,BB,BB,AA,-,AA,AA,AA,-,-,AA,AA,-,AA,AA,AA,AA,AA,AA,AA,AA,AA,AA,AA,-,AA,AA,-,AA,AA,AA,AA,-,AA,AA,AA,AA,AA,AA,AA,AA,AA,AA,AA,AA,AA,-,AA,AA,AA,AA,AA,-,AA,-,AA,AA,AA,AA,AA,-,AA,AA,AA,AA,AA,AA,AA,AA,-,AA,-,AA,AA,BB,BB,BB,BB,-,AA,-,-,AA,AA,BB,BB,AA,BB,BB,BB,-,-,AA,AA,AA,AA,-,AA,AA,AA,AA,AA,AA,-,AA,AA,AA,AA,AA,BB,BB,AA,AA,-,BB,AA,BB,BB,BB,BB,BB,BB,AA,AA,AA,BB,AA,AA,AA,AA,-,AA,AA,AA,-,-,BB,BB,BB,BB,BB,BB,BB,BB,BB,BB,BB,BB,BB,BB,BB,BB,BB,BB,BB,BB,AA,BB,-,BB,AA,AA,-,BB,BB,BB,-,BB,-,AA,AA,AA,AA,BB,BB,-,BB,BB,BB,BB,BB,BB,BB,BB,BB,BB,BB,BB,BB,BB,BB,BB,BB,BB,BB,BB,-,BB,BB,BB,BB,BB,BB,BB,BB,BB,BB,BB,BB,BB,BB,BB,BB,BB,BB,BB,BB,BB,BB,BB,BB,BB,BB,BB,BB,BB,BB,BB,BB,-,BB,BB,BB,BB,BB,BB,BB,BB,AA,-,AA,BB,-,BB,-,BB,BB,BB,BB,BB,BB,-,BB,BB,BB,BB,BB,BB,BB
306,1.5739526,1.5,59.417388,56.1667,69.4999999999998,69.5,-0.182159918419296,AA,AA,AA,AA,-,AA,AA,AA,AA,AA,AA,AA,AA,-,AA,-,-,AA,AA,AA,-,-,AA,AA,AA,AA,AA,AA,AA,AA,-,AA,AA,-,AA,AA,AA,AA,AA,AA,AA,AA,AA,AA,-,AA,AA,BB,AA,AA,AA,-,-,AA,AA,AA,AA,-,AA,AA,AA,AA,AA,-,-,-,AA,AA,BB,-,-,AA,AA,AA,AA,AA,AA,BB,AA,AA,AA,AA,AA,AA,AA,-,AA,AA,AA,AA,AA,AA,-,-,-,-,AA,-,AA,AA,-,AA,-,BB,BB,BB,BB,BB,BB,AA,AA,AA,AA,AA,-,AA,AA,-,AA,AA,AA,AA,AA,-,AA,AA,AA,-,-,AA,-,-,BB,BB,AA,AA,AA,AA,AA,-,-,BB,BB,BB,BB,BB,-,-,BB,AA,BB,BB,BB,BB,AA,BB,BB,BB,BB,BB,AA,AA,AA,BB,AA,AA,AA,AA,-,-,-,AA,AA,AA,AA,AA,AA,AA,-,AA,AA,AA,AA,-,-,BB,BB,BB,BB,-,BB,BB,BB,BB,BB,BB,BB,BB,BB,BB,-,BB,-,BB,BB,BB,BB,BB,AA,-,AA,AA,-,AA,AA,AA,AA,-,AA,BB,AA,BB,AA,BB,AA,BB,BB,BB,AA,BB,BB,-,BB,BB,-,BB,BB,BB,BB,BB,BB,BB,BB,BB,BB,-,BB,BB,BB,-,BB,-,-,BB,BB,BB,-,BB,BB,BB,AA,AA,AA,-,AA,AA,AA,AA,AA,BB,BB,-,BB,BB,-,BB,BB,AA,BB,AA,-,AA,AA,AA,AA,BB,AA,-,AA,AA,AA,AA,AA,AA,AA,-,BB,-,BB,BB,AA,AA,BB,BB,BB,AA,-,AA,AA,AA,AA,AA,AA,BB,BB,BB,-,BB,BB,-,BB,AA,BB,BB,BB,BB,BB,BB,BB,BB,BB,BB,BB,BB,BB,BB,BB,BB,BB,-,BB,BB,BB,BB,BB,BB,BB,BB,BB,BB,BB,BB,BB,BB,BB,BB,BB,BB,BB,BB,BB,BB,BB,BB,BB,BB,BB,-,BB,-,BB,BB,BB,BB,BB,BB,-,BB,BB,BB,-,-,BB,BB,BB,BB,-,BB,-,BB,BB,-,BB,-,-,BB,-,BB,BB,BB,BB,BB,BB,BB,BB,BB,BB,BB,BB,BB,-,BB,-,BB,BB,BB,BB,-,BB,BB,BB,BB,BB,AA,AA,AA,BB,AA,AA,BB,-,BB,BB,BB,BB,BB,-,-,BB,-,BB,BB,BB,BB,BB,BB,BB,BB,BB,BB
307,1.0981442,1.18,43.768925,49.3889,19,19,-0.763059807524348,BB,BB,AA,AA,BB,BB,AA,BB,AA,AA,AA,AA,AA,BB,BB,BB,BB,BB,AA,BB,BB,BB,BB,AA,AA,AA,AA,BB,BB,BB,BB,BB,BB,BB,BB,AA,AA,AA,AA,AA,BB,AA,BB,BB,BB,BB,AA,BB,BB,-,BB,BB,BB,BB,-,BB,BB,BB,AA,AA,BB,BB,BB,BB,BB,AA,-,BB,AA,BB,BB,BB,BB,BB,BB,-,AA,AA,AA,AA,AA,AA,AA,AA,AA,AA,AA,AA,AA,AA,AA,AA,AA,AA,AA,AA,AA,AA,AA,AA,-,AA,AA,AA,BB,BB,BB,AA,-,AA,AA,AA,AA,AA,AA,AA,AA,AA,AA,AA,AA,AA,AA,AA,AA,AA,AA,AA,AA,AA,AA,-,BB,BB,BB,BB,-,BB,AA,-,BB,BB,BB,BB,BB,-,BB,BB,BB,BB,-,BB,BB,BB,BB,-,BB,BB,-,BB,BB,BB,BB,BB,BB,BB,AA,BB,BB,-,AA,AA,AA,AA,AA,AA,BB,AA,BB,BB,AA,BB,AA,AA,BB,BB,BB,BB,BB,-,AA,AA,AA,AA,AA,AA,AA,AA,AA,-,AA,AA,AA,AA,AA,AA,AA,AA,BB,AA,AA,BB,AA,AA,AA,-,AA,AA,AA,-,BB,AA,AA,AA,BB,AA,AA,-,BB,AA,AA,-,AA,AA,-,AA,AA,AA,-,AA,AA,AA,AA,-,AA,AA,AA,AA,AA,AA,AA,AA,AA,AA,AA,AA,AA,AA,AA,AA,BB,BB,BB,BB,BB,BB,BB,BB,BB,AA,AA,AA,AA,AA,AA,BB,BB,BB,BB,BB,BB,BB,BB,-,BB,AA,AA,BB,AA,AA,AA,AA,AA,BB,BB,-,-,BB,BB,BB,BB,BB,BB,BB,BB,BB,-,BB,BB,BB,BB,BB,BB,BB,BB,BB,BB,AA,AA,AA,AA,BB,AA,AA,BB,BB,BB,BB,BB,BB,-,BB,BB,BB,BB,BB,BB,BB,BB,BB,BB,BB,BB,BB,-,AA,AA,BB,AA,-,AA,BB,BB,AA,AA,AA,AA,AA,AA,BB,BB,BB,BB,BB,-,AA,AA,-,AA,AA,AA,AA,-,BB,BB,BB,AA,-,AA,AA,AA,AA,BB,-,BB,AA,AA,AA,AA,-,AA,AA,AA,AA,AA,AA,AA,AA,AA,AA,AA,AA,AA,AA,BB,AA,AA,-,AA,-,AA,BB,AA,BB,BB,AA,AA,AA,BB,-,AA,AA,AA,AA,AA,AA,AA,AA,AA,BB,AA,AA,BB,BB,BB,-,BB,BB,-,BB,BB,BB,BB,BB,BB,BB,BB,BB,BB,BB
308,1.3764914,1.40333,45.987301,49,40.5000000000002,40.5,-0.430727299295457,-,AA,BB,BB,AA,AA,BB,AA,BB,BB,BB,BB,BB,AA,AA,AA,AA,AA,BB,-,AA,-,AA,BB,BB,BB,BB,AA,-,AA,AA,AA,AA,AA,AA,BB,BB,BB,BB,BB,AA,BB,AA,AA,-,AA,BB,AA,AA,BB,AA,AA,AA,AA,AA,AA,-,AA,BB,BB,AA,AA,AA,AA,-,BB,AA,AA,BB,-,-,-,AA,-,AA,AA,AA,AA,AA,AA,AA,AA,AA,AA,AA,AA,AA,AA,AA,AA,AA,AA,AA,AA,AA,AA,AA,AA,AA,AA,AA,AA,AA,AA,AA,AA,AA,AA,AA,BB,AA,AA,AA,AA,AA,AA,AA,AA,AA,-,-,BB,-,AA,AA,AA,AA,AA,AA,-,AA,AA,AA,AA,AA,AA,AA,-,BB,BB,AA,-,AA,AA,AA,AA,AA,AA,BB,BB,BB,BB,BB,BB,BB,BB,BB,-,BB,-,BB,BB,BB,BB,BB,BB,BB,BB,BB,BB,BB,BB,BB,-,BB,BB,BB,BB,BB,BB,BB,BB,BB,BB,AA,AA,AA,AA,AA,-,AA,AA,AA,AA,AA,AA,AA,AA,AA,AA,AA,AA,AA,AA,AA,AA,AA,AA,AA,BB,BB,AA,BB,BB,BB,AA,AA,BB,BB,BB,AA,BB,BB,BB,AA,BB,BB,BB,AA,BB,BB,BB,BB,BB,BB,BB,BB,BB,BB,BB,BB,BB,BB,BB,BB,BB,BB,BB,BB,BB,BB,-,BB,BB,BB,BB,BB,BB,BB,BB,AA,AA,AA,AA,AA,AA,AA,AA,AA,AA,AA,AA,-,AA,AA,AA,BB,BB,BB,BB,BB,BB,BB,-,BB,BB,BB,-,BB,BB,BB,BB,BB,BB,BB,BB,BB,BB,BB,BB,BB,BB,BB,BB,BB,BB,-,BB,BB,BB,BB,BB,BB,BB,BB,BB,AA,BB,BB,BB,AA,AA,AA,-,AA,AA,AA,AA,AA,AA,-,AA,AA,AA,AA,BB,BB,BB,BB,AA,AA,AA,AA,AA,AA,AA,AA,AA,AA,AA,AA,AA,AA,AA,AA,AA,AA,AA,-,AA,AA,AA,AA,AA,AA,AA,AA,AA,AA,AA,AA,AA,AA,AA,AA,AA,AA,AA,AA,AA,AA,AA,AA,AA,-,AA,-,AA,AA,AA,AA,AA,AA,AA,AA,AA,AA,AA,AA,AA,AA,AA,AA,AA,AA,-,BB,-,AA,-,AA,AA,-,AA,AA,AA,-,AA,AA,AA,AA,AA,AA,AA,AA,AA,AA,AA,AA,BB,-,AA,AA,AA,AA,-,AA,AA,AA,AA,-,AA,AA,BB,BB,AA,AA,BB,BB,BB
309,0.9080514,0.89,40.724859,42.1667,48.5000000000002,48.5,-1.25510807905408,-,-,AA,AA,-,AA,AA,-,AA,AA,AA,AA,AA,AA,AA,-,AA,-,AA,-,AA,AA,AA,AA,AA,AA,AA,AA,AA,AA,-,AA,AA,AA,AA,AA,AA,AA,AA,AA,AA,AA,AA,-,-,-,AA,-,-,AA,AA,-,AA,-,AA,-,-,-,AA,AA,-,-,AA,AA,AA,AA,AA,-,AA,AA,-,AA,-,AA,AA,-,-,AA,AA,-,AA,AA,AA,AA,AA,AA,AA,AA,AA,AA,AA,AA,-,-,AA,AA,-,AA,AA,AA,AA,AA,AA,AA,AA,AA,AA,-,BB,BB,-,AA,AA,AA,-,-,BB,BB,BB,BB,-,BB,BB,BB,BB,BB,BB,BB,BB,BB,BB,BB,-,BB,BB,-,BB,BB,AA,AA,BB,BB,-,-,BB,-,BB,BB,BB,AA,BB,BB,-,BB,BB,BB,BB,-,BB,BB,BB,BB,BB,BB,BB,BB,BB,BB,BB,BB,BB,BB,BB,BB,BB,BB,-,BB,BB,-,BB,-,BB,AA,AA,AA,AA,AA,AA,AA,-,-,-,-,AA,-,AA,AA,-,AA,AA,AA,-,AA,AA,AA,-,-,AA,BB,-,BB,-,-,BB,BB,BB,BB,BB,-,BB,BB,BB,-,BB,BB,-,-,BB,BB,BB,-,BB,-,BB,BB,BB,BB,BB,-,-,-,BB,BB,-,-,BB,BB,BB,-,-,-,BB,-,BB,-,-,-,-,BB,BB,BB,BB,BB,BB,AA,AA,AA,AA,AA,-,-,AA,-,AA,-,-,-,BB,BB,BB,-,BB,-,BB,BB,BB,-,BB,BB,BB,BB,BB,BB,-,BB,BB,BB,-,BB,BB,BB,BB,BB,BB,BB,BB,BB,BB,BB,BB,BB,BB,BB,AA,-,BB,AA,-,AA,AA,AA,-,AA,-,AA,AA,-,AA,-,-,-,-,-,AA,AA,AA,AA,AA,AA,AA,AA,AA,AA,AA,-,-,AA,AA,-,-,AA,AA,-,AA,-,-,-,AA,AA,AA,AA,AA,AA,AA,AA,AA,AA,AA,AA,-,AA,AA,AA,AA,AA,AA,AA,-,-,AA,AA,AA,AA,-,-,-,AA,AA,AA,-,AA,AA,-,AA,AA,-,AA,-,AA,AA,AA,-,AA,AA,AA,-,-,-,-,AA,AA,AA,AA,AA,-,AA,AA,AA,AA,AA,AA,AA,AA,-,AA,AA,-,-,AA,-,AA,AA,AA,AA,AA,AA,-,AA,AA,AA,-,-,AA,AA,AA,AA,AA,AA,AA
310,0.5651034,0.55333,40.761399,42.8333,45.4999999999999,45.5,-1.91066848192496,AA,-,AA,AA,AA,AA,-,AA,AA,AA,AA,AA,AA,AA,-,-,-,-,AA,AA,AA,AA,-,AA,AA,AA,AA,-,AA,AA,-,AA,AA,AA,AA,AA,AA,AA,AA,AA,AA,AA,AA,-,AA,AA,AA,BB,AA,AA,AA,AA,AA,-,AA,BB,BB,BB,AA,AA,BB,BB,BB,AA,AA,-,AA,AA,AA,AA,-,AA,AA,-,AA,AA,AA,AA,BB,BB,-,BB,BB,-,BB,BB,AA,AA,AA,-,AA,BB,BB,BB,BB,BB,BB,-,AA,AA,-,AA,-,-,AA,AA,AA,BB,BB,BB,BB,BB,BB,BB,AA,-,BB,BB,BB,BB,BB,BB,BB,BB,BB,BB,BB,BB,BB,BB,BB,AA,AA,AA,AA,AA,AA,-,BB,-,AA,-,AA,-,AA,AA,AA,-,AA,-,AA,-,AA,-,BB,AA,AA,AA,AA,AA,BB,BB,BB,AA,BB,BB,BB,AA,AA,AA,-,BB,BB,BB,BB,BB,AA,BB,AA,AA,BB,AA,BB,-,-,AA,-,AA,AA,AA,AA,BB,-,BB,BB,BB,-,-,BB,BB,-,-,BB,BB,BB,BB,BB,BB,AA,BB,-,BB,BB,BB,BB,BB,BB,BB,BB,-,BB,BB,BB,BB,BB,BB,BB,BB,BB,BB,BB,-,BB,BB,-,-,-,BB,BB,BB,BB,BB,BB,BB,BB,BB,BB,BB,-,-,-,BB,BB,BB,BB,BB,BB,BB,-,-,BB,BB,BB,-,BB,AA,AA,AA,AA,BB,BB,BB,-,BB,BB,BB,BB,BB,BB,BB,-,BB,-,BB,-,BB,BB,BB,-,BB,BB,BB,BB,-,BB,-,AA,AA,AA,AA,BB,BB,AA,AA,AA,BB,AA,BB,BB,BB,BB,BB,BB,-,AA,AA,-,-,AA,AA,-,AA,AA,AA,AA,AA,AA,BB,AA,AA,AA,AA,AA,AA,AA,AA,AA,AA,AA,-,AA,AA,AA,AA,AA,AA,AA,-,AA,AA,AA,AA,AA,AA,AA,AA,AA,AA,-,AA,AA,AA,AA,AA,-,-,AA,AA,AA,AA,-,-,AA,AA,AA,AA,AA,-,AA,AA,AA,AA,AA,AA,-,AA,AA,AA,-,-,-,AA,-,-,AA,AA,AA,AA,AA,AA,AA,AA,AA,-,AA,AA,AA,AA,AA,AA,AA,AA,-,AA,AA,AA,AA,-,AA,-,AA,AA,AA,AA,-,AA,AA,AA,-,AA,AA,AA,AA,-,AA,AA,AA,AA,AA,AA,AA,-,AA,AA,AA,AA,-,AA,AA,AA
311,1.0922905,1.16833,44.155682,49.3333,24.0000000000001,24,-0.788031183279994,BB,BB,AA,AA,-,-,AA,BB,AA,AA,-,AA,AA,BB,BB,-,-,-,AA,-,-,-,-,AA,AA,AA,AA,AA,-,AA,-,-,-,-,-,AA,AA,AA,AA,AA,-,AA,-,-,-,-,AA,-,-,AA,AA,-,-,-,-,-,-,-,BB,BB,-,-,-,-,-,BB,-,-,AA,-,BB,BB,-,-,-,-,-,AA,-,-,-,-,-,-,-,-,BB,BB,BB,-,BB,-,-,-,-,-,-,BB,BB,BB,-,BB,BB,-,BB,BB,BB,-,BB,-,BB,BB,BB,BB,-,BB,-,-,-,-,-,-,BB,-,-,-,BB,-,BB,-,-,-,-,BB,-,-,-,BB,AA,-,-,-,-,-,-,AA,-,BB,-,AA,BB,-,-,-,AA,-,-,-,-,BB,AA,AA,AA,-,AA,AA,AA,-,-,-,AA,-,-,AA,AA,AA,-,AA,-,-,AA,-,AA,AA,AA,AA,AA,BB,BB,-,AA,-,-,AA,-,AA,-,-,-,-,-,-,-,AA,-,-,AA,-,BB,-,-,BB,AA,-,-,-,BB,AA,-,-,BB,-,-,-,BB,AA,-,AA,BB,-,-,-,-,AA,-,AA,-,AA,-,-,-,AA,-,AA,-,-,-,-,-,-,-,-,-,AA,BB,-,-,-,AA,-,BB,BB,BB,BB,BB,BB,BB,BB,BB,-,-,-,AA,AA,-,-,-,-,-,-,-,-,-,-,-,BB,BB,-,AA,AA,AA,AA,AA,-,-,-,-,BB,-,-,AA,AA,BB,-,-,AA,BB,AA,AA,AA,AA,AA,AA,BB,-,BB,AA,-,-,BB,-,AA,-,-,-,-,BB,BB,-,-,BB,-,-,-,BB,AA,AA,AA,AA,AA,AA,AA,AA,AA,-,AA,-,AA,AA,-,-,AA,AA,-,AA,AA,-,AA,-,AA,AA,AA,AA,AA,-,-,AA,-,-,BB,-,-,BB,AA,AA,AA,-,-,BB,-,-,-,AA,-,-,-,-,-,-,-,BB,BB,BB,-,BB,BB,-,BB,-,-,-,BB,-,-,AA,BB,BB,BB,BB,-,-,AA,-,AA,AA,BB,-,-,AA,-,BB,AA,AA,-,-,BB,AA,-,-,AA,-,AA,-,-,-,BB,-,-,-,-,-,-,BB,AA,AA,-,-,-,AA,AA
312,1.0952844,1.10833,48.92594,48.8333,47.9999999999999,48,-0.9099822734698,AA,AA,BB,BB,AA,-,BB,AA,BB,BB,BB,BB,BB,-,AA,AA,AA,AA,BB,AA,AA,AA,AA,BB,BB,BB,BB,AA,AA,AA,-,AA,-,AA,AA,AA,AA,AA,AA,AA,AA,AA,-,-,-,AA,AA,AA,AA,AA,AA,AA,AA,AA,-,AA,AA,AA,AA,AA,AA,AA,AA,-,AA,AA,AA,AA,BB,AA,AA,-,-,AA,AA,-,-,AA,AA,AA,AA,AA,AA,AA,AA,AA,AA,AA,AA,AA,AA,AA,AA,AA,-,AA,-,-,BB,BB,-,BB,BB,-,BB,BB,BB,AA,BB,AA,BB,BB,BB,BB,-,-,AA,AA,AA,AA,AA,AA,AA,AA,AA,AA,AA,-,AA,AA,AA,AA,AA,AA,AA,AA,AA,-,BB,-,AA,AA,AA,AA,-,AA,AA,AA,AA,-,AA,AA,AA,AA,BB,AA,AA,AA,AA,AA,BB,BB,BB,AA,BB,BB,BB,-,AA,-,BB,BB,-,BB,BB,BB,BB,BB,BB,BB,BB,BB,BB,AA,AA,AA,AA,AA,AA,AA,AA,AA,-,AA,-,AA,-,AA,AA,-,AA,AA,AA,AA,AA,AA,AA,-,AA,AA,AA,AA,-,AA,AA,-,AA,AA,AA,AA,AA,AA,AA,-,AA,BB,-,-,AA,BB,BB,-,BB,-,-,-,BB,BB,-,BB,BB,BB,-,BB,BB,BB,-,BB,BB,BB,-,BB,BB,BB,BB,-,BB,-,BB,BB,BB,BB,BB,BB,BB,AA,-,AA,AA,BB,BB,-,-,AA,-,AA,AA,AA,AA,AA,AA,AA,AA,AA,AA,AA,AA,-,BB,BB,BB,BB,BB,BB,BB,-,-,BB,-,BB,BB,BB,-,-,BB,BB,-,BB,BB,BB,BB,BB,BB,-,BB,BB,-,-,-,BB,BB,BB,BB,-,BB,-,BB,BB,BB,BB,BB,-,BB,-,BB,BB,BB,BB,BB,AA,AA,AA,AA,AA,-,BB,BB,AA,-,BB,-,AA,AA,BB,BB,BB,-,-,-,AA,AA,AA,BB,BB,BB,BB,BB,BB,-,BB,-,-,BB,BB,BB,BB,-,BB,BB,-,BB,BB,BB,BB,BB,-,-,BB,BB,-,BB,BB,BB,BB,BB,BB,-,BB,BB,BB,BB,BB,BB,BB,BB,-,AA,AA,AA,-,-,BB,-,BB,BB,AA,-,AA,BB,-,AA,BB,BB,AA,AA,-,BB,AA,AA,BB,AA,BB,-,AA,AA,BB,BB,BB,-,BB,-,-,AA,BB,BB,AA,AA,BB,BB,BB
313,0.7325196,0.82,48.246424,53.6667,21.5,21.5,-1.34093670746292,-,-,BB,BB,BB,BB,BB,BB,BB,BB,BB,BB,BB,BB,-,-,BB,BB,BB,-,BB,BB,BB,BB,BB,BB,BB,BB,-,BB,BB,-,-,-,BB,BB,BB,BB,BB,BB,-,BB,-,BB,BB,-,BB,BB,-,BB,BB,BB,BB,-,BB,BB,-,BB,BB,BB,-,BB,BB,BB,BB,BB,-,BB,BB,BB,BB,BB,BB,BB,-,-,-,AA,-,-,-,AA,-,AA,AA,-,AA,AA,AA,AA,AA,AA,AA,AA,-,-,-,AA,BB,BB,AA,AA,BB,BB,BB,BB,BB,-,BB,BB,BB,BB,BB,BB,AA,-,-,BB,-,-,BB,BB,-,BB,-,BB,BB,-,-,BB,-,-,BB,-,BB,BB,-,BB,BB,BB,BB,BB,BB,BB,BB,BB,BB,BB,-,BB,BB,-,BB,AA,BB,-,AA,-,-,AA,AA,AA,AA,AA,AA,AA,AA,-,AA,AA,AA,AA,AA,AA,AA,AA,AA,AA,AA,AA,AA,AA,AA,BB,BB,BB,BB,BB,BB,-,BB,BB,BB,BB,-,-,-,BB,-,BB,BB,BB,-,BB,BB,-,-,BB,BB,-,BB,BB,BB,BB,BB,BB,BB,BB,-,BB,BB,BB,AA,BB,BB,-,-,BB,BB,BB,BB,BB,BB,BB,BB,BB,-,BB,BB,BB,BB,BB,BB,-,-,BB,BB,BB,BB,BB,-,-,BB,-,AA,AA,BB,BB,-,-,BB,BB,BB,BB,BB,BB,BB,BB,BB,-,-,-,BB,BB,BB,-,AA,AA,-,AA,AA,AA,AA,BB,AA,AA,AA,AA,AA,AA,AA,AA,AA,-,-,AA,AA,-,-,AA,AA,AA,-,-,AA,AA,-,AA,AA,AA,AA,AA,AA,AA,AA,-,AA,-,AA,AA,-,AA,AA,AA,AA,AA,AA,-,AA,AA,AA,AA,-,AA,AA,-,-,AA,AA,AA,AA,AA,AA,AA,-,AA,-,-,-,-,AA,AA,AA,-,AA,AA,-,AA,AA,AA,AA,AA,AA,AA,AA,AA,AA,AA,-,-,-,-,AA,AA,AA,AA,AA,-,AA,AA,-,-,AA,AA,-,-,AA,AA,AA,AA,-,AA,-,-,-,AA,-,AA,-,AA,AA,AA,-,AA,AA,AA,AA,-,AA,-,AA,AA,AA,-,AA,AA,AA,-,AA,AA,-,AA,AA,AA,AA,AA,AA,-,-,AA,AA,AA,-,AA,AA,AA,AA,-,BB,-,-,-,-,BB,BB,-,AA,-,-,BB
314,1.4509716,1.555,37.898795,43.7222,19.5,19.5,-0.0851358465390817,AA,-,AA,AA,-,AA,AA,-,AA,AA,AA,AA,AA,AA,-,-,-,AA,AA,AA,-,-,AA,AA,AA,AA,AA,AA,AA,AA,-,AA,-,-,AA,AA,AA,AA,AA,AA,AA,AA,AA,-,AA,AA,AA,AA,-,AA,AA,-,-,AA,-,-,AA,-,AA,AA,-,-,AA,AA,AA,AA,-,AA,AA,AA,-,AA,AA,AA,-,AA,-,AA,AA,-,AA,AA,AA,AA,AA,-,AA,AA,AA,-,AA,AA,-,AA,AA,-,AA,-,AA,AA,-,AA,AA,-,AA,AA,AA,AA,AA,AA,AA,AA,AA,AA,AA,-,AA,AA,AA,AA,AA,AA,-,AA,AA,-,-,AA,AA,AA,-,AA,-,AA,AA,-,-,AA,AA,AA,-,AA,AA,AA,-,AA,-,-,AA,AA,AA,-,AA,AA,AA,AA,AA,AA,-,-,AA,AA,AA,AA,AA,AA,AA,AA,AA,-,BB,AA,-,BB,BB,BB,BB,BB,BB,BB,BB,BB,BB,AA,AA,AA,AA,AA,AA,-,AA,AA,-,AA,-,AA,AA,AA,AA,AA,AA,AA,AA,AA,-,-,AA,-,AA,AA,-,AA,AA,AA,AA,-,AA,AA,-,AA,AA,AA,-,AA,-,-,BB,BB,BB,BB,BB,-,BB,BB,BB,-,-,BB,BB,-,-,BB,BB,-,-,BB,BB,BB,-,BB,-,BB,BB,BB,-,-,-,-,-,BB,BB,BB,BB,BB,BB,BB,BB,BB,AA,BB,-,BB,BB,AA,AA,AA,AA,AA,-,-,AA,-,AA,AA,-,AA,AA,BB,BB,BB,BB,BB,BB,-,BB,BB,BB,BB,-,BB,BB,BB,BB,BB,BB,BB,-,BB,BB,BB,BB,BB,BB,-,BB,BB,BB,BB,-,BB,-,BB,-,-,-,-,BB,BB,BB,BB,-,-,-,-,-,BB,BB,BB,BB,BB,BB,BB,BB,BB,BB,-,BB,BB,-,-,-,BB,BB,BB,-,BB,BB,BB,-,BB,BB,BB,BB,BB,-,-,-,BB,-,BB,-,BB,-,BB,BB,BB,BB,BB,BB,BB,BB,BB,BB,BB,BB,-,BB,AA,BB,-,BB,BB,-,BB,-,BB,-,BB,BB,BB,-,-,-,-,AA,-,BB,-,AA,AA,-,AA,-,AA,AA,-,-,-,AA,AA,AA,AA,AA,AA,-,AA,AA,AA,AA,AA,-,AA,-,-,-,-,-,BB,BB,BB,-,-,AA,BB,BB,-,AA,AA,AA,AA
315,1.5519041,1.54333,38.256193,40.6667,40.9999999999999,41,-0.103704154282294,-,-,BB,AA,-,BB,BB,-,BB,BB,BB,BB,AA,AA,AA,AA,-,-,AA,AA,AA,-,-,AA,AA,AA,AA,-,-,AA,-,AA,-,AA,-,AA,AA,AA,AA,AA,AA,AA,AA,AA,AA,-,AA,-,AA,BB,-,BB,AA,-,AA,AA,AA,AA,AA,AA,-,-,-,AA,-,-,-,-,AA,AA,AA,AA,-,AA,-,-,-,-,AA,BB,BB,-,-,BB,-,BB,BB,BB,BB,-,BB,BB,BB,-,BB,-,BB,BB,BB,BB,-,BB,-,-,AA,AA,AA,AA,BB,BB,BB,BB,BB,BB,-,-,-,BB,BB,-,-,AA,BB,-,-,-,BB,BB,-,-,-,BB,BB,-,BB,-,BB,-,BB,-,BB,BB,-,-,BB,-,BB,BB,-,BB,-,-,-,BB,BB,BB,BB,-,BB,-,BB,BB,BB,-,BB,BB,BB,BB,BB,-,-,BB,BB,BB,BB,BB,-,BB,BB,BB,BB,BB,BB,-,-,BB,BB,AA,AA,-,BB,-,-,AA,BB,BB,-,AA,-,-,-,-,AA,AA,-,AA,AA,-,AA,AA,-,AA,-,BB,BB,BB,BB,-,-,BB,BB,-,BB,-,BB,-,BB,BB,BB,BB,BB,-,BB,-,BB,-,BB,BB,BB,-,BB,-,-,BB,-,BB,BB,BB,BB,BB,BB,BB,BB,BB,BB,-,BB,BB,-,-,BB,BB,BB,-,BB,AA,AA,AA,AA,-,AA,-,-,AA,-,AA,-,-,AA,-,-,-,AA,-,AA,AA,AA,-,AA,AA,AA,AA,AA,-,-,-,AA,AA,-,AA,AA,AA,-,AA,-,AA,AA,AA,AA,AA,AA,AA,AA,AA,-,AA,-,-,-,AA,-,AA,AA,AA,AA,-,-,BB,BB,-,-,BB,BB,-,-,BB,BB,BB,BB,-,BB,AA,AA,BB,BB,-,-,AA,AA,AA,-,AA,AA,-,-,AA,-,AA,AA,AA,AA,AA,AA,AA,-,AA,-,AA,AA,AA,-,AA,-,AA,AA,AA,AA,AA,AA,AA,AA,AA,AA,-,AA,BB,BB,AA,BB,BB,BB,AA,BB,BB,BB,-,BB,AA,AA,-,-,-,-,-,AA,-,AA,-,BB,BB,-,BB,-,-,AA,AA,AA,AA,AA,AA,AA,AA,AA,AA,AA,AA,AA,-,-,AA,-,AA,-,-,-,-,-,AA,-,AA,-,-,AA,AA,AA,AA,-,AA,AA,AA
316,1.5321367,1.55667,44.169433,43,50.0000000000004,50,-0.040679226898454,-,AA,AA,AA,-,AA,AA,AA,AA,AA,-,AA,AA,-,AA,-,AA,-,BB,BB,-,-,BB,BB,-,AA,AA,BB,BB,-,-,BB,-,BB,BB,BB,BB,BB,-,BB,-,BB,-,-,BB,-,BB,BB,-,BB,BB,BB,BB,BB,BB,BB,BB,BB,BB,BB,-,-,-,BB,-,BB,BB,-,BB,BB,BB,-,-,BB,-,BB,BB,BB,BB,BB,-,BB,BB,-,-,-,BB,BB,BB,BB,BB,-,BB,AA,AA,-,-,-,AA,AA,BB,-,AA,-,AA,AA,AA,AA,AA,AA,AA,AA,AA,-,AA,-,-,AA,AA,-,AA,-,-,-,-,AA,-,BB,BB,-,AA,AA,-,AA,AA,AA,AA,-,AA,AA,AA,AA,AA,AA,-,-,AA,-,AA,AA,-,-,BB,BB,BB,BB,BB,BB,-,-,BB,BB,BB,BB,BB,BB,BB,BB,-,BB,BB,BB,BB,BB,BB,BB,BB,BB,BB,-,BB,-,BB,AA,AA,AA,AA,-,AA,-,-,-,-,-,-,-,AA,AA,AA,AA,-,-,-,AA,-,-,AA,AA,AA,-,AA,AA,-,-,-,AA,AA,-,-,AA,-,AA,-,-,AA,BB,-,BB,BB,BB,-,-,BB,BB,-,-,BB,BB,BB,BB,BB,BB,BB,BB,-,BB,BB,BB,BB,-,BB,BB,BB,-,-,-,-,BB,BB,-,BB,BB,BB,BB,BB,AA,-,AA,AA,-,-,-,AA,-,-,AA,AA,AA,AA,-,-,AA,-,AA,-,AA,AA,AA,AA,BB,BB,-,BB,-,BB,BB,-,BB,-,BB,BB,BB,BB,BB,-,BB,BB,BB,BB,BB,-,BB,BB,BB,BB,BB,BB,-,-,BB,-,-,-,-,BB,BB,-,-,BB,-,BB,BB,BB,BB,-,-,BB,BB,BB,AA,AA,-,-,AA,-,-,AA,-,-,-,-,AA,AA,AA,AA,-,AA,-,-,AA,AA,AA,AA,AA,AA,-,-,AA,AA,AA,-,AA,-,BB,BB,BB,BB,BB,-,BB,BB,-,-,BB,BB,-,-,BB,BB,-,BB,BB,BB,-,-,-,-,BB,BB,BB,-,BB,-,BB,BB,-,-,BB,BB,BB,BB,BB,-,BB,BB,BB,BB,BB,BB,-,AA,AA,AA,-,-,AA,-,AA,AA,-,-,AA,AA,-,-,AA,-,-,-,AA,AA,-,-,AA,AA,AA,AA,-,AA,AA
317,1.8510962,1.83333,48.798011,50.1667,54,54,0.672170865541125,-,BB,BB,BB,BB,BB,BB,BB,BB,BB,BB,BB,BB,BB,BB,BB,AA,AA,AA,AA,-,AA,-,AA,AA,AA,AA,-,-,AA,AA,BB,BB,BB,-,BB,BB,BB,BB,BB,-,BB,BB,BB,-,BB,BB,BB,BB,BB,BB,BB,BB,BB,BB,BB,BB,BB,BB,BB,BB,BB,-,BB,BB,-,BB,BB,BB,BB,BB,-,BB,BB,BB,-,BB,BB,BB,AA,AA,AA,AA,-,AA,AA,AA,AA,AA,AA,AA,AA,AA,-,-,AA,-,AA,AA,AA,-,AA,-,BB,BB,BB,BB,BB,BB,BB,BB,-,BB,BB,BB,BB,BB,BB,-,BB,BB,-,BB,BB,-,-,BB,BB,BB,BB,-,BB,-,BB,-,BB,-,BB,-,-,-,BB,BB,BB,BB,BB,BB,BB,BB,BB,BB,AA,AA,AA,AA,-,AA,-,AA,AA,AA,AA,AA,AA,AA,AA,AA,AA,-,AA,-,AA,AA,AA,-,AA,-,-,BB,BB,-,BB,-,-,-,BB,BB,BB,BB,BB,BB,BB,BB,BB,BB,BB,BB,BB,BB,BB,BB,BB,BB,BB,BB,BB,BB,BB,BB,-,AA,BB,AA,AA,AA,AA,-,-,-,AA,AA,AA,-,AA,AA,AA,-,AA,AA,AA,AA,AA,AA,AA,-,AA,BB,AA,AA,-,AA,BB,BB,-,BB,-,BB,BB,BB,BB,BB,BB,-,-,BB,BB,BB,-,BB,BB,BB,BB,BB,-,BB,AA,AA,AA,AA,-,-,AA,AA,AA,-,AA,-,AA,AA,AA,-,-,AA,AA,AA,AA,AA,AA,AA,AA,AA,AA,AA,-,-,-,-,-,-,AA,AA,AA,AA,AA,AA,AA,AA,AA,AA,AA,AA,AA,AA,-,AA,-,-,AA,AA,AA,AA,AA,AA,AA,-,AA,AA,AA,AA,-,AA,-,AA,AA,AA,AA,AA,AA,AA,-,BB,BB,BB,BB,-,-,-,BB,-,BB,BB,BB,BB,BB,BB,-,BB,BB,-,BB,BB,BB,BB,BB,BB,BB,BB,BB,-,-,-,-,BB,BB,BB,-,-,BB,-,BB,-,BB,BB,-,BB,-,BB,-,BB,BB,BB,BB,BB,-,BB,-,BB,-,BB,BB,-,BB,-,BB,-,BB,BB,BB,BB,BB,-,BB,-,BB,BB,BB,BB,BB,BB,-,-,BB,BB,BB,BB,BB,BB,BB,BB,BB,-,BB,BB,BB,BB,BB,BB,BB,BB,BB,BB,BB,-,BB,BB,BB,BB,BB,BB,BB
318,1.0595867,1.11167,47.754392,50.5,47.0000000000002,47,-0.8823619210071,-,-,AA,AA,-,AA,AA,-,AA,AA,AA,AA,AA,AA,AA,AA,-,-,AA,AA,-,AA,AA,AA,AA,AA,AA,AA,AA,AA,AA,AA,-,-,-,AA,AA,AA,AA,AA,-,AA,-,-,AA,-,AA,AA,AA,AA,-,-,AA,-,AA,AA,-,AA,AA,AA,AA,AA,AA,AA,AA,-,AA,-,AA,AA,AA,AA,-,AA,AA,-,AA,AA,-,BB,-,AA,AA,-,-,AA,AA,AA,AA,AA,AA,AA,-,-,-,AA,AA,-,AA,AA,-,AA,-,-,BB,BB,BB,-,BB,BB,BB,BB,BB,BB,-,BB,BB,-,BB,BB,BB,BB,BB,BB,BB,-,-,BB,BB,BB,-,-,BB,BB,BB,BB,BB,BB,BB,-,BB,BB,BB,BB,BB,BB,BB,-,-,BB,-,BB,BB,-,BB,BB,-,BB,-,BB,BB,BB,BB,BB,BB,BB,BB,BB,-,BB,-,BB,BB,BB,BB,BB,BB,BB,BB,BB,BB,BB,BB,-,-,BB,BB,BB,BB,BB,BB,-,-,BB,-,-,BB,-,-,AA,AA,-,-,-,-,-,AA,AA,AA,-,AA,AA,AA,AA,-,AA,AA,AA,AA,AA,AA,-,AA,AA,AA,-,AA,-,AA,AA,-,-,AA,AA,-,AA,-,AA,-,AA,AA,AA,AA,AA,AA,AA,AA,AA,-,-,BB,BB,BB,BB,AA,AA,-,-,-,AA,BB,BB,AA,-,AA,AA,AA,AA,AA,AA,AA,AA,AA,-,AA,-,AA,AA,-,AA,AA,AA,AA,AA,AA,AA,AA,-,AA,AA,AA,AA,AA,-,AA,-,AA,AA,-,-,AA,AA,-,AA,AA,AA,-,AA,AA,AA,AA,AA,AA,-,-,AA,-,AA,-,AA,-,AA,AA,AA,AA,-,AA,-,AA,-,AA,-,-,AA,AA,AA,AA,AA,AA,-,AA,AA,AA,AA,AA,AA,AA,AA,AA,AA,-,AA,AA,AA,AA,-,AA,AA,-,AA,AA,AA,AA,AA,-,-,AA,-,AA,AA,AA,-,-,AA,AA,AA,AA,AA,AA,-,-,-,AA,AA,AA,-,AA,-,AA,BB,-,AA,BB,-,BB,BB,BB,BB,-,BB,BB,-,BB,BB,BB,BB,BB,BB,BB,BB,-,BB,-,BB,BB,BB,BB,BB,BB,-,BB,BB,BB,BB,-,-,BB,BB,BB,BB,BB,BB,-,BB,BB,BB,-,BB,BB,-,-,BB,-,BB,BB,BB,-,BB,BB,BB
319,1.8920667,1.945,42.401438,47,25.0000000000001,25,1.22324032738863,AA,-,AA,AA,-,AA,AA,AA,AA,AA,AA,AA,AA,-,AA,AA,AA,-,AA,AA,AA,AA,-,AA,AA,AA,AA,-,-,AA,AA,AA,AA,AA,-,AA,AA,AA,AA,AA,AA,AA,AA,AA,AA,AA,AA,AA,AA,BB,AA,BB,BB,-,BB,-,-,-,BB,BB,-,BB,BB,-,BB,-,BB,BB,BB,BB,BB,-,-,-,BB,BB,AA,AA,AA,AA,AA,-,AA,AA,AA,-,AA,AA,AA,-,AA,AA,-,-,-,AA,AA,AA,AA,AA,-,AA,-,BB,BB,BB,BB,BB,BB,-,BB,BB,BB,BB,BB,BB,-,-,BB,-,-,BB,BB,-,BB,BB,BB,BB,-,BB,BB,BB,-,BB,-,BB,BB,BB,BB,-,BB,-,AA,AA,AA,AA,AA,-,-,AA,-,-,-,AA,AA,-,AA,-,AA,AA,AA,AA,AA,AA,AA,AA,AA,AA,AA,AA,-,AA,AA,AA,AA,AA,AA,AA,-,AA,AA,AA,AA,-,-,AA,AA,AA,AA,AA,-,AA,AA,AA,AA,AA,-,AA,AA,-,AA,AA,-,AA,AA,AA,AA,AA,AA,-,AA,AA,AA,AA,-,AA,AA,-,AA,-,BB,BB,-,BB,BB,BB,BB,-,BB,-,BB,-,-,BB,-,-,-,BB,-,-,BB,BB,BB,BB,BB,BB,BB,BB,-,BB,-,BB,-,-,BB,-,BB,BB,BB,BB,BB,BB,BB,-,BB,AA,AA,AA,AA,-,-,-,AA,AA,AA,AA,AA,AA,AA,-,AA,-,AA,AA,AA,AA,AA,AA,AA,AA,AA,AA,AA,-,AA,-,AA,-,-,AA,AA,AA,-,AA,AA,AA,AA,AA,AA,AA,AA,AA,AA,AA,AA,-,-,AA,-,-,-,AA,AA,AA,AA,AA,AA,AA,AA,AA,-,AA,-,AA,AA,AA,AA,AA,-,-,BB,BB,BB,BB,BB,-,BB,BB,BB,BB,BB,BB,BB,BB,BB,BB,-,-,BB,BB,BB,BB,BB,BB,BB,-,-,BB,-,-,BB,BB,BB,BB,BB,BB,-,-,-,BB,-,-,BB,BB,BB,-,AA,AA,-,AA,-,AA,AA,AA,-,-,-,AA,-,AA,AA,-,AA,AA,AA,AA,AA,AA,BB,BB,-,BB,BB,BB,BB,BB,-,BB,BB,-,BB,BB,BB,BB,BB,BB,BB,BB,AA,AA,AA,AA,AA,AA,AA,AA,AA,AA,-,AA,AA,AA,-,AA,AA,-,AA,AA,AA,AA
320,1.8295447,1.835,43.886372,45.5,37.5,37.5,0.743420496902133,AA,AA,AA,AA,-,AA,AA,-,AA,AA,AA,AA,AA,-,-,AA,-,-,AA,AA,AA,AA,AA,AA,AA,AA,AA,AA,AA,-,-,-,-,-,-,BB,BB,BB,BB,BB,BB,BB,-,-,BB,-,BB,BB,BB,BB,-,BB,-,-,-,BB,-,BB,BB,BB,BB,BB,BB,-,BB,-,BB,-,BB,BB,BB,-,BB,BB,BB,BB,BB,BB,BB,BB,-,AA,-,AA,-,AA,AA,AA,AA,-,BB,AA,AA,AA,AA,AA,-,BB,-,AA,-,AA,-,AA,AA,AA,AA,-,AA,-,AA,AA,AA,AA,AA,AA,AA,AA,AA,AA,-,-,-,-,AA,AA,AA,-,AA,AA,-,AA,AA,AA,AA,-,-,-,AA,-,-,AA,AA,AA,AA,AA,-,-,AA,AA,-,AA,AA,AA,AA,AA,-,-,AA,-,AA,AA,AA,-,AA,AA,AA,-,-,BB,-,AA,AA,AA,AA,BB,AA,BB,BB,-,BB,-,BB,-,-,AA,AA,AA,BB,AA,-,AA,-,-,-,-,BB,-,-,BB,BB,BB,BB,-,BB,BB,BB,-,BB,BB,-,BB,-,-,-,BB,BB,BB,-,-,BB,BB,BB,BB,BB,-,BB,-,BB,BB,-,-,BB,BB,-,-,BB,BB,BB,-,BB,BB,BB,BB,BB,BB,BB,BB,-,-,BB,BB,BB,BB,BB,-,BB,BB,BB,BB,BB,BB,BB,-,BB,AA,AA,AA,AA,AA,-,AA,AA,AA,BB,BB,-,AA,-,-,BB,BB,BB,BB,BB,BB,BB,BB,BB,BB,BB,BB,BB,BB,BB,-,-,-,BB,-,BB,BB,-,BB,BB,BB,BB,BB,BB,BB,BB,BB,AA,BB,BB,BB,-,-,-,BB,BB,-,-,-,-,BB,BB,-,-,BB,BB,BB,BB,-,AA,BB,BB,AA,AA,-,BB,BB,BB,BB,BB,-,-,-,BB,-,BB,BB,BB,-,-,BB,-,BB,BB,BB,BB,BB,BB,-,BB,-,-,BB,-,BB,-,-,-,BB,BB,BB,-,-,BB,BB,BB,-,BB,BB,BB,BB,BB,BB,BB,-,-,-,-,BB,BB,BB,BB,-,BB,BB,-,BB,BB,-,AA,AA,-,AA,AA,AA,AA,AA,AA,AA,AA,-,AA,AA,AA,AA,-,AA,AA,AA,-,AA,AA,-,AA,BB,-,-,BB,BB,BB,BB,BB,-,BB,BB,-,-,BB,BB,BB,BB,-,BB,BB,BB
321,0.4234549,0.47167,37.683704,41.3333,38.0000000000001,38,-2.01173586696531,AA,BB,BB,BB,BB,BB,BB,BB,BB,BB,BB,BB,BB,BB,BB,BB,BB,BB,BB,BB,BB,BB,BB,BB,BB,BB,BB,BB,BB,BB,BB,BB,BB,BB,AA,AA,BB,AA,AA,AA,AA,AA,AA,AA,AA,AA,AA,AA,AA,AA,AA,AA,AA,AA,AA,AA,AA,AA,AA,AA,AA,AA,AA,AA,AA,-,AA,AA,AA,AA,AA,AA,AA,AA,AA,AA,AA,AA,AA,AA,AA,AA,AA,AA,AA,-,AA,AA,AA,AA,AA,AA,AA,AA,AA,AA,AA,BB,AA,AA,-,AA,-,AA,AA,AA,AA,AA,AA,AA,AA,AA,AA,AA,AA,AA,AA,AA,AA,AA,AA,AA,AA,AA,BB,BB,BB,BB,BB,BB,BB,BB,BB,BB,BB,BB,-,BB,BB,-,AA,AA,AA,AA,AA,AA,-,AA,AA,AA,AA,AA,AA,AA,AA,AA,AA,AA,AA,AA,AA,AA,AA,BB,AA,AA,BB,BB,-,BB,-,BB,BB,BB,BB,BB,BB,BB,BB,BB,BB,BB,BB,-,-,AA,AA,AA,AA,AA,AA,AA,AA,AA,AA,BB,BB,BB,BB,BB,BB,BB,BB,BB,AA,BB,BB,BB,BB,BB,BB,BB,BB,BB,BB,BB,BB,BB,BB,BB,BB,BB,BB,BB,BB,BB,BB,BB,BB,BB,BB,BB,BB,BB,BB,BB,BB,BB,BB,BB,BB,BB,BB,BB,BB,BB,BB,BB,BB,BB,BB,BB,BB,BB,BB,BB,BB,BB,BB,BB,BB,BB,BB,-,BB,AA,AA,AA,AA,AA,AA,AA,AA,AA,AA,AA,AA,AA,AA,AA,AA,AA,AA,AA,AA,-,-,AA,AA,AA,AA,AA,AA,AA,AA,-,AA,AA,AA,AA,AA,AA,AA,AA,AA,AA,-,AA,AA,AA,AA,AA,AA,AA,AA,AA,-,AA,AA,AA,AA,AA,AA,AA,AA,AA,AA,AA,AA,AA,AA,AA,AA,AA,AA,AA,AA,AA,AA,-,AA,AA,AA,BB,BB,BB,BB,-,AA,AA,AA,AA,AA,AA,AA,AA,AA,AA,AA,AA,AA,AA,AA,AA,AA,AA,AA,AA,AA,AA,AA,AA,AA,AA,AA,AA,AA,AA,AA,AA,AA,AA,AA,AA,AA,AA,AA,AA,AA,AA,AA,AA,AA,AA,AA,AA,AA,AA,AA,AA,AA,AA,AA,AA,AA,AA,AA,AA,AA,AA,AA,AA,AA,AA,AA,AA,-,AA,AA,AA,AA,AA,AA,AA,AA,AA,AA,AA,AA,AA,AA,AA,AA,AA,AA,AA,AA,AA,AA,AA,AA,AA,AA,AA,AA,AA,AA,AA,AA,AA
322,1.3917953,1.405,36.645461,39.6667,39,39,-0.418589418513795,AA,AA,AA,AA,AA,AA,AA,AA,AA,AA,AA,AA,AA,AA,AA,-,AA,-,AA,AA,AA,AA,AA,AA,AA,AA,AA,-,AA,AA,AA,AA,AA,AA,AA,AA,AA,AA,AA,AA,AA,AA,-,AA,-,AA,AA,AA,AA,-,-,BB,BB,-,-,BB,BB,BB,BB,BB,BB,-,BB,BB,BB,BB,BB,BB,BB,BB,BB,BB,-,BB,BB,-,BB,BB,-,BB,BB,BB,BB,BB,BB,BB,BB,BB,BB,-,BB,BB,BB,BB,BB,BB,BB,BB,BB,BB,-,BB,BB,BB,BB,BB,BB,-,BB,BB,BB,BB,BB,BB,BB,-,BB,BB,BB,BB,BB,BB,-,BB,BB,BB,-,BB,-,-,BB,-,BB,BB,-,BB,-,BB,BB,BB,BB,BB,-,BB,-,BB,BB,BB,BB,BB,BB,BB,BB,BB,BB,BB,BB,BB,BB,BB,BB,BB,BB,BB,BB,BB,BB,-,BB,BB,BB,BB,BB,BB,BB,BB,BB,BB,BB,BB,AA,AA,AA,AA,AA,AA,-,BB,AA,BB,-,BB,AA,AA,-,BB,BB,BB,BB,BB,-,BB,BB,-,BB,BB,BB,BB,BB,BB,BB,BB,-,BB,BB,BB,BB,BB,BB,BB,BB,-,BB,BB,BB,BB,BB,BB,BB,-,BB,BB,BB,BB,BB,BB,BB,BB,BB,BB,-,BB,BB,BB,-,-,BB,BB,BB,BB,-,-,BB,BB,BB,BB,BB,BB,-,BB,BB,BB,BB,BB,BB,AA,AA,AA,AA,AA,-,-,AA,AA,AA,AA,-,AA,AA,AA,AA,AA,AA,AA,AA,AA,AA,AA,AA,AA,AA,AA,BB,-,BB,BB,BB,BB,BB,BB,BB,BB,BB,BB,-,BB,-,BB,BB,BB,BB,BB,BB,BB,BB,-,BB,-,BB,-,-,BB,BB,BB,BB,BB,BB,BB,BB,-,BB,BB,BB,BB,BB,BB,BB,BB,BB,AA,AA,AA,AA,AA,AA,AA,AA,AA,AA,AA,AA,AA,AA,AA,AA,AA,AA,-,AA,AA,AA,AA,AA,AA,-,AA,-,AA,AA,AA,AA,AA,-,AA,AA,AA,AA,AA,AA,AA,-,AA,AA,BB,AA,BB,BB,BB,BB,BB,BB,-,BB,BB,BB,BB,-,BB,BB,BB,BB,BB,BB,BB,BB,-,BB,-,AA,AA,AA,AA,AA,AA,AA,AA,AA,AA,AA,AA,AA,AA,AA,AA,-,AA,AA,AA,AA,AA,AA,AA,AA,AA,AA,AA,AA,-,AA,-,AA,AA,-,AA,AA,-,-,AA,AA,AA
323,1.7292441,1.77833,46.516932,49.1667,23.9999999999997,24,0.517625245832955,BB,BB,-,-,BB,BB,BB,BB,BB,BB,BB,-,BB,BB,BB,-,BB,BB,AA,AA,AA,AA,AA,AA,BB,AA,BB,AA,AA,AA,AA,AA,-,AA,AA,AA,AA,AA,AA,-,AA,AA,AA,AA,AA,AA,AA,AA,-,BB,-,BB,BB,BB,BB,BB,BB,BB,BB,BB,BB,BB,BB,-,BB,BB,BB,BB,BB,BB,BB,BB,BB,BB,BB,BB,-,BB,BB,-,BB,BB,BB,BB,BB,BB,BB,BB,-,BB,-,-,BB,BB,BB,BB,BB,BB,BB,BB,-,BB,BB,BB,BB,BB,BB,BB,AA,AA,-,AA,AA,-,AA,AA,AA,AA,AA,AA,AA,AA,-,-,AA,AA,AA,AA,AA,AA,-,AA,AA,-,AA,AA,AA,AA,AA,AA,AA,AA,AA,AA,AA,AA,AA,-,AA,AA,AA,AA,AA,AA,AA,AA,AA,BB,BB,BB,AA,AA,-,BB,BB,BB,BB,BB,-,BB,BB,BB,-,BB,BB,BB,-,BB,BB,BB,BB,BB,BB,AA,AA,AA,AA,AA,AA,-,-,AA,AA,AA,AA,AA,AA,AA,AA,AA,AA,AA,AA,AA,-,AA,AA,AA,AA,AA,AA,AA,AA,AA,AA,-,AA,AA,-,AA,AA,AA,AA,AA,AA,AA,AA,AA,AA,AA,AA,AA,AA,AA,AA,AA,AA,BB,AA,AA,-,AA,AA,AA,AA,AA,AA,AA,AA,AA,AA,AA,AA,AA,AA,AA,AA,AA,AA,AA,AA,AA,AA,AA,-,BB,BB,BB,BB,-,BB,BB,BB,BB,BB,BB,BB,BB,BB,BB,BB,BB,BB,-,BB,BB,BB,BB,BB,BB,BB,-,BB,BB,BB,BB,BB,BB,BB,BB,BB,BB,BB,BB,BB,BB,AA,AA,AA,-,AA,AA,AA,AA,AA,AA,AA,AA,AA,AA,AA,AA,AA,AA,AA,AA,-,AA,AA,AA,AA,AA,AA,AA,AA,AA,-,AA,AA,AA,-,-,-,AA,AA,AA,AA,AA,AA,AA,BB,BB,BB,AA,AA,AA,AA,AA,AA,AA,AA,AA,AA,AA,AA,AA,AA,AA,AA,AA,AA,AA,AA,AA,AA,AA,AA,AA,AA,AA,AA,AA,AA,AA,-,AA,AA,AA,BB,BB,BB,AA,-,BB,AA,AA,AA,AA,AA,AA,AA,AA,AA,AA,AA,AA,AA,AA,AA,AA,AA,AA,AA,AA,AA,-,AA,AA,AA,AA,AA,AA,AA,AA,AA,AA,AA,AA,AA,AA,AA,AA,AA,AA,AA,AA,AA,AA,-,AA,AA,AA,AA,AA,AA,AA,AA,AA,AA,AA
324,1.8288982,1.83333,39.618004,42.3333,39.5000000000002,39.5,0.672170865541125,BB,BB,BB,BB,BB,BB,BB,BB,BB,BB,BB,BB,BB,BB,-,-,-,BB,BB,BB,-,BB,BB,BB,BB,BB,BB,BB,BB,-,BB,BB,BB,-,BB,BB,BB,BB,BB,BB,BB,BB,BB,BB,BB,-,AA,-,AA,AA,AA,AA,-,AA,AA,AA,AA,AA,AA,AA,AA,-,AA,AA,AA,AA,AA,AA,AA,-,AA,AA,AA,AA,AA,AA,AA,AA,-,-,AA,AA,AA,AA,AA,AA,AA,AA,AA,AA,AA,AA,AA,AA,-,AA,-,-,AA,AA,AA,AA,AA,AA,AA,AA,AA,AA,AA,AA,AA,AA,AA,AA,AA,-,AA,AA,AA,AA,AA,AA,-,-,AA,AA,AA,AA,AA,AA,-,-,BB,BB,BB,BB,BB,BB,BB,BB,BB,BB,-,BB,BB,BB,BB,-,BB,BB,BB,BB,BB,BB,BB,BB,-,-,AA,AA,BB,BB,BB,AA,AA,BB,AA,AA,AA,AA,AA,AA,AA,AA,AA,AA,AA,AA,-,AA,AA,AA,AA,BB,BB,BB,BB,BB,BB,-,BB,BB,BB,BB,BB,BB,BB,-,-,-,BB,BB,-,BB,BB,-,-,BB,BB,BB,BB,BB,BB,BB,BB,BB,BB,BB,-,BB,BB,-,BB,-,BB,BB,-,BB,BB,BB,-,BB,-,BB,-,BB,BB,BB,BB,BB,BB,BB,BB,BB,BB,BB,BB,BB,BB,-,BB,BB,BB,BB,BB,BB,BB,BB,BB,BB,BB,BB,BB,BB,BB,AA,AA,AA,AA,AA,AA,AA,AA,AA,AA,AA,AA,AA,-,AA,AA,AA,AA,AA,AA,AA,AA,-,AA,AA,AA,AA,AA,AA,AA,AA,AA,AA,AA,-,AA,AA,-,AA,-,AA,AA,AA,AA,AA,AA,AA,AA,AA,-,-,AA,AA,AA,AA,AA,AA,AA,AA,AA,AA,-,AA,-,AA,-,AA,-,AA,AA,AA,AA,AA,AA,BB,BB,BB,BB,BB,BB,BB,BB,BB,BB,BB,BB,BB,BB,BB,-,BB,BB,BB,-,BB,BB,BB,BB,BB,BB,BB,-,BB,BB,-,BB,BB,BB,BB,BB,BB,BB,BB,BB,BB,-,-,BB,-,BB,BB,BB,BB,-,BB,BB,BB,-,BB,BB,-,BB,BB,-,BB,BB,-,BB,-,BB,BB,BB,-,BB,BB,BB,BB,-,BB,BB,-,BB,BB,BB,-,BB,BB,BB,BB,BB,-,BB,BB,BB,BB,BB,BB,BB,BB,BB,BB,BB,-,-,BB,-,BB,BB,BB,BB,BB,BB,BB,BB,BB
325,1.7531476,1.77833,44.24012,45.8333,54.5000000000002,54.5,0.517625245832955,AA,AA,AA,AA,AA,AA,-,-,AA,AA,AA,AA,AA,-,AA,AA,AA,AA,BB,BB,BB,BB,BB,BB,AA,BB,AA,-,BB,BB,BB,AA,AA,AA,AA,AA,AA,AA,AA,AA,AA,AA,AA,AA,BB,BB,BB,BB,BB,BB,BB,BB,BB,BB,BB,BB,BB,BB,BB,BB,BB,BB,BB,-,BB,-,AA,AA,AA,AA,AA,AA,AA,AA,AA,AA,AA,AA,AA,AA,AA,AA,AA,AA,AA,-,AA,AA,AA,AA,AA,AA,AA,BB,BB,BB,BB,BB,BB,BB,-,BB,-,BB,BB,BB,BB,BB,BB,BB,BB,BB,BB,BB,BB,BB,BB,BB,BB,BB,BB,BB,BB,BB,BB,BB,BB,BB,BB,BB,BB,BB,BB,BB,BB,BB,-,-,BB,-,AA,BB,BB,BB,BB,BB,-,BB,BB,-,AA,AA,AA,AA,AA,AA,AA,-,AA,AA,AA,AA,AA,AA,AA,AA,AA,AA,-,AA,-,AA,AA,AA,AA,AA,AA,AA,AA,AA,AA,AA,AA,-,-,BB,BB,BB,BB,BB,BB,BB,BB,BB,BB,BB,BB,BB,BB,BB,BB,BB,BB,BB,-,BB,BB,BB,BB,BB,BB,BB,-,BB,BB,BB,BB,BB,AA,-,AA,AA,AA,AA,AA,AA,AA,AA,BB,BB,BB,BB,BB,BB,BB,BB,BB,BB,BB,BB,BB,BB,BB,BB,BB,BB,BB,BB,BB,BB,BB,BB,BB,BB,BB,BB,BB,BB,BB,BB,BB,BB,BB,-,BB,AA,AA,AA,AA,AA,AA,AA,AA,AA,AA,AA,AA,AA,AA,AA,AA,AA,AA,AA,AA,AA,AA,-,AA,AA,AA,AA,AA,AA,AA,-,BB,BB,BB,BB,BB,BB,BB,BB,BB,BB,BB,BB,BB,BB,BB,BB,BB,BB,BB,BB,-,BB,BB,BB,BB,BB,BB,AA,AA,AA,AA,AA,AA,AA,AA,AA,-,AA,AA,AA,AA,AA,AA,-,BB,BB,BB,BB,BB,BB,BB,BB,-,BB,BB,BB,BB,BB,BB,BB,BB,BB,BB,BB,BB,BB,BB,BB,BB,BB,BB,BB,BB,BB,BB,BB,BB,BB,BB,BB,BB,BB,BB,BB,BB,BB,BB,BB,BB,BB,BB,AA,BB,BB,BB,BB,BB,BB,BB,BB,BB,BB,BB,BB,-,BB,BB,BB,BB,BB,BB,BB,BB,BB,BB,BB,-,BB,BB,BB,BB,BB,BB,BB,BB,BB,BB,BB,BB,BB,BB,BB,BB,BB,-,BB,BB,BB,BB,-,BB,BB,BB,BB,BB,BB,BB,BB,BB,BB,BB,BB,BB,BB
326,1.5786587,1.63833,43.631236,48.6667,23.5000000000001,23.5,0.118584280558254,-,-,AA,AA,-,AA,AA,AA,AA,AA,AA,AA,AA,-,AA,AA,BB,-,BB,-,BB,-,BB,BB,BB,BB,BB,-,-,BB,-,AA,AA,AA,AA,AA,AA,AA,AA,AA,-,AA,-,-,AA,AA,AA,-,-,AA,-,BB,-,-,AA,-,AA,AA,AA,AA,-,BB,-,BB,BB,BB,-,-,BB,-,-,BB,BB,BB,BB,-,-,BB,-,BB,-,-,BB,-,-,BB,BB,BB,BB,BB,BB,-,-,BB,BB,BB,-,BB,BB,BB,BB,-,BB,-,AA,AA,AA,AA,AA,AA,AA,AA,AA,AA,AA,AA,-,AA,AA,AA,-,-,-,-,-,-,AA,AA,AA,AA,AA,AA,AA,-,-,-,-,-,AA,AA,AA,AA,-,AA,-,-,-,AA,-,AA,AA,-,-,AA,AA,-,-,AA,-,-,AA,AA,AA,AA,AA,AA,AA,-,-,-,AA,AA,AA,AA,AA,AA,-,AA,-,-,AA,AA,AA,AA,AA,AA,-,AA,AA,-,AA,-,-,AA,AA,AA,-,-,-,-,-,AA,AA,-,AA,-,AA,-,AA,-,-,AA,-,AA,-,AA,AA,AA,AA,-,AA,AA,-,AA,AA,AA,AA,AA,AA,AA,-,AA,AA,-,-,AA,-,BB,AA,-,-,AA,-,AA,AA,AA,AA,-,-,-,AA,AA,AA,-,-,-,AA,-,AA,-,AA,AA,AA,AA,AA,BB,BB,BB,BB,BB,BB,BB,-,-,-,-,BB,BB,-,BB,BB,BB,-,-,-,BB,BB,-,BB,BB,BB,BB,BB,-,BB,BB,-,AA,-,BB,BB,BB,BB,-,-,BB,BB,BB,BB,BB,-,BB,BB,-,-,-,BB,BB,-,BB,-,BB,BB,-,-,BB,BB,-,-,BB,-,BB,BB,BB,BB,-,BB,BB,BB,AA,AA,AA,AA,AA,AA,-,-,AA,-,AA,-,AA,AA,AA,AA,AA,AA,-,-,AA,AA,AA,AA,AA,-,AA,-,-,AA,AA,AA,AA,AA,AA,AA,AA,-,-,AA,AA,-,AA,AA,-,AA,AA,-,-,-,AA,AA,BB,BB,BB,-,BB,-,-,-,-,BB,BB,-,-,BB,-,BB,BB,BB,BB,BB,BB,BB,BB,BB,BB,-,BB,BB,-,-,BB,BB,BB,BB,BB,BB,-,BB,BB,-,BB,BB,BB,BB,BB,-,-,BB,-,BB,BB,-,BB,BB,-,BB,BB,BB,BB
327,0.4311555,0.445,40.577753,43.6667,38,38,-2.10377326367254,BB,BB,BB,BB,BB,-,BB,BB,BB,AA,AA,AA,AA,AA,-,-,-,AA,AA,-,-,AA,AA,AA,AA,AA,AA,AA,AA,-,AA,AA,AA,AA,AA,AA,AA,AA,AA,AA,-,AA,AA,AA,-,-,AA,-,AA,AA,-,AA,AA,AA,AA,-,AA,AA,AA,AA,-,-,-,AA,-,-,AA,AA,AA,-,AA,-,AA,AA,-,AA,AA,AA,AA,AA,AA,-,AA,-,AA,AA,AA,AA,AA,AA,AA,AA,AA,AA,-,AA,-,-,AA,AA,-,AA,-,AA,AA,AA,AA,AA,AA,AA,AA,AA,AA,AA,AA,AA,AA,AA,-,AA,AA,-,AA,AA,-,-,-,-,BB,BB,BB,-,BB,BB,BB,BB,BB,BB,BB,-,-,BB,BB,BB,BB,BB,-,BB,BB,BB,BB,BB,BB,BB,BB,BB,BB,BB,BB,BB,-,BB,BB,-,BB,BB,BB,BB,-,BB,-,BB,BB,BB,BB,BB,BB,BB,BB,-,BB,BB,BB,-,-,AA,AA,AA,AA,AA,AA,AA,-,-,AA,AA,AA,AA,AA,-,-,BB,-,BB,BB,BB,-,-,AA,-,AA,AA,AA,AA,AA,AA,AA,AA,-,BB,BB,-,BB,-,BB,AA,AA,AA,AA,AA,AA,AA,AA,-,AA,-,AA,AA,-,-,AA,AA,AA,-,AA,AA,AA,AA,-,-,AA,-,-,-,BB,-,BB,BB,-,BB,AA,AA,BB,-,BB,AA,AA,AA,AA,AA,AA,AA,AA,-,AA,AA,-,AA,-,AA,AA,AA,AA,AA,BB,AA,AA,BB,BB,BB,BB,BB,BB,BB,-,-,BB,-,BB,BB,BB,BB,BB,BB,BB,BB,BB,BB,BB,BB,BB,BB,BB,BB,BB,BB,-,BB,BB,-,BB,BB,BB,BB,BB,BB,-,BB,BB,-,BB,-,BB,-,BB,BB,BB,BB,BB,-,AA,AA,AA,AA,AA,AA,AA,AA,-,AA,AA,AA,AA,AA,AA,AA,AA,AA,AA,AA,AA,AA,AA,AA,AA,AA,AA,AA,AA,AA,-,AA,-,AA,AA,AA,-,AA,-,AA,AA,AA,AA,AA,AA,-,BB,-,BB,-,-,BB,BB,BB,BB,BB,BB,BB,-,-,BB,-,-,BB,BB,BB,BB,-,BB,BB,BB,BB,BB,BB,BB,BB,BB,BB,BB,-,-,BB,BB,BB,-,-,BB,BB,-,BB,BB,BB,BB,BB,-,-,-,BB,BB,BB,BB,BB,-,BB,BB,BB,BB,BB,BB,BB
328,0.9806526,0.95833,43.518192,45.5,34.5000000000001,34.5,-1.08643601331856,-,-,BB,BB,-,BB,AA,-,AA,AA,AA,BB,AA,BB,-,-,AA,-,BB,-,-,-,-,AA,AA,AA,AA,-,AA,-,-,-,-,-,-,BB,AA,AA,AA,AA,-,BB,AA,-,-,AA,AA,-,AA,BB,AA,-,-,-,-,-,AA,AA,AA,AA,-,-,-,-,-,BB,-,-,AA,-,-,-,-,-,-,-,-,AA,-,-,-,-,-,-,-,AA,AA,AA,AA,-,AA,-,-,-,-,-,-,-,AA,AA,-,AA,AA,-,AA,AA,AA,-,AA,-,BB,AA,AA,AA,-,-,-,-,-,BB,-,-,-,-,-,-,-,-,-,-,-,-,-,BB,-,-,-,BB,AA,AA,-,BB,BB,-,-,-,-,-,-,AA,-,-,-,-,BB,-,-,-,-,-,AA,AA,BB,-,AA,BB,BB,-,-,-,BB,-,AA,AA,-,AA,-,AA,-,-,AA,-,BB,-,AA,AA,-,BB,BB,-,-,BB,-,-,-,-,-,BB,-,-,-,-,-,-,-,-,-,-,AA,-,-,BB,-,-,-,BB,BB,-,-,AA,AA,-,-,-,BB,-,-,-,BB,-,-,-,-,AA,-,-,AA,-,-,-,-,-,-,-,-,-,-,-,-,-,AA,-,-,-,BB,-,AA,AA,-,-,BB,BB,-,BB,AA,BB,-,BB,BB,-,-,-,-,-,BB,-,-,-,-,-,-,-,-,-,-,AA,AA,-,BB,BB,BB,BB,BB,-,-,BB,-,-,-,-,BB,BB,-,-,-,AA,-,BB,BB,BB,BB,AA,-,-,-,BB,-,-,-,-,-,AA,-,-,-,-,-,-,BB,-,-,-,-,-,-,BB,BB,AA,AA,BB,AA,AA,AA,BB,-,-,-,BB,-,AA,-,-,BB,-,AA,-,-,AA,-,BB,BB,BB,BB,-,-,-,-,AA,-,-,-,-,-,BB,BB,BB,-,-,-,-,-,-,AA,-,AA,-,BB,-,-,-,-,-,-,-,-,-,-,-,-,-,-,-,-,BB,BB,-,-,-,-,-,-,BB,-,BB,BB,-,-,-,BB,-,-,BB,BB,-,BB,-,BB,-,-,BB,-,BB,-,-,-,BB,-,-,-,-,-,-,-,BB,BB,-,-,BB,BB,BB
329,0.9919791,0.95833,49.323611,51.5,41.5,41.5,-1.08643601331856,-,BB,BB,BB,BB,BB,BB,BB,BB,BB,BB,BB,BB,BB,BB,BB,-,BB,BB,-,BB,BB,BB,BB,BB,BB,BB,BB,-,-,AA,-,AA,-,-,AA,AA,AA,AA,AA,AA,AA,AA,-,AA,AA,AA,-,-,AA,AA,AA,AA,-,AA,-,AA,AA,AA,AA,-,-,AA,AA,AA,-,AA,AA,AA,-,-,AA,AA,AA,AA,-,AA,AA,-,-,BB,-,-,-,BB,BB,BB,BB,BB,BB,BB,BB,BB,BB,BB,BB,BB,-,BB,BB,-,BB,-,-,BB,BB,BB,BB,BB,BB,BB,BB,BB,BB,-,BB,BB,BB,BB,BB,BB,BB,-,BB,BB,BB,BB,BB,BB,BB,-,BB,-,-,BB,-,BB,-,BB,-,-,-,BB,BB,BB,BB,BB,-,BB,BB,-,-,BB,-,BB,BB,BB,-,BB,BB,BB,BB,BB,-,BB,BB,BB,BB,-,BB,-,BB,BB,BB,BB,BB,BB,BB,BB,BB,BB,BB,BB,BB,BB,BB,BB,BB,BB,-,-,BB,-,BB,AA,AA,-,AA,-,AA,-,-,AA,-,AA,AA,AA,AA,AA,-,AA,AA,AA,AA,AA,AA,AA,AA,AA,AA,AA,AA,AA,-,AA,-,-,AA,AA,AA,AA,AA,AA,AA,AA,AA,AA,AA,AA,AA,-,AA,-,AA,AA,AA,-,AA,AA,AA,-,AA,-,AA,-,AA,-,-,AA,AA,AA,AA,AA,-,AA,AA,AA,AA,AA,AA,AA,AA,-,AA,AA,AA,-,-,AA,AA,AA,-,-,BB,AA,AA,AA,AA,AA,AA,AA,AA,AA,-,AA,-,-,AA,AA,AA,AA,AA,AA,AA,AA,AA,-,AA,AA,AA,AA,AA,AA,AA,AA,AA,AA,AA,AA,AA,-,AA,AA,AA,-,AA,-,AA,-,AA,AA,AA,-,-,BB,AA,AA,AA,BB,-,AA,AA,AA,AA,-,-,AA,-,AA,-,AA,AA,AA,AA,AA,AA,AA,AA,AA,AA,AA,AA,AA,AA,-,AA,AA,AA,-,AA,-,AA,-,AA,AA,AA,AA,AA,AA,-,AA,-,AA,-,AA,-,AA,AA,AA,AA,AA,AA,-,-,-,AA,AA,AA,-,AA,AA,-,AA,AA,AA,-,-,BB,BB,BB,BB,BB,BB,BB,BB,-,BB,BB,BB,-,BB,BB,BB,BB,BB,BB,BB,-,BB,AA,AA,AA,AA,AA,AA,AA,-,-,AA,AA,-,AA,-,AA,AA,-,AA,AA,AA,AA
330,1.3817679,1.39,43.45044,44.6667,58.5,58.5,-0.455196954073443,AA,AA,AA,AA,-,AA,AA,-,AA,AA,AA,AA,AA,-,AA,AA,-,AA,AA,AA,-,AA,AA,AA,AA,AA,AA,AA,-,AA,AA,AA,-,AA,AA,AA,AA,AA,AA,AA,AA,AA,-,AA,AA,AA,AA,BB,AA,AA,AA,AA,AA,AA,AA,BB,-,AA,AA,AA,AA,-,AA,AA,AA,-,AA,-,AA,-,-,AA,-,AA,AA,AA,-,AA,AA,AA,AA,BB,BB,BB,-,BB,BB,BB,BB,-,AA,AA,-,AA,AA,AA,-,AA,AA,AA,-,AA,-,AA,AA,AA,AA,AA,AA,AA,AA,AA,AA,AA,AA,AA,AA,AA,AA,-,AA,-,AA,AA,AA,AA,AA,AA,AA,AA,-,AA,-,AA,AA,AA,AA,AA,AA,-,AA,BB,BB,-,BB,BB,BB,BB,-,BB,BB,BB,-,BB,BB,-,BB,BB,-,BB,BB,BB,BB,BB,BB,BB,BB,-,BB,BB,-,BB,BB,BB,BB,BB,BB,BB,BB,-,BB,BB,BB,BB,BB,BB,BB,BB,BB,BB,BB,BB,BB,-,BB,-,AA,AA,AA,AA,AA,AA,AA,AA,AA,AA,AA,-,AA,AA,AA,AA,AA,AA,AA,AA,AA,AA,-,AA,AA,AA,-,AA,AA,AA,AA,AA,AA,-,AA,AA,AA,-,AA,AA,AA,AA,AA,AA,-,AA,-,BB,BB,-,AA,AA,AA,AA,AA,AA,-,-,AA,AA,AA,AA,AA,AA,AA,AA,AA,-,AA,AA,AA,AA,AA,AA,AA,AA,AA,-,AA,AA,AA,-,AA,AA,AA,AA,AA,AA,-,AA,AA,BB,BB,BB,BB,BB,BB,BB,-,-,BB,BB,-,BB,BB,BB,BB,BB,BB,BB,BB,BB,BB,BB,BB,BB,BB,BB,BB,BB,BB,-,BB,BB,-,BB,BB,BB,BB,-,BB,-,AA,AA,AA,-,AA,AA,AA,AA,AA,AA,AA,-,AA,AA,AA,AA,-,AA,AA,AA,AA,AA,AA,AA,AA,-,AA,AA,AA,AA,AA,AA,AA,AA,AA,AA,AA,AA,-,AA,-,AA,-,AA,-,AA,AA,AA,-,AA,AA,AA,-,AA,AA,AA,AA,-,AA,AA,AA,AA,-,AA,AA,-,-,-,AA,-,-,AA,AA,AA,-,AA,AA,AA,AA,AA,AA,-,-,AA,AA,AA,AA,-,-,-,AA,AA,AA,AA,AA,AA,AA,AA,AA,AA,AA,AA,AA,AA,-,AA,-,-,-,-,AA,AA,AA,AA,-,AA,AA,AA,AA,AA,AA,AA
331,1.5524851,1.55667,42.74534,43.8333,46.0000000000002,46,-0.040679226898454,BB,-,BB,BB,-,BB,-,-,BB,BB,BB,BB,BB,-,BB,-,-,-,BB,-,-,-,BB,BB,BB,BB,BB,-,BB,-,BB,-,-,BB,BB,BB,BB,BB,BB,BB,-,BB,BB,-,BB,BB,BB,-,BB,BB,-,BB,-,BB,BB,BB,BB,BB,BB,BB,BB,BB,BB,BB,BB,-,-,BB,BB,AA,AA,-,-,AA,-,-,AA,AA,AA,-,AA,AA,AA,AA,AA,AA,AA,AA,AA,-,AA,-,-,AA,-,-,-,-,AA,AA,-,AA,-,-,AA,AA,AA,AA,AA,AA,AA,AA,AA,AA,-,AA,AA,AA,AA,AA,-,AA,AA,AA,AA,-,AA,AA,-,AA,AA,AA,AA,AA,-,AA,AA,-,AA,-,-,-,AA,-,AA,AA,AA,-,AA,AA,-,AA,AA,AA,AA,-,-,-,-,-,AA,AA,AA,-,AA,AA,AA,AA,AA,AA,-,AA,AA,AA,AA,AA,AA,AA,AA,AA,AA,AA,AA,-,-,AA,AA,AA,AA,AA,-,AA,AA,AA,AA,-,AA,-,AA,-,AA,BB,-,BB,BB,-,BB,BB,BB,-,BB,BB,BB,BB,BB,BB,BB,BB,-,BB,BB,BB,-,BB,BB,BB,BB,BB,BB,-,-,-,-,BB,-,-,-,BB,-,-,-,BB,-,BB,BB,-,-,BB,BB,BB,-,BB,BB,-,-,-,AA,-,AA,AA,BB,BB,AA,-,AA,AA,AA,AA,AA,AA,-,-,AA,-,AA,AA,AA,AA,-,AA,AA,AA,-,AA,AA,AA,AA,-,AA,AA,AA,AA,BB,-,BB,-,-,-,BB,BB,BB,BB,BB,-,BB,BB,BB,BB,BB,BB,BB,BB,BB,BB,BB,BB,-,-,BB,-,AA,AA,AA,AA,-,-,AA,-,-,AA,AA,AA,-,-,AA,AA,AA,AA,AA,-,-,BB,BB,BB,BB,BB,-,BB,BB,BB,-,BB,BB,BB,BB,-,BB,-,BB,BB,BB,BB,BB,BB,BB,BB,BB,BB,BB,BB,-,BB,BB,BB,BB,BB,-,BB,BB,-,BB,BB,BB,BB,BB,-,BB,BB,BB,-,-,BB,BB,BB,BB,BB,BB,BB,BB,BB,-,BB,BB,BB,BB,-,BB,-,-,-,BB,BB,BB,BB,BB,-,BB,-,BB,-,BB,BB,BB,BB,-,-,BB,-,-,AA,BB,BB,AA,-,AA,-,-,AA,-,AA,-,-,AA,AA,AA,AA,AA,AA,AA,AA
332,1.6496823,1.65167,39.722953,41.8333,45.5000000000001,45.5,0.152165952471814,-,-,AA,AA,-,-,AA,AA,AA,AA,AA,AA,AA,-,AA,-,AA,AA,AA,-,-,AA,-,AA,AA,AA,AA,AA,AA,-,AA,-,-,AA,-,AA,AA,AA,AA,AA,-,AA,-,-,-,-,BB,-,BB,BB,BB,BB,-,BB,-,BB,-,-,BB,BB,-,-,-,BB,BB,-,-,-,BB,-,-,-,BB,BB,-,-,-,BB,-,-,BB,BB,-,-,-,-,BB,BB,BB,-,BB,-,-,-,-,-,-,-,BB,BB,-,BB,-,-,BB,AA,AA,AA,AA,-,AA,AA,AA,AA,-,-,AA,AA,-,-,-,-,-,AA,-,-,-,-,-,AA,-,-,-,-,AA,-,-,-,AA,-,-,-,-,AA,-,-,-,-,-,AA,-,-,-,AA,AA,-,-,-,-,-,AA,AA,AA,-,AA,AA,AA,-,AA,-,-,AA,AA,AA,AA,AA,-,AA,-,-,AA,-,AA,-,-,AA,-,AA,AA,AA,-,AA,-,-,-,-,AA,AA,-,-,-,AA,-,-,-,-,-,-,AA,-,AA,AA,AA,-,-,-,AA,AA,-,-,AA,AA,-,AA,AA,-,-,-,AA,-,-,-,-,-,-,-,AA,AA,-,AA,-,AA,-,-,-,-,BB,-,-,AA,-,AA,AA,-,-,-,-,-,-,-,AA,AA,AA,-,AA,AA,AA,AA,AA,-,-,-,-,-,-,-,AA,AA,AA,-,-,AA,-,-,-,AA,AA,AA,AA,AA,AA,AA,AA,-,-,-,AA,AA,-,AA,AA,AA,-,BB,BB,BB,-,BB,BB,BB,BB,BB,BB,BB,-,BB,-,-,-,-,-,BB,BB,-,-,BB,BB,BB,BB,BB,-,-,BB,-,-,BB,BB,BB,BB,-,AA,AA,AA,AA,-,-,AA,AA,-,AA,AA,AA,AA,-,-,AA,AA,-,-,AA,AA,AA,AA,AA,-,AA,-,AA,-,AA,-,-,-,AA,AA,AA,AA,-,AA,-,AA,-,AA,-,-,-,-,-,AA,-,-,-,-,-,-,-,-,AA,-,AA,-,AA,AA,-,AA,-,-,AA,AA,AA,AA,AA,-,AA,AA,AA,AA,-,AA,-,-,AA,AA,-,-,-,AA,-,-,AA,AA,AA,AA,-,-,-,AA,AA,-,AA,-,-,-,AA,AA,-,-,AA,AA,AA
333,1.6524485,1.64,47.062633,46,56.0000000000001,56,0.137221828805116,-,-,AA,AA,AA,-,AA,-,AA,AA,AA,AA,AA,-,-,-,-,-,AA,-,-,-,-,AA,AA,AA,AA,-,-,-,-,-,-,-,-,AA,AA,AA,AA,AA,-,BB,-,-,-,-,AA,AA,-,AA,-,-,-,-,-,-,AA,-,AA,AA,-,-,-,AA,AA,-,-,-,AA,AA,AA,-,-,-,-,-,-,AA,-,-,-,-,BB,-,-,-,BB,BB,BB,-,BB,-,-,-,-,-,-,-,BB,BB,-,BB,-,BB,BB,BB,BB,BB,AA,-,AA,AA,AA,AA,-,AA,-,AA,-,AA,AA,-,-,-,-,-,-,-,-,AA,-,-,-,-,-,AA,AA,AA,AA,-,-,-,-,-,-,-,-,-,-,AA,AA,-,-,-,AA,-,-,AA,-,-,-,AA,AA,AA,AA,AA,AA,-,-,-,-,AA,AA,AA,AA,AA,-,AA,-,-,AA,-,AA,-,-,BB,-,BB,BB,BB,BB,-,-,BB,-,-,-,-,-,-,-,-,BB,BB,-,-,-,-,BB,BB,-,BB,-,-,-,BB,BB,-,-,-,AA,-,-,-,AA,-,-,-,AA,-,AA,-,-,-,-,-,-,-,-,-,-,-,-,-,-,-,AA,-,-,-,-,-,-,-,-,-,-,-,-,-,BB,BB,BB,-,BB,AA,AA,AA,AA,AA,-,-,-,-,-,-,-,-,-,-,-,-,AA,-,-,AA,AA,-,AA,AA,AA,AA,AA,AA,-,-,-,-,-,AA,AA,AA,-,-,AA,AA,-,AA,AA,AA,AA,AA,AA,-,-,-,-,-,-,-,-,AA,AA,-,AA,-,-,AA,-,-,-,-,-,BB,-,BB,AA,BB,BB,-,AA,AA,AA,AA,-,-,-,-,-,AA,BB,AA,BB,-,-,-,-,-,-,BB,BB,BB,BB,-,-,-,-,-,-,BB,-,-,-,BB,BB,BB,-,-,-,-,-,-,BB,-,BB,-,-,-,-,BB,-,BB,-,BB,BB,-,-,-,-,-,-,-,-,-,BB,-,-,-,BB,BB,-,BB,-,BB,BB,-,-,-,BB,-,-,BB,BB,-,-,BB,BB,BB,-,BB,-,BB,-,-,-,-,-,BB,-,-,BB,-,-,BB,BB,-,-,BB,BB,BB
334,1.5060944,1.515,51.691785,54.5,41,41,-0.14842686496749,-,-,AA,AA,-,-,AA,-,AA,AA,AA,AA,AA,-,-,-,-,-,AA,-,-,AA,AA,AA,AA,AA,AA,AA,-,-,-,-,-,-,-,AA,AA,AA,AA,AA,-,BB,-,-,-,-,AA,-,-,AA,-,-,AA,-,-,-,-,AA,AA,AA,-,AA,-,-,-,-,-,-,AA,-,-,AA,AA,AA,-,-,-,AA,-,-,-,-,-,BB,-,-,BB,BB,BB,-,BB,-,-,-,-,-,-,-,BB,BB,-,BB,-,-,BB,BB,BB,-,AA,-,AA,AA,AA,AA,-,-,AA,-,-,-,-,-,-,AA,-,AA,-,-,-,AA,-,-,-,AA,-,-,-,-,AA,-,-,-,-,AA,-,-,AA,-,AA,AA,-,AA,AA,-,AA,-,-,-,-,-,-,AA,AA,-,AA,AA,AA,-,AA,AA,-,AA,AA,AA,AA,AA,-,AA,-,-,AA,-,AA,-,-,BB,-,BB,BB,-,-,-,-,-,-,BB,-,-,-,-,BB,-,BB,-,BB,BB,BB,-,BB,-,BB,BB,-,-,-,BB,BB,-,-,-,AA,-,AA,-,AA,-,-,-,AA,-,AA,-,-,AA,-,AA,AA,-,-,-,-,-,AA,-,-,-,-,-,-,-,-,-,-,-,-,-,-,-,-,-,BB,BB,BB,-,BB,AA,AA,AA,AA,-,-,-,-,-,-,-,-,-,-,-,-,-,-,-,-,-,AA,-,AA,AA,AA,AA,AA,-,AA,-,-,AA,AA,AA,AA,AA,AA,-,-,AA,-,AA,AA,AA,AA,AA,AA,-,-,-,-,AA,-,-,-,AA,-,-,-,-,-,AA,-,-,-,-,-,-,BB,BB,AA,BB,BB,-,AA,AA,AA,AA,-,-,-,-,-,-,-,AA,BB,-,-,-,BB,BB,-,BB,BB,BB,BB,-,-,-,-,-,-,-,-,BB,BB,BB,BB,BB,-,-,BB,BB,-,BB,BB,-,BB,-,-,-,-,-,BB,BB,-,-,BB,-,-,-,-,-,-,-,-,BB,BB,-,BB,-,BB,BB,-,BB,-,BB,BB,-,-,-,BB,-,-,BB,BB,-,-,-,BB,BB,-,BB,-,BB,-,-,-,-,-,-,-,BB,-,-,-,BB,BB,-,-,BB,BB,BB
335,1.2278236,1.22333,45.20436,44.5,53.5,53.5,-0.695526094743423,BB,BB,BB,-,-,BB,BB,BB,BB,BB,BB,BB,BB,BB,BB,-,BB,BB,BB,BB,BB,-,-,BB,BB,BB,BB,BB,-,BB,BB,-,BB,BB,-,BB,BB,BB,BB,BB,BB,BB,BB,BB,BB,-,BB,-,-,AA,AA,AA,AA,AA,AA,AA,AA,AA,AA,AA,AA,AA,AA,AA,AA,-,AA,AA,AA,AA,-,AA,-,-,-,AA,-,AA,AA,AA,AA,AA,AA,-,AA,AA,AA,AA,AA,AA,AA,AA,AA,AA,AA,AA,-,-,AA,AA,-,AA,-,AA,AA,AA,BB,BB,BB,-,-,BB,BB,BB,-,BB,BB,BB,BB,BB,-,-,BB,BB,BB,BB,-,-,BB,-,BB,BB,BB,BB,BB,-,-,-,BB,-,BB,-,BB,-,BB,BB,BB,-,BB,BB,BB,BB,-,-,BB,-,-,BB,BB,BB,BB,BB,BB,BB,BB,BB,BB,-,BB,BB,-,BB,BB,BB,BB,BB,BB,BB,BB,-,BB,BB,BB,-,-,AA,-,AA,AA,-,-,AA,AA,AA,AA,AA,AA,AA,AA,-,-,BB,-,-,-,BB,BB,BB,BB,BB,-,BB,BB,BB,-,BB,BB,BB,-,-,BB,BB,BB,BB,BB,-,BB,BB,BB,-,-,BB,BB,BB,BB,BB,BB,BB,BB,-,BB,BB,BB,BB,-,-,BB,-,BB,BB,BB,BB,BB,BB,AA,AA,AA,AA,AA,-,BB,AA,AA,-,AA,AA,AA,AA,BB,-,AA,AA,-,-,BB,BB,-,BB,BB,BB,-,-,-,-,BB,BB,BB,BB,BB,BB,BB,BB,BB,BB,BB,-,BB,-,BB,-,BB,BB,BB,-,-,BB,BB,BB,BB,-,AA,AA,AA,-,AA,AA,-,-,AA,AA,AA,AA,AA,AA,-,AA,AA,AA,-,-,-,-,AA,AA,AA,AA,AA,AA,AA,-,BB,BB,BB,BB,BB,BB,BB,BB,BB,-,BB,AA,AA,AA,AA,AA,AA,AA,AA,AA,AA,AA,AA,AA,-,-,-,AA,-,AA,AA,-,AA,AA,AA,AA,-,AA,AA,AA,AA,-,AA,-,AA,-,-,AA,AA,-,-,AA,AA,AA,AA,AA,AA,-,AA,-,AA,-,-,AA,AA,AA,AA,AA,AA,AA,-,AA,AA,AA,AA,AA,AA,-,AA,AA,AA,BB,BB,BB,BB,-,BB,BB,BB,BB,BB,BB,-,-,-,BB,-,BB,-,BB,BB,BB,-,BB,BB,BB,-,BB,BB,BB
336,1.9410823,2,47.07923,52,23.5,23.5,1.82602425981251,-,BB,BB,BB,-,BB,BB,BB,BB,BB,BB,BB,BB,BB,BB,-,BB,-,BB,BB,-,BB,-,BB,BB,BB,BB,BB,BB,BB,BB,BB,BB,BB,-,BB,BB,BB,BB,BB,-,BB,BB,-,BB,-,BB,BB,BB,BB,-,-,BB,BB,BB,BB,BB,BB,BB,BB,BB,BB,BB,-,-,-,BB,-,BB,-,BB,BB,-,BB,BB,BB,BB,BB,BB,-,-,AA,AA,AA,AA,AA,AA,AA,AA,AA,AA,AA,AA,-,AA,-,-,AA,AA,AA,-,AA,-,-,BB,BB,BB,BB,BB,BB,BB,AA,BB,BB,BB,BB,-,BB,-,BB,-,BB,BB,BB,BB,-,BB,BB,BB,BB,BB,-,BB,BB,BB,BB,-,BB,BB,-,BB,BB,BB,BB,BB,BB,BB,BB,-,BB,BB,BB,BB,-,BB,-,BB,-,BB,-,-,BB,BB,-,BB,BB,BB,BB,-,BB,-,BB,-,BB,BB,BB,BB,BB,BB,BB,BB,BB,BB,AA,AA,AA,AA,AA,AA,AA,AA,-,AA,AA,AA,-,-,AA,AA,AA,AA,AA,-,AA,-,AA,AA,AA,AA,-,AA,AA,AA,AA,AA,-,AA,AA,AA,-,AA,-,AA,AA,AA,AA,AA,AA,AA,AA,AA,-,AA,AA,AA,AA,AA,AA,AA,-,AA,AA,AA,AA,AA,AA,AA,AA,AA,-,AA,AA,AA,AA,AA,-,AA,AA,AA,AA,AA,AA,AA,-,AA,BB,BB,BB,BB,BB,BB,BB,BB,BB,BB,BB,BB,-,-,-,BB,BB,-,BB,-,BB,BB,BB,BB,BB,BB,BB,BB,BB,BB,-,BB,BB,BB,BB,BB,BB,-,BB,BB,BB,-,BB,BB,BB,BB,BB,BB,BB,BB,BB,BB,BB,BB,BB,-,BB,BB,-,-,BB,-,BB,BB,-,BB,BB,BB,BB,BB,BB,BB,BB,BB,-,BB,BB,BB,BB,BB,BB,-,BB,-,-,BB,-,BB,BB,BB,BB,BB,BB,BB,BB,BB,BB,BB,BB,BB,BB,BB,BB,-,BB,BB,BB,BB,BB,BB,-,BB,BB,BB,-,BB,-,BB,BB,BB,BB,BB,BB,BB,BB,-,AA,BB,BB,BB,BB,BB,BB,BB,BB,BB,BB,BB,BB,BB,BB,BB,BB,BB,BB,BB,BB,BB,BB,BB,-,BB,BB,BB,BB,-,BB,BB,BB,-,BB,BB,BB,-,BB,BB,BB,BB,-,BB,BB,BB,BB,BB,-,BB,-,BB,BB,BB,-,BB,BB,BB,BB
337,0.3571893,0.33333,43.786102,45.1667,49.5000000000001,49.5,-2.43847785070205,-,-,AA,AA,-,AA,AA,-,AA,AA,AA,AA,AA,-,-,-,-,-,AA,-,-,-,-,AA,AA,AA,AA,-,-,-,-,-,-,-,-,AA,AA,AA,AA,AA,-,AA,AA,-,-,-,AA,-,-,AA,-,AA,-,-,-,-,-,-,AA,AA,-,-,-,-,-,-,-,-,AA,AA,-,-,-,-,-,-,-,AA,-,-,-,-,-,-,-,-,AA,AA,AA,-,AA,-,-,-,-,-,-,-,AA,AA,-,AA,-,-,AA,BB,BB,-,AA,-,AA,AA,AA,AA,-,-,-,AA,-,-,-,-,-,-,-,-,-,-,AA,-,-,-,-,-,-,-,-,-,AA,-,-,-,-,-,-,-,-,-,-,AA,-,-,-,-,AA,-,-,-,-,-,AA,AA,AA,-,AA,AA,AA,-,-,-,-,AA,AA,AA,AA,AA,-,AA,-,-,AA,-,AA,-,-,BB,-,BB,BB,-,-,-,-,-,-,-,AA,-,AA,-,-,-,-,-,-,-,-,-,BB,-,-,BB,-,-,-,BB,BB,-,BB,-,BB,-,-,-,BB,-,-,-,BB,-,-,-,-,-,-,-,-,-,-,-,-,-,-,-,-,BB,-,-,-,-,-,-,-,-,-,-,-,-,-,-,BB,BB,BB,-,BB,AA,AA,AA,AA,-,-,-,-,-,-,-,-,-,-,-,-,-,-,-,-,AA,AA,-,AA,AA,AA,AA,AA,-,-,-,-,-,-,-,AA,AA,-,-,-,AA,-,AA,AA,AA,AA,AA,AA,-,-,-,-,-,-,-,-,AA,-,AA,-,-,-,-,-,-,-,-,-,-,-,AA,AA,AA,AA,-,AA,AA,AA,AA,-,-,-,-,-,-,-,AA,AA,-,-,-,-,-,-,AA,AA,AA,AA,AA,-,-,-,-,-,-,-,-,-,AA,AA,AA,-,-,-,-,-,-,AA,-,AA,-,-,-,AA,-,-,-,-,-,-,-,-,-,-,-,-,AA,-,-,AA,-,AA,-,-,-,-,AA,-,AA,AA,-,-,-,AA,-,-,AA,AA,-,-,-,AA,-,-,AA,-,AA,-,-,AA,-,-,-,-,-,-,-,-,AA,AA,-,-,AA,AA,AA
338,0.9239367,0.97167,42.128499,43.6667,36.5,36.5,-1.05366700931747,AA,-,AA,AA,AA,AA,AA,-,AA,AA,AA,AA,AA,AA,AA,-,-,-,AA,-,-,AA,-,AA,AA,AA,AA,-,-,-,-,-,-,AA,AA,AA,AA,AA,AA,AA,-,AA,AA,-,-,-,AA,-,AA,AA,-,AA,-,-,-,-,-,AA,AA,AA,-,-,AA,-,-,-,-,-,AA,-,-,AA,AA,-,-,AA,-,AA,-,-,-,AA,-,-,-,AA,AA,AA,AA,-,AA,AA,-,-,-,AA,-,-,AA,AA,-,AA,-,-,AA,AA,AA,-,AA,-,AA,AA,AA,AA,AA,-,AA,-,-,-,AA,-,-,AA,AA,-,AA,AA,AA,-,-,-,-,-,-,-,-,-,BB,-,-,BB,-,-,-,-,-,-,-,BB,BB,-,-,-,BB,-,BB,-,-,BB,BB,BB,BB,BB,BB,BB,BB,-,-,BB,-,BB,BB,BB,BB,BB,-,BB,-,AA,BB,-,AA,AA,AA,AA,-,BB,AA,AA,-,-,AA,AA,-,-,-,-,-,-,-,-,-,-,-,-,AA,-,AA,-,-,AA,-,-,-,AA,AA,AA,-,-,AA,AA,-,-,AA,-,-,-,BB,-,BB,-,-,-,-,-,BB,-,-,BB,-,BB,-,-,-,-,-,-,-,-,-,-,-,-,-,-,AA,-,-,-,AA,AA,BB,-,BB,AA,AA,AA,AA,-,-,-,-,AA,-,-,-,-,-,-,AA,-,-,-,-,AA,AA,AA,AA,AA,AA,AA,AA,-,-,-,AA,AA,-,BB,BB,BB,BB,-,-,BB,-,BB,BB,BB,BB,BB,BB,BB,BB,-,BB,BB,-,BB,-,BB,-,-,BB,-,-,-,-,-,BB,-,-,-,-,BB,BB,BB,BB,-,AA,AA,AA,AA,-,AA,AA,AA,AA,AA,AA,AA,AA,-,AA,-,-,-,AA,AA,AA,AA,AA,AA,-,-,-,-,-,-,-,-,-,BB,BB,BB,-,BB,-,-,-,-,BB,-,BB,-,BB,-,-,-,-,BB,-,BB,-,BB,-,BB,-,-,-,-,BB,BB,BB,-,BB,-,-,AA,-,AA,-,AA,AA,-,-,-,AA,-,-,AA,AA,-,-,-,AA,-,-,AA,-,AA,AA,-,-,-,-,-,-,AA,AA,AA,AA,AA,AA,AA,-,AA,AA,AA
339,0.8563883,0.91667,47.359097,50.1667,36.4999999999999,36.5,-1.17764527296199,-,AA,AA,AA,AA,-,-,AA,AA,AA,AA,AA,AA,AA,-,-,AA,-,AA,-,-,-,AA,AA,AA,AA,AA,AA,AA,AA,-,-,AA,-,AA,AA,AA,AA,BB,BB,BB,BB,BB,-,AA,AA,AA,AA,AA,AA,-,AA,AA,AA,-,-,AA,AA,AA,AA,-,AA,-,-,AA,-,AA,AA,AA,-,-,AA,-,AA,-,AA,-,AA,AA,AA,AA,-,-,-,-,-,AA,AA,AA,-,AA,-,BB,-,-,-,-,-,BB,BB,-,BB,-,-,AA,AA,AA,-,AA,-,AA,AA,AA,AA,-,-,-,-,AA,AA,AA,-,AA,AA,-,AA,-,-,-,AA,-,AA,-,-,AA,AA,AA,BB,BB,-,-,-,-,-,BB,BB,-,BB,BB,-,BB,BB,BB,BB,BB,-,BB,-,-,-,BB,BB,BB,BB,BB,BB,BB,BB,-,BB,-,BB,BB,BB,BB,BB,-,BB,BB,BB,BB,-,BB,BB,BB,BB,-,BB,BB,BB,BB,-,BB,BB,BB,BB,BB,-,-,BB,BB,-,BB,-,-,BB,-,-,AA,-,-,AA,-,-,BB,AA,AA,AA,AA,AA,AA,AA,-,AA,AA,-,AA,-,AA,-,-,-,-,AA,AA,AA,AA,AA,AA,-,-,AA,-,AA,AA,-,-,AA,-,AA,AA,-,-,BB,BB,-,BB,BB,BB,BB,AA,BB,BB,-,BB,AA,AA,AA,AA,AA,-,-,-,AA,AA,AA,AA,AA,AA,-,-,AA,AA,AA,-,AA,AA,AA,AA,AA,AA,AA,AA,-,-,-,-,AA,-,-,AA,AA,AA,AA,-,AA,-,AA,-,AA,AA,AA,AA,AA,-,-,AA,AA,-,AA,-,AA,-,-,-,AA,AA,AA,AA,-,AA,AA,AA,AA,AA,AA,AA,AA,AA,-,AA,AA,AA,AA,AA,AA,AA,-,-,-,-,AA,AA,-,AA,-,AA,AA,-,AA,AA,AA,AA,AA,AA,-,-,AA,-,-,-,AA,-,AA,AA,AA,AA,AA,-,AA,AA,-,AA,AA,-,AA,AA,AA,-,AA,AA,-,AA,-,-,AA,-,AA,AA,-,-,AA,AA,AA,AA,-,AA,AA,-,-,AA,AA,AA,AA,AA,-,-,AA,AA,AA,-,AA,AA,-,AA,AA,AA,-,-,AA,AA,AA,-,AA,AA,-,AA,-,AA,-,AA,AA,-,AA,AA,-,-,AA,AA,AA
340,1.8644593,1.84833,46.745288,48,39,39,0.79815807910195,BB,-,BB,BB,BB,BB,BB,BB,BB,BB,BB,BB,BB,-,BB,-,BB,BB,AA,-,BB,AA,AA,BB,BB,BB,BB,-,-,-,-,AA,AA,AA,-,AA,AA,AA,AA,AA,AA,AA,-,-,AA,AA,AA,AA,AA,AA,AA,AA,-,-,AA,AA,-,AA,AA,AA,AA,AA,AA,AA,AA,-,AA,AA,AA,-,AA,AA,AA,AA,-,-,-,AA,-,-,AA,AA,AA,AA,AA,AA,AA,AA,AA,AA,AA,AA,AA,AA,AA,AA,-,-,AA,AA,-,AA,-,AA,AA,AA,AA,-,BB,BB,BB,BB,BB,BB,BB,BB,BB,BB,BB,BB,-,BB,-,BB,BB,BB,BB,-,BB,-,BB,BB,BB,-,BB,BB,-,-,BB,-,-,BB,-,BB,BB,BB,AA,AA,-,AA,-,-,-,-,AA,AA,AA,AA,-,AA,AA,AA,AA,AA,AA,AA,AA,AA,AA,BB,-,AA,AA,AA,BB,BB,-,BB,-,BB,BB,BB,BB,BB,BB,BB,BB,BB,BB,BB,BB,-,BB,BB,BB,BB,BB,BB,BB,-,-,BB,BB,BB,-,BB,BB,BB,BB,BB,BB,BB,BB,BB,BB,BB,BB,BB,BB,BB,BB,BB,BB,-,BB,AA,AA,AA,AA,-,-,AA,AA,AA,AA,AA,AA,-,AA,AA,AA,AA,AA,AA,AA,AA,AA,AA,AA,-,AA,-,-,AA,AA,AA,AA,AA,-,AA,AA,AA,AA,-,AA,BB,AA,AA,AA,-,AA,-,AA,AA,AA,-,AA,BB,AA,AA,-,-,BB,-,BB,BB,BB,BB,BB,BB,BB,BB,BB,-,-,-,BB,BB,BB,BB,BB,BB,BB,BB,-,BB,BB,BB,BB,BB,BB,BB,BB,BB,-,BB,BB,BB,-,BB,BB,BB,-,BB,-,BB,BB,BB,BB,BB,BB,BB,BB,-,-,BB,BB,BB,BB,-,BB,BB,BB,BB,BB,-,BB,BB,-,-,BB,BB,BB,-,-,-,BB,BB,BB,BB,BB,BB,BB,BB,BB,BB,BB,BB,-,BB,-,BB,BB,AA,AA,AA,BB,BB,-,AA,AA,-,AA,-,AA,BB,BB,-,BB,-,BB,-,BB,-,BB,-,BB,BB,-,BB,BB,-,BB,BB,BB,-,BB,BB,BB,BB,-,BB,-,BB,BB,BB,BB,BB,BB,BB,BB,BB,BB,-,-,BB,BB,BB,-,BB,BB,BB,BB,BB,BB,BB,BB,BB,-,BB,BB,AA,-,BB,AA,AA,-,AA,AA,AA
341,1.679025,1.765,46.483565,52.0556,21.0000000000001,21,0.422628442276567,AA,AA,AA,AA,AA,AA,AA,AA,AA,AA,AA,AA,AA,AA,AA,-,-,-,AA,AA,AA,AA,AA,AA,AA,AA,AA,-,AA,AA,AA,AA,AA,AA,AA,AA,AA,AA,AA,AA,AA,AA,AA,-,AA,AA,AA,BB,AA,AA,AA,-,AA,AA,AA,AA,-,AA,AA,AA,AA,AA,AA,AA,AA,-,AA,-,-,-,-,AA,AA,AA,AA,AA,BB,BB,BB,BB,BB,BB,BB,BB,BB,BB,-,-,BB,BB,BB,-,BB,BB,BB,BB,BB,BB,BB,AA,-,BB,-,BB,BB,BB,BB,BB,BB,BB,BB,BB,BB,BB,AA,BB,BB,BB,BB,BB,BB,BB,BB,BB,BB,BB,BB,BB,BB,BB,-,-,BB,BB,BB,BB,BB,BB,BB,-,BB,BB,AA,-,AA,-,-,AA,AA,AA,AA,AA,AA,AA,AA,-,AA,AA,AA,AA,AA,AA,AA,AA,AA,AA,AA,-,-,AA,-,-,-,AA,AA,-,AA,-,-,AA,AA,AA,AA,-,-,-,BB,BB,BB,BB,BB,BB,BB,BB,BB,BB,BB,BB,BB,BB,BB,-,BB,BB,BB,BB,-,BB,BB,BB,BB,BB,BB,BB,BB,BB,BB,BB,BB,BB,BB,BB,BB,BB,BB,BB,BB,BB,BB,BB,BB,BB,BB,BB,BB,BB,BB,BB,-,BB,BB,BB,BB,BB,BB,BB,BB,BB,BB,BB,BB,BB,BB,BB,BB,BB,BB,BB,BB,BB,BB,BB,BB,-,BB,BB,BB,BB,-,BB,-,BB,BB,BB,BB,BB,AA,AA,AA,AA,AA,AA,AA,AA,-,-,-,-,BB,AA,AA,AA,AA,-,AA,-,AA,AA,AA,AA,AA,AA,AA,AA,AA,AA,AA,AA,AA,AA,BB,-,-,BB,BB,BB,-,BB,BB,BB,BB,-,BB,BB,BB,BB,BB,BB,BB,-,AA,-,AA,AA,AA,AA,AA,AA,AA,-,BB,BB,BB,BB,BB,BB,-,BB,BB,-,BB,BB,BB,BB,BB,-,BB,BB,BB,BB,BB,BB,BB,-,BB,-,-,BB,BB,BB,BB,BB,AA,AA,-,-,BB,BB,BB,BB,BB,BB,BB,BB,BB,BB,-,BB,BB,BB,BB,-,BB,BB,BB,BB,BB,BB,BB,BB,BB,BB,BB,BB,-,BB,BB,BB,BB,BB,BB,-,-,BB,BB,BB,BB,BB,BB,BB,BB,BB,BB,BB,BB,BB,BB,BB,BB,AA,-,AA,-,AA,AA,AA,AA,AA,AA,AA,AA,AA,AA,AA,AA,AA,-,AA,AA,AA
